tas_nit_id,mapid_menu_count,mapid_menu_avg_price,mapid_properti_count,mapid_struk_count
10043935231_3448592238_STOP121,0,0,0,0
10043935231_3448592238_STOP198,0,0,0,0
10043935232_10043935231_STOP121,0,0,0,0
10043935232_10816174967_STOP121,0,0,0,0
10101152064_10101152065_STOP154,0,0,0,0
10101152064_10101152065_STOP665,0,0,0,0
10101152064_10101152065_STOP692,0,0,0,0
10101152064_5369325245_STOP665,0,0,0,0
10101152065_10101152064_STOP154,0,0,0,0
10101152065_10101152064_STOP664,0,0,0,0
10101152065_10101152064_STOP665,0,0,0,0
10101152065_10101152064_STOP692,0,0,0,0
10101152065_1849525943_STOP41,0,0,0,0
10101152065_1849525943_STOP510,0,0,0,0
10101152065_1849525943_STOP560,0,0,0,0
10101152065_1849525943_STOP561,0,0,0,0
10101152065_1849525943_STOP566,0,0,0,0
10101152065_1849525943_STOP664,0,0,0,0
10101152065_2520790639_STOP663,0,0,0,0
10101152065_2520790639_STOP664,0,0,0,0
10101152065_2520790639_STOP693,0,0,0,0
10101152065_2520790639_STOP694,0,0,0,0
10101152065_6639564151_STOP154,0,0,0,0
10101152065_6639564151_STOP508,0,0,0,0
10101152065_6639564151_STOP509,0,0,0,0
10101152065_6639564151_STOP664,0,0,0,0
10125360884_10125360885_STOP108,0,0,0,0
10125360884_3272542990_STOP108,0,0,0,0
10125360885_11369316680_STOP108,0,0,0,0
10125360885_11369316680_STOP121,0,0,0,0
10125360885_11369316680_STOP385,0,0,0,0
10125575435_12135879793_STOP121,0,0,0,0
10125575435_3272382569_STOP121,0,0,0,0
1013421522_5358212370_STOP239,0,0,0,0
1013421522_5852700917_STOP239,0,0,0,0
1013421522_5852700917_STOP7,0,0,0,0
1013421522_5852700917_STOP788,0,0,0,0
1013431926_7856163871_STOP318,0,0,0,0
1013431926_7990471529_STOP307,0,0,0,0
1013431926_7990471529_STOP318,0,0,0,0
1013431927_7856163872_STOP307,0,0,0,0
1013431927_7856163872_STOP318,0,0,0,0
1013431927_7990471529_STOP307,0,0,0,0
10134513808_10125575435_STOP121,0,0,0,0
10134513808_3272382565_STOP121,0,0,0,0
10134513809_10134513808_STOP121,0,0,0,0
10134513809_10816174969_STOP121,0,0,0,0
1014721714_1014722257_STOP22,0,0,0,0
1014721714_1014722257_STOP593,0,0,0,0
1014721714_5353902941_STOP22,0,0,0,0
1014722257_3110265322_STOP310,0,0,0,0
1014722257_3110265322_STOP593,0,0,0,0
1014722257_5348770323_STOP22,0,0,0,0
1014722257_5348770323_STOP227,0,0,0,0
1014722257_5348770323_STOP593,0,0,0,1
1014722265_11380591251_STOP30,0,0,0,0
1014722265_1831360476_STOP29,0,0,0,0
1014722265_1831360476_STOP30,0,0,0,0
1014722265_1831360476_STOP470,0,0,0,0
1014722585_1014722265_STOP30,0,0,0,0
1014722585_1014722265_STOP369,0,0,0,0
1014722585_29489136_STOP269,0,0,0,0
1014722585_29489136_STOP369,0,0,0,0
1014722585_29489138_STOP29,0,0,0,0
1014722585_29489138_STOP369,0,0,0,0
1014722585_29489138_STOP842,0,0,0,0
1014722585_5355897677_STOP257,0,0,0,0
1014722585_5355897677_STOP258,0,0,0,0
1014722585_5355897677_STOP369,0,0,0,0
1014722585_5355897677_STOP842,0,0,0,0
1014722675_1014721714_STOP22,0,0,0,0
1014722675_1014721714_STOP226,0,0,0,0
1014722675_11953687707_STOP226,0,0,0,0
1014722675_11953687707_STOP607,0,0,0,0
1014722675_5353902941_STOP22,0,0,0,0
1014722675_5353902941_STOP226,0,0,0,0
1014722675_5353902941_STOP607,0,0,0,0
10151612728_10151612729_STOP265,0,0,0,0
10151612728_12692455340_STOP265,0,0,0,0
10151612729_10151612728_STOP265,0,0,0,0
10151612729_1662376718_STOP265,0,0,0,0
10151612729_1662376718_STOP591,0,0,0,0
10154700107_7715327378_STOP187,0,0,0,0
10154700107_7715327378_STOP512,0,0,0,0
10154700107_7715327378_STOP633,0,0,0,0
10154700114_10154700107_STOP44,0,0,0,0
10154700114_2520649220_STOP44,0,0,0,0
10158095824_7179028074_STOP658,0,0,0,0
10166777277_10166777280_STOP139,0,0,0,0
10166777277_6428110632_STOP139,0,0,0,0
10166777280_10166777277_STOP139,0,0,0,0
10166777280_5353902321_STOP139,0,0,0,0
10167417684_8418013666_STOP253,0,0,0,0
10167417684_9832971267_STOP252,0,0,0,0
10167417684_9832971267_STOP253,0,0,0,0
10167417684_9832971267_STOP435,0,0,0,0
10171739080_3269421803_STOP284,0,0,0,0
10171739080_3269421803_STOP665,0,0,0,0
10171739080_3269421803_STOP692,0,0,0,0
10171739085_10171739080_STOP665,0,0,0,0
10171739085_6461589822_STOP665,0,0,0,0
10171865526_10171865531_STOP172,0,0,0,0
10171865526_3269421786_STOP172,0,0,0,0
10171865526_7715289717_STOP172,0,0,0,0
10171865531_11707030830_STOP172,0,0,0,0
10171865531_11707030830_STOP73,0,0,0,0
10171865532_1849907162_STOP172,0,0,0,0
10171865532_1849907162_STOP174,0,0,0,0
10171865532_1849907162_STOP555,0,0,0,0
10171865532_1849907162_STOP73,0,0,0,0
10171865532_1855697097_STOP172,0,0,0,0
10171865536_10171865532_STOP172,0,0,0,0
10171865536_3269421789_STOP172,0,0,0,0
10173603853_25778195_STOP576,0,0,0,0
10173603853_25778195_STOP806,0,0,0,0
10173603857_11382550192_STOP576,0,0,0,0
10173603857_1666747518_STOP576,0,0,0,0
10173603859_7715326201_STOP576,0,0,0,0
10173603863_10173603859_STOP576,0,0,0,0
10173603863_5369368116_STOP576,0,0,0,0
10173603868_1666747518_STOP576,0,0,0,0
10173603868_5369369333_STOP576,0,0,0,0
10173705729_7211115101_STOP669,0,0,0,0
10173705732_6445381505_STOP575,0,0,0,0
10173705736_10173705732_STOP575,0,0,0,0
10173705736_5832181364_STOP575,0,0,0,0
10173705737_2519917288_STOP575,0,0,0,0
10173705737_5293786192_STOP575,0,0,0,0
10173744438_11564259401_STOP556,0,0,0,0
10173744438_1849525812_STOP506,0,0,0,0
10173744438_1849525812_STOP556,0,0,0,0
10173744438_1849525812_STOP661,0,0,0,0
10173744438_1849525812_STOP697,0,0,0,0
10173744441_10173744438_STOP556,0,0,0,0
10173744441_11564259401_STOP556,0,0,0,0
10173744441_1849525986_STOP556,0,0,0,0
10173744441_1849525986_STOP661,0,0,0,0
10173744441_1849525986_STOP696,0,0,0,0
10173744442_12809507139_STOP562,0,0,0,0
10173744442_3278058148_STOP562,0,0,0,0
10173744442_7211100688_STOP562,0,0,0,0
10173744442_7211100688_STOP567,0,0,0,0
10173744443_6639564151_STOP509,0,0,0,0
10173744448_10173744443_STOP567,0,0,0,0
10173744448_1666747506_STOP567,0,0,0,0
10173744449_6445776985_STOP667,0,0,0,0
10173744453_10173744449_STOP667,0,0,0,0
10173744453_3269364722_STOP667,0,0,0,0
10173744458_6445776991_STOP668,0,0,0,0
10173744458_6445776991_STOP805,0,0,0,0
10173744459_10173744458_STOP668,0,0,0,0
10173744459_11771489566_STOP668,0,0,0,0
10176052060_1107494497_STOP460,0,0,0,0
10176052060_1107494497_STOP469,0,0,0,0
10176052060_1107494497_STOP712,0,0,0,0
10176052060_2614138805_STOP229,0,0,0,0
10176052060_2614138805_STOP469,0,0,0,0
10177320000_1870759840_STOP489,0,0,0,0
10177320000_5639376031_STOP489,0,0,0,0
1017853007_1013431926_STOP318,0,0,0,0
1017853007_1013431926_STOP471,0,0,3,0
1017853007_6443246208_STOP471,0,0,0,0
10184462928_10176052060_STOP650,0,0,0,0
10184462928_10176052060_STOP711,0,0,0,0
10184462928_10176052060_STOP712,0,0,0,0
10184462928_14053088734_STOP711,0,0,0,0
10184467579_6715130346_STOP138,0,0,0,0
10184467579_6715130346_STOP466,0,0,0,0
10184467588_10184467593_STOP138,0,0,0,0
10184467588_10184467593_STOP466,0,0,0,0
10184467588_6436250308_STOP466,0,0,0,0
10184467593_11181449012_STOP138,0,0,0,0
10184467593_11181449018_STOP138,0,0,0,0
10186688804_5348638990_STOP108,0,0,0,0
10186688804_5348638990_STOP384,0,0,0,0
10186688804_5348638990_STOP396,0,0,0,0
10186688809_10186688804_STOP108,0,0,0,0
10186688809_5355866271_STOP108,0,0,0,0
10187187001_3272299574_STOP120,0,0,0,0
10187187001_3272299574_STOP122,0,0,0,0
10187187001_3272299574_STOP320,0,0,0,0
10187187001_3272299574_STOP335,0,0,0,0
10198287484_3269381708_STOP665,0,0,0,0
10198287484_7715326215_STOP665,0,0,0,0
10198287485_7715326213_STOP172,0,0,0,0
10198287485_7715326213_STOP665,0,0,0,0
10198287489_10198287485_STOP665,0,0,0,0
10239511223_10184467579_STOP138,0,0,0,0
10239511223_11181449012_STOP138,0,0,0,0
10239511223_11222647213_STOP138,0,0,0,0
10261582621_1857160520_STOP162,0,0,0,0
10261582621_1857160520_STOP265,0,0,0,0
10261582621_1857160520_STOP268,0,0,0,0
10261582621_1857160520_STOP600,0,0,0,0
10261582621_5465992888_STOP600,0,0,0,0
10288977250_10825681738_STOP597,0,0,0,0
10288977250_10825681738_STOP831,0,0,0,0
10288977250_3376282078_STOP831,0,0,0,0
10596741969_10596741983_STOP388,0,0,0,0
10596741969_7290653024_STOP388,0,0,0,0
10596741981_10596847102_STOP388,0,0,0,0
10596741981_11270910340_STOP261,0,0,0,0
10596741981_11270910340_STOP388,0,0,0,1
10596741983_10596741969_STOP388,0,0,0,0
10596741983_11513213941_STOP388,0,0,0,0
10596741996_10596742004_STOP285,0,0,0,0
10596741996_10596742004_STOP386,0,0,0,0
10596741996_10596742004_STOP820,0,0,0,0
10596741996_7216077612_STOP386,0,0,0,0
10596742004_7216077722_STOP285,0,0,0,0
10596847016_10596742004_STOP285,0,0,0,0
10596847016_7216077612_STOP285,0,0,0,0
10596847016_7216077612_STOP386,0,0,0,0
10596847016_7216077612_STOP820,0,0,0,0
10596847027_10596847110_STOP386,0,0,0,0
10596847027_11373181570_STOP386,0,0,0,0
10596847027_11373181570_STOP820,0,0,0,0
10596847027_7216077611_STOP386,0,0,0,0
10596847102_12705240852_STOP388,0,0,0,0
10596847110_10596741996_STOP386,0,0,0,0
10596847110_10596847027_STOP386,0,0,0,0
10596847110_9800628721_STOP386,0,0,0,0
10628427188_25433891_STOP84,0,0,0,0
10654541236_10654541237_STOP10,0,0,0,0
10654541236_11553388875_STOP10,0,0,0,0
10654541236_11553388875_STOP163,0,0,0,0
10654541236_11553388875_STOP165,0,0,0,0
10654541236_11553388875_STOP234,0,0,0,0
10654541236_11553388875_STOP235,0,0,0,0
10654541236_1857160470_STOP1,0,0,0,0
10654541236_1857160470_STOP10,0,0,0,0
10654541236_1857160470_STOP399,0,0,0,0
10654541236_1857160470_STOP536,0,0,0,0
10654541237_10654541236_STOP10,0,0,0,0
10654541237_11104669201_STOP10,0,0,0,0
10654541237_11104669201_STOP161,0,0,0,0
10680268006_1837401657_STOP0,0,0,0,0
10680268006_1837401657_STOP286,0,0,0,0
10680268006_1837401657_STOP799,0,0,0,0
10696379242_1914135257_STOP468,0,0,0,0
10696379242_6715130340_STOP468,0,0,0,0
10703340254_2034531645_STOP265,0,0,0,0
10703340254_2034531645_STOP519,0,0,0,0
10703340254_5825278971_STOP265,0,0,0,0
10703340255_10703340254_STOP265,0,0,0,0
10703340255_5465993094_STOP265,0,0,0,0
10703340256_10703340255_STOP265,0,0,0,0
10703340256_1857160520_STOP265,0,0,0,0
10771913956_11181449054_STOP21,0,0,0,0
10771913956_11181449054_STOP431,0,0,0,0
10771913956_11181449054_STOP59,0,0,0,0
10771913957_5348770323_STOP21,0,0,0,0
10771913957_5348770323_STOP227,0,0,0,0
10771913958_11181449060_STOP270,0,0,0,0
10771913958_3272569143_STOP270,0,0,0,0
10778288301_5358212370_STOP7,0,0,0,0
10778288301_5358212370_STOP788,0,0,0,0
10778288301_5852700917_STOP7,0,0,0,0
10793008254_10793008429_STOP190,0,0,0,0
10793008254_10793008429_STOP304,0,0,0,0
10793008254_10793008429_STOP306,0,0,0,0
10793008254_5358055095_STOP306,0,0,0,0
10793008254_6622030455_STOP305,0,0,0,0
10793008254_6622030455_STOP306,0,0,0,0
10793008258_11727886518_STOP283,0,0,0,0
10793008258_11727886518_STOP558,0,0,0,0
10793008258_11727886518_STOP564,0,0,0,0
10793008258_11727886518_STOP800,0,0,0,0
10793008258_2520649169_STOP800,0,0,0,0
10793008394_2962096312_STOP483,0,0,0,0
10793008397_10793008394_STOP483,0,0,0,0
10793008397_2962096518_STOP483,0,0,0,0
10793008429_25433364_STOP304,0,0,0,0
10793008429_7687331829_STOP304,0,0,0,0
10793101435_1849525851_STOP292,0,0,0,0
10793101435_1849525851_STOP414,0,0,0,0
10793585087_2439023829_STOP292,0,0,0,0
10793585087_5358212417_STOP292,0,0,0,0
10816174967_12135879793_STOP121,0,0,0,0
10816174967_2614138771_STOP121,0,0,0,0
10816174969_11369316679_STOP121,0,0,0,0
10825681737_10825681738_STOP597,0,0,0,0
10825681737_5395151866_STOP557,0,0,0,0
10825681737_5395151866_STOP597,0,0,0,1
10825681738_10288977250_STOP597,0,0,0,0
10825681738_10288977250_STOP831,0,0,0,0
10825681738_10825681737_STOP597,0,0,0,0
1083569114_1575311287_STOP128,0,0,0,0
1083569114_1575311287_STOP391,0,0,0,0
1083569114_1575311287_STOP629,0,0,0,0
1083569114_2019234455_STOP129,0,0,0,0
1083569114_2019234455_STOP391,0,0,0,1
1083569114_5646605222_STOP350,0,0,0,0
1083569114_5646605222_STOP351,0,0,0,0
1083569114_5646605222_STOP391,0,0,0,0
1083569114_700728686_STOP391,0,0,0,0
10968637156_10968637160_STOP819,0,0,0,0
10968637156_6608965029_STOP647,0,0,0,0
10968637156_6608965029_STOP819,0,0,0,0
10968637160_10968637156_STOP819,0,0,0,0
10968637160_6608965073_STOP819,0,0,0,0
10995135976_13575977252_STOP388,0,0,0,0
10995135976_6640792413_STOP388,0,0,0,0
10995250540_6608965027_STOP371,0,0,0,0
10995250540_6608965027_STOP647,0,0,0,0
10995250561_10995250540_STOP371,0,0,0,0
10995250561_10995250540_STOP647,0,0,0,0
10995250561_12339301138_STOP371,0,0,0,0
11027050165_11499132689_STOP387,0,0,0,0
11027050165_2518075057_STOP387,0,0,0,0
11028882122_11207093319_STOP786,0,0,0,0
11028882122_12606431204_STOP113,0,0,0,0
11028882122_12606431204_STOP786,0,0,0,0
11041545701_3278023496_STOP449,0,0,0,0
11041545701_3359249111_STOP214,0,0,0,0
11041545701_3359249111_STOP449,0,0,0,0
11041545702_11041545703_STOP218,0,0,0,0
11041545703_11041579711_STOP218,0,0,0,0
11041545703_7699079504_STOP218,0,0,0,0
11041545703_7699079504_STOP450,0,0,0,0
11041545704_11041545701_STOP218,0,0,0,0
11041545704_11041545701_STOP449,0,0,0,0
11041579711_7699079503_STOP218,0,0,0,0
11041579711_7699079503_STOP450,0,0,0,0
11041579712_11041545704_STOP218,0,0,0,0
11041579712_5392239227_STOP218,0,0,0,0
11041579717_11041579712_STOP218,0,0,0,0
11041579717_11041579712_STOP450,0,0,0,0
11041579717_7698884005_STOP450,0,0,0,0
1107494473_1108674456_STOP460,0,0,0,0
1107494473_1108674456_STOP712,0,0,0,0
1107494473_1108674456_STOP740,0,0,0,0
1107494473_3068325990_STOP710,0,0,0,0
1107494473_3068325990_STOP740,0,0,0,0
1107494473_4146694789_STOP737,0,0,0,0
1107494473_4146694789_STOP738,0,0,0,0
1107494473_4146694789_STOP739,0,0,0,0
1107494473_4146694789_STOP740,0,0,0,0
1107494497_10176052060_STOP460,0,0,0,0
1107494497_10176052060_STOP469,0,0,0,0
1107494497_10176052060_STOP712,0,0,0,0
1107494497_1108674456_STOP460,0,0,0,0
1107865374_1107865397_STOP580,0,0,0,0
1107865374_1107865397_STOP655,0,0,0,0
1107865374_1107865397_STOP656,0,0,0,0
1107865374_1107865398_STOP656,0,0,0,0
1107865397_1107865374_STOP580,0,0,0,0
1107865397_1107865374_STOP655,0,0,0,0
1107865397_2607816746_STOP580,0,0,0,0
1107865397_6469653354_STOP580,0,0,0,0
1107865397_6469653354_STOP733,0,0,0,0
1107865398_5395152111_STOP433,0,0,0,0
1108586472_5334558654_STOP238,0,0,0,0
1108586472_5334558654_STOP373,0,0,0,0
1108586472_5334558654_STOP578,0,0,0,0
1108586472_7669230603_STOP373,0,0,0,0
1108653589_1980735013_STOP654,0,0,0,0
1108653589_1980735013_STOP706,0,0,0,0
1108653589_8979178865_STOP706,0,0,0,0
1108653643_240791856_STOP501,0,0,0,0
1108653643_240791856_STOP798,0,0,0,0
1108653643_4258557080_STOP501,0,0,0,0
1108653643_4258557080_STOP703,0,0,0,0
1108653643_6470450620_STOP501,0,0,0,0
1108653643_6470450620_STOP568,0,0,0,0
1108653643_6470450620_STOP657,0,0,0,0
1108653643_6470450620_STOP704,0,0,0,0
1108653643_6470450620_STOP835,0,0,0,0
1108653643_6470450620_STOP836,0,0,0,0
1108674456_1107494473_STOP460,0,0,0,0
1108674456_1107494473_STOP740,0,0,0,0
1108674456_1107494497_STOP460,0,0,0,0
1108674456_3272299563_STOP368,0,0,0,0
1108674456_3272299563_STOP460,0,0,0,0
11104669201_11104669202_STOP161,0,0,0,0
11104669201_11262097537_STOP102,0,0,0,0
11104669201_11262097537_STOP161,0,0,0,0
11104669201_11262097537_STOP514,0,0,0,0
11104669201_11262097537_STOP515,0,0,0,0
11104669201_11262097537_STOP516,0,0,0,0
11104669201_11262097537_STOP517,0,0,0,0
11104669201_11262097537_STOP587,0,0,0,0
11104669201_1663274645_STOP161,0,0,0,0
11104669201_1663274645_STOP514,0,0,0,0
11104669202_10654541236_STOP10,0,0,0,0
11104669202_10654541236_STOP161,0,0,0,0
11104669202_11104669201_STOP161,0,0,0,0
11104754744_11149984612_STOP483,0,0,0,0
11104754744_2325451311_STOP483,0,0,0,0
11106971273_5865367998_STOP356,0,0,0,0
11106971273_6455291974_STOP356,0,0,0,0
11106971279_9443702027_STOP356,0,0,0,0
11106971279_9443702027_STOP357,0,0,0,0
11106971279_9443702027_STOP423,0,0,0,0
11107827260_1849525794_STOP543,0,0,0,0
11107827260_1849525794_STOP658,0,0,0,0
11107827260_1849525794_STOP701,0,0,0,0
11107827260_1849525794_STOP713,0,0,0,0
11107827260_25435318_STOP713,0,0,0,0
11107827260_25435318_STOP787,0,0,1,0
11107827260_3374033502_STOP144,0,0,0,0
11107827260_3374033502_STOP713,0,0,0,0
11118207003_11132665439_STOP241,0,0,0,0
11124688730_2325451280_STOP474,0,0,0,0
11124688730_2325451280_STOP475,0,0,0,0
11124688730_2325451280_STOP82,0,0,0,0
11124688730_2325451280_STOP83,0,0,0,0
11124688730_25433686_STOP474,0,0,0,0
11125489871_2476972396_STOP176,0,0,0,0
11125489871_2476972396_STOP774,0,0,0,0
11125489871_25433891_STOP176,0,0,0,0
11125489871_25433891_STOP84,0,0,0,0
11132403120_11513213943_STOP141,0,0,0,0
11132403120_11803832449_STOP141,0,0,0,0
11132622841_3272722527_STOP403,0,0,0,0
11132665439_11132665441_STOP241,0,0,0,0
11132665439_1666786347_STOP241,0,0,0,0
11132665440_11118207003_STOP241,0,0,0,0
11132665441_11132665440_STOP241,0,0,0,0
11132665441_12809283848_STOP241,0,0,0,0
11136401953_2518074025_STOP821,0,0,0,0
11136401953_2518074025_STOP822,0,0,0,0
11136401953_2518074025_STOP823,0,0,0,0
11136401953_5479194191_STOP821,0,0,0,0
11138589127_11138589131_STOP88,0,0,0,0
11138589127_2325451571_STOP88,0,0,0,0
11138589131_5278840351_STOP242,0,0,0,0
11138589131_5278840351_STOP405,0,0,0,0
11138589131_5278840351_STOP77,0,0,0,0
11138589131_5278840351_STOP78,0,0,0,0
11138589131_5278840351_STOP88,0,0,0,0
11138589132_11138589136_STOP88,0,0,0,0
11138589132_2325451571_STOP88,0,0,0,0
11138589136_11149984620_STOP88,0,0,0,0
11138593390_11138593394_STOP84,0,0,0,0
11138593390_11138593395_STOP84,0,0,0,0
11138593392_11138593390_STOP84,0,0,0,0
11138593392_8582835480_STOP812,0,0,0,0
11138593392_8582835480_STOP84,0,0,0,0
11138593393_11138593392_STOP84,0,0,0,0
11138593393_4854744076_STOP84,0,0,0,0
11138593394_11138593393_STOP84,0,0,0,0
11138593394_13123360943_STOP84,0,0,0,0
11138593395_11138593394_STOP84,0,0,0,0
11138593395_25434098_STOP765,0,0,0,0
11138593395_25434098_STOP84,0,0,0,0
11138593909_11138593910_STOP78,0,0,0,0
11138593909_2012498693_STOP78,0,0,0,0
11138593910_2012498686_STOP78,0,0,0,0
11138593910_2012498686_STOP780,0,0,0,0
11138593910_2012498711_STOP78,0,0,0,0
11138680823_12820446797_STOP393,0,0,0,0
11138680823_1660289601_STOP393,0,0,0,0
11138680825_11138680823_STOP393,0,0,0,0
11138680825_1660264881_STOP393,0,0,0,0
11149984611_25447004_STOP483,0,0,0,0
11149984611_5334388842_STOP483,0,0,0,0
11149984612_1900223767_STOP123,0,0,0,0
11149984612_1900223767_STOP475,0,0,0,0
11149984612_1900223767_STOP483,0,0,0,0
11149984614_2539986925_STOP483,0,0,0,0
11149984615_11149984614_STOP483,0,0,0,0
11149984615_2325451300_STOP483,0,0,0,0
11149984616_25433661_STOP483,0,0,0,0
11149984620_11149984616_STOP483,0,0,0,0
11149984620_1706564149_STOP483,0,0,0,0
11176912846_2325452068_STOP193,0,0,0,0
11176912847_29354164_STOP193,0,0,0,0
11176912847_29354164_STOP677,0,0,0,0
11176912866_2325452068_STOP193,0,0,0,0
11176912866_2325452068_STOP677,0,0,0,0
11176912866_5358212386_STOP677,0,0,0,0
11180921757_11180921760_STOP354,0,0,0,0
11180921757_9767043233_STOP354,0,0,0,0
11180921760_1660253697_STOP169,0,0,0,0
11180921760_1660253697_STOP354,0,0,0,0
11180921761_11180921757_STOP354,0,0,0,0
11180921761_11180921760_STOP354,0,0,0,0
11180921761_2958252669_STOP354,0,0,0,0
11181354932_11181354934_STOP435,0,0,0,0
11181354932_3277874427_STOP435,0,0,0,0
11181354934_11181354935_STOP435,0,0,0,0
11181354934_3277874424_STOP435,0,0,0,0
11181354935_11181354936_STOP435,0,0,0,0
11181354935_3277874434_STOP435,0,0,0,0
11181354936_11181354932_STOP435,0,0,0,0
11181354936_3277874430_STOP435,0,0,0,0
11181448954_11181448955_STOP254,0,0,0,0
11181448954_3272599108_STOP254,0,0,0,0
11181448954_3272604915_STOP254,0,0,0,0
11181448955_11181448954_STOP255,0,0,0,0
11181448955_11181448972_STOP255,0,0,0,0
11181448955_11181448972_STOP706,0,0,0,0
11181448969_11181448974_STOP706,0,0,0,0
11181448969_3272588432_STOP706,0,0,0,0
11181448969_3272588432_STOP746,0,0,0,0
11181448972_1108653589_STOP706,0,0,0,0
11181448972_11181448973_STOP706,0,0,0,0
11181448973_11181448969_STOP706,0,0,0,0
11181448973_11181448979_STOP706,0,0,0,0
11181448974_11181448972_STOP706,0,0,0,0
11181448974_3272589082_STOP706,0,0,0,0
11181448979_2325453211_STOP706,0,0,0,0
11181449012_11181449013_STOP138,0,0,0,0
11181449012_11181449018_STOP138,0,0,0,0
11181449013_11222647213_STOP138,0,0,0,0
11181449013_5360340202_STOP138,0,0,0,0
11181449017_11181449013_STOP138,0,0,0,0
11181449017_3272575990_STOP138,0,0,0,0
11181449018_5353900965_STOP138,0,0,0,0
11181449018_5353900965_STOP644,0,0,0,0
11181449018_5353900965_STOP645,0,0,0,0
11181449053_2325453378_STOP256,0,0,0,0
11181449053_2325453378_STOP59,0,0,0,0
11181449053_3248886992_STOP59,0,0,0,0
11181449054_11181449053_STOP59,0,0,0,0
11181449054_2325453371_STOP256,0,0,0,0
11181449054_2325453371_STOP59,0,0,0,0
11181449057_11181449058_STOP21,0,0,0,0
11181449057_3272566410_STOP21,0,0,0,0
11181449058_10771913956_STOP21,0,0,0,0
11181449058_11181449059_STOP21,0,0,0,0
11181449059_10771913957_STOP21,0,0,0,0
11181449059_11181449060_STOP21,0,0,0,0
11181449060_11181449057_STOP21,0,0,0,0
11181449060_3272569143_STOP21,0,0,0,0
11181664518_14003143457_STOP39,0,0,0,0
11181664518_14003143457_STOP393,0,0,0,0
11181664518_1660290286_STOP39,0,0,0,0
11181678841_10173603853_STOP576,0,0,0,0
11181678841_10173603857_STOP576,0,0,0,0
11199413648_11199413656_STOP387,0,0,0,0
11199413648_7216077611_STOP386,0,0,0,0
11199413648_7216077611_STOP387,0,0,0,0
11199413649_11199413648_STOP387,0,0,0,0
11199413649_11199413656_STOP387,0,0,0,0
11199413649_2518075055_STOP387,0,0,0,0
11199413656_11199413649_STOP387,0,0,0,0
11199413656_5455694139_STOP267,0,0,0,0
11199413656_5455694139_STOP386,0,0,0,0
11199413656_5455694139_STOP387,0,0,0,0
11199413656_5455694139_STOP820,0,0,0,0
11199413656_5455694139_STOP825,0,0,0,0
11207093319_11028882122_STOP786,0,0,0,0
11207093319_364328701_STOP786,0,0,0,0
11222647213_10239511223_STOP138,0,0,0,0
11222647213_3272574294_STOP138,0,0,0,0
11224280874_7715425662_STOP364,0,0,0,0
11224280874_7715425662_STOP365,0,0,0,0
11224280874_7715425662_STOP37,0,0,0,0
11224280874_7715425662_STOP454,0,0,0,0
11224280874_7715425662_STOP455,0,0,0,0
11235233277_11181449054_STOP59,0,0,0,0
11235233277_3277883745_STOP21,0,0,0,0
11235233277_3277883745_STOP431,0,0,0,0
11235233277_3277883745_STOP59,0,0,0,0
11259520257_5865367998_STOP356,0,0,0,0
11259520257_6455291974_STOP356,0,0,0,0
11262097537_11104669201_STOP102,0,0,0,0
11262097537_11104669201_STOP161,0,0,0,0
11262097537_11104669201_STOP514,0,0,0,0
11262097537_11104669201_STOP515,0,0,0,0
11262097537_11104669201_STOP516,0,0,0,0
11262097537_11104669201_STOP517,0,0,0,0
11262097537_11104669201_STOP587,0,0,0,0
11262097537_1956899631_STOP166,0,0,0,0
11262097537_1956899631_STOP167,0,0,0,0
11262097537_1956899631_STOP168,0,0,0,0
11262097537_1956899631_STOP231,0,0,0,0
11262097537_1956899631_STOP232,0,0,0,0
11262097537_1956899631_STOP552,0,0,0,0
11262097537_1956899631_STOP587,0,0,0,0
11262097537_1956899631_STOP619,0,0,0,0
11262097537_9767043233_STOP587,0,0,0,0
11262097537_9767043233_STOP594,0,0,0,0
11262097537_9767043233_STOP70,0,0,0,0
11262097537_9767043233_STOP71,0,0,0,0
11262097537_9767043233_STOP725,0,0,0,0
11270910309_11803832459_STOP141,0,0,0,0
11270910309_13575977254_STOP141,0,0,0,0
11270910309_13575977254_STOP388,0,0,0,0
11270910316_10995135976_STOP388,0,0,0,0
11270910316_13575977252_STOP388,0,0,0,0
11270910340_11270910342_STOP261,0,0,0,0
11270910340_7216077673_STOP261,0,0,0,0
11270910342_11270910343_STOP261,0,0,0,0
11270910343_11270910344_STOP261,0,0,0,0
11270910343_7216077704_STOP261,0,0,0,0
11270910343_7216077704_STOP388,0,0,0,0
11270910343_7216077704_STOP647,0,0,0,0
11270910344_11270910340_STOP261,0,0,0,0
11270910344_13539499879_STOP261,0,0,0,0
11270931757_11554687893_STOP285,0,0,0,0
11270931757_9807780220_STOP285,0,0,0,0
11278632590_7287159351_STOP647,0,0,0,0
11294966882_3374033494_STOP673,0,0,0,0
11294966882_3374033494_STOP683,0,0,0,0
11295049620_2958261187_STOP123,0,0,0,0
11295049620_5826263864_STOP123,0,0,0,0
11303467321_11303467322_STOP600,0,0,0,0
11303467321_5465992318_STOP600,0,0,0,0
11303467322_11303467321_STOP600,0,0,0,0
11303467322_6639639832_STOP600,0,0,0,0
11310046580_11546102144_STOP768,0,0,0,0
11310046580_29377182_STOP768,0,0,0,0
11310046580_29377182_STOP770,0,0,0,0
11310046583_11687490552_STOP810,0,0,0,0
11310046583_11740333992_STOP766,0,0,0,0
11310046583_11740333992_STOP810,0,0,0,0
11310046583_11740333992_STOP86,0,0,0,0
11310497696_12806309258_STOP640,0,0,0,0
11310497696_12806309258_STOP720,0,0,0,0
11310497696_2518040289_STOP402,0,0,0,0
11310497696_2518040289_STOP720,0,0,0,0
11310497696_2518040289_STOP95,0,0,0,0
11310497696_4183530886_STOP720,0,0,0,0
11345662513_29357859_STOP476,0,0,0,0
11345662513_29379226_STOP17,0,0,0,0
11345662513_29379226_STOP476,0,0,0,0
11347520098_29434769_STOP732,0,0,0,0
11347520098_6469933723_STOP732,0,0,0,0
11347520098_6469933723_STOP733,0,0,0,0
11347520099_11347520098_STOP732,0,0,0,0
11347520099_29434768_STOP413,0,0,0,0
11347520099_29434768_STOP732,0,0,0,0
11366943120_11366943122_STOP337,0,0,0,0
11366943120_29356944_STOP337,0,0,0,0
11366943122_4169236625_STOP337,0,0,0,0
11367517448_13551225788_STOP46,0,0,0,0
11367517448_3277874415_STOP253,0,0,0,0
11367517448_3277874415_STOP46,0,0,0,0
11367517448_3277874415_STOP726,0,0,0,0
11367517448_3277874415_STOP727,0,0,0,0
11367547338_29357275_STOP8,0,0,0,0
11367547341_11367547338_STOP8,0,0,0,0
11367547341_29357239_STOP8,0,0,0,0
11369316679_10125360884_STOP108,0,0,0,0
11369316679_10125360884_STOP121,0,0,0,0
11369316679_10125360884_STOP385,0,0,0,0
11369316680_11369316679_STOP121,0,0,0,0
11369316680_3272382561_STOP121,0,0,0,0
11369837179_11369837184_STOP108,0,0,0,0
11369837179_5348639847_STOP108,0,0,0,0
11369837181_11369837186_STOP108,0,0,0,0
11369837181_2614138773_STOP108,0,0,0,0
11369837184_11369837181_STOP108,0,0,0,0
11369837184_5348639847_STOP108,0,0,0,0
11369837185_2614138773_STOP108,0,0,0,0
11369837185_3272542989_STOP108,0,0,0,0
11369837186_6616389060_STOP108,0,0,0,0
11369837187_3272542984_STOP108,0,0,0,0
11373181570_10596847027_STOP386,0,0,0,0
11373181570_10596847027_STOP820,0,0,0,0
11373181571_7216077612_STOP386,0,0,0,0
11373181571_7216077612_STOP820,0,0,0,0
11380591251_1017853007_STOP197,0,0,0,0
11380591251_1017853007_STOP30,0,0,0,0
11380591251_1837401646_STOP30,0,0,0,0
11380591251_1837401646_STOP308,0,0,0,0
11382060932_12809082542_STOP327,0,0,0,0
11382060932_7983673000_STOP327,0,0,0,0
11382550192_3269364718_STOP576,0,0,0,0
11382627918_7669230599_STOP684,0,0,0,0
11382627919_11382627918_STOP340,0,0,0,0
11382627919_5360090928_STOP340,0,0,0,0
11382627919_5360090932_STOP340,0,0,0,0
11383843397_1849907134_STOP43,0,0,0,0
11383843402_11383843397_STOP43,0,0,0,0
11383843402_1849907158_STOP43,0,0,0,0
11419915997_11419915998_STOP90,0,0,0,0
11419915997_3270445562_STOP90,0,0,0,0
11419915998_303034042_STOP90,0,0,0,0
11458642953_11711275764_STOP280,0,0,0,0
11499132688_11499132689_STOP387,0,0,0,0
11499132688_2518075049_STOP387,0,0,0,0
11499132689_11499132688_STOP387,0,0,0,0
11499132689_5993042057_STOP387,0,0,0,0
11513213940_11513213942_STOP141,0,0,0,0
11513213940_11910120725_STOP141,0,0,0,0
11513213941_11730487008_STOP388,0,0,0,0
11513213941_11803832464_STOP141,0,0,0,0
11513213941_11803832464_STOP388,0,0,0,0
11513213942_11132403120_STOP141,0,0,0,0
11513213943_11513213940_STOP141,0,0,0,0
11513213943_11803832450_STOP141,0,0,0,0
11520711530_11520711531_STOP63,0,0,0,0
11520711530_6485661075_STOP63,0,0,0,0
11520711531_11520711530_STOP63,0,0,0,2
11520711531_3277449482_STOP63,0,0,0,0
11546102144_11546102152_STOP767,0,0,0,0
11546102152_11310046583_STOP767,0,0,0,0
11546102152_29377063_STOP767,0,0,0,0
11546102152_29377063_STOP810,0,0,0,0
11546102152_29377063_STOP86,0,0,0,0
11549667667_11132622841_STOP403,0,0,0,0
11549667667_11549667668_STOP403,0,0,0,0
11549667668_11549683569_STOP403,0,0,0,0
11549667668_8456621393_STOP403,0,0,0,0
11549683569_11549683570_STOP403,0,0,0,0
11549683569_6382216824_STOP403,0,0,0,0
11549683570_11549667667_STOP403,0,0,0,0
11549683570_8456621395_STOP403,0,0,0,0
11553388875_1663274709_STOP163,0,0,0,0
11553388875_1663274712_STOP163,0,0,0,0
11554687893_10596741981_STOP285,0,0,0,0
11554687893_10596741981_STOP388,0,0,0,0
11554687893_11270931757_STOP285,0,0,0,0
11564259401_10173744438_STOP556,0,0,0,0
11564259401_10173744441_STOP556,0,0,0,0
11564259401_12809507137_STOP47,0,0,0,0
11564259401_12809507137_STOP507,0,0,0,0
11564259401_12809507137_STOP556,0,0,0,0
11564259401_2037086792_STOP556,0,0,0,0
11594016904_2325451295_STOP16,0,0,0,0
11594016904_2325451295_STOP213,0,0,0,0
11594016904_2325451295_STOP58,0,0,0,0
11594016904_2477140738_STOP16,0,0,0,0
11594016904_2477140738_STOP213,0,0,0,0
11594016904_2477140738_STOP505,0,0,0,0
11687490552_11687490560_STOP767,0,0,0,0
11687490560_11310046580_STOP767,0,0,0,0
11687490560_11546102144_STOP767,0,0,0,0
11707030830_11707030831_STOP73,0,0,0,0
11707030830_1666714175_STOP73,0,0,0,0
11707030830_1666714175_STOP74,0,0,0,0
11707030831_6445031497_STOP74,0,0,0,0
11711275764_11711275765_STOP280,0,0,0,0
11711275764_2604179165_STOP280,0,0,0,0
11711275765_11711275764_STOP280,0,0,0,0
11711275765_12393475052_STOP280,0,0,0,0
11711275766_2604179165_STOP280,0,0,0,0
11711275766_2604179177_STOP280,0,0,0,0
11711275767_12393475052_STOP106,0,0,0,0
11711275767_2604179170_STOP106,0,0,0,0
11727886518_10793008258_STOP283,0,0,0,0
11727886518_10793008258_STOP558,0,0,0,0
11727886518_10793008258_STOP564,0,0,0,0
11727886518_10793008258_STOP800,0,0,0,0
11727886518_1849525862_STOP155,0,0,0,0
11727886518_1849525862_STOP564,0,0,0,0
11727886518_2520649143_STOP564,0,0,0,0
11727886518_2520649143_STOP805,0,0,0,0
11727886518_2520649152_STOP559,0,0,0,0
11727886518_2520649152_STOP562,0,0,0,0
11727886518_2520649152_STOP564,0,0,0,0
11727886518_2520649152_STOP565,0,0,0,0
11730487008_10596741969_STOP388,0,0,0,0
11730487008_11513213941_STOP388,0,0,0,0
11735248696_2493372404_STOP207,0,0,0,0
11735248696_2493372404_STOP209,0,0,0,0
11735248696_2493372404_STOP625,0,0,0,0
11735248696_2493372404_STOP87,0,0,0,0
11735248696_302246829_STOP504,0,0,0,0
11735248696_302246829_STOP87,0,0,0,0
11735248699_3270445561_STOP637,0,0,0,0
11735248699_5394983545_STOP637,0,0,0,0
11735248699_5395315581_STOP637,0,0,0,0
11735248699_5395315581_STOP90,0,0,0,0
11739021643_1837401655_STOP111,0,0,0,0
11739021643_1837401655_STOP269,0,0,0,0
11739021643_29489136_STOP269,0,0,0,0
11739021643_4434330589_STOP224,0,0,0,0
11739021643_4434330589_STOP225,0,0,0,0
11739021643_4434330589_STOP269,0,0,0,0
11739021643_4434330589_STOP589,0,0,0,0
11740333992_11310046583_STOP766,0,0,0,0
11740333992_11310046583_STOP810,0,0,0,0
11740333992_11310046583_STOP86,0,0,0,0
11740333992_11740333994_STOP766,0,0,0,0
11740333993_11740333994_STOP766,0,0,0,0
11740333993_11740333994_STOP86,0,0,0,0
11740333993_29377042_STOP86,0,0,0,0
11740333994_7300869689_STOP766,0,0,0,0
11771489565_10173744458_STOP668,0,0,0,3
11771489565_11771489566_STOP668,0,0,0,0
11771489566_11771489565_STOP668,0,0,0,0
11771489566_1849526010_STOP667,0,0,0,0
11771489566_1849526010_STOP668,0,0,0,0
11803832449_11270910309_STOP141,0,0,0,0
11803832449_11803832466_STOP141,0,0,0,0
11803832450_11730487008_STOP141,0,0,0,0
11803832450_11730487008_STOP388,0,0,0,0
11803832450_11803832464_STOP141,0,0,0,0
11803832459_11270910309_STOP141,0,0,0,0
11803832459_11803832466_STOP141,0,0,0,0
11803832464_11513213940_STOP141,0,0,0,0
11803832464_11803832450_STOP141,0,0,0,0
11803832466_11513213943_STOP141,0,0,0,0
11803832466_11803832449_STOP141,0,0,0,0
11910120724_11513213942_STOP141,0,0,0,0
11910120724_11910120725_STOP141,0,0,0,0
11910120725_11910120724_STOP141,0,0,0,0
11910120725_5355867147_STOP141,0,0,0,0
11953687707_1014722675_STOP226,0,0,0,0
11953687707_1014722675_STOP607,0,0,0,0
11953687707_2150576370_STOP607,0,0,0,0
12013198365_11132622841_STOP403,0,0,0,0
12013198365_11549667667_STOP403,0,0,0,0
12028030824_1837401675_STOP199,0,0,0,0
12028030824_2325452148_STOP199,0,0,0,0
12028030824_2325452148_STOP290,0,0,0,0
12096324721_11107827260_STOP341,0,0,0,0
12135879793_10134513809_STOP121,0,0,0,0
12135879793_2614138771_STOP121,0,0,0,0
12339301138_12339301139_STOP371,0,0,0,0
12339301138_35138922_STOP371,0,0,0,0
12339301139_12339301138_STOP371,0,0,0,0
12339301139_7216077577_STOP371,0,0,0,0
12339301139_7216077577_STOP647,0,0,0,0
12393475052_10680268006_STOP0,0,0,0,0
12393475052_10680268006_STOP106,0,0,0,0
12393475052_10680268006_STOP631,0,0,0,0
12393475052_11711275765_STOP106,0,0,0,0
12393475052_11711275767_STOP106,0,0,0,0
12606352972_12606352973_STOP620,0,0,0,0
12606352972_12606352975_STOP620,0,0,0,0
12606352973_7179028076_STOP620,0,0,0,0
12606352973_7179028076_STOP834,0,0,0,0
12606352975_12606352973_STOP620,0,0,0,0
12606352975_3277363480_STOP620,0,0,0,0
12606431202_25434241_STOP153,0,0,0,0
12606431202_25434241_STOP290,0,0,0,0
12606431202_25434241_STOP291,0,0,0,0
12606431202_25434241_STOP601,0,0,0,0
12606431204_12606431202_STOP290,0,0,0,0
12606431204_12806120205_STOP290,0,0,0,0
12606431205_11207093319_STOP113,0,0,0,0
12606431207_12606431205_STOP113,0,0,0,0
12606431207_2325452148_STOP113,0,0,0,0
12633822764_5447158246_STOP118,0,0,0,0
12633822764_5447158246_STOP719,0,0,0,0
12633822764_5447158308_STOP719,0,0,0,0
12633822765_11041579717_STOP395,0,0,0,0
12633822765_11041579717_STOP450,0,0,0,0
12633822765_11041579717_STOP611,0,0,0,0
12633822765_7698884005_STOP395,0,0,0,0
12633822765_7698884005_STOP450,0,0,0,0
12633822765_7698884005_STOP611,0,0,0,0
12634504454_2325438114_STOP67,0,0,0,0
12634504454_29356940_STOP67,0,0,0,0
12634504454_29358938_STOP67,0,0,0,0
12637511228_29357929_STOP150,0,0,0,0
12637511228_29357929_STOP92,0,0,0,0
12637511228_29379583_STOP92,0,0,0,0
12692226647_12813271264_STOP117,0,0,0,0
12692226647_35138416_STOP117,0,0,0,0
12692226647_9379377310_STOP117,0,0,0,0
12692455340_10703340256_STOP265,0,0,0,0
12692455340_30236623_STOP162,0,0,0,0
12692455340_30236623_STOP265,0,0,0,0
12692455340_30236623_STOP639,0,0,2,0
12692455340_30236623_STOP808,0,0,0,0
12692455340_30236623_STOP91,0,0,0,0
12705240852_10596741981_STOP388,0,0,0,0
12705240852_11554687893_STOP388,0,0,0,0
12806120205_12028030824_STOP199,0,0,0,0
12806120205_12028030824_STOP290,0,0,0,0
12806120205_12606431202_STOP290,0,0,1,0
12806120213_12806120214_STOP794,0,0,0,0
12806120213_3278061604_STOP794,0,0,0,0
12806120213_3278061604_STOP795,0,0,0,0
12806120214_1831360476_STOP28,0,0,0,0
12806120214_1831360476_STOP29,0,0,0,0
12806120214_1831360476_STOP794,0,0,0,0
12806309251_2477126866_STOP93,0,0,0,0
12806309251_4620173045_STOP100,0,0,0,0
12806309251_4620173045_STOP380,0,0,0,0
12806309251_4620173045_STOP418,0,0,0,0
12806309251_4620173045_STOP93,0,0,0,0
12806309258_11310497696_STOP640,0,0,0,0
12806309258_11310497696_STOP720,0,0,0,0
12806309258_35135537_STOP419,0,0,0,0
12806309258_35135537_STOP420,0,0,0,0
12806309258_35135537_STOP421,0,0,0,0
12806309258_35135537_STOP640,0,0,0,0
12806309258_35135537_STOP93,0,0,0,0
12806309258_35135537_STOP94,0,0,0,0
12806516351_5458169530_STOP230,0,0,0,0
12806516351_5458169533_STOP230,0,0,0,0
12806537959_12986852699_STOP428,0,0,0,0
12806537959_12986852699_STOP748,0,0,0,0
12806537959_2325453232_STOP184,0,0,0,0
12806537959_2325453232_STOP428,0,0,0,0
12806717331_25446457_STOP112,0,0,0,0
12809046288_1655728948_STOP404,0,0,0,0
12809046288_1675261401_STOP404,0,0,0,0
12809046288_1675261406_STOP404,0,0,0,0
12809082542_29379447_STOP327,0,0,0,0
12809082543_29357859_STOP126,0,0,0,0
12809082543_29357859_STOP476,1,45000.0,0,0
12809082543_29378887_STOP126,0,0,0,0
12809082543_29378887_STOP3,0,0,0,0
12809151235_29379393_STOP482,0,0,0,0
12809151235_29379476_STOP482,0,0,0,0
12809237529_2325451442_STOP483,0,0,0,0
12809237529_3269294963_STOP483,0,0,0,0
12809283839_1666231704_STOP18,0,0,0,0
12809283839_1666231704_STOP486,0,0,0,0
12809283839_1870759840_STOP124,0,0,0,0
12809283839_1870759840_STOP486,0,0,0,0
12809283839_1870759840_STOP487,0,0,0,0
12809283839_1870759840_STOP488,0,0,0,0
12809283839_1870759840_STOP489,0,0,0,0
12809283839_1870759840_STOP721,0,0,0,0
12809283848_4375366198_STOP125,0,0,0,0
12809283848_4375366198_STOP15,0,0,0,0
12809283848_4375366198_STOP378,0,0,0,0
12809283848_4375366198_STOP490,0,0,0,0
12809283848_4375366198_STOP630,0,0,0,0
12809462426_11367517448_STOP274,0,0,0,0
12809462426_11367517448_STOP502,0,0,0,0
12809462426_1849960313_STOP502,0,0,0,0
12809462426_1849960313_STOP610,0,0,0,0
12809507137_11564259401_STOP47,0,0,0,0
12809507137_11564259401_STOP507,0,0,0,0
12809507137_11564259401_STOP577,0,0,0,0
12809507137_12809507139_STOP577,0,0,0,0
12809507137_1896207944_STOP577,0,0,0,0
12809507137_6461589858_STOP507,0,0,0,0
12809507137_6461589858_STOP577,0,0,0,0
12809507137_6461589858_STOP61,0,0,0,0
12809507137_6461589858_STOP662,0,0,0,0
12809507139_10173744442_STOP577,0,0,0,0
12809507139_12809507137_STOP577,0,0,0,0
12809507139_3278058148_STOP577,0,0,0,0
12813237929_7345830954_STOP72,0,0,0,0
12813237929_7345830961_STOP72,0,0,0,0
12813271261_12813271264_STOP116,0,0,0,0
12813271261_12813271264_STOP117,0,0,0,0
12813271261_12813271264_STOP5,0,0,0,0
12813271261_12813271264_STOP520,0,0,0,0
12813271261_12813271264_STOP807,0,0,0,0
12813271261_4141587843_STOP324,0,0,0,0
12813271261_4141587843_STOP330,0,0,0,0
12813271261_4141587843_STOP5,0,0,0,0
12813271261_9626125965_STOP5,0,0,0,0
12813271264_12692226647_STOP117,0,0,0,0
12813271264_12813271261_STOP116,0,0,0,0
12813271264_12813271261_STOP117,0,0,0,0
12813271264_12813271261_STOP5,0,0,0,0
12813271264_12813271261_STOP520,0,0,0,0
12813271264_12813271261_STOP807,0,0,0,0
12813271264_9503884773_STOP117,0,0,0,0
12813271264_9503884773_STOP363,0,0,0,0
12813271264_9503884773_STOP540,0,0,0,0
12813271265_13141223516_STOP114,0,0,0,0
12813271265_13141223516_STOP115,0,0,0,0
12813271265_13141223516_STOP521,0,0,0,0
12813271265_13141223516_STOP715,0,0,0,0
12813271265_1664487744_STOP604,0,0,0,0
12813271265_1664487744_STOP715,0,0,0,0
12813271265_35138723_STOP715,0,0,0,0
12816121757_28382767_STOP23,0,0,0,0
12816121757_28382767_STOP24,0,0,0,0
12816121757_28382767_STOP25,0,0,0,0
12816121757_312524188_STOP23,0,0,0,0
12819917454_3274608590_STOP54,0,0,0,0
12819917454_3274608591_STOP54,0,0,0,0
12819917454_5374108596_STOP346,0,0,0,0
12819917454_5374108596_STOP527,0,0,0,0
12819917454_5374108596_STOP54,0,0,0,0
12819917454_5374108596_STOP542,0,0,0,0
12820446796_12820446797_STOP393,0,0,0,0
12820446796_14003143457_STOP393,0,0,0,0
12820446796_1660289601_STOP393,0,0,0,0
12820446797_12820446796_STOP393,0,0,0,0
12820446797_1660289595_STOP393,0,0,0,0
12862489542_3269421784_STOP172,0,0,0,0
12862489543_12862489542_STOP172,0,0,0,0
12862489543_7715397583_STOP172,0,0,0,0
12986852699_12806537959_STOP428,0,0,0,0
12986852699_12806537959_STOP748,0,0,0,0
12986852699_2607816746_STOP48,0,0,0,0
12986852699_2607816746_STOP571,0,0,0,0
12986852699_2607816746_STOP580,0,0,0,0
12986852699_2607816746_STOP748,0,0,0,0
12986852699_29434769_STOP48,0,0,0,0
12986852699_29434769_STOP732,0,0,0,0
12986852699_29434769_STOP748,0,0,0,0
12986852699_29434769_STOP750,0,0,0,0
12986852699_29434769_STOP751,0,0,0,0
12986852699_3272588432_STOP746,0,0,0,0
12986852699_3272588432_STOP747,0,0,0,0
12986852699_3272588432_STOP748,0,0,0,0
12986852699_3272588432_STOP749,0,0,0,0
13010031522_2325453554_STOP135,0,0,0,0
13010031522_2325453554_STOP401,0,0,0,0
13010031522_2325453554_STOP586,0,0,0,0
13010031522_2325453554_STOP598,0,0,0,0
13010031522_29489287_STOP135,0,0,1,0
13010031522_29489287_STOP396,0,0,0,0
13010031522_5487734497_STOP135,0,0,1,0
13022549201_1896207944_STOP155,0,0,0,0
13022549201_1896207944_STOP577,0,0,0,0
13022549201_1896207944_STOP660,0,0,0,0
13022549201_25433301_STOP660,0,0,0,0
13022549201_9762128207_STOP660,0,0,0,0
13097895692_2019234455_STOP129,0,0,0,0
13097895692_700728686_STOP129,0,0,0,0
13097895692_700728686_STOP391,0,0,0,0
13097895693_1575311287_STOP128,0,0,0,0
13097895693_1575311287_STOP629,0,0,0,0
13097895693_29357277_STOP128,0,0,0,0
13097895693_29357277_STOP629,0,0,0,0
13097895693_29357277_STOP8,0,0,0,0
13097895693_5646605222_STOP128,0,0,0,0
13097895693_5646605222_STOP350,0,0,0,0
13123360943_25433873_STOP84,0,0,0,0
13123360943_6442486339_STOP176,0,0,0,0
13123360943_6442486339_STOP84,0,0,0,0
13136294320_1655728948_STOP220,0,0,0,0
13136294320_1655728948_STOP404,0,0,0,0
13136294320_1655728948_STOP472,0,0,0,0
13136294320_1655728948_STOP473,0,0,0,0
13136294320_1655728948_STOP68,0,0,0,0
13136294320_1676070938_STOP473,0,0,0,0
13141223516_12813271265_STOP114,0,0,0,0
13141223516_12813271265_STOP115,0,0,0,0
13141223516_12813271265_STOP521,0,0,0,0
13141223516_12813271265_STOP715,0,0,0,0
13141223516_2518053983_STOP114,0,0,0,0
13141223516_5460962097_STOP114,0,0,0,0
13141223516_5460962097_STOP371,0,0,0,0
13141223516_5460962097_STOP521,0,0,0,0
13239081325_5369337988_STOP90,0,0,0,0
13242730686_11803832459_STOP141,0,0,0,0
13242730686_11803832459_STOP388,0,0,0,0
13242730686_13575977254_STOP388,0,0,0,0
13257407280_1666277222_STOP773,0,0,0,0
13257407280_1666277222_STOP775,0,0,0,0
13261248357_25433768_STOP12,0,0,0,0
13261248357_25433768_STOP221,0,0,0,0
13261248357_29376968_STOP12,0,0,0,0
13261248357_29376968_STOP302,0,0,0,0
13261248357_29376968_STOP759,0,0,0,0
13261248357_29376968_STOP760,0,0,0,0
13261248357_29376968_STOP761,0,0,0,0
13261248357_29376968_STOP762,0,0,0,0
13261248357_6622409115_STOP12,0,0,0,0
13261248357_6622409115_STOP762,0,0,0,0
13261248357_6622409115_STOP763,0,0,0,0
13261248357_6622409115_STOP764,0,0,0,0
13261248357_6622409115_STOP765,0,0,0,0
13382601416_29377063_STOP86,0,0,0,0
13382601416_29377187_STOP112,0,0,0,0
13382601416_29377187_STOP810,0,0,0,0
13382601416_29377187_STOP86,0,0,0,0
13382601416_29377189_STOP810,0,0,0,0
13382601416_29377189_STOP86,0,0,0,0
13413660891_13413660892_STOP198,0,0,0,0
13413660891_5489991817_STOP198,0,0,0,0
13413660892_13413660891_STOP198,0,0,0,0
13413660892_5489991814_STOP198,0,0,0,0
13413840424_13413840425_STOP198,0,0,0,0
13413840424_5489977551_STOP198,0,0,0,0
13413840425_13413840424_STOP463,0,0,0,0
13413840425_5353902572_STOP463,0,0,0,0
13413840425_5489977551_STOP463,0,0,0,0
1342112669_1342112684_STOP164,0,0,0,0
1342112669_29359106_STOP164,0,0,0,0
1342112672_312086542_STOP233,0,0,0,0
1342112672_312086670_STOP233,0,0,0,0
1342112684_2034533034_STOP164,0,0,0,0
13539499879_10596847102_STOP261,0,0,0,0
13539499879_10596847102_STOP388,0,0,0,0
13551225788_2325452313_STOP46,0,0,0,0
13575977252_11270910316_STOP388,0,0,0,0
13575977252_13242730686_STOP388,0,0,0,0
13575977254_11270910316_STOP388,0,0,0,0
13575977254_13242730686_STOP388,0,0,0,0
13648191536_1663274703_STOP163,0,0,0,0
13713992504_10173744459_STOP668,0,0,0,0
13713992504_10173744459_STOP805,0,0,0,0
1387999367_29380398_STOP496,0,0,0,0
1387999367_29380403_STOP496,0,0,0,0
1387999367_3115995953_STOP496,0,0,0,0
1390997943_1675261401_STOP404,0,0,0,0
1390997943_29357243_STOP404,0,0,0,0
1390997943_29357243_STOP8,0,0,0,0
1390997943_5455661685_STOP337,0,0,0,0
1390997943_5455661685_STOP404,0,0,0,0
1390997943_5455661685_STOP479,0,0,0,0
1390997943_5455661685_STOP551,0,0,0,0
14001473537_1660289594_STOP159,0,0,0,0
14001473537_32524281_STOP159,0,0,0,0
14001473537_32524281_STOP688,0,0,0,0
14003143457_14001473537_STOP159,0,0,0,0
14053088734_10184462928_STOP711,0,0,0,0
14053088734_6715130339_STOP133,0,0,0,0
14053088734_6715130339_STOP468,0,0,0,0
14053088734_6715130339_STOP711,0,0,0,0
1575311287_1083569114_STOP128,0,0,0,0
1575311287_1083569114_STOP391,0,0,0,6
1575311287_1083569114_STOP629,0,0,0,0
1575311287_13097895693_STOP128,0,0,0,0
1575311287_13097895693_STOP629,0,0,0,0
1654067462_29356722_STOP352,0,0,0,0
1654067462_29357241_STOP128,0,0,0,0
1654067462_29357241_STOP352,0,0,0,0
1654067462_29357241_STOP8,0,0,0,0
1654067462_5455661685_STOP337,0,0,0,0
1654067462_5455661685_STOP352,0,0,0,0
1655728948_12809046288_STOP404,0,0,0,0
1655728948_13136294320_STOP220,0,0,0,0
1655728948_13136294320_STOP404,0,0,0,0
1655728948_13136294320_STOP472,0,0,0,0
1655728948_13136294320_STOP473,0,0,0,0
1655728948_13136294320_STOP68,0,0,0,0
1658426552_11132665441_STOP241,0,0,0,0
1658426552_12809283848_STOP241,0,0,0,0
1658426557_29356793_STOP350,0,0,0,0
1658426557_29356793_STOP351,0,0,0,0
1658426557_29356793_STOP352,0,0,0,0
1658431473_1658426552_STOP127,0,0,0,0
1658431473_1658426552_STOP241,0,0,0,0
1658431473_1658426552_STOP352,0,0,0,0
1658431473_1658426557_STOP352,0,0,0,0
1658431511_1666786352_STOP241,0,0,0,0
1658431511_1666786352_STOP489,0,0,0,0
1658431511_306334264_STOP127,0,0,0,0
1658431511_306334264_STOP129,0,0,0,0
1658431511_306334264_STOP351,0,0,0,0
1658431511_306334264_STOP489,0,0,0,0
1658431511_5639376031_STOP489,0,0,0,0
1658617590_11118207003_STOP241,0,0,0,0
1658617590_29377716_STOP241,0,0,0,0
1658617590_29377716_STOP489,0,0,0,0
1658919856_29427961_STOP72,0,0,0,0
1658919899_2325450642_STOP353,0,0,0,0
1658919899_5334388861_STOP353,0,0,0,0
1658919998_1658934307_STOP353,0,0,0,0
1658919998_1658934307_STOP72,0,0,0,0
1658920028_2539998095_STOP123,0,0,0,0
1658920028_2958261186_STOP123,0,0,0,0
1658934307_1658934336_STOP353,0,0,0,0
1658934307_2958261171_STOP123,0,0,0,0
1658934307_2958261171_STOP353,0,0,0,0
1658934307_2958261171_STOP592,0,0,0,0
1658934307_2958261171_STOP81,0,0,0,0
1658934336_1969331837_STOP353,0,0,0,0
1658934336_2539986928_STOP353,0,0,0,0
1658946837_2325450314_STOP81,0,0,0,0
1658946837_2539998099_STOP81,0,0,0,0
1658956030_5460926047_STOP125,0,0,0,0
1658956030_5460926047_STOP15,0,0,0,0
1658956030_5460926047_STOP378,0,0,0,0
1658956030_5460926047_STOP490,0,0,0,0
1658956030_5460926047_STOP630,0,0,0,0
1658958704_11124688730_STOP475,0,0,0,0
1658958704_11124688730_STOP82,0,0,0,0
1658958704_11124688730_STOP83,0,0,0,0
1658976883_1658976885_STOP353,0,0,0,0
1658976883_2325450642_STOP353,0,0,0,0
1658976885_2012565708_STOP353,0,0,0,0
1659928185_1659928189_STOP150,0,0,0,0
1659928185_320093965_STOP150,0,0,0,0
1659928187_1659928189_STOP150,0,0,0,0
1659928187_1659928189_STOP628,0,0,0,0
1659928187_2037649963_STOP628,0,0,0,0
1659928187_2037649964_STOP628,0,0,0,0
1659928189_1659928187_STOP150,0,0,0,0
1659928189_1659928187_STOP628,0,0,0,0
1659928189_320093965_STOP150,0,0,0,0
1660110851_1660130531_STOP66,0,0,0,0
1660110851_29359106_STOP164,0,0,0,0
1660110851_29359106_STOP166,0,0,0,0
1660110851_29359106_STOP233,0,0,0,0
1660110851_29359106_STOP66,0,0,0,0
1660110858_1660116944_STOP66,0,0,0,0
1660110858_3376673094_STOP66,0,0,0,0
1660116942_1660110851_STOP66,0,0,0,0
1660116942_1660130531_STOP66,0,0,0,0
1660116944_1660116942_STOP66,0,0,0,0
1660116944_2316743959_STOP66,0,0,0,0
1660130531_1660110858_STOP66,0,0,0,0
1660253697_1660260879_STOP169,0,0,0,0
1660253697_5825261667_STOP169,0,0,0,0
1660260878_8913742090_STOP723,0,0,0,0
1660260879_1660253697_STOP169,0,0,0,0
1660260879_2958252669_STOP169,0,0,0,0
1660260879_2958252669_STOP354,0,0,0,0
1660260881_9895279782_STOP163,0,0,0,0
1660260881_9895279782_STOP723,0,0,0,0
1660264881_1660289600_STOP393,0,0,0,0
1660264881_6637726062_STOP171,0,0,0,0
1660264881_6637726062_STOP328,0,0,0,0
1660264881_6637726062_STOP348,0,0,0,0
1660264881_6637726062_STOP393,0,0,0,0
1660264881_6637726062_STOP523,0,0,0,0
1660264881_6637726062_STOP524,0,0,0,0
1660264881_6637726062_STOP608,0,0,0,0
1660289594_1660260878_STOP159,0,0,0,0
1660289594_1660260878_STOP723,0,0,0,0
1660289595_5832175149_STOP393,0,0,0,0
1660289600_11138680823_STOP393,0,0,0,0
1660289600_1660289595_STOP393,0,0,0,0
1660289601_1660260878_STOP159,0,0,0,0
1660289601_1660260878_STOP723,0,0,0,0
1660290286_12820446796_STOP393,0,0,0,0
1660290286_5832175149_STOP393,0,0,0,0
1662376584_1662376790_STOP591,0,0,0,0
1662376718_1662376948_STOP591,0,0,0,0
1662376718_2325448480_STOP591,0,0,0,0
1662376726_12816121757_STOP23,0,0,0,0
1662376726_12816121757_STOP24,0,0,0,0
1662376726_12816121757_STOP25,0,0,0,0
1662376726_28382767_STOP25,0,0,0,0
1662376790_1662376726_STOP25,0,0,0,0
1662376790_1662376726_STOP32,0,0,0,0
1662376790_1662376726_STOP33,0,0,0,0
1662376790_1662376726_STOP541,0,0,0,0
1662376790_28382653_STOP32,0,0,0,0
1662376948_10151612728_STOP265,0,0,0,0
1662376948_10151612728_STOP591,0,0,0,0
1663274645_25448847_STOP514,0,0,0,0
1663274645_6639639833_STOP514,0,0,0,0
1663274645_6639639833_STOP600,0,0,0,0
1663274703_1857160713_STOP163,0,0,0,0
1663274703_1857160713_STOP723,0,0,0,0
1663274709_3277469066_STOP163,0,0,0,0
1663274712_1663274709_STOP163,0,0,0,0
1663274712_5463988176_STOP163,0,0,0,0
1663274762_11303467322_STOP600,0,0,0,0
1663274768_10703340254_STOP265,0,0,0,0
1663274768_1956570020_STOP265,0,0,0,0
1663274768_1956570020_STOP519,0,0,0,0
1663274768_5465993094_STOP265,0,0,0,0
1663283377_7669230602_STOP373,0,0,0,0
1663283377_7669230602_STOP672,0,0,0,0
1663283380_1663283377_STOP672,0,0,0,0
1663283380_6622030454_STOP672,0,0,0,0
1664487744_12813271265_STOP604,0,0,0,0
1664487744_12813271265_STOP715,0,0,0,0
1664487744_3272718018_STOP452,0,0,0,0
1664487744_3272718018_STOP604,0,0,0,0
1664487744_3272718018_STOP605,0,0,0,0
1664487744_6413894757_STOP361,0,0,0,0
1664487744_6413894757_STOP604,0,0,0,0
1664487744_6413894757_STOP605,0,0,0,0
1666231704_12809283839_STOP18,0,0,0,0
1666231704_12809283839_STOP486,0,0,0,0
1666231704_2628299951_STOP18,0,0,0,0
1666277222_29377560_STOP518,0,0,0,0
1666277222_29377560_STOP775,0,0,0,0
1666277222_6442486339_STOP773,0,0,0,0
1666277222_6442486339_STOP774,0,0,0,0
1666277222_6442486339_STOP775,0,0,0,0
1666277222_9642166986_STOP773,0,0,0,0
1666277222_9642166986_STOP775,0,0,0,0
1666714153_5842007853_STOP174,0,0,0,0
1666714175_10173705736_STOP575,0,0,0,0
1666714175_10173705736_STOP74,0,0,0,0
1666714175_1666714186_STOP74,0,0,0,0
1666714186_11707030831_STOP74,0,0,1,0
1666714186_1666714175_STOP74,0,0,0,0
1666747506_1849525968_STOP567,0,0,0,0
1666747516_10173705737_STOP575,0,0,0,0
1666747516_2519917288_STOP575,0,0,0,0
1666747518_25450505_STOP576,0,0,0,0
1666786347_1666786352_STOP241,0,0,0,0
1666786347_5460926051_STOP241,0,0,0,0
1666786352_1658431511_STOP241,0,0,0,0
1666786352_1658431511_STOP489,0,0,0,0
1666786352_5460926051_STOP241,0,0,0,0
1667742416_1667742500_STOP202,0,0,0,0
1667742416_1667742500_STOP445,0,0,0,0
1667742416_9198770125_STOP444,0,0,0,0
1667742416_9198770125_STOP445,0,0,0,0
1667742500_1667742416_STOP200,0,0,0,0
1667742500_1667742416_STOP202,0,0,0,0
1667742500_3272226044_STOP200,0,0,0,0
1667742500_3272226044_STOP439,0,0,0,0
1667742500_3272226044_STOP440,0,0,0,0
1667742500_3272226044_STOP830,0,0,0,0
1667742500_5825223577_STOP200,0,0,0,0
1667742500_5825223577_STOP202,0,0,0,0
1667742500_5825223577_STOP203,0,0,0,0
1667742500_5825223577_STOP447,0,0,0,0
1667742500_5825223577_STOP609,0,0,0,0
1667742500_5825223577_STOP831,0,0,0,0
1675261401_12809046288_STOP404,0,0,0,0
1675261401_1390997943_STOP404,0,0,0,0
1675261401_1655728948_STOP404,0,0,0,0
1675261406_12809046288_STOP404,0,0,0,0
1675261406_1675261401_STOP404,0,0,0,0
1675261406_2325438077_STOP404,0,0,0,0
1675261406_2325438077_STOP479,0,0,0,0
1676070938_29357243_STOP473,0,0,0,9
1676070938_29357243_STOP8,0,0,0,1
1676070938_6627215624_STOP473,0,0,0,0
1681303075_35136034_STOP16,0,0,0,0
1681348740_295555957_STOP146,0,0,0,0
1681348740_5391571111_STOP146,0,0,0,0
1681348740_5391571111_STOP627,0,0,0,0
1706564149_11149984611_STOP483,0,0,0,0
1708607132_312086670_STOP233,0,0,0,0
1708607132_312086670_STOP618,0,0,0,0
1708607132_5444615172_STOP618,0,0,0,0
1708607132_5463827264_STOP591,0,0,0,0
1708607132_5463827264_STOP618,0,0,0,0
1746299906_30236623_STOP23,0,0,0,0
1746299906_30236623_STOP25,0,0,0,0
1746299906_30236623_STOP32,0,0,0,0
1746299906_30236623_STOP33,0,0,0,0
1746299906_30236623_STOP541,0,0,0,0
1746299906_30236623_STOP639,0,0,0,0
1746299906_30236623_STOP808,0,0,0,0
1746299906_312524188_STOP23,0,0,0,0
1773328595_11132665440_STOP241,0,0,0,0
1773328595_1658617590_STOP241,0,0,0,0
1777901379_1831360476_STOP29,0,0,0,0
1777901379_1831360476_STOP411,0,0,0,0
1777901379_1831360483_STOP411,0,0,0,0
1777901379_2746818952_STOP29,0,0,0,0
1777901379_2746818952_STOP411,0,0,0,0
1777901379_3277353721_STOP411,0,0,0,0
1777901409_1777901448_STOP644,0,0,0,0
1777901409_1831360483_STOP412,0,0,0,0
1777901409_1831360483_STOP644,0,0,0,0
1777901409_1831360483_STOP801,0,0,0,0
1777901409_6435730317_STOP644,0,0,0,0
1777901409_6435730317_STOP645,0,0,0,0
1777901448_1777901409_STOP412,0,0,0,0
1777901448_1777901409_STOP644,0,0,0,0
1777901448_1982390351_STOP412,0,0,0,0
1777901457_1831360483_STOP411,0,0,0,0
1831360476_1014722265_STOP29,0,0,0,0
1831360476_1014722265_STOP30,0,0,0,0
1831360476_1014722265_STOP470,0,0,0,0
1831360476_1777901379_STOP29,0,0,0,0
1831360476_1777901379_STOP411,0,0,0,0
1831360476_29489138_STOP29,0,0,0,0
1831360483_1777901379_STOP411,0,0,0,0
1831360483_1777901379_STOP801,0,0,0,0
1831360483_1777901409_STOP412,0,0,0,0
1831360483_1777901409_STOP644,0,0,0,0
1831360483_1777901409_STOP801,0,0,0,0
1831360483_1777901457_STOP801,0,0,0,0
1837401635_5355823339_STOP110,0,0,0,0
1837401635_5355823341_STOP110,0,0,0,0
1837401639_12606431207_STOP113,0,0,0,0
1837401639_12606431207_STOP289,0,0,2,0
1837401639_12606431207_STOP599,0,0,2,0
1837401642_1837401645_STOP223,0,0,0,0
1837401642_1837401645_STOP276,0,0,0,0
1837401642_1837401645_STOP437,0,0,1,0
1837401642_1837401675_STOP437,0,0,0,0
1837401642_1911634930_STOP109,0,0,0,0
1837401642_1911634930_STOP437,0,0,0,0
1837401645_1837401639_STOP223,0,0,0,0
1837401645_1837401639_STOP599,0,0,0,0
1837401645_1837401642_STOP223,0,0,2,0
1837401645_1837401642_STOP276,0,0,0,0
1837401645_1837401642_STOP437,0,0,1,0
1837401645_4434330182_STOP223,0,0,2,0
1837401645_4434330182_STOP278,0,0,9,0
1837401645_4434330182_STOP301,0,0,4,0
1837401646_11380591251_STOP30,0,0,0,0
1837401646_11380591251_STOP308,0,0,0,0
1837401646_11739021643_STOP269,0,0,0,0
1837401646_11739021643_STOP308,0,0,0,0
1837401646_11739021643_STOP616,0,0,0,0
1837401655_1837401635_STOP110,0,0,0,0
1837401655_1837401635_STOP111,0,0,0,0
1837401657_25446445_STOP286,0,0,0,0
1837401657_25446445_STOP287,0,0,0,0
1837401657_29377560_STOP286,0,0,0,0
1837401657_29377560_STOP518,0,0,0,0
1837401657_29377560_STOP779,0,0,0,0
1837401657_6616544861_STOP280,0,0,0,0
1837401657_6616544861_STOP286,0,0,0,0
1837401665_4434330186_STOP301,0,0,0,0
1837401665_6475102309_STOP301,0,0,0,0
1837401667_2614138774_STOP271,0,0,0,0
1837401667_5355765058_STOP271,0,0,0,0
1837401667_7540370583_STOP271,0,0,0,0
1837401675_12028030824_STOP199,0,0,0,0
1837401675_1837401642_STOP199,0,0,0,0
1837401675_1837401642_STOP437,0,0,0,0
1837401675_1837401645_STOP199,0,0,0,0
1837401675_1837401645_STOP223,0,0,0,0
1837401675_1837401645_STOP276,0,0,1,0
1837401676_2325453369_STOP309,0,0,0,0
1837401676_6621856656_STOP309,0,0,0,0
1847944841_5356356914_STOP670,0,0,0,0
1847944841_5356356915_STOP670,0,0,0,0
1847944841_5356356915_STOP687,0,0,0,0
1847944841_6445777003_STOP669,0,0,0,0
1847944841_6445777003_STOP670,0,0,0,0
1849525794_11107827260_STOP543,0,0,0,0
1849525794_11107827260_STOP658,0,0,0,0
1849525794_11107827260_STOP701,0,0,0,0
1849525794_11107827260_STOP713,0,0,0,0
1849525794_2325452463_STOP297,0,0,0,0
1849525794_2325452463_STOP658,0,0,0,0
1849525794_2325452463_STOP702,0,0,0,0
1849525794_3375103669_STOP658,0,0,0,0
1849525794_3375103669_STOP702,0,0,0,0
1849525810_2035792342_STOP682,0,0,0,0
1849525810_5841953280_STOP26,0,0,0,0
1849525810_5841953280_STOP682,0,0,0,0
1849525812_10173744438_STOP506,0,0,0,0
1849525812_10173744438_STOP556,0,0,0,0
1849525812_10173744438_STOP661,0,0,0,0
1849525812_10173744438_STOP697,0,0,0,0
1849525812_1849525958_STOP697,0,0,0,0
1849525812_25433463_STOP659,0,0,0,0
1849525812_25433463_STOP697,0,0,0,0
1849525827_1849525979_STOP671,0,0,0,0
1849525827_1849525979_STOP805,0,0,0,0
1849525827_2520649143_STOP805,0,0,0,0
1849525827_25434520_STOP558,0,0,0,0
1849525827_25434520_STOP805,0,0,0,0
1849525851_12096324721_STOP293,0,0,0,0
1849525851_12096324721_STOP341,0,0,0,0
1849525851_12096324721_STOP414,0,0,0,0
1849525851_3374033499_STOP293,0,0,0,0
1849525851_3374033499_STOP414,0,0,0,0
1849525862_11727886518_STOP155,1,20000.0,0,0
1849525862_11727886518_STOP564,0,0,0,0
1849525862_1896207944_STOP155,0,0,0,0
1849525862_7669230599_STOP155,0,0,0,0
1849525862_7669230599_STOP283,0,0,0,0
1849525862_7669230599_STOP684,0,0,0,0
1849525877_1849525950_STOP212,0,0,0,0
1849525877_1849525950_STOP89,0,0,0,0
1849525877_1849525958_STOP212,0,0,0,0
1849525877_1849525958_STOP697,0,0,0,0
1849525877_1849525958_STOP97,0,0,0,0
1849525877_1849526030_STOP212,0,0,0,0
1849525877_1849526030_STOP43,0,0,0,0
1849525877_1849526030_STOP649,0,0,0,0
1849525877_1849526030_STOP89,0,0,0,0
1849525877_9834915547_STOP212,0,0,0,0
1849525878_9834915546_STOP97,0,0,0,0
1849525878_9834915547_STOP97,0,0,0,0
1849525880_6609192452_STOP682,0,0,0,0
1849525885_10778288301_STOP754,0,0,0,0
1849525885_10778288301_STOP788,0,0,0,0
1849525899_1849525986_STOP696,0,0,0,0
1849525899_1849526030_STOP569,0,0,0,0
1849525899_1849526030_STOP649,0,0,0,0
1849525899_1849526030_STOP696,0,0,0,0
1849525899_1849526030_STOP817,0,0,0,0
1849525899_6461589858_STOP662,0,0,0,0
1849525899_6461589858_STOP695,0,0,0,0
1849525899_6461589858_STOP696,0,0,0,0
1849525905_10173705729_STOP669,0,0,0,0
1849525905_32524281_STOP669,0,0,0,0
1849525905_32524281_STOP688,0,0,0,0
1849525905_6445777003_STOP669,0,0,0,0
1849525906_1849525935_STOP31,0,0,0,0
1849525906_1849525935_STOP671,0,0,0,0
1849525906_29427263_STOP31,0,0,0,0
1849525906_29427263_STOP687,0,0,0,0
1849525906_3374026391_STOP31,0,0,0,0
1849525914_1849526030_STOP42,0,0,0,0
1849525914_1849526030_STOP511,0,0,0,0
1849525914_1849526030_STOP649,0,0,0,0
1849525914_2520649200_STOP42,0,0,0,0
1849525914_2520649200_STOP511,0,0,0,0
1849525935_1849525906_STOP31,0,0,0,0
1849525935_1849525906_STOP671,0,0,0,0
1849525935_1849525906_STOP686,0,0,0,0
1849525935_1849525979_STOP686,0,0,0,0
1849525935_1849526022_STOP372,0,0,0,0
1849525935_1849526022_STOP686,0,0,0,0
1849525943_10101152065_STOP41,0,0,0,0
1849525943_10101152065_STOP510,0,0,0,0
1849525943_10101152065_STOP560,0,0,0,0
1849525943_10101152065_STOP561,0,0,0,0
1849525943_10101152065_STOP566,0,0,0,0
1849525943_10101152065_STOP693,0,0,0,0
1849525943_25432842_STOP263,0,0,0,0
1849525943_25432842_STOP42,0,0,0,0
1849525943_25432842_STOP511,0,0,0,0
1849525943_25432842_STOP561,0,0,0,0
1849525943_2623877339_STOP284,0,0,0,0
1849525943_2623877339_STOP561,0,0,0,0
1849525950_1849525877_STOP212,0,0,0,0
1849525950_1849525877_STOP89,0,0,0,0
1849525950_5391666904_STOP89,0,0,0,0
1849525950_5391666913_STOP89,0,0,0,0
1849525958_1849525812_STOP697,0,0,0,0
1849525958_1849525877_STOP212,0,0,0,0
1849525958_1849525877_STOP697,0,0,0,0
1849525958_1849525877_STOP97,0,0,0,0
1849525958_1849525986_STOP696,0,0,0,0
1849525958_1849525986_STOP697,0,0,0,0
1849525968_10173744449_STOP567,0,0,0,0
1849525968_3269364722_STOP567,0,0,0,0
1849525974_1956195993_STOP144,0,0,0,0
1849525974_1956195993_STOP27,0,0,0,0
1849525974_1956195993_STOP793,0,0,0,0
1849525974_3277363480_STOP144,0,0,0,0
1849525974_3277363480_STOP299,0,0,0,0
1849525974_3277363480_STOP620,0,0,0,0
1849525974_3277363480_STOP648,0,0,0,0
1849525979_1849525827_STOP671,0,0,0,0
1849525979_1849525827_STOP805,0,0,0,0
1849525979_1849525935_STOP671,0,0,0,0
1849525979_5356356914_STOP670,0,0,0,0
1849525979_5356356914_STOP671,0,0,0,0
1849525979_5356356914_STOP687,0,0,0,0
1849525979_6438800742_STOP671,0,0,0,0
1849525979_6438800742_STOP686,0,0,0,0
1849525986_10173744441_STOP556,0,0,0,0
1849525986_10173744441_STOP661,0,0,0,0
1849525986_10173744441_STOP696,0,0,0,0
1849525986_1849525899_STOP696,0,0,0,0
1849525986_1849525958_STOP696,0,0,0,0
1849525986_1849525958_STOP697,0,0,0,0
1849526010_6445776283_STOP667,0,0,0,0
1849526022_1849525935_STOP372,0,0,0,0
1849526022_1849525935_STOP686,0,0,0,0
1849526022_25501274_STOP372,0,0,0,0
1849526030_1849525877_STOP212,0,0,0,0
1849526030_1849525877_STOP43,0,0,0,0
1849526030_1849525877_STOP649,0,0,0,0
1849526030_1849525877_STOP89,0,0,0,0
1849526030_1849525899_STOP42,0,0,0,0
1849526030_1849525899_STOP569,0,0,0,0
1849526030_1849525899_STOP649,0,0,0,0
1849526030_1849525899_STOP696,0,0,0,0
1849526030_1849525899_STOP817,0,0,0,0
1849526030_1849525914_STOP42,0,0,0,0
1849526030_1849525914_STOP649,0,0,0,0
1849526030_1849907134_STOP649,0,0,0,0
1849528721_1849528737_STOP373,0,0,0,0
1849528721_5334388857_STOP373,0,0,0,0
1849528731_1849528744_STOP724,0,0,0,0
1849528731_7724450410_STOP724,0,0,0,0
1849528737_7857882999_STOP103,0,0,0,0
1849528737_7857882999_STOP373,0,0,0,0
1849528744_5369882299_STOP724,0,0,0,0
1849528744_7724450410_STOP724,0,0,0,0
1849528769_1849528721_STOP373,0,0,0,0
1849528769_1849528721_STOP724,0,0,0,0
1849528769_7724450410_STOP724,0,0,0,0
1849907073_1849907155_STOP177,0,0,0,0
1849907073_1849907155_STOP43,0,0,0,0
1849907073_1849907155_STOP649,0,0,0,0
1849907073_1849907158_STOP43,0,0,0,0
1849907073_2520759347_STOP273,0,0,0,0
1849907073_2520759347_STOP43,0,0,0,0
1849907073_2520759347_STOP563,0,0,0,0
1849907073_25432842_STOP43,0,0,0,0
1849907073_25432842_STOP649,0,0,0,0
1849907113_5842012229_STOP175,0,0,0,0
1849907113_7262996419_STOP175,0,0,0,0
1849907113_7262996419_STOP553,0,0,0,0
1849907113_7262996419_STOP554,0,0,0,0
1849907125_1849907155_STOP177,0,0,0,0
1849907125_5841989830_STOP11,0,0,0,0
1849907125_5841989830_STOP177,0,0,0,0
1849907130_1849907155_STOP177,0,0,0,0
1849907130_1849907155_STOP263,0,0,0,0
1849907130_1849907155_STOP553,0,0,0,0
1849907130_1849907155_STOP554,0,0,0,0
1849907130_1849907155_STOP649,0,0,0,0
1849907130_1896207947_STOP284,0,0,0,0
1849907130_1896207947_STOP554,0,0,0,0
1849907130_7643243807_STOP554,0,0,0,0
1849907134_11383843402_STOP43,0,0,0,0
1849907134_11383843402_STOP649,0,0,0,0
1849907134_1849526030_STOP649,0,0,0,0
1849907155_1849907073_STOP177,0,0,0,0
1849907155_1849907073_STOP43,0,0,0,0
1849907155_1849907073_STOP649,0,0,0,0
1849907155_1849907125_STOP177,0,0,0,0
1849907155_1849907130_STOP177,0,0,0,0
1849907155_1849907130_STOP263,0,0,0,0
1849907155_1849907130_STOP553,0,0,0,0
1849907155_1849907130_STOP554,0,0,0,0
1849907155_1849907130_STOP649,0,0,0,0
1849907155_6609222560_STOP177,0,0,0,0
1849907155_6609222560_STOP248,0,0,0,0
1849907155_6609222560_STOP633,0,0,0,1
1849907155_6609222560_STOP634,0,0,0,0
1849907155_6609222560_STOP635,0,0,0,0
1849907158_11383843397_STOP43,0,0,0,0
1849907158_1849907073_STOP43,0,0,0,2
1849907162_10171865532_STOP172,0,0,0,0
1849907162_10171865532_STOP174,0,0,0,0
1849907162_10171865532_STOP555,0,0,0,0
1849907162_10171865532_STOP73,0,0,0,0
1849907162_2519917308_STOP174,0,0,0,0
1849960008_3056186235_STOP246,0,0,0,0
1849960008_3056186235_STOP613,0,0,0,0
1849960227_1849960655_STOP52,0,0,0,0
1849960227_1849960655_STOP55,0,0,0,0
1849960227_29489421_STOP345,0,0,0,0
1849960227_29489421_STOP355,0,0,0,0
1849960227_29489421_STOP416,0,0,0,0
1849960227_29489421_STOP417,0,0,0,0
1849960227_29489421_STOP528,0,0,0,0
1849960227_29489421_STOP55,0,0,0,0
1849960227_5374108596_STOP346,0,0,0,0
1849960227_5374108596_STOP377,0,0,0,0
1849960227_5374108596_STOP527,0,0,0,0
1849960227_5374108596_STOP55,0,0,0,0
1849960227_5374108596_STOP56,0,0,0,0
1849960313_12809462426_STOP502,0,0,0,0
1849960313_12809462426_STOP610,0,0,0,0
1849960313_2520649249_STOP45,0,0,0,0
1849960313_2520649249_STOP610,0,0,0,0
1849960313_25435152_STOP247,0,0,0,0
1849960313_25435152_STOP249,0,0,0,0
1849960313_25435152_STOP274,0,0,0,0
1849960313_25435152_STOP610,0,0,0,0
1849960371_1849960655_STOP52,0,0,0,0
1849960371_1849960655_STOP53,0,0,0,0
1849960371_1849960685_STOP11,0,0,0,0
1849960371_1849960685_STOP51,0,0,0,0
1849960371_1849960685_STOP53,0,0,0,0
1849960371_3269462129_STOP51,0,0,0,0
1849960371_3269462129_STOP53,0,0,0,0
1849960589_1849960685_STOP512,0,0,0,0
1849960589_1849960685_STOP513,0,0,0,0
1849960589_1849960732_STOP251,0,0,0,0
1849960589_1849960732_STOP512,0,0,0,0
1849960589_2519917312_STOP512,0,0,0,0
1849960589_2519917312_STOP513,0,0,0,0
1849960589_2519917312_STOP635,0,0,0,0
1849960655_1849960227_STOP52,0,0,0,0
1849960655_1849960227_STOP55,0,0,0,0
1849960655_1849960371_STOP52,0,0,0,0
1849960655_1849960371_STOP53,0,0,0,0
1849960655_5374108596_STOP346,0,0,0,0
1849960655_5374108596_STOP52,0,0,0,0
1849960655_5374108596_STOP53,0,0,0,0
1849960685_1849960371_STOP11,0,0,0,0
1849960685_1849960371_STOP51,0,0,0,0
1849960685_1849960371_STOP513,0,0,0,0
1849960685_1849960371_STOP53,0,0,0,0
1849960685_1849960589_STOP512,0,0,0,0
1849960685_1849960589_STOP513,0,0,0,0
1849960685_5369482497_STOP11,0,0,0,0
1849960685_5369482497_STOP513,0,0,0,0
1849960732_1849960589_STOP251,0,0,0,0
1849960732_1849960589_STOP512,0,0,0,0
1849960732_2520723804_STOP251,0,0,0,0
1855697067_10171739085_STOP172,0,0,0,0
1855697067_7715326213_STOP172,0,0,0,0
1855697097_10171865532_STOP172,0,0,0,0
1855697097_3269421791_STOP172,0,0,0,0
1855697149_3269381712_STOP284,0,0,0,0
1855697149_3269381712_STOP566,0,0,0,0
1855697149_3269381712_STOP665,0,0,0,0
1855697149_3269381712_STOP692,0,0,0,0
1855697149_3269421803_STOP284,0,0,0,0
1855697149_7643243807_STOP284,0,0,0,0
1855697149_7643243807_STOP554,0,0,0,0
1856650991_11224280874_STOP142,0,0,0,0
1856650991_11224280874_STOP363,0,0,0,0
1856650991_11224280874_STOP364,0,0,0,0
1856650991_1856651006_STOP142,0,0,0,0
1856650991_1856651006_STOP363,0,0,0,0
1856651006_1856650991_STOP363,0,0,0,0
1856651006_9503884773_STOP363,0,0,0,0
1857160470_10654541236_STOP1,0,0,0,0
1857160470_10654541236_STOP399,0,0,0,0
1857160470_10654541236_STOP536,0,0,0,0
1857160470_10654541236_STOP537,0,0,0,0
1857160470_1857160790_STOP160,0,0,0,0
1857160470_1857160790_STOP178,0,0,0,0
1857160470_1857160790_STOP536,0,0,0,0
1857160470_1857160790_STOP537,0,0,0,0
1857160470_3419778702_STOP537,0,0,0,0
1857160520_10261582621_STOP162,0,0,0,0
1857160520_10261582621_STOP265,0,0,0,0
1857160520_10261582621_STOP268,0,0,0,0
1857160520_10261582621_STOP600,0,0,0,0
1857160520_10703340255_STOP265,0,0,0,0
1857160713_1857160790_STOP160,0,0,0,0
1857160713_1857160790_STOP723,0,0,0,0
1857160713_29427097_STOP723,0,0,0,0
1857160790_1857160470_STOP160,0,0,0,0
1857160790_1857160470_STOP178,0,0,0,0
1857160790_1857160470_STOP536,0,0,0,0
1857160790_1857160470_STOP537,0,0,0,0
1857160790_1857160713_STOP160,0,0,0,0
1857160790_1857160713_STOP723,0,0,0,0
1857160790_3277469066_STOP160,0,0,0,0
1857160790_3277469066_STOP163,0,0,0,0
1857160826_25448847_STOP140,0,0,0,0
1857160826_25448847_STOP514,0,0,0,0
1857160826_25448847_STOP600,0,0,0,0
1857160826_3419778702_STOP140,0,0,0,0
1857160826_3419778702_STOP326,0,0,0,0
1857160826_3419778702_STOP38,0,0,0,0
1857160826_5465992888_STOP140,0,0,0,0
1870759840_10177320000_STOP489,0,0,0,0
1870759840_12809283839_STOP124,0,0,0,0
1870759840_12809283839_STOP486,0,0,0,0
1870759840_12809283839_STOP487,0,0,0,0
1870759840_12809283839_STOP488,0,0,0,0
1870759840_12809283839_STOP489,0,0,0,0
1870759840_12809283839_STOP721,0,0,0,0
1870759840_29377716_STOP489,0,0,0,0
1896207944_12809507137_STOP577,0,0,0,0
1896207944_13022549201_STOP155,0,0,0,0
1896207944_13022549201_STOP577,0,0,0,0
1896207944_13022549201_STOP660,0,0,0,0
1896207944_1849525862_STOP155,0,0,0,0
1896207944_1849525862_STOP577,0,0,0,0
1896207944_2037086792_STOP47,0,0,0,0
1896207944_2037086792_STOP577,0,0,0,0
1896207944_2037086792_STOP660,0,0,0,0
1896207947_25432842_STOP263,0,0,0,0
1896207947_25432842_STOP284,0,0,0,0
1900221414_29379476_STOP482,0,0,0,0
1900221414_4376877443_STOP482,0,0,0,0
1900221414_4376877443_STOP64,0,0,0,0
1900221414_5340138155_STOP353,0,0,0,0
1900221414_5340138155_STOP482,0,0,0,0
1900221414_5340138155_STOP64,0,0,0,0
1900221438_25501378_STOP64,0,0,0,0
1900221438_25501378_STOP70,0,0,0,0
1900221438_25501378_STOP72,0,0,0,0
1900221438_4376877443_STOP64,0,0,0,0
1900223767_1658920028_STOP123,0,0,0,0
1900223767_5826263864_STOP123,0,0,0,0
1911634930_1837401642_STOP109,0,0,0,0
1911634930_1837401642_STOP437,0,0,0,0
1911634930_2250555721_STOP109,0,0,2,0
1911634930_2250555721_STOP481,0,0,0,0
1911634930_2250555721_STOP815,0,0,0,0
1911634930_2325452725_STOP109,0,0,0,0
1911634930_2325452725_STOP436,0,0,0,0
1911634930_2325452725_STOP481,0,0,0,0
1911634930_5354169657_STOP109,0,0,3,4
1911634930_5354169657_STOP223,0,0,0,0
1911634930_5354169657_STOP278,0,0,0,0
1911634930_5354169657_STOP841,0,0,0,0
1911634938_5489855947_STOP398,0,0,0,0
1911634938_6442840898_STOP398,0,0,0,0
1911634983_1911634996_STOP375,0,0,0,0
1911634983_5354169648_STOP375,0,0,0,0
1911634983_5354169648_STOP841,0,0,2,0
1911634983_6442840898_STOP280,0,0,0,0
1911634983_6442840898_STOP375,0,0,1,0
1911634983_6442840898_STOP398,0,0,0,0
1911634996_1911634983_STOP375,0,0,0,0
1911634996_3028412267_STOP279,0,0,0,0
1911634996_3028412267_STOP375,0,0,0,0
1911634996_5346593290_STOP280,0,0,0,0
1911634996_5346593290_STOP375,0,0,2,0
1914135257_10696379242_STOP468,0,0,0,0
1914135257_1914135386_STOP468,0,0,0,0
1914135257_1914135386_STOP579,0,0,0,0
1914135257_1914135386_STOP583,0,0,0,0
1914135257_3272299574_STOP468,0,0,0,0
1914135257_3272299574_STOP595,0,0,1,0
1914135386_10184467588_STOP466,0,0,0,0
1914135386_10184467588_STOP467,0,0,0,0
1914135386_6436250308_STOP466,0,0,0,0
1914135386_6436250308_STOP467,0,0,0,0
1914135386_6436250308_STOP579,0,0,0,0
1916791843_364363786_STOP193,0,0,0,0
1916791843_364363786_STOP643,0,0,0,0
1916791843_364363786_STOP678,0,0,0,0
1916791843_364363786_STOP832,0,0,0,0
1916791843_364363786_STOP833,0,0,0,0
1916791843_6622058663_STOP832,0,0,0,0
1919641214_1017853007_STOP197,0,0,1,0
1919641214_1017853007_STOP471,0,0,0,0
1919641214_1017853007_STOP815,0,0,1,0
1919641214_1837401646_STOP308,0,0,0,0
1919641214_1837401646_STOP815,0,0,2,0
1930140491_1930140495_STOP256,0,0,0,0
1930140491_3252963731_STOP256,0,0,0,0
1930140493_1930140491_STOP256,0,0,0,0
1930140493_5355955155_STOP256,0,0,0,0
1930140495_1930140491_STOP256,0,0,0,0
1930140495_5355955155_STOP256,0,0,0,0
1956195925_2439053864_STOP266,0,0,0,0
1956195925_2439053866_STOP266,0,0,0,0
1956195925_2439053868_STOP266,0,0,0,0
1956195926_29354375_STOP678,0,0,0,0
1956195926_3270228962_STOP678,0,0,0,0
1956195993_12806120213_STOP794,0,0,0,2
1956195993_12806120214_STOP794,0,0,0,0
1956570020_1663274768_STOP265,0,0,0,0
1956570020_1663274768_STOP519,0,0,0,0
1956570020_1663274768_STOP552,0,0,0,0
1956570020_1956899631_STOP552,0,0,0,0
1956570020_29359329_STOP552,0,0,0,0
1956899631_11262097537_STOP166,0,0,0,0
1956899631_11262097537_STOP167,0,0,0,0
1956899631_11262097537_STOP168,0,0,0,0
1956899631_11262097537_STOP231,0,0,0,0
1956899631_11262097537_STOP232,0,0,0,0
1956899631_11262097537_STOP552,0,0,0,0
1956899631_11262097537_STOP587,0,0,0,0
1956899631_11262097537_STOP619,0,0,0,0
1956899631_1956570020_STOP552,0,0,0,0
1956899631_29359329_STOP552,0,0,0,0
1969331837_1658976885_STOP353,0,0,0,0
1969331837_2539986928_STOP353,0,0,0,0
1980602387_1980677025_STOP651,0,0,0,0
1980602387_1980677025_STOP652,0,0,0,0
1980602387_1980735013_STOP456,0,0,0,0
1980602387_1980735013_STOP652,0,0,0,0
1980602387_1980735013_STOP653,0,0,0,0
1980602387_1980735013_STOP654,0,0,0,0
1980602387_1980735013_STOP745,0,0,0,0
1980602387_1980735013_STOP804,0,0,0,0
1980602387_6715130346_STOP467,0,0,0,0
1980602387_6715130346_STOP652,0,0,0,0
1980677025_1980602387_STOP651,0,0,0,0
1980677025_1980602387_STOP652,0,0,0,0
1980677025_3068325990_STOP651,0,0,0,0
1980677025_3068325990_STOP710,0,0,0,0
1980677025_6715130340_STOP468,0,0,0,0
1980677025_6715130340_STOP581,0,0,0,0
1980677025_6715130340_STOP582,0,0,0,0
1980677025_6715130340_STOP584,0,0,0,0
1980677025_6715130340_STOP651,0,0,0,0
1980735013_1108653589_STOP654,0,0,0,0
1980735013_1108653589_STOP706,0,0,0,0
1980735013_1980602387_STOP456,0,0,0,0
1980735013_1980602387_STOP652,0,0,0,0
1980735013_1980602387_STOP653,0,0,0,0
1980735013_1980602387_STOP654,0,0,0,0
1980735013_1980602387_STOP745,0,0,0,0
1980735013_1980602387_STOP804,0,0,0,0
1980735013_29489323_STOP570,0,0,0,0
1980735013_29489323_STOP654,0,0,0,0
1980735013_29489323_STOP707,0,0,0,0
1980735013_29489323_STOP708,0,0,0,0
1980735013_29489323_STOP722,0,0,0,0
1982390348_29434768_STOP412,0,0,0,0
1982390348_29434768_STOP413,0,0,0,0
1982390351_1982390348_STOP412,0,0,0,0
1982390351_1982408563_STOP412,0,0,0,0
1982408562_1982390348_STOP412,0,0,0,0
1982408562_1982390348_STOP801,0,0,0,0
1982408562_1982408563_STOP801,0,0,0,0
1982408563_3277353718_STOP411,0,0,0,0
1982408563_3277353718_STOP801,0,0,0,0
1982777430_3110265315_STOP465,0,0,0,0
1982777430_3110265315_STOP642,0,0,0,0
1982777430_3115041391_STOP465,0,0,0,0
1982777430_8499551927_STOP463,0,0,0,0
1982777430_8499551927_STOP464,0,0,0,0
1982777430_8499551927_STOP465,0,0,0,0
1982778316_6428110632_STOP139,0,0,0,0
1982778316_6428110634_STOP139,0,0,0,0
2012498676_11138593910_STOP406,0,0,0,0
2012498676_11138593910_STOP78,0,0,0,0
2012498676_2012498693_STOP406,0,0,0,0
2012498676_2012498693_STOP78,0,0,0,0
2012498686_2012498705_STOP780,0,0,0,0
2012498686_5369274909_STOP222,0,0,0,0
2012498686_5369274909_STOP646,0,0,0,0
2012498686_5369274909_STOP780,0,0,0,0
2012498693_25433683_STOP405,0,0,0,0
2012498693_25433683_STOP78,0,0,0,0
2012498697_11138593909_STOP78,0,0,0,0
2012498697_5278840351_STOP77,0,0,0,0
2012498697_5278840351_STOP78,0,0,0,0
2012498705_2012498711_STOP78,0,0,0,0
2012498705_2012498711_STOP780,0,0,0,0
2012498705_25433686_STOP474,0,0,0,0
2012498705_25433686_STOP77,0,0,0,0
2012498705_25433686_STOP780,0,0,0,0
2012498711_11138593909_STOP78,0,0,0,0
2012498711_2012498697_STOP78,0,0,0,0
2012565708_5340138155_STOP353,0,0,0,0
2012565708_7111571825_STOP353,0,0,0,0
2019234455_1083569114_STOP129,0,0,0,0
2019234455_1083569114_STOP391,0,0,0,0
2019234455_13097895692_STOP129,0,0,0,0
2034444650_2746818952_STOP29,0,0,0,0
2034444650_29489138_STOP29,0,0,0,0
2034444650_5369202740_STOP256,0,0,0,0
2034444650_5369202740_STOP29,0,0,0,0
2034531645_5463596824_STOP519,0,0,0,0
2034531650_2034531645_STOP519,0,0,0,0
2034531650_5825278971_STOP519,0,0,0,0
2034533034_1342112672_STOP164,0,0,0,0
2034533034_312086542_STOP164,0,0,0,0
2035792342_6609192455_STOP682,0,0,0,0
2035815827_25778222_STOP690,0,0,0,0
2035815827_6445381506_STOP575,0,0,0,0
2035815827_6445381506_STOP690,0,0,0,0
2036066796_2958252668_STOP236,0,0,0,0
2036066796_3374026391_STOP236,0,0,0,0
2036066796_9755546377_STOP169,0,0,0,0
2036066796_9755546377_STOP236,0,0,0,0
2036066796_9755546377_STOP578,0,0,0,0
2037086792_11564259401_STOP556,0,0,0,0
2037086792_11564259401_STOP660,0,0,0,0
2037086792_1896207944_STOP47,0,0,0,0
2037086792_1896207944_STOP577,0,0,0,0
2037086792_1896207944_STOP660,0,0,0,0
2037086792_2041502893_STOP409,0,0,0,0
2037086792_2041502893_STOP660,0,0,0,0
2037649896_2037649963_STOP134,0,0,0,0
2037649896_2037649963_STOP478,0,0,0,0
2037649896_2037649963_STOP628,0,0,0,0
2037649896_2037649964_STOP478,0,0,0,0
2037649896_2037649964_STOP551,0,0,0,0
2037649896_2037649964_STOP67,0,0,0,0
2037649896_29489509_STOP134,0,0,0,0
2037649896_29489509_STOP19,0,0,0,0
2037649896_29489509_STOP478,0,0,0,0
2037649963_1659928187_STOP628,0,0,0,0
2037649963_2037649896_STOP134,0,0,0,0
2037649963_2037649896_STOP478,0,0,0,0
2037649963_2037649896_STOP628,0,0,0,0
2037649963_2037649964_STOP628,0,0,0,0
2037649964_1659928187_STOP628,0,0,0,0
2037649964_2037649896_STOP478,0,0,0,0
2037649964_2037649896_STOP551,0,0,0,0
2037649964_2037649896_STOP628,0,0,0,0
2037649964_2037649896_STOP67,0,0,0,0
2037649964_2037649963_STOP628,0,0,0,0
2039584375_25771207_STOP39,0,0,0,0
2039584375_5293786192_STOP151,0,0,0,0
2039584375_5293786192_STOP39,0,0,0,0
2039584375_5293786192_STOP40,0,0,0,0
2039584375_5293786192_STOP575,0,0,0,0
2039584375_5293786192_STOP615,0,0,0,0
2039584375_5293786192_STOP75,0,0,0,0
2041502893_2037086792_STOP409,0,0,0,0
2041502893_2037086792_STOP660,0,0,0,0
2041502893_32042327_STOP340,0,0,0,0
2041502893_32042327_STOP409,0,0,0,0
2041502893_9762128207_STOP340,0,0,0,0
2041502893_9762128207_STOP409,0,0,0,0
2041502893_9762128207_STOP660,0,0,0,0
2041524725_1916791843_STOP757,0,0,0,0
2041524725_1916791843_STOP758,0,0,0,0
2041524725_2439053866_STOP484,0,0,0,0
2041524725_2439053866_STOP756,0,0,0,0
2041524725_2439053866_STOP757,0,0,0,0
2150576370_1837401676_STOP607,0,0,0,0
2150576370_2325416266_STOP260,0,0,0,0
2150576370_2325416266_STOP311,0,0,0,0
2150576370_2325416266_STOP394,0,0,0,0
2150576370_2325416266_STOP607,0,0,0,0
2250555721_1911634930_STOP109,0,0,0,0
2250555721_1911634930_STOP481,0,0,0,0
2250555721_1911634930_STOP815,0,0,0,0
2250555721_1919641214_STOP815,0,0,3,0
2255977904_6431352726_STOP540,0,0,0,0
2255977904_6431352730_STOP540,0,0,0,0
2315712821_5461446470_STOP3,0,0,0,0
2315712822_2315712821_STOP3,0,0,0,0
2315712822_5461446959_STOP127,0,0,0,0
2315712822_5461446959_STOP3,0,0,0,0
2316743942_2316743947_STOP19,0,0,0,0
2316743942_319706490_STOP19,0,0,0,0
2316743947_2316743942_STOP19,0,0,0,0
2316743947_29489509_STOP19,0,0,0,0
2316743959_1660116942_STOP66,0,0,0,0
2316743959_29489509_STOP134,0,0,0,0
2316743959_29489509_STOP150,0,0,0,0
2316743959_29489509_STOP19,1,75000.0,0,0
2316743959_29489509_STOP66,0,0,0,0
2317306738_6622103729_STOP244,0,0,1,0
2317306738_6622103729_STOP485,0,0,5,0
2325414603_2325414606_STOP185,0,0,0,0
2325414603_3272350517_STOP185,0,0,0,0
2325414603_3272371137_STOP185,0,0,0,0
2325414606_2325414603_STOP185,0,0,0,0
2325414606_3272376486_STOP185,0,0,0,0
2325414606_9973785684_STOP185,0,0,0,0
2325416263_2325416264_STOP311,0,0,0,0
2325416264_1837401676_STOP260,0,0,0,0
2325416264_1837401676_STOP309,0,0,0,0
2325416264_1837401676_STOP311,0,0,0,0
2325416264_1837401676_STOP394,0,0,0,0
2325416264_1837401676_STOP607,0,0,0,0
2325416264_2325416266_STOP311,0,0,0,0
2325416265_2325416263_STOP311,0,0,0,0
2325416265_5355765055_STOP271,0,0,0,0
2325416265_5355765055_STOP311,0,0,0,0
2325416266_2325416265_STOP311,0,0,0,0
2325416266_5862690013_STOP271,0,0,0,0
2325416266_5862690013_STOP311,0,0,0,0
2325438077_1675261406_STOP404,0,0,0,0
2325438077_1675261406_STOP479,0,0,0,0
2325438077_5639373305_STOP479,0,0,0,4
2325438114_29357111_STOP551,0,0,0,0
2325438114_29357111_STOP67,0,0,0,0
2325448480_2325448481_STOP591,0,0,0,0
2325448480_9749128082_STOP591,0,0,0,0
2325448481_1662376948_STOP591,0,0,0,0
2325448481_2325448480_STOP591,0,0,0,0
2325448804_29357864_STOP476,0,0,0,0
2325448804_29357864_STOP92,0,0,0,0
2325449629_1658919998_STOP72,0,0,0,0
2325450314_9857713262_STOP80,0,0,0,0
2325450314_9857713262_STOP81,0,0,0,0
2325450642_1969331837_STOP353,0,0,0,0
2325450642_5334388861_STOP353,0,0,0,0
2325451114_3048202812_STOP81,0,0,0,0
2325451280_2325451114_STOP81,0,0,0,0
2325451280_2958261193_STOP81,0,0,0,0
2325451294_295555957_STOP146,0,0,0,0
2325451294_295555957_STOP627,0,0,0,0
2325451295_2477145871_STOP213,0,0,0,0
2325451295_2477145871_STOP627,0,0,0,0
2325451295_3274678437_STOP213,0,0,0,0
2325451295_3274678437_STOP627,0,0,0,0
2325451298_2325451294_STOP627,0,0,0,0
2325451298_2477145871_STOP627,0,0,0,0
2325451298_3274678437_STOP627,0,0,0,0
2325451300_11149984615_STOP483,0,0,0,0
2325451300_25433677_STOP483,0,0,0,0
2325451308_2325451298_STOP626,0,0,0,0
2325451308_2325451298_STOP627,0,0,0,0
2325451308_3271894417_STOP626,0,0,0,0
2325451311_11149984614_STOP483,0,0,0,0
2325451311_11149984615_STOP483,0,0,0,0
2325451442_11138589132_STOP483,0,0,0,0
2325451442_11138589132_STOP88,0,0,0,0
2325451571_11138589131_STOP88,0,0,0,0
2325451571_11138589136_STOP88,0,0,0,0
2325451719_11138593392_STOP84,0,0,0,0
2325451719_25433891_STOP84,0,0,0,0
2325451810_1666714153_STOP555,0,0,0,0
2325451810_3269462129_STOP555,0,0,0,0
2325451810_3376282077_STOP555,0,0,0,0
2325451853_2317306738_STOP485,0,0,0,0
2325451853_25495368_STOP485,0,0,0,0
2325451853_25495368_STOP63,0,0,0,0
2325452068_6442968671_STOP192,0,0,0,0
2325452068_6442968671_STOP193,0,0,0,0
2325452126_5391666889_STOP147,0,0,0,0
2325452126_5391666890_STOP147,0,0,0,0
2325452148_12606431205_STOP290,0,0,0,0
2325452148_12806120205_STOP290,0,0,0,0
2325452313_25432923_STOP46,0,0,0,0
2325452313_3277871570_STOP147,0,0,0,0
2325452313_3277871570_STOP274,0,0,0,0
2325452313_3277871570_STOP46,0,0,0,0
2325452463_25435163_STOP295,0,0,0,0
2325452463_25435163_STOP297,0,0,0,0
2325452463_25435163_STOP298,0,0,0,0
2325452463_25435163_STOP614,0,0,0,0
2325452463_25435163_STOP99,0,0,0,0
2325452463_25435214_STOP298,0,0,0,0
2325452463_25435214_STOP703,0,0,0,0
2325452463_7179028075_STOP298,0,0,0,0
2325452463_7179028075_STOP658,0,0,0,0
2325452463_7179028075_STOP703,0,0,0,0
2325452490_2325452491_STOP841,0,0,0,0
2325452490_5354169659_STOP841,0,0,0,0
2325452490_7624564243_STOP841,0,0,0,0
2325452491_2325452490_STOP841,0,0,0,0
2325452491_5354169650_STOP841,0,0,0,0
2325452491_7624564242_STOP841,0,0,0,0
2325452552_5395152126_STOP435,0,0,0,0
2325452552_6470450617_STOP434,0,0,0,0
2325452552_6470450617_STOP435,0,0,0,0
2325452552_6470450617_STOP837,0,0,0,0
2325452718_2325452721_STOP158,0,0,0,0
2325452718_2325452721_STOP314,0,0,0,0
2325452718_2325452721_STOP436,0,0,0,0
2325452718_2325452721_STOP481,0,0,0,0
2325452718_2325452721_STOP714,0,0,0,0
2325452718_5354191261_STOP314,0,0,1,0
2325452719_2325452722_STOP314,0,0,0,0
2325452719_5354191262_STOP314,0,0,0,0
2325452720_2325452719_STOP314,0,0,0,0
2325452720_5348422777_STOP314,0,0,0,0
2325452721_2325452718_STOP158,0,0,0,0
2325452721_2325452718_STOP314,0,0,0,0
2325452721_2325452718_STOP436,0,0,0,0
2325452721_2325452718_STOP481,0,0,0,0
2325452721_2325452718_STOP714,0,0,0,0
2325452721_2325452725_STOP436,0,0,0,0
2325452722_2325452724_STOP314,0,0,0,0
2325452722_5354191258_STOP314,0,0,0,0
2325452724_2325452720_STOP314,0,0,0,0
2325452724_5354191267_STOP314,0,0,0,0
2325452724_5354191270_STOP314,0,0,0,0
2325452725_1837401646_STOP308,0,0,0,0
2325452725_1837401646_STOP436,0,0,0,0
2325452725_1837401646_STOP811,0,0,0,0
2325452725_1911634930_STOP109,0,0,0,0
2325452725_1911634930_STOP436,0,0,0,0
2325452725_1911634930_STOP481,0,0,0,0
2325452725_5355823339_STOP272,0,0,0,0
2325452725_5355823339_STOP436,0,0,0,0
2325452725_5355823339_STOP811,0,0,0,0
2325452855_2325452856_STOP158,0,0,0,0
2325452855_2325452899_STOP158,0,0,0,0
2325452855_2325452899_STOP714,0,0,0,0
2325452856_2325452855_STOP158,0,0,0,0
2325452856_5354191268_STOP158,0,0,0,0
2325452856_5354191268_STOP314,0,0,0,0
2325452881_2325452721_STOP272,0,0,0,0
2325452881_2325452721_STOP436,0,0,0,0
2325452881_2325452721_STOP811,0,0,0,0
2325452881_7540370583_STOP272,0,0,0,0
2325452881_7540370583_STOP311,0,0,0,1
2325452881_7540370583_STOP430,0,0,0,0
2325452883_2325452885_STOP382,0,0,0,0
2325452883_3272563966_STOP382,0,0,0,0
2325452885_3272539241_STOP382,0,0,0,0
2325452899_2325452935_STOP714,0,0,0,0
2325452899_2325453233_STOP312,0,0,0,0
2325452899_2325453233_STOP313,0,0,0,0
2325452899_2325453233_STOP714,0,0,0,0
2325452935_2325452856_STOP158,0,0,0,0
2325452935_2325452856_STOP714,0,0,0,0
2325452935_2325452899_STOP714,0,0,0,0
2325453210_11181448969_STOP184,0,0,0,0
2325453210_11181448969_STOP706,0,0,0,0
2325453210_2325453211_STOP184,0,0,0,0
2325453211_6618370831_STOP131,0,0,0,0
2325453211_6618370831_STOP183,0,0,0,0
2325453211_6618370831_STOP184,0,0,0,0
2325453226_1667742416_STOP202,0,0,0,0
2325453226_1667742416_STOP203,0,0,0,0
2325453226_1667742416_STOP446,0,0,0,0
2325453226_1667742416_STOP447,0,0,0,0
2325453226_1667742416_STOP609,0,0,0,0
2325453232_12806537959_STOP184,0,0,0,0
2325453232_12806537959_STOP428,0,0,0,0
2325453232_2325453210_STOP184,0,0,0,0
2325453233_2325453234_STOP312,0,0,0,0
2325453233_3277891124_STOP312,0,0,0,0
2325453233_3277891124_STOP500,0,0,0,0
2325453234_2325452935_STOP312,0,0,0,0
2325453234_2325452935_STOP313,0,0,0,0
2325453234_2325452935_STOP714,0,0,0,0
2325453234_2325453233_STOP312,0,0,0,0
2325453369_2325453374_STOP309,0,0,0,0
2325453369_5358394743_STOP309,0,0,0,0
2325453371_3252963731_STOP256,0,0,0,0
2325453371_5862744483_STOP256,0,0,0,0
2325453374_11953687707_STOP309,0,0,0,0
2325453374_2150576370_STOP309,0,0,0,0
2325453378_3277416899_STOP256,0,0,0,0
2325453481_3272660519_STOP363,0,0,0,0
2325453481_3272660524_STOP363,0,0,0,0
2325453511_2325453514_STOP384,0,0,0,0
2325453511_3252877763_STOP384,0,0,0,0
2325453511_5354191266_STOP158,0,0,0,0
2325453511_5354191266_STOP313,0,0,0,0
2325453511_5354191266_STOP314,0,0,0,0
2325453511_5354191266_STOP317,0,0,0,0
2325453511_5354191266_STOP384,0,0,0,0
2325453514_10186688809_STOP108,0,0,0,0
2325453514_10186688809_STOP384,0,0,0,0
2325453514_10186688809_STOP396,0,0,0,0
2325453514_3448592238_STOP108,0,0,0,0
2325453514_3448592238_STOP121,0,0,0,0
2325453514_3448592238_STOP198,0,0,0,0
2325453514_3448592238_STOP384,0,0,0,0
2325453514_3448592238_STOP385,0,0,0,0
2325453514_3448592238_STOP396,0,0,0,0
2325453554_13010031522_STOP135,0,0,0,0
2325453554_13010031522_STOP401,0,0,0,0
2325453554_13010031522_STOP586,0,0,0,0
2325453554_13010031522_STOP598,0,0,0,0
2325453554_3115112874_STOP401,0,0,0,0
2325453554_3115112874_STOP498,0,0,0,0
2325453614_2325453616_STOP332,0,0,0,0
2325453614_5330289517_STOP323,0,0,0,0
2325453614_5330289517_STOP331,0,0,0,0
2325453614_5330289517_STOP332,0,0,0,0
2325453616_2325453614_STOP332,0,0,0,0
2325453616_6609245573_STOP322,0,0,0,0
2325453616_6609245573_STOP332,0,0,0,0
2325454309_2746819081_STOP325,0,0,0,0
2325454309_2746819081_STOP329,0,0,0,0
240789108_2607816746_STOP432,0,0,0,0
240789108_2607816746_STOP580,0,0,0,0
240789108_2607816746_STOP655,0,0,0,0
240789108_2607816746_STOP656,0,0,0,0
240791836_12606352972_STOP546,0,0,0,0
240791836_12606352972_STOP620,0,0,0,0
240791836_5853120075_STOP546,0,0,0,0
240791836_5853120075_STOP753,0,0,0,0
240791856_5853120063_STOP501,0,0,0,0
240791856_5853120063_STOP798,0,0,0,0
240791856_7210854542_STOP798,0,0,0,0
2439023829_10793101435_STOP292,0,0,0,0
2439053851_2439053861_STOP173,0,0,0,0
2439053851_2439053861_STOP192,0,0,0,0
2439053851_2439053861_STOP484,0,0,0,0
2439053861_1956195925_STOP484,0,0,0,0
2439053861_2439053864_STOP484,0,0,0,0
2439053864_10793008429_STOP266,0,0,0,0
2439053864_10793008429_STOP304,0,0,0,0
2439053866_1956195925_STOP484,0,0,0,0
2439053866_2041524725_STOP484,0,0,0,0
2439053866_2041524725_STOP756,0,0,0,0
2439053866_2041524725_STOP757,0,0,0,0
2439053866_2439053868_STOP484,0,0,0,0
2439053868_1956195925_STOP266,0,0,0,0
2439053868_364365320_STOP266,0,0,0,0
2439053868_364365320_STOP485,0,0,0,0
2439053883_3376669072_STOP63,0,0,0,0
2439053883_5358055836_STOP103,0,0,0,0
2439053883_5358055836_STOP63,0,0,0,0
2439053889_25495368_STOP63,0,0,0,0
2439053889_6485661075_STOP63,0,0,0,0
2477126866_12806309251_STOP93,0,0,0,0
2477126866_2477131880_STOP418,0,0,0,0
2477126866_2477131880_STOP531,0,0,0,0
2477126866_2477131880_STOP93,0,0,0,0
2477126866_35135537_STOP93,0,0,0,0
2477130409_2477132887_STOP100,0,0,0,0
2477130409_2477132887_STOP380,0,0,0,0
2477130409_2477132887_STOP418,0,0,0,0
2477130409_2477132887_STOP531,0,0,0,0
2477130409_303034652_STOP380,0,0,0,0
2477130742_2477132887_STOP531,0,0,0,0
2477130742_2477132887_STOP533,0,0,0,0
2477130742_2477132887_STOP90,0,0,0,0
2477130742_5346161426_STOP90,0,0,0,0
2477130742_6395246195_STOP90,0,0,0,0
2477131880_2477126866_STOP418,0,0,0,0
2477131880_2477126866_STOP531,0,0,0,0
2477131880_2477126866_STOP93,0,0,0,0
2477131880_2477132787_STOP531,0,0,0,0
2477131880_2477132808_STOP531,0,0,0,0
2477131880_2477132808_STOP533,0,0,0,0
2477132787_2477131880_STOP531,0,0,0,0
2477132787_2477132814_STOP531,0,0,0,0
2477132787_2477132814_STOP533,0,0,0,0
2477132787_2477132887_STOP531,0,0,0,0
2477132808_2477131880_STOP531,0,0,0,0
2477132808_2477131880_STOP533,0,0,0,0
2477132808_2477132814_STOP533,0,0,0,0
2477132808_4183530886_STOP531,0,0,0,0
2477132808_4183530886_STOP533,0,0,0,0
2477132808_4183530886_STOP720,0,0,0,0
2477132814_2477132787_STOP533,0,0,0,0
2477132814_2477132808_STOP533,0,0,0,0
2477132814_5348482654_STOP532,0,0,0,0
2477132814_5348482654_STOP533,0,0,0,0
2477132814_5348482654_STOP534,0,0,0,0
2477132814_5348482654_STOP98,0,0,0,0
2477132887_2477130409_STOP100,0,0,0,0
2477132887_2477130409_STOP380,0,0,0,0
2477132887_2477130409_STOP418,0,0,0,0
2477132887_2477130409_STOP531,0,0,0,0
2477132887_2477130742_STOP531,0,0,0,0
2477132887_2477130742_STOP533,0,0,0,0
2477132887_2477130742_STOP90,0,0,0,0
2477132887_2477132787_STOP531,0,0,0,0
2477140738_11594016904_STOP16,0,0,0,0
2477140738_11594016904_STOP213,0,0,0,0
2477140738_11594016904_STOP505,0,0,0,0
2477140738_2519398522_STOP505,0,0,0,0
2477140738_2519398522_STOP90,0,0,0,0
2477145871_2325451294_STOP627,0,0,0,0
2477145871_5391571111_STOP627,0,0,0,0
2477161772_2493372404_STOP207,0,0,0,0
2477161772_2493372404_STOP625,0,0,0,0
2477161772_295556217_STOP207,0,0,0,0
2477161772_295556217_STOP344,0,0,0,0
2477161772_295556217_STOP625,0,0,0,0
2477161772_5205570053_STOP208,0,0,0,0
2477161772_5205570053_STOP209,0,0,0,0
2477161772_5205570053_STOP623,0,0,0,0
2477161772_5205570053_STOP624,0,0,0,0
2477161772_5205570053_STOP625,0,0,0,0
2477710340_2628296768_STOP774,0,0,0,0
2477710340_6622409117_STOP176,0,0,0,0
2477710340_6622409117_STOP765,0,0,0,0
2477710340_6622409117_STOP767,0,0,0,0
2477710340_6622409117_STOP768,0,0,0,0
2477710340_6622409117_STOP770,0,0,0,0
2477710340_6622409117_STOP772,0,0,0,0
2477710340_6622409117_STOP774,0,0,0,0
2493372404_11735248696_STOP207,0,0,0,0
2493372404_11735248696_STOP209,0,0,0,0
2493372404_11735248696_STOP625,0,0,0,0
2493372404_11735248696_STOP87,0,0,0,0
2493372404_2477161772_STOP207,0,0,0,0
2493372404_2477161772_STOP625,0,0,0,0
2493372404_3271894417_STOP207,0,0,0,0
2493372404_3271894417_STOP626,0,0,0,0
2500902317_5847788419_STOP334,0,0,0,0
2500902327_3272344712_STOP595,0,0,0,0
2500902327_7219072027_STOP595,0,0,0,0
2500902328_5847788396_STOP334,0,0,0,0
2500902333_5353900365_STOP335,0,0,0,0
2500902333_5458167262_STOP335,0,0,0,0
2501590821_5847788388_STOP335,0,0,0,0
2518040289_11310497696_STOP402,0,0,0,0
2518040289_11310497696_STOP720,0,0,0,0
2518040289_11310497696_STOP95,0,0,0,0
2518040289_3380407826_STOP402,0,0,0,0
2518040289_3380407826_STOP422,0,0,0,0
2518040289_5354200473_STOP101,0,0,0,0
2518040289_5354200473_STOP402,0,0,0,0
2518053983_13141223516_STOP114,0,0,0,0
2518053983_5993042008_STOP114,0,0,0,0
2518053983_5993042022_STOP114,0,0,0,0
2518070484_2634710028_STOP230,0,0,0,0
2518070484_2634710028_STOP356,0,0,0,0
2518070484_2634710028_STOP379,0,0,0,0
2518073283_11499132688_STOP387,0,0,0,0
2518073283_5993042057_STOP387,0,0,0,0
2518074025_11136401953_STOP821,0,0,0,0
2518074025_11136401953_STOP822,0,0,0,0
2518074025_11136401953_STOP823,0,0,0,0
2518074025_5479191291_STOP823,0,0,0,0
2518074025_9803456826_STOP822,0,0,0,0
2518074025_9803456826_STOP823,0,0,0,0
2518075049_2518075055_STOP387,0,0,0,0
2518075049_2518075057_STOP387,0,0,0,0
2518075055_11199413649_STOP387,0,0,0,0
2518075055_2518075057_STOP387,0,0,0,0
2518075057_11027050165_STOP387,0,0,0,0
2518075057_6377290515_STOP387,0,0,0,0
2518075057_6377290515_STOP822,0,0,0,0
2519395099_2519403293_STOP505,0,0,0,0
2519395099_2519403293_STOP90,0,0,0,0
2519395099_3270445568_STOP90,0,0,0,0
2519395099_3270489638_STOP90,0,0,0,0
2519398522_3270445568_STOP90,0,0,0,0
2519398522_5865212130_STOP90,0,0,0,0
2519403290_3270434503_STOP505,0,0,0,0
2519403290_5394983542_STOP505,0,0,0,0
2519403293_2519395099_STOP505,0,0,0,0
2519403293_2519395099_STOP90,0,0,0,0
2519403293_3270416574_STOP504,0,0,0,0
2519403293_3270416574_STOP505,0,0,0,0
2519403293_3270434503_STOP505,0,0,0,0
2519403309_3270489638_STOP451,0,0,0,0
2519403309_3270489638_STOP90,0,0,0,0
2519403309_3359249111_STOP142,0,0,0,0
2519403309_3359249111_STOP211,0,0,0,0
2519403309_3359249111_STOP442,0,0,0,0
2519403309_3359249111_STOP451,0,0,0,0
2519403309_3359249111_STOP839,0,0,0,0
2519403309_3359249111_STOP90,0,0,0,0
2519403309_4123957908_STOP451,0,0,0,0
2519873343_5392239235_STOP34,0,0,0,0
2519873343_5392239235_STOP621,0,0,0,0
2519873343_5392239235_STOP622,0,0,0,0
2519873343_5392239235_STOP632,0,0,0,0
2519917283_2519917292_STOP575,0,0,0,0
2519917283_6637726062_STOP524,0,0,0,0
2519917283_6637726062_STOP575,0,0,0,0
2519917284_2519917283_STOP575,0,0,0,0
2519917284_5832181364_STOP575,0,0,0,0
2519917288_25450539_STOP151,0,0,0,0
2519917288_25450539_STOP575,0,0,0,0
2519917288_25450539_STOP615,0,0,0,0
2519917288_25450539_STOP76,0,0,0,0
2519917292_1666714186_STOP575,0,0,0,0
2519917308_3376282077_STOP174,0,0,0,0
2519917308_3376282077_STOP555,0,0,0,0
2519917308_5842007853_STOP174,0,0,0,0
2519917309_5841989830_STOP11,0,0,0,0
2519917309_6609199259_STOP11,0,0,0,0
2519917312_10154700114_STOP177,0,0,0,0
2519917312_10154700114_STOP187,0,0,0,0
2519917312_10154700114_STOP512,0,0,0,0
2519917312_10154700114_STOP513,0,0,0,0
2519917312_10154700114_STOP633,0,0,0,0
2519917312_10154700114_STOP635,0,0,0,0
2519917312_1849960589_STOP177,0,0,0,0
2519917312_1849960589_STOP512,0,0,0,0
2519917312_1849960589_STOP513,0,0,0,0
2519917312_1849960589_STOP635,0,0,0,0
2520649113_5293711619_STOP669,0,0,0,0
2520649143_1849525827_STOP805,0,0,0,0
2520649143_6445776996_STOP805,0,0,0,0
2520649152_11727886518_STOP559,0,0,0,0
2520649152_11727886518_STOP562,0,0,0,0
2520649152_11727886518_STOP564,0,0,0,0
2520649152_11727886518_STOP565,0,0,0,0
2520649152_3278058148_STOP562,0,0,0,0
2520649152_5408954335_STOP562,0,0,0,0
2520649152_5408954335_STOP567,0,0,0,0
2520649169_10793008258_STOP800,0,0,0,0
2520649169_25434520_STOP685,0,0,0,0
2520649169_25434520_STOP800,0,0,0,0
2520649169_5358055095_STOP156,0,0,0,0
2520649169_5358055095_STOP306,0,0,0,0
2520649169_5358055095_STOP548,0,0,0,0
2520649169_5358055095_STOP800,0,0,0,0
2520649200_1849525943_STOP569,0,0,0,0
2520649200_2520790639_STOP569,0,0,0,0
2520649200_2520790639_STOP695,0,0,0,0
2520649200_2520790639_STOP817,0,0,0,0
2520649218_2520649232_STOP219,0,0,0,0
2520649218_3270422962_STOP219,0,0,0,0
2520649220_8123220109_STOP44,0,0,0,0
2520649232_3229412583_STOP219,0,0,0,0
2520649232_3229412583_STOP503,0,0,0,0
2520649239_5391666896_STOP247,0,0,0,0
2520649239_5391666896_STOP248,0,0,0,0
2520649239_5391666896_STOP249,0,0,0,0
2520649239_6609222560_STOP248,0,0,0,0
2520649249_1849960313_STOP45,0,0,0,0
2520649249_1849960313_STOP610,0,0,0,0
2520649249_8123220089_STOP45,0,0,0,0
2520723803_2519873343_STOP621,0,0,0,0
2520723803_5205570048_STOP621,0,0,0,0
2520723804_1849960008_STOP251,0,0,0,0
2520723804_1849960008_STOP613,0,0,0,0
2520723804_2520723803_STOP250,0,0,0,0
2520723804_2520723803_STOP251,0,0,0,0
2520723804_2520723803_STOP621,0,0,0,0
2520759347_1849907073_STOP273,0,0,0,0
2520759347_1849907073_STOP43,0,0,0,0
2520759347_1849907073_STOP563,0,0,0,0
2520759347_3277871574_STOP249,0,0,0,0
2520759347_3277871574_STOP563,0,0,0,0
2520790639_10101152065_STOP662,0,0,0,0
2520790639_10101152065_STOP663,0,0,0,0
2520790639_10101152065_STOP664,0,0,0,0
2520790639_10101152065_STOP693,0,0,0,0
2520790639_10101152065_STOP694,0,0,0,0
2520790639_2520649200_STOP569,0,0,0,0
2520790639_2520649200_STOP662,0,0,0,0
2520790639_2520649200_STOP695,0,0,0,0
2520790639_2520649200_STOP817,0,0,0,0
2520790639_6461589858_STOP662,0,0,0,0
2539986925_11149984616_STOP483,0,0,0,0
2539986925_1706564149_STOP483,0,0,0,0
2539986928_2962096532_STOP196,0,0,0,0
2539986928_2962096532_STOP353,0,0,0,0
2539986928_2962096532_STOP483,0,0,0,0
2539998095_1658958704_STOP123,0,0,0,0
2539998095_2958261192_STOP123,0,0,0,0
2539998099_2325450314_STOP81,0,0,0,0
2539998099_2958261185_STOP81,0,0,0,0
25432842_1849525914_STOP263,0,0,0,0
25432842_1849525943_STOP263,0,0,0,0
25432842_1849525943_STOP42,0,0,0,0
25432842_1849525943_STOP511,0,0,0,0
25432842_1849525943_STOP561,0,0,0,0
25432842_1849907073_STOP263,0,0,0,0
25432842_1849907073_STOP43,0,0,0,0
25432842_1849907073_STOP649,0,0,0,0
25432860_2325452126_STOP147,0,0,0,0
25432860_3277871561_STOP147,0,0,0,0
25432923_11367517448_STOP274,0,0,0,0
25432923_12809462426_STOP274,0,0,0,0
25433301_13022549201_STOP340,0,0,0,0
25433301_5360090932_STOP340,0,0,0,0
25433364_10793008429_STOP304,0,0,0,0
25433364_5358208117_STOP304,0,0,0,0
25433364_5358208117_STOP673,0,0,0,3
25433364_7687331829_STOP304,0,0,0,0
25433457_25433463_STOP659,0,0,0,0
25433457_25433463_STOP698,0,0,0,0
25433457_25433463_STOP699,0,0,0,0
25433457_32042327_STOP26,0,0,0,0
25433457_32042327_STOP340,0,0,0,0
25433457_32042327_STOP699,0,0,0,0
25433457_5841953280_STOP699,0,0,0,0
25433463_1849525812_STOP659,0,0,0,0
25433463_1849525812_STOP697,0,0,0,0
25433463_2041502893_STOP408,0,0,0,0
25433463_2041502893_STOP409,0,0,0,0
25433463_2041502893_STOP659,0,0,0,0
25433463_2041502893_STOP698,0,0,0,0
25433463_25433457_STOP659,0,0,0,0
25433463_25433457_STOP698,0,0,0,0
25433463_25433457_STOP699,0,0,0,0
25433599_10793008254_STOP195,0,0,0,0
25433599_10793008254_STOP305,0,0,0,0
25433599_1849528737_STOP103,0,0,0,0
25433599_1849528737_STOP195,0,0,0,0
25433599_1849528737_STOP373,0,0,0,0
25433599_364365279_STOP195,0,0,0,0
25433599_364365279_STOP303,0,0,0,0
25433599_364365279_STOP485,0,0,0,0
25433599_364365279_STOP809,0,0,0,0
25433661_2325451442_STOP483,0,0,0,0
25433661_3269294963_STOP483,0,0,0,0
25433670_10793008397_STOP483,0,0,0,0
25433670_364364130_STOP483,0,0,0,0
25433677_2012565708_STOP353,0,0,0,0
25433683_11138589127_STOP242,0,0,0,0
25433683_11138589127_STOP405,0,0,0,0
25433683_25433684_STOP405,0,0,0,0
25433684_29356178_STOP781,0,0,0,0
25433684_29356178_STOP782,0,0,0,0
25433684_6622103728_STOP242,0,0,0,0
25433684_6622103728_STOP243,0,0,0,0
25433684_6622103728_STOP62,0,0,0,0
25433684_6622103728_STOP781,0,0,0,0
25433684_6622103728_STOP88,0,0,0,0
25433686_11124688730_STOP474,0,0,0,0
25433686_5278840351_STOP474,0,0,0,0
25433686_5278840351_STOP77,0,0,0,0
25433686_5334388842_STOP242,0,0,0,0
25433686_5334388842_STOP474,0,0,0,0
25433686_5334388842_STOP475,0,0,0,0
25433768_13261248357_STOP12,0,0,0,0
25433768_13261248357_STOP221,0,0,0,0
25433768_5369274905_STOP221,0,0,0,0
25433873_11138593393_STOP84,0,0,0,0
25433873_4854744076_STOP84,0,0,0,0
25433891_10628427188_STOP84,0,0,0,0
25433891_11125489871_STOP176,0,0,0,0
25433891_11125489871_STOP84,0,0,0,0
25433891_2325451719_STOP84,0,0,0,0
25433989_3245886198_STOP281,0,0,0,0
25433989_3245886198_STOP491,0,0,0,0
25433989_3245886198_STOP492,0,0,0,0
25433989_3245886198_STOP493,0,0,0,0
25433989_3252892639_STOP493,0,0,0,0
25433989_3252892639_STOP494,0,0,0,1
25433989_3252892639_STOP495,0,0,0,0
25433989_3252892639_STOP496,0,0,0,0
25434098_11138593395_STOP765,0,0,0,0
25434098_11138593395_STOP84,0,0,0,0
25434098_6622409115_STOP765,0,0,0,0
25434241_25434242_STOP137,0,0,0,0
25434241_25434242_STOP153,0,0,0,1
25434241_25434242_STOP194,0,0,0,0
25434241_4376716070_STOP153,0,0,0,0
25434241_4376716070_STOP277,0,0,0,0
25434241_4376716070_STOP617,0,0,0,0
25434242_1956195926_STOP194,0,0,0,0
25434242_1956195926_STOP643,0,0,0,0
25434242_1956195926_STOP678,0,0,0,0
25434242_29354701_STOP137,0,0,0,0
25434242_29354701_STOP194,0,0,0,0
25434242_29354701_STOP617,0,0,0,0
25434242_29354701_STOP679,0,0,0,0
25434270_2628264112_STOP245,0,0,0,0
25434270_2628264112_STOP407,0,0,0,0
25434270_2628264112_STOP785,0,0,0,0
25434517_25434520_STOP672,0,0,0,0
25434517_25434520_STOP685,0,0,0,0
25434517_5356356848_STOP672,0,0,0,0
25434517_6438800742_STOP672,0,0,0,0
25434520_1849525827_STOP558,0,0,0,1
25434520_1849525827_STOP685,0,0,0,0
25434520_1849525827_STOP805,0,0,0,0
25434520_25434517_STOP672,0,0,0,0
25434520_25434517_STOP685,0,0,0,0
25435152_1849960313_STOP247,0,0,0,0
25435152_1849960313_STOP249,0,0,0,0
25435152_1849960313_STOP274,0,0,0,0
25435152_1849960313_STOP610,0,0,0,0
25435152_25432923_STOP274,0,0,0,0
25435162_6470450609_STOP585,0,0,0,0
25435162_6470450609_STOP657,0,0,0,0
25435162_7201253642_STOP585,0,0,0,0
25435162_7201253642_STOP97,0,0,0,0
25435163_2325452463_STOP294,0,0,0,0
25435163_2325452463_STOP295,0,0,0,0
25435163_2325452463_STOP297,0,0,0,0
25435163_2325452463_STOP298,0,0,0,0
25435163_2325452463_STOP614,0,0,0,0
25435163_2325452463_STOP97,0,0,0,0
25435163_2325452463_STOP99,0,0,0,0
25435163_7201253639_STOP97,0,0,0,0
25435174_6470450615_STOP705,0,0,0,0
25435174_6470450620_STOP657,0,0,0,0
25435174_6470450620_STOP705,0,0,0,0
25435214_2325452463_STOP298,0,0,0,0
25435214_2325452463_STOP703,0,0,0,0
25435214_4258557080_STOP703,0,0,0,0
25435214_7179048891_STOP703,0,0,0,0
25435214_7179048891_STOP834,0,0,0,0
25435318_10793585087_STOP292,0,0,0,0
25435318_10793585087_STOP676,0,0,1,0
25435318_10793585087_STOP787,0,0,0,0
25435318_11107827260_STOP713,0,0,0,0
25435318_11107827260_STOP787,0,0,0,0
25435318_1849525885_STOP754,0,0,0,0
25435318_1849525885_STOP787,0,0,0,0
25435352_25446732_STOP300,0,0,0,0
25435352_25446732_STOP814,0,0,0,0
25435352_4376716070_STOP277,0,0,2,0
25435352_4376716070_STOP300,0,0,0,0
25446327_11369837184_STOP108,0,0,0,0
25446327_11369837187_STOP108,0,0,0,0
25446374_9532363495_STOP338,0,0,0,0
25446374_9532363497_STOP338,0,0,0,0
25446445_12806717331_STOP112,0,0,0,0
25446445_12806717331_STOP287,0,0,0,0
25446445_29377182_STOP287,0,0,0,0
25446445_29377182_STOP769,0,0,0,0
25446457_25446462_STOP112,0,0,0,0
25446457_25446462_STOP288,0,0,0,0
25446457_25446462_STOP810,0,0,0,0
25446457_25446462_STOP86,0,0,0,0
25446457_29377187_STOP112,0,0,0,0
25446462_1837401639_STOP288,0,0,0,0
25446462_1837401639_STOP599,0,0,0,3
25446732_1013431927_STOP264,0,0,0,0
25446732_1013431927_STOP307,0,0,0,0
25446732_1837401642_STOP264,0,0,0,0
25446732_1837401642_STOP277,0,0,0,0
25446732_1837401642_STOP437,0,0,2,0
25447004_3269303931_STOP483,0,0,0,0
25447039_1900221414_STOP482,0,0,0,0
25447039_1900221414_STOP65,0,0,0,0
25447039_3249461526_STOP17,0,0,0,0
25447039_3249461526_STOP65,0,0,0,0
25448847_11104669202_STOP161,0,0,0,0
25448847_11104669202_STOP514,0,0,0,0
25448847_1663274645_STOP514,0,0,0,0
25448847_1857160826_STOP140,0,0,0,0
25448847_1857160826_STOP514,0,0,0,0
25448847_1857160826_STOP600,0,0,0,0
25448881_1342112669_STOP164,0,0,0,0
25450505_10173744443_STOP576,0,0,0,0
25450505_1666747506_STOP567,0,0,0,0
25450505_1666747506_STOP576,0,0,0,0
25450538_25771207_STOP39,0,0,0,0
25450539_2035815827_STOP151,0,0,0,1
25450539_2035815827_STOP667,0,0,0,0
25450539_2035815827_STOP689,0,0,0,0
25450539_25450538_STOP151,0,0,0,0
25450539_25450538_STOP39,0,0,0,0
25450539_25450538_STOP75,0,0,0,0
25495368_25433599_STOP195,0,0,0,0
25495439_11520711530_STOP196,0,0,0,0
25495439_11520711530_STOP63,0,0,0,0
25495439_11520711531_STOP196,0,0,0,0
25495439_11520711531_STOP63,0,0,0,0
25501274_1663283380_STOP372,0,0,0,0
25501274_1663283380_STOP672,0,0,0,0
25501274_7669230602_STOP372,0,0,0,0
25501378_12813237929_STOP72,0,0,0,0
25501378_1900221438_STOP64,0,0,0,0
25501378_1900221438_STOP70,0,0,0,0
25501378_1900221438_STOP72,0,0,0,0
25501378_5369882289_STOP72,0,0,0,0
25771207_11181664518_STOP39,0,0,0,0
25773425_2519917292_STOP524,0,0,0,0
25773425_2519917292_STOP575,0,0,0,0
25773425_5374108596_STOP210,0,0,0,0
25773425_5374108596_STOP346,0,0,0,0
25773425_5374108596_STOP347,0,0,0,0
25773425_5374108596_STOP524,0,0,0,0
25773425_5374108596_STOP525,0,0,0,0
25773425_5374108596_STOP526,0,0,0,0
25773425_5374108596_STOP79,0,0,0,0
25773425_6637726062_STOP524,0,0,0,0
25778195_2035815827_STOP690,0,0,0,0
25778195_2035815827_STOP806,0,0,0,0
25778195_25450538_STOP667,0,0,1,0
25778195_25450538_STOP668,0,0,0,0
25778195_25450538_STOP689,0,0,0,0
25778195_25450538_STOP806,0,0,0,0
25778222_10171865526_STOP172,0,0,0,0
25778222_10171865526_STOP690,0,0,0,0
25778222_10171865526_STOP691,0,0,0,0
25778222_3269364726_STOP690,0,0,0,0
2604179154_29377273_STOP376,0,0,0,0
2604179165_11711275764_STOP280,0,0,0,0
2604179165_11711275766_STOP280,0,0,0,0
2604179165_1911634938_STOP280,0,0,0,0
2604179165_1911634938_STOP398,0,0,0,0
2604179168_10680268006_STOP0,0,0,0,0
2604179168_11711275767_STOP0,0,0,0,0
2604179168_11711275767_STOP106,0,0,0,0
2604179168_11711275767_STOP631,0,0,0,0
2604179170_11711275767_STOP281,0,0,0,0
2604179170_2604179177_STOP281,0,0,0,0
2604179170_9471344359_STOP281,0,0,0,0
2604179177_11711275766_STOP281,0,0,0,0
2604179177_2604179170_STOP281,0,0,0,0
2604179177_9462999285_STOP281,0,0,0,0
2607816746_1107865397_STOP580,0,0,0,0
2607816746_12986852699_STOP48,0,0,0,0
2607816746_12986852699_STOP580,0,0,0,0
2607816746_240789108_STOP432,0,0,0,0
2607816746_240789108_STOP580,0,0,0,0
2607816746_240789108_STOP655,0,0,0,0
2607816746_3272599108_STOP571,0,0,0,0
2607816746_3272599108_STOP572,0,0,0,0
2607816746_3272599108_STOP580,0,0,0,0
2614138769_29489275_STOP121,0,0,0,0
2614138769_3272384461_STOP121,0,0,0,0
2614138771_2614138769_STOP121,0,0,0,0
2614138773_25446327_STOP108,0,0,0,0
2614138773_3272542989_STOP108,0,0,0,0
2614138774_1837401667_STOP271,0,0,0,0
2614138774_5355765064_STOP271,0,0,0,0
2614138789_3272653270_STOP229,0,0,0,0
2614138789_8123304891_STOP229,0,0,0,0
2614138794_2614138804_STOP229,0,0,0,0
2614138804_6609245572_STOP229,0,0,0,0
2614138804_6609245572_STOP322,0,0,0,0
2614138805_2614138808_STOP229,0,0,0,0
2614138805_8123304870_STOP229,0,0,0,0
2614138808_5269229741_STOP229,0,0,0,0
2614138808_5269229741_STOP368,0,0,0,0
2614138808_5269229741_STOP460,0,0,0,0
2614138810_14053088734_STOP229,0,0,0,0
2614138810_14053088734_STOP469,0,0,0,0
2614138810_14053088734_STOP650,0,0,0,0
2614138810_14053088734_STOP711,0,0,0,0
2614138810_14053088734_STOP712,0,0,0,0
2614140398_7132443584_STOP361,0,0,0,0
2614140398_7132452340_STOP361,0,0,0,0
2623877339_1896207947_STOP284,0,0,0,0
2623877339_7643243807_STOP284,0,0,0,0
2623877339_7643243807_STOP554,0,0,0,0
2628264112_2628264119_STOP785,0,0,0,0
2628264112_6673594562_STOP785,0,0,0,0
2628264119_29376968_STOP302,0,0,0,0
2628264119_29376968_STOP785,0,0,0,0
2628296766_2477710340_STOP774,0,0,0,0
2628296766_2628296768_STOP774,0,0,0,0
2628296768_6442486339_STOP774,0,0,0,0
2628296773_13257407280_STOP773,0,0,0,0
2628296773_29377182_STOP769,0,0,0,0
2628296773_29377182_STOP770,0,0,0,0
2628296773_29377182_STOP771,0,0,0,0
2628296773_29377182_STOP772,0,0,0,0
2628296773_29377182_STOP773,0,0,0,0
2628296773_29377182_STOP774,0,0,0,0
2628296773_3445557996_STOP773,0,0,0,0
2628299951_6616855143_STOP14,0,0,0,0
2628299951_6616855143_STOP18,0,0,0,0
2628299951_6616855143_STOP588,0,0,0,0
2634710028_5458169533_STOP230,0,0,0,0
2634710039_5458168297_STOP230,0,0,0,0
2746818952_1777901379_STOP29,0,0,0,0
2746818952_1777901379_STOP411,0,0,0,0
2746818952_2034444650_STOP29,0,0,0,0
2746818952_2746818986_STOP256,0,0,0,0
2746818952_2746818986_STOP29,0,0,0,0
2746818952_3277416907_STOP256,0,0,0,0
2746818952_3277416907_STOP29,0,0,0,0
2746818986_11181449017_STOP138,0,0,0,0
2746818986_11181449017_STOP256,0,0,0,0
2746818986_11181449017_STOP644,0,0,0,0
2746818986_11181449017_STOP645,0,0,0,0
2746818986_2746818952_STOP256,0,0,0,0
2746819079_2746819080_STOP329,0,0,0,0
2746819079_3472154933_STOP324,0,0,0,0
2746819079_3472154933_STOP329,0,0,0,0
2746819080_2746819082_STOP329,0,0,0,0
2746819081_2746819079_STOP329,0,0,0,0
2746819082_2325454309_STOP325,0,0,0,0
2746819082_2325454309_STOP329,0,0,0,0
2746819082_2746819081_STOP329,0,0,0,0
28382653_1662376790_STOP32,0,0,0,0
28382653_2325448481_STOP32,0,0,0,0
28382653_2325448481_STOP591,0,0,0,0
28382767_1662376726_STOP25,0,0,0,0
28382767_28382653_STOP25,0,0,0,0
28382767_28382653_STOP32,0,0,0,0
28382767_28382653_STOP33,0,0,0,0
28382767_28382653_STOP541,0,0,0,0
2858054060_3007950794_STOP205,0,0,0,0
2858054060_3007950794_STOP426,0,0,0,0
2858054060_6384640713_STOP101,0,0,0,0
2858054060_6384640713_STOP426,0,0,0,0
2858054060_6384640713_STOP427,0,0,0,0
2858054060_665709306_STOP105,0,0,0,0
2858054060_665709306_STOP425,0,0,0,0
2858054060_665709306_STOP426,0,0,0,0
2858054060_665709306_STOP427,0,0,0,0
29352423_3977886810_STOP549,0,0,0,0
29352423_5841953280_STOP26,0,0,0,0
29352423_5841953280_STOP549,0,0,0,0
29352423_5841953280_STOP674,0,0,0,0
29352423_5841953280_STOP681,0,0,0,0
29354164_11176912846_STOP193,0,0,0,0
29354164_364363786_STOP193,0,0,0,0
29354375_11176912847_STOP678,0,0,0,0
29354375_3270228962_STOP678,0,0,0,0
29354379_25434242_STOP194,0,0,0,0
29354379_25434242_STOP678,0,0,0,0
29354380_29354379_STOP678,0,0,0,0
29354701_25435352_STOP300,0,0,0,0
29354701_25435352_STOP617,0,0,2,0
29354701_29354883_STOP2,0,0,0,0
29354701_29354883_STOP617,0,0,0,0
29354701_29354883_STOP679,0,0,0,0
29354883_25435318_STOP2,0,0,0,0
29354883_25435318_STOP680,0,0,0,0
29354883_25435318_STOP787,0,0,0,0
29354883_29354380_STOP2,0,0,0,0
29354883_29354380_STOP678,0,0,0,0
29354883_29354380_STOP755,0,0,0,0
29356722_1654067462_STOP352,0,0,0,0
29356722_1658431473_STOP352,0,0,0,0
29356737_29378887_STOP3,0,0,0,0
29356737_29378887_STOP392,0,0,0,0
29356737_29378887_STOP592,0,0,0,0
29356737_2958261173_STOP592,0,0,0,0
29356793_306334264_STOP350,0,0,0,0
29356793_306334264_STOP351,0,0,0,0
29356793_5646605222_STOP350,0,0,0,0
29356940_2325438114_STOP67,0,0,0,0
29356940_29356944_STOP337,0,0,0,0
29356940_29356944_STOP67,0,0,0,0
29356944_11366943122_STOP337,0,0,0,0
29356944_29356940_STOP337,0,0,0,0
29356944_29356940_STOP67,0,0,0,0
29356960_12637511228_STOP92,0,0,0,0
29356960_29357697_STOP477,0,0,0,0
29356960_29357697_STOP92,0,0,0,0
29356961_29356960_STOP92,0,0,0,0
29356961_29379592_STOP92,0,0,0,0
29356961_6621969574_STOP337,0,0,0,0
29356961_6621969574_STOP477,0,0,0,0
29356961_6621969574_STOP92,0,0,0,0
29356964_4169236625_STOP337,0,0,0,0
29356964_6621969574_STOP337,0,0,0,0
29357111_29358836_STOP478,0,0,0,0
29357111_5639373300_STOP478,0,0,0,0
29357113_12634504454_STOP337,0,0,0,0
29357113_12634504454_STOP67,0,0,0,0
29357239_11367547338_STOP8,0,0,0,0
29357239_29357241_STOP8,0,0,0,0
29357241_1654067462_STOP128,0,0,0,0
29357241_1654067462_STOP352,0,0,0,0
29357241_1654067462_STOP8,0,0,0,0
29357241_29357239_STOP8,0,0,0,0
29357241_29357243_STOP8,0,0,0,0
29357243_1390997943_STOP404,0,0,0,0
29357243_1390997943_STOP8,0,0,0,0
29357243_1676070938_STOP473,0,0,0,0
29357243_1676070938_STOP8,0,0,0,0
29357243_29357241_STOP8,0,0,0,0
29357275_29357277_STOP8,0,0,0,0
29357275_29357312_STOP8,0,0,0,0
29357277_13097895693_STOP128,0,0,0,0
29357277_13097895693_STOP629,0,0,0,0
29357277_13097895693_STOP8,0,0,0,0
29357277_29357312_STOP8,0,0,0,0
29357312_11367547341_STOP8,0,0,0,0
29357697_29357113_STOP337,0,0,0,0
29357697_29379986_STOP337,0,0,0,0
29357697_29379986_STOP628,0,0,0,0
29357859_2325448804_STOP476,0,0,0,0
29357864_29379585_STOP92,0,0,0,0
29357928_29357929_STOP150,0,0,0,0
29357928_29358830_STOP150,0,0,0,0
29357928_29358830_STOP170,0,0,0,0
29357929_12637511228_STOP150,0,0,0,0
29357929_12637511228_STOP92,0,0,0,0
29357929_29357928_STOP150,0,0,0,0
29357929_29379226_STOP150,0,0,0,0
29357929_29379226_STOP17,0,0,0,0
29357929_29379226_STOP170,0,0,0,0
29358830_25447039_STOP170,0,0,0,0
29358830_25447039_STOP65,0,0,0,0
29358836_29358938_STOP478,0,0,0,0
29358836_29358938_STOP551,0,0,0,0
29358836_29358938_STOP67,0,0,0,0
29358926_1660116944_STOP66,0,0,0,0
29358926_3376673094_STOP66,0,0,0,0
29358934_4262068495_STOP628,0,0,0,0
29358935_29358934_STOP628,0,0,0,0
29358935_9336983410_STOP628,0,0,0,0
29358937_29357113_STOP337,0,0,0,0
29358937_29357113_STOP628,0,0,0,0
29358937_29357113_STOP67,0,0,0,0
29358937_29358935_STOP628,0,0,0,0
29358938_29358937_STOP628,0,0,0,0
29358938_29358937_STOP67,0,0,0,0
29359106_1342112684_STOP164,0,0,0,0
29359106_1660110851_STOP164,0,0,0,0
29359106_1660110851_STOP166,0,0,0,0
29359106_1660110851_STOP233,0,0,0,0
29359106_1660110851_STOP66,0,0,0,1
29359329_1956570020_STOP552,0,0,0,0
29359329_1956899631_STOP552,0,0,0,0
29359329_5463596826_STOP552,0,0,0,0
29359719_5334558654_STOP578,0,0,0,0
29359719_5369882298_STOP578,0,0,0,0
29359719_5369882298_STOP724,0,0,0,0
29359719_9755546377_STOP578,0,0,0,0
29376968_13261248357_STOP302,0,0,0,0
29376968_13261248357_STOP759,0,0,0,0
29376968_13261248357_STOP760,0,0,0,0
29376968_13261248357_STOP761,0,0,0,0
29376968_13261248357_STOP762,0,0,0,0
29376968_2012498676_STOP302,0,0,0,0
29376968_2012498676_STOP406,0,0,0,0
29377042_11740333993_STOP86,0,0,0,0
29377063_13382601416_STOP86,0,0,0,0
29377063_25446462_STOP288,0,0,0,0
29377063_25446462_STOP86,0,0,0,0
29377182_11310046580_STOP768,0,0,0,0
29377182_11310046580_STOP770,0,0,0,0
29377182_25446445_STOP287,0,0,0,0
29377182_25446445_STOP769,0,0,0,0
29377182_25446445_STOP770,0,0,0,0
29377182_2628296773_STOP769,0,0,0,0
29377182_2628296773_STOP770,0,0,0,0
29377182_2628296773_STOP771,0,0,0,0
29377182_2628296773_STOP772,0,0,0,0
29377182_2628296773_STOP773,0,0,0,0
29377182_2628296773_STOP774,0,0,0,0
29377187_13382601416_STOP112,0,0,0,0
29377187_13382601416_STOP810,0,0,0,0
29377187_13382601416_STOP86,0,0,0,0
29377187_25446457_STOP112,0,0,0,0
29377187_29377189_STOP112,0,0,0,0
29377187_29377189_STOP810,0,0,0,0
29377189_11687490552_STOP767,0,0,0,0
29377189_11687490552_STOP810,0,0,0,0
29377189_29377187_STOP112,0,0,0,0
29377189_29377187_STOP810,0,0,0,0
29377273_2604179168_STOP181,0,0,0,0
29377273_2604179168_STOP182,0,0,0,0
29377273_2604179168_STOP376,0,0,0,0
29377273_2604179168_STOP778,0,0,0,0
29377273_29377395_STOP136,0,0,0,0
29377273_29377395_STOP181,0,0,0,0
29377273_29377395_STOP376,0,0,0,0
29377395_29377273_STOP136,0,0,0,0
29377395_29377273_STOP181,0,0,0,0
29377395_29377273_STOP376,0,0,0,0
29377395_3445469505_STOP136,0,0,0,0
29377395_3445469505_STOP180,0,0,0,0
29377395_3445469505_STOP602,0,0,0,0
29377395_3445557996_STOP136,0,0,0,0
29377395_3445557996_STOP773,0,0,0,0
29377395_3445557996_STOP777,0,0,0,0
29377508_29377560_STOP518,0,0,0,0
29377508_29377560_STOP776,0,0,0,0
29377508_29377560_STOP777,0,0,0,0
29377508_29377560_STOP778,0,0,0,0
29377560_1666277222_STOP518,0,0,0,0
29377560_1666277222_STOP775,0,0,0,0
29377560_1837401657_STOP286,0,0,0,0
29377560_1837401657_STOP518,0,0,0,0
29377560_1837401657_STOP779,0,0,0,0
29377560_29377508_STOP518,0,0,0,0
29377560_29377508_STOP776,0,0,0,0
29377560_29377508_STOP777,0,0,0,0
29377560_29377508_STOP778,0,0,0,0
29377716_1658617590_STOP241,0,0,0,0
29377716_1658617590_STOP489,0,0,0,0
29377716_1870759840_STOP489,0,0,0,0
29377716_6615747773_STOP489,0,0,0,0
29377839_29378887_STOP3,0,0,0,0
29377839_29378887_STOP630,0,0,0,0
29377839_4375366198_STOP630,0,0,0,0
29377839_5461446930_STOP3,0,0,0,0
29377839_5461446930_STOP630,0,0,0,0
29378887_12809082543_STOP126,0,0,0,0
29378887_12809082543_STOP3,0,0,0,0
29378887_29356737_STOP3,0,0,0,0
29378887_29356737_STOP349,0,0,0,0
29378887_29356737_STOP392,0,0,0,0
29378887_29356737_STOP592,0,0,0,0
29378887_29377839_STOP3,0,0,0,0
29378887_29377839_STOP630,0,0,0,0
29379226_11345662513_STOP17,0,0,0,0
29379226_11345662513_STOP476,0,0,0,0
29379226_29357929_STOP150,0,0,0,0
29379226_29357929_STOP17,0,0,0,0
29379226_29357929_STOP170,0,0,0,0
29379226_3249461526_STOP17,0,0,0,0
29379229_12809151235_STOP149,0,0,0,0
29379229_12809151235_STOP482,0,0,0,0
29379229_3249461526_STOP149,0,0,0,0
29379229_3249461526_STOP17,0,0,0,0
29379231_29379229_STOP149,0,0,0,0
29379231_29379229_STOP327,0,0,0,0
29379231_29379232_STOP327,0,0,0,0
29379232_29379231_STOP327,0,0,0,0
29379232_29379447_STOP327,0,0,0,0
29379232_7983673000_STOP327,0,0,0,0
29379393_29379231_STOP149,0,0,0,0
29379393_29379231_STOP327,0,0,0,0
29379393_29379231_STOP482,0,0,0,0
29379447_12809082543_STOP149,0,0,0,0
29379447_12809082543_STOP327,0,0,0,0
29379476_1900221414_STOP482,0,0,0,0
29379476_29379393_STOP482,0,0,0,0
29379583_12637511228_STOP92,0,0,0,0
29379583_29379585_STOP92,0,0,0,0
29379585_29356960_STOP92,0,0,0,0
29379585_29379592_STOP92,0,0,0,0
29379592_29356961_STOP92,0,0,0,0
29379986_9336983410_STOP628,0,0,0,0
29380398_1387999367_STOP496,0,0,0,0
29380398_3110266609_STOP107,0,0,0,0
29380398_3110266609_STOP130,0,0,0,0
29380398_3110266609_STOP4,0,0,0,0
29380398_3110266609_STOP496,0,0,0,0
29380398_6425545180_STOP496,0,0,0,0
29380398_6425545180_STOP497,0,0,0,0
29380403_1387999367_STOP496,0,0,0,0
29380403_3252892639_STOP496,0,0,0,0
29380518_3252892639_STOP496,0,0,0,0
29380518_3252892639_STOP802,0,0,0,0
29380518_3445438782_STOP802,0,0,0,0
29380518_3445438782_STOP803,0,0,0,0
29380518_9532363495_STOP338,0,0,0,0
29380518_9532363495_STOP381,0,0,0,0
29380518_9532363495_STOP802,0,0,0,0
29427097_11138680825_STOP159,0,0,0,0
29427097_11138680825_STOP723,0,0,0,0
29427236_1660260881_STOP723,0,0,0,0
29427236_29427263_STOP687,0,0,0,0
29427236_29427263_STOP723,0,0,0,0
29427263_1849525906_STOP31,0,0,0,0
29427263_1849525906_STOP687,0,0,0,0
29427263_29427236_STOP687,0,0,0,0
29427263_29427236_STOP723,0,0,0,0
29427263_5356356915_STOP687,0,0,0,0
29427961_29427097_STOP163,0,0,0,0
29427961_29427097_STOP169,0,0,0,0
29427961_29427097_STOP236,0,0,0,0
29427961_29427097_STOP354,0,0,0,0
29427961_29427097_STOP72,0,0,0,0
29427961_29427097_STOP723,0,0,0,0
29427961_6352261923_STOP72,0,0,0,0
29434768_11347520099_STOP413,0,0,0,0
29434768_11347520099_STOP732,0,0,0,0
29434768_12806537959_STOP413,0,0,0,0
29434768_12806537959_STOP428,0,0,0,0
29434768_12806537959_STOP429,0,0,0,0
29434769_11347520099_STOP732,0,0,0,0
29434769_12986852699_STOP48,0,0,0,0
29434769_12986852699_STOP732,0,0,0,0
29434769_12986852699_STOP750,0,0,0,0
29434769_12986852699_STOP751,0,0,0,0
29434775_6470065668_STOP797,0,0,0,0
29434775_6470065671_STOP797,0,0,0,0
29434777_30602861_STOP796,0,0,0,0
29434777_3110090805_STOP60,0,0,0,0
29434777_3110090805_STOP796,0,0,0,0
29489136_1014722585_STOP269,0,0,0,0
29489136_1014722585_STOP369,0,0,0,0
29489136_11380591251_STOP269,0,0,0,0
29489136_11380591251_STOP30,0,0,0,0
29489136_11380591251_STOP369,0,0,0,0
29489136_11739021643_STOP269,0,0,0,0
29489138_1014722585_STOP29,0,0,0,0
29489138_1014722585_STOP369,0,0,0,0
29489138_1014722585_STOP842,0,0,0,0
29489138_1831360476_STOP29,0,0,0,0
29489138_2034444650_STOP29,0,0,0,0
29489275_2614138769_STOP121,0,0,0,0
29489275_29489276_STOP121,0,0,0,0
29489275_29489276_STOP385,0,0,1,0
29489276_29489275_STOP121,0,0,1,0
29489276_29489275_STOP385,0,0,0,0
29489276_5353902926_STOP385,0,0,0,0
29489276_9713565227_STOP385,0,0,0,0
29489276_9713565227_STOP397,0,0,0,0
29489276_9713565227_STOP499,0,0,0,0
29489287_13010031522_STOP108,0,0,0,0
29489287_13010031522_STOP135,0,0,1,0
29489287_13010031522_STOP396,0,0,4,0
29489287_29489275_STOP108,0,0,0,0
29489287_29489275_STOP121,0,0,1,0
29489287_29489275_STOP385,0,0,1,0
29489287_307882486_STOP108,0,0,0,0
29489287_307882486_STOP396,0,0,0,0
29489287_307882486_STOP598,0,0,0,0
29489287_6616389060_STOP108,0,0,0,0
29489290_588189886_STOP135,0,0,0,0
29489323_1980735013_STOP570,0,0,0,0
29489323_1980735013_STOP707,0,0,0,0
29489323_1980735013_STOP708,0,0,0,0
29489323_1980735013_STOP722,0,0,0,0
29489323_3068325990_STOP570,0,0,0,0
29489323_3068325990_STOP708,0,0,0,0
29489323_3068325990_STOP709,0,0,0,0
29489323_3068325990_STOP710,0,0,0,0
29489323_3068325990_STOP742,0,0,0,0
29489323_4146694789_STOP49,0,0,0,0
29489323_4146694789_STOP570,0,0,0,0
29489330_3277874428_STOP252,0,0,0,0
29489330_3277874428_STOP253,0,0,0,0
29489330_3277874428_STOP522,0,0,0,0
29489330_3277874428_STOP573,0,0,0,0
29489330_3277874428_STOP728,0,0,0,0
29489330_3277874428_STOP729,0,0,0,0
29489330_3277874428_STOP730,0,0,0,0
29489330_3277874428_STOP731,0,0,0,0
29489330_4146694789_STOP49,0,0,0,0
29489330_4146694789_STOP50,0,0,0,0
29489330_4146694789_STOP573,0,0,0,0
29489330_4146694789_STOP574,0,0,0,0
29489330_4146694789_STOP734,0,0,0,0
29489330_4146694789_STOP735,0,0,0,0
29489330_4146694789_STOP736,0,0,0,0
29489330_4146694789_STOP737,0,0,0,0
29489421_1849960227_STOP345,0,0,0,0
29489421_1849960227_STOP355,0,0,0,0
29489421_1849960227_STOP416,0,0,0,0
29489421_1849960227_STOP417,0,0,0,0
29489421_1849960227_STOP528,0,0,0,0
29489421_1849960227_STOP57,0,0,0,0
29489421_295556217_STOP344,0,0,0,0
29489421_295556217_STOP529,0,0,0,0
29489421_295556217_STOP57,0,0,0,0
29489421_30236636_STOP57,0,0,0,0
29489421_30236636_STOP638,0,0,0,0
29489421_5205570048_STOP529,0,0,0,0
29489421_5205570048_STOP57,0,0,0,0
29489421_5205570048_STOP621,0,0,0,0
29489421_5205570048_STOP623,0,0,0,0
29489509_2037649896_STOP134,0,0,0,0
29489509_2037649896_STOP19,0,0,0,0
29489509_2037649896_STOP478,0,0,0,0
29489509_2316743947_STOP19,0,0,0,0
29489509_2316743959_STOP134,0,0,0,0
29489509_2316743959_STOP150,0,0,0,0
29489509_2316743959_STOP19,0,0,0,0
29489509_2316743959_STOP66,0,0,0,0
295555957_1681348740_STOP146,0,0,0,0
295555957_3271894417_STOP146,0,0,0,0
295555957_3271894417_STOP626,0,0,0,0
295555957_5391571114_STOP146,0,0,0,0
295556217_2477161772_STOP207,0,0,0,0
295556217_2477161772_STOP344,0,0,0,0
295556217_2477161772_STOP625,0,0,0,0
295556217_29489421_STOP344,0,0,0,0
295556217_29489421_STOP529,0,0,0,0
295556217_29489421_STOP57,0,0,0,0
295556217_5391571114_STOP146,0,0,0,0
295556217_5391571114_STOP344,0,0,0,0
2958252668_1660260879_STOP169,0,0,0,0
2958252668_1660260879_STOP236,0,0,0,0
2958252668_5825261667_STOP236,0,0,0,0
2958252669_11180921761_STOP72,0,0,0,0
2958252669_2325449629_STOP72,0,0,0,0
2958252669_7345830961_STOP72,0,0,0,0
2958261171_1658956030_STOP349,0,0,0,0
2958261171_1658956030_STOP392,0,0,0,0
2958261171_1658956030_STOP592,0,0,0,0
2958261171_1658956030_STOP630,0,0,0,0
2958261173_3048202811_STOP592,0,0,0,0
2958261173_3048202811_STOP80,0,0,0,0
2958261173_3048202811_STOP81,0,0,0,0
2958261173_5353615188_STOP123,0,0,0,0
2958261173_5353615188_STOP353,0,0,0,0
2958261173_5353615188_STOP592,0,0,0,0
2958261173_5353615188_STOP81,0,0,0,0
2958261185_2958261192_STOP81,0,0,0,0
2958261185_5826215870_STOP81,0,0,0,0
2958261185_9857713262_STOP80,0,0,0,0
2958261185_9857713262_STOP81,0,0,0,0
2958261186_2958261187_STOP123,0,0,0,0
2958261186_5826215870_STOP123,0,0,0,0
2958261187_5353724829_STOP123,0,0,0,0
2958261187_5353724829_STOP353,0,0,0,0
2958261192_1658958704_STOP81,0,0,0,0
2958261192_2958261193_STOP81,0,0,0,0
2958261193_2325451114_STOP81,0,0,0,0
2958261193_2539998099_STOP81,0,0,0,0
2962096312_25495439_STOP196,0,0,0,0
2962096518_12809237529_STOP483,0,0,0,0
2962096532_10793008394_STOP483,0,0,0,0
2962096532_10793008397_STOP483,0,0,0,0
2962096536_2962096312_STOP483,0,0,0,0
2962096536_2962096518_STOP483,0,0,0,0
3007950794_2858054060_STOP205,0,0,0,0
3007950794_2858054060_STOP426,0,0,0,0
3007950794_3380407826_STOP205,0,0,0,0
3007950794_3380407826_STOP402,0,0,0,0
3007950794_3380407826_STOP422,0,0,0,0
3007950794_3380407826_STOP426,0,0,0,0
3007950794_3380407826_STOP427,0,0,0,0
3007950794_665709306_STOP205,0,0,0,0
3007950794_665709306_STOP425,0,0,0,0
302246829_2519403290_STOP504,0,0,0,0
302246829_2519403290_STOP505,0,0,0,0
302246829_3270416574_STOP504,0,0,0,0
30236623_12692455340_STOP162,0,0,0,0
30236623_12692455340_STOP265,0,0,0,0
30236623_12692455340_STOP639,0,0,0,0
30236623_12692455340_STOP808,0,0,0,0
30236623_12692455340_STOP91,0,0,0,0
30236623_1746299906_STOP23,0,0,0,0
30236623_1746299906_STOP25,0,0,0,0
30236623_1746299906_STOP32,0,0,0,0
30236623_1746299906_STOP33,0,0,0,0
30236623_1746299906_STOP541,0,0,0,0
30236623_1746299906_STOP639,0,0,0,0
30236623_1746299906_STOP808,0,0,0,0
30236623_30236624_STOP639,0,0,0,0
30236624_30236623_STOP639,0,0,0,0
30236624_3274608590_STOP639,0,0,1,0
30236636_29489421_STOP57,0,0,0,0
30236636_29489421_STOP638,0,0,0,0
30236636_3274608591_STOP54,0,0,0,0
30236636_3274608591_STOP542,0,0,0,0
30236636_3274608591_STOP638,0,0,0,0
3028412267_12806717331_STOP112,0,0,0,0
3028412267_12806717331_STOP279,0,0,0,0
3028412267_1837401665_STOP279,0,0,1,0
3028412267_3252879876_STOP279,0,0,1,0
303034042_13239081325_STOP90,0,0,0,0
303034042_5346161426_STOP90,0,0,0,0
303034652_35136034_STOP16,0,0,0,0
303034652_35136034_STOP206,0,0,0,0
303034652_35136034_STOP380,0,0,0,0
303034652_35136034_STOP641,0,0,0,0
303034652_35136034_STOP96,1,13000.0,0,0
303034652_4620173045_STOP380,0,0,0,0
3048202811_1658946837_STOP81,0,0,0,0
3048202811_3048202812_STOP81,0,0,0,0
3048202812_2958261171_STOP592,0,0,0,0
3048202812_2958261171_STOP81,0,0,0,0
3056186235_6609222555_STOP246,0,0,0,0
3056186235_6609222555_STOP44,0,0,0,0
3056186235_7715327378_STOP187,0,0,0,0
3056186235_7715327378_STOP246,0,0,0,0
3056186235_7715327378_STOP44,0,0,0,0
3056186235_7715327378_STOP512,0,0,0,0
3056186235_7715327378_STOP633,0,0,0,0
3056186235_8123220088_STOP246,0,0,0,0
30602861_3278061604_STOP545,0,0,0,0
30602861_3278061604_STOP796,0,0,0,0
30602861_5360355190_STOP796,0,0,0,0
306334264_1658431511_STOP127,0,0,0,0
306334264_1658431511_STOP129,0,0,0,0
306334264_1658431511_STOP351,0,0,0,0
306334264_1658431511_STOP489,0,0,0,0
306334264_29356793_STOP351,0,0,0,0
306334264_700728686_STOP351,0,0,0,0
306334264_700728686_STOP391,0,0,0,0
3068325990_1107494473_STOP710,0,0,0,0
3068325990_1107494473_STOP740,0,0,0,0
3068325990_1980677025_STOP651,0,0,0,0
3068325990_1980677025_STOP710,0,0,0,0
3068325990_29489323_STOP708,0,0,0,0
3068325990_29489323_STOP709,0,0,0,0
3068325990_29489323_STOP710,0,0,0,0
3068325990_29489323_STOP742,0,0,0,0
307882486_3115501961_STOP498,0,0,0,0
307882486_3115501961_STOP586,0,0,0,0
307882486_3115501961_STOP598,0,0,0,0
307882486_3252877763_STOP384,0,0,0,0
307882486_3252877763_STOP598,0,0,0,0
3110090805_1982408562_STOP60,0,0,0,0
3110090805_1982408562_STOP801,0,0,0,0
3110265315_1982777430_STOP465,0,0,0,0
3110265315_1982777430_STOP642,0,0,0,0
3110265315_3110265322_STOP310,0,0,0,0
3110265315_3110265322_STOP465,0,0,0,0
3110265315_3110265322_STOP593,0,0,0,0
3110265315_5353902941_STOP22,0,0,0,0
3110265315_5353902941_STOP465,0,0,0,0
3110265315_5353902941_STOP593,0,0,0,0
3110265322_1014722257_STOP310,0,0,0,0
3110265322_1014722257_STOP593,0,0,0,0
3110265322_3110265315_STOP310,0,0,0,0
3110265322_3110265315_STOP465,0,0,0,0
3110265322_3110265315_STOP593,0,0,0,0
3110265322_3272371137_STOP228,0,0,0,0
3110265322_3272371137_STOP275,0,0,0,0
3110265322_3272371137_STOP310,0,0,0,0
3110266609_29380398_STOP107,0,0,0,0
3110266609_29380398_STOP130,0,0,0,0
3110266609_29380398_STOP4,0,0,0,0
3110266609_29380398_STOP496,0,0,0,0
3115041391_1982777430_STOP465,0,0,0,0
3115041391_9152581660_STOP198,0,0,0,0
3115041391_9152581660_STOP465,0,0,0,0
3115041391_9253047317_STOP198,0,0,0,0
3115041391_9253047317_STOP465,0,0,0,0
3115112874_2325453554_STOP401,0,0,0,0
3115112874_2325453554_STOP498,0,0,0,0
3115112874_3115501961_STOP498,0,0,0,0
3115112874_6425545180_STOP497,0,0,0,0
3115112874_6425545180_STOP498,0,0,0,0
3115137890_5458167277_STOP334,0,0,0,0
3115157722_2501590821_STOP122,0,0,0,0
3115157722_2501590821_STOP335,0,0,0,0
3115157722_8841514869_STOP122,0,0,0,0
3115157726_2501590821_STOP335,0,0,0,0
3115157726_8841514869_STOP122,0,0,0,0
3115157726_8841514869_STOP335,0,0,0,0
3115157727_5847788408_STOP334,0,0,0,0
3115159440_6609292743_STOP331,0,0,0,0
3115159440_6609292743_STOP718,0,0,0,0
3115159440_7310779096_STOP323,0,0,0,0
3115159440_7310779096_STOP331,0,0,0,0
3115159440_7310779096_STOP718,0,0,0,0
3115501961_307882486_STOP498,0,0,0,0
3115501961_307882486_STOP586,0,0,0,0
3115501961_307882486_STOP598,0,0,0,0
3115501961_3115112874_STOP498,0,0,0,0
3115501961_3445438782_STOP497,0,0,0,0
3115501961_3445438782_STOP498,0,0,0,0
3115501961_3445438782_STOP803,0,0,0,0
3115995953_29380403_STOP496,0,0,0,0
312086542_2034531650_STOP164,0,0,0,0
312086542_2034531650_STOP519,0,0,0,0
312086670_1342112672_STOP233,0,0,0,0
312086670_1708607132_STOP233,0,0,0,0
312086670_1708607132_STOP618,0,0,0,0
312086670_5463399920_STOP233,0,0,0,0
312086670_5463399920_STOP66,0,0,0,0
312524188_12816121757_STOP23,0,0,0,0
312524188_1746299906_STOP23,0,0,0,0
319706149_319706490_STOP19,0,0,0,0
319706149_6622500668_STOP19,0,0,0,0
319706490_2316743942_STOP19,0,0,0,0
319706490_319706149_STOP19,0,0,0,0
319706490_479733030_STOP19,0,0,0,0
320093962_1659928185_STOP150,0,0,0,0
320093962_320094027_STOP150,0,0,0,0
320093965_29358926_STOP150,0,0,0,0
320093965_29358926_STOP66,0,0,0,0
320094027_29357928_STOP150,0,0,0,0
320094027_320093962_STOP150,0,0,0,0
32042327_2041502893_STOP340,0,0,0,0
32042327_25433457_STOP26,0,0,0,0
32042327_25433457_STOP340,0,0,0,0
32042327_25433457_STOP699,0,0,0,0
32042327_6442819831_STOP13,0,0,0,0
32042327_6442819831_STOP340,0,0,0,0
3229412583_11735248696_STOP296,0,0,0,0
3229412583_11735248696_STOP503,0,0,0,0
3229412583_11735248696_STOP87,0,0,0,0
3244221166_3244221167_STOP827,0,0,0,0
3244221166_3272708318_STOP827,0,0,0,0
3244221167_6610025538_STOP827,0,0,0,0
3245886198_25433989_STOP281,0,0,0,0
3245886198_25433989_STOP491,0,0,0,0
3245886198_25433989_STOP492,0,0,0,0
3245886198_25433989_STOP493,0,0,0,0
3245886198_5344074239_STOP281,0,0,0,0
3245886198_5648631891_STOP281,0,0,0,0
3248886992_11235233277_STOP59,0,0,0,0
3249461526_25447039_STOP17,0,0,0,0
3249461526_25447039_STOP65,0,0,0,0
3249461526_29379226_STOP17,0,0,0,0
3249461526_29379229_STOP149,0,0,0,0
3249461526_29379229_STOP17,0,0,0,0
32524281_1660289594_STOP159,0,0,0,0
32524281_1660289594_STOP688,0,0,0,0
32524281_1849525905_STOP669,0,0,0,0
32524281_1849525905_STOP688,0,0,0,0
3252877763_2325453511_STOP384,0,0,0,0
3252877763_5862588302_STOP317,0,0,0,0
3252877763_5862588302_STOP342,0,0,0,0
3252877763_5862588302_STOP384,0,0,0,0
3252879876_1911634996_STOP279,0,0,1,0
3252879876_1911634996_STOP375,0,0,6,0
3252879876_3028412267_STOP279,0,0,0,0
3252892639_25433989_STOP493,0,0,0,0
3252892639_25433989_STOP494,0,0,0,0
3252892639_25433989_STOP495,0,0,0,0
3252892639_25433989_STOP496,0,0,0,0
3252892639_29380403_STOP496,0,0,0,0
3252892639_29380518_STOP496,0,0,0,0
3252892639_29380518_STOP802,0,0,0,0
3252963731_1930140491_STOP256,0,0,0,0
3252963731_2325453371_STOP256,0,0,0,0
3252963731_3277416907_STOP256,0,0,0,0
3255889293_2614140398_STOP828,0,0,0,0
3255889293_3255889294_STOP828,0,0,0,0
3255889294_7673353740_STOP828,0,0,0,0
3255889294_7673353742_STOP828,0,0,0,0
3255889295_2614140398_STOP361,0,0,0,0
3255889295_3255889294_STOP361,0,0,0,0
3256092261_25435352_STOP188,0,0,0,0
3256092261_25435352_STOP300,0,0,0,0
3256092261_25435352_STOP814,0,0,0,0
3256092261_29354883_STOP188,0,0,0,0
3256092261_29354883_STOP680,0,0,0,0
3269294963_25433670_STOP483,0,0,0,0
3269303931_11104754744_STOP483,0,0,0,0
3269303931_11149984612_STOP483,0,0,0,0
3269364717_11382550192_STOP576,0,0,0,0
3269364717_1666747518_STOP576,0,0,0,0
3269364718_10173603853_STOP576,0,0,0,0
3269364718_5369368116_STOP576,0,0,0,0
3269364722_11181678841_STOP576,0,0,0,0
3269364722_11181678841_STOP806,0,0,0,0
3269364726_10173603863_STOP576,0,0,0,0
3269364726_10173603863_STOP806,0,0,0,0
3269364726_25778195_STOP806,0,0,0,0
3269381709_7715326202_STOP576,0,0,0,0
3269381709_7715326202_STOP665,0,0,0,0
3269381709_7715326215_STOP665,0,0,0,0
3269381712_10101152064_STOP665,0,0,0,0
3269381712_5369325245_STOP665,0,0,0,0
3269421784_3269421786_STOP172,0,0,0,0
3269421784_7715289717_STOP172,0,0,0,0
3269421786_3269421787_STOP172,0,0,0,0
3269421787_10171865531_STOP172,0,0,0,0
3269421787_3269421789_STOP172,0,0,0,0
3269421789_1855697097_STOP172,0,0,0,0
3269421791_12862489543_STOP172,0,0,0,0
3269421791_9834956696_STOP172,0,0,0,0
3269421803_1855697149_STOP284,0,0,0,0
3269421803_9834956696_STOP172,0,0,0,0
3269421803_9834956696_STOP284,0,0,0,0
3269462129_1666714153_STOP51,0,0,0,0
3269462129_1666714153_STOP555,0,0,0,0
3269462129_1849960371_STOP51,0,0,0,0
3269462129_1849960371_STOP53,0,0,0,0
3269462129_2325451810_STOP51,0,0,0,0
3270228962_29354375_STOP678,0,0,0,0
3270228962_29354379_STOP678,0,0,0,0
3270416565_5332863119_STOP395,0,0,0,0
3270416565_6637693193_STOP395,0,0,0,0
3270416567_3270416565_STOP395,0,0,0,0
3270416567_3270416565_STOP503,0,0,0,0
3270416567_5392239245_STOP503,0,0,0,0
3270416574_2519403293_STOP504,0,0,0,0
3270416574_2519403293_STOP505,0,0,0,0
3270416574_302246829_STOP504,0,0,0,0
3270416574_3270416567_STOP296,0,0,0,0
3270416574_3270416567_STOP503,0,0,0,0
3270416574_3270416567_STOP504,0,0,0,0
3270416574_3270416567_STOP87,0,0,0,0
3270422962_5392239252_STOP219,0,0,0,0
3270422962_6637693188_STOP219,0,0,0,0
3270434503_2519403290_STOP505,0,0,0,0
3270434503_2519403293_STOP505,0,0,0,0
3270434503_3270416574_STOP504,0,0,0,0
3270434503_3270416574_STOP505,0,0,0,0
3270445561_11735248699_STOP637,0,0,0,0
3270445561_3270445564_STOP637,0,0,0,0
3270445562_11419915998_STOP90,0,0,0,0
3270445562_3270445564_STOP637,0,0,0,0
3270445562_3270445564_STOP90,0,0,0,0
3270445564_11735248699_STOP637,0,0,0,0
3270445564_3270445562_STOP637,0,0,0,0
3270445568_2519395099_STOP90,0,0,0,0
3270445568_2519398522_STOP90,0,0,0,0
3270445568_5394983543_STOP505,0,0,0,0
3270445568_5394983543_STOP90,0,0,0,0
3270489611_11419915997_STOP90,0,0,0,0
3270489611_3270489660_STOP90,0,0,0,0
3270489638_2519395099_STOP90,0,0,0,0
3270489638_2519403309_STOP451,0,0,0,0
3270489638_2519403309_STOP90,0,0,0,0
3270489638_5395315581_STOP90,0,0,0,0
3270489660_3270489611_STOP90,0,0,0,0
3271894417_2325451308_STOP626,0,0,0,0
3271894417_2493372404_STOP207,0,0,0,0
3271894417_2493372404_STOP626,0,0,0,0
3272226044_1667742500_STOP200,0,0,0,0
3272226044_1667742500_STOP439,0,0,0,0
3272226044_1667742500_STOP440,0,0,0,0
3272226044_1667742500_STOP830,0,0,0,0
3272226044_6615831437_STOP215,0,0,0,0
3272226044_6615831437_STOP440,0,0,0,0
3272226044_6615831437_STOP829,0,0,0,0
3272242233_5447158315_STOP20,0,0,0,0
3272299563_1108674456_STOP368,0,0,0,0
3272299563_1108674456_STOP460,0,0,0,0
3272299563_8123313717_STOP20,0,0,0,0
3272299563_8123313717_STOP368,0,0,0,0
3272299563_8123313717_STOP458,0,0,0,0
3272299563_8123313717_STOP459,0,0,0,0
3272299574_1914135257_STOP468,0,0,0,0
3272299574_1914135257_STOP595,0,0,0,0
3272299574_3272643957_STOP321,0,0,0,0
3272299574_3272643957_STOP333,0,0,0,0
3272299574_3272643957_STOP334,0,0,0,0
3272299574_3272643957_STOP595,0,0,0,0
3272299574_3272643957_STOP596,0,0,0,0
3272299574_5825176142_STOP595,0,0,0,0
3272344712_2500902327_STOP595,0,0,0,0
3272344712_5825176142_STOP595,0,0,0,0
3272350517_3272360369_STOP185,0,0,0,0
3272350517_3272360369_STOP319,0,0,0,0
3272350517_3272360369_STOP336,0,0,0,0
3272360369_389137494_STOP256,0,0,0,0
3272360369_389137494_STOP310,0,0,0,0
3272360369_389137494_STOP319,0,0,0,0
3272360369_6619012655_STOP319,0,0,0,0
3272360369_6619012655_STOP461,0,0,0,0
3272371131_2325414603_STOP185,0,0,0,0
3272371131_3272371137_STOP185,0,0,0,0
3272371131_3272371137_STOP275,0,0,0,0
3272371137_2325414603_STOP275,0,0,0,0
3272371137_3110265322_STOP228,0,0,0,0
3272371137_3110265322_STOP275,0,0,0,0
3272371137_3110265322_STOP310,0,0,0,0
3272371137_3272350517_STOP185,0,0,0,0
3272371137_3272350517_STOP275,0,0,0,0
3272376483_2325414606_STOP185,0,0,0,0
3272376483_3272376486_STOP185,0,0,0,0
3272376486_2325414606_STOP185,0,0,0,0
3272376486_6428110632_STOP185,0,0,0,0
3272376486_6428110632_STOP186,0,0,0,0
3272376486_6428110632_STOP336,0,0,0,0
3272376486_9973785684_STOP185,0,0,0,0
3272382561_10134513808_STOP121,0,0,0,0
3272382561_3272382565_STOP121,0,0,0,0
3272382565_5862690001_STOP121,0,0,0,0
3272382565_5862690001_STOP157,0,0,0,0
3272382565_5862690001_STOP374,0,0,0,0
3272382566_10125575435_STOP121,0,0,0,0
3272382566_3272382569_STOP121,0,0,0,0
3272382569_10043935231_STOP121,0,0,0,0
3272384461_10134513809_STOP121,0,0,0,0
3272384461_10816174969_STOP121,0,0,0,0
3272539236_2325452885_STOP343,0,0,0,0
3272539236_3272539241_STOP343,0,0,0,0
3272539236_3272539241_STOP382,0,0,0,0
3272539241_5862588301_STOP316,0,0,0,0
3272539241_5862588301_STOP382,0,0,0,0
3272539241_5862588301_STOP383,0,0,0,0
3272542984_11369837179_STOP108,0,0,0,0
3272542984_5355765057_STOP108,0,0,0,0
3272542984_5355765057_STOP157,0,0,0,0
3272542984_5355765057_STOP271,0,0,0,0
3272542984_5355765057_STOP390,0,0,0,0
3272542989_10186688804_STOP108,0,0,0,0
3272542990_11369837181_STOP108,0,0,0,0
3272542990_11369837186_STOP108,0,0,0,0
3272563961_2325452883_STOP343,0,0,0,0
3272563961_3272563966_STOP343,0,0,0,0
3272563966_5348422779_STOP314,0,0,0,0
3272563966_5348422779_STOP315,0,0,0,0
3272563966_5348422779_STOP343,0,0,0,0
3272566403_11181449057_STOP270,0,0,0,0
3272566403_3272566410_STOP270,0,0,0,0
3272566410_5355897677_STOP258,0,0,0,0
3272569143_7713266582_STOP226,0,0,0,0
3272569143_7713266582_STOP270,0,0,0,0
3272574294_6618370830_STOP131,0,0,0,0
3272575990_1777901448_STOP412,0,0,0,0
3272575990_1777901448_STOP644,0,0,0,0
3272575990_1777901448_STOP645,0,0,0,0
3272578338_10184467579_STOP131,0,0,0,0
3272578338_10239511223_STOP131,0,0,0,0
3272588432_12986852699_STOP746,0,0,0,0
3272588432_12986852699_STOP747,0,0,0,0
3272588432_12986852699_STOP748,0,0,0,0
3272588432_12986852699_STOP749,0,0,0,0
3272588432_8979186743_STOP746,0,0,0,0
3272589082_3272599105_STOP254,0,0,0,0
3272589082_3272599105_STOP706,0,0,0,0
3272599105_11181448954_STOP254,0,0,0,0
3272599105_3272599108_STOP254,0,0,0,0
3272599108_11181448954_STOP254,0,0,0,0
3272599108_2607816746_STOP254,0,0,0,0
3272599108_2607816746_STOP571,0,0,0,0
3272599108_2607816746_STOP572,0,0,0,0
3272599108_2607816746_STOP580,0,0,0,0
3272599108_3272604915_STOP254,0,0,0,0
3272604915_9832971270_STOP254,0,0,0,0
3272604915_9832971270_STOP435,0,0,0,0
3272604915_9832971270_STOP572,0,0,0,0
3272643957_2614138810_STOP333,0,0,0,0
3272643957_8123304890_STOP333,0,0,0,0
3272653270_8123304890_STOP229,0,0,0,0
3272653270_8123304891_STOP229,0,0,0,0
3272660513_3272660519_STOP363,0,0,0,0
3272660513_3272660524_STOP363,0,0,0,0
3272660519_7709492203_STOP363,0,0,0,0
3272660519_7709492203_STOP442,0,0,0,0
3272660524_5406559329_STOP363,0,0,0,0
3272660524_7673681627_STOP142,0,0,0,0
3272660524_7673681627_STOP148,0,0,0,0
3272660524_7673681627_STOP362,0,0,0,0
3272660524_7673681627_STOP363,0,0,0,0
3272660524_7673681627_STOP451,0,0,0,0
3272670869_3272670870_STOP362,0,0,0,0
3272670869_3272670872_STOP142,0,0,0,0
3272670869_3272670872_STOP362,0,0,0,0
3272670870_3272670871_STOP142,0,0,0,0
3272670870_3272670871_STOP362,0,0,0,0
3272670871_2325453481_STOP142,0,0,0,0
3272670871_2325453481_STOP363,0,0,0,0
3272670871_3272670872_STOP142,0,0,0,0
3272670872_1856650991_STOP142,0,0,0,0
3272680714_3272680717_STOP362,0,0,0,0
3272680714_3272680717_STOP451,0,0,0,0
3272680714_3272680726_STOP451,0,0,0,0
3272680717_3862534575_STOP362,0,0,0,0
3272680725_3272680717_STOP362,0,0,0,0
3272680725_3272680726_STOP362,0,0,0,0
3272680726_3272670869_STOP362,0,0,0,0
3272708317_3244221167_STOP827,0,0,0,0
3272708317_3272708318_STOP827,0,0,0,0
3272708318_3272725787_STOP240,0,0,0,0
3272708318_3272725787_STOP827,0,0,0,0
3272718018_1664487744_STOP452,0,0,0,0
3272718018_1664487744_STOP604,0,0,0,0
3272718018_1664487744_STOP605,0,0,0,0
3272718018_7673353744_STOP359,0,0,0,0
3272718018_7673353744_STOP452,0,0,0,0
3272722525_12013198365_STOP403,0,0,0,0
3272722527_3272722528_STOP403,0,0,0,0
3272722527_6640711589_STOP141,0,0,0,0
3272722527_6640711589_STOP403,0,0,0,0
3272722528_11549667668_STOP403,0,0,0,0
3272722528_8456621393_STOP403,0,0,0,0
3272725787_3272725789_STOP240,0,0,0,0
3272725787_9327097034_STOP240,0,0,0,0
3272725789_8456621396_STOP240,0,0,0,0
3272727739_6380243449_STOP358,0,0,0,0
3272727739_6380244014_STOP358,0,0,0,0
3272727747_9544806499_STOP357,0,0,0,0
3272727747_9544806503_STOP357,0,0,0,0
3272727748_3272727747_STOP357,0,0,0,0
3272727748_6640792414_STOP267,0,0,0,0
3272727748_6640792414_STOP357,0,0,0,0
3272728568_6615995650_STOP403,0,0,0,0
3274608590_12819917454_STOP54,0,0,0,0
3274608590_30236624_STOP54,0,0,0,0
3274608590_30236624_STOP639,0,0,0,0
3274608591_12819917454_STOP54,0,0,0,0
3274608591_30236636_STOP54,0,0,0,0
3274608591_30236636_STOP542,0,0,0,0
3274608591_30236636_STOP638,0,0,0,0
3274608591_5374108596_STOP527,0,0,0,0
3274608591_5374108596_STOP54,0,0,0,0
3274608591_5374108596_STOP542,0,0,0,0
3274678437_2325451298_STOP627,0,0,0,0
3274678437_2325451308_STOP626,0,0,0,0
3274678437_2325451308_STOP627,0,0,0,0
3277353718_3277353721_STOP411,0,0,0,0
3277353718_3277353722_STOP411,0,0,0,0
3277353721_389140807_STOP411,0,0,0,0
3277353721_389140807_STOP544,0,0,0,0
3277353722_1777901379_STOP411,0,0,0,0
3277353722_1777901457_STOP411,0,0,0,0
3277363480_12606352975_STOP620,0,0,0,0
3277363480_1849525974_STOP144,0,0,0,0
3277363480_1849525974_STOP299,0,0,0,0
3277363480_1849525974_STOP620,0,0,0,0
3277363480_1849525974_STOP648,0,0,0,0
3277363480_3277363483_STOP299,0,0,0,0
3277363480_3277363483_STOP620,0,0,0,0
3277363483_3374033502_STOP144,0,0,0,0
3277363483_3374033502_STOP299,0,0,0,0
3277363483_3374033502_STOP648,0,0,0,0
3277416899_2746818986_STOP256,0,0,0,0
3277416899_3277416907_STOP256,0,0,0,0
3277416899_389137494_STOP256,0,0,0,0
3277416907_2746818952_STOP256,0,0,0,0
3277416907_3252963731_STOP256,0,0,0,0
3277416907_3277416899_STOP256,0,0,0,0
3277449482_2439053883_STOP63,0,0,0,0
3277449482_3376669072_STOP63,0,0,0,0
3277469066_13648191536_STOP163,0,0,0,0
3277469066_1857160790_STOP160,0,0,0,0
3277469066_1857160790_STOP163,0,0,0,0
3277871561_2520759347_STOP147,0,0,0,0
3277871564_25432860_STOP147,0,0,0,0
3277871564_3277871561_STOP147,0,0,0,0
3277871565_25435152_STOP147,0,0,0,0
3277871566_3277871565_STOP249,0,0,0,0
3277871566_5391666890_STOP249,0,0,0,0
3277871570_5391666891_STOP147,0,0,0,0
3277871570_5391666897_STOP147,0,0,0,0
3277871574_2325452126_STOP147,0,0,0,0
3277871574_5391666889_STOP147,0,0,0,0
3277871582_1849525950_STOP89,0,0,0,0
3277871582_7642312005_STOP89,0,0,0,0
3277874415_10167417684_STOP253,0,0,0,0
3277874415_3277874431_STOP252,0,0,0,0
3277874415_3277874431_STOP253,0,0,0,0
3277874424_8418013666_STOP252,0,0,0,0
3277874424_8418013666_STOP253,0,0,0,0
3277874425_11181354932_STOP435,0,0,0,0
3277874425_3277874427_STOP435,0,0,0,0
3277874427_2325452552_STOP435,0,0,0,0
3277874428_11181354936_STOP252,0,0,0,0
3277874428_3277874430_STOP252,0,0,0,0
3277874430_9832971266_STOP435,0,0,0,0
3277874431_11181354935_STOP252,0,0,0,0
3277874431_3277874434_STOP252,0,0,0,0
3277874434_5395151866_STOP252,0,0,0,0
3277874434_5395151866_STOP253,0,0,0,0
3277874434_5395151866_STOP522,0,0,0,0
3277874434_5395151866_STOP557,0,0,0,0
3277874434_5395151866_STOP573,0,0,0,1
3277874434_5395151866_STOP728,0,0,0,0
3277874434_5395151866_STOP729,0,0,0,0
3277874434_5395151866_STOP730,0,0,0,0
3277874434_5395151866_STOP731,0,0,0,0
3277883741_1837401655_STOP111,0,0,0,0
3277883741_1837401655_STOP224,0,0,0,0
3277883741_1837401655_STOP259,0,0,0,0
3277883741_1837401655_STOP590,0,0,0,0
3277883745_10771913957_STOP21,0,0,0,0
3277883745_11181449059_STOP21,0,0,0,0
3277891124_1837401667_STOP500,0,0,0,0
3277891124_7540370583_STOP500,0,0,0,0
3278000648_10288977250_STOP831,0,0,0,0
3278000648_3376282078_STOP831,0,0,0,0
3278023496_11041545702_STOP449,0,0,0,0
3278023496_3278023523_STOP211,0,0,0,0
3278023496_3278023523_STOP214,0,0,0,0
3278023496_3278023523_STOP35,0,0,0,0
3278023496_3278023523_STOP448,0,0,0,0
3278023496_3278023523_STOP449,0,0,0,0
3278023496_3278023523_STOP839,0,0,0,0
3278023496_3278023523_STOP840,0,0,0,0
3278023496_5392239227_STOP218,0,0,0,0
3278023496_5392239227_STOP449,0,0,0,0
3278023523_3278023496_STOP211,0,0,0,0
3278023523_3278023496_STOP214,0,0,0,0
3278023523_3278023496_STOP35,0,0,0,0
3278023523_3278023496_STOP448,0,0,0,0
3278023523_3278023496_STOP449,0,0,1,0
3278023523_3278023496_STOP839,0,0,0,0
3278023523_3278023496_STOP840,0,0,0,0
3278023523_7698632127_STOP35,0,0,0,0
3278058148_10173744442_STOP562,0,0,0,0
3278058148_12809507139_STOP562,0,0,0,0
3278058148_1849525862_STOP155,0,0,0,0
3278058148_1849525862_STOP559,0,0,0,0
3278058148_1849525862_STOP562,0,0,0,0
3278058148_1849525862_STOP577,0,0,0,0
3278061603_29434777_STOP796,0,0,0,0
3278061603_6470065668_STOP796,0,0,0,0
3278061603_6470065668_STOP797,0,0,0,0
3278061604_12806120213_STOP545,0,0,0,0
3278061604_12806120213_STOP794,0,0,0,0
3278061604_12806120213_STOP795,0,0,0,0
3278061604_5360355190_STOP545,0,0,0,0
3359249111_2519403309_STOP142,0,0,0,0
3359249111_2519403309_STOP211,0,0,0,0
3359249111_2519403309_STOP214,0,0,0,0
3359249111_2519403309_STOP442,0,0,0,0
3359249111_2519403309_STOP451,0,0,0,0
3359249111_2519403309_STOP839,0,0,0,0
3359249111_2519403309_STOP90,0,0,0,0
3359249111_7137977722_STOP214,0,0,0,0
3359249111_7631660258_STOP211,0,0,0,0
3359249111_7631660258_STOP214,0,0,0,0
3374026391_1849525906_STOP236,0,0,0,0
3374026391_1849525906_STOP31,0,0,0,0
3374026391_1849526022_STOP236,0,0,0,0
3374026391_1849526022_STOP237,0,0,0,0
3374026391_1849526022_STOP238,0,0,0,0
3374026391_1849526022_STOP372,0,0,0,0
3374026391_2036066796_STOP236,0,0,0,0
3374033494_5334486782_STOP683,0,0,0,0
3374033494_5360090928_STOP683,0,0,0,0
3374033499_12096324721_STOP293,0,0,0,0
3374033499_12096324721_STOP341,0,0,0,0
3374033499_3375103669_STOP293,0,0,0,0
3374033499_3375103669_STOP339,0,0,0,0
3374033499_3375103669_STOP701,0,0,0,0
3374033502_1849525885_STOP144,0,0,0,0
3374033502_1849525974_STOP144,0,0,0,0
3375103669_2325452463_STOP297,0,0,0,0
3375103669_2325452463_STOP702,0,0,0,0
3375103669_25433463_STOP339,0,0,0,0
3375103669_25433463_STOP410,0,0,0,0
3375103669_25433463_STOP659,0,0,0,0
3375103669_25433463_STOP702,0,0,0,0
3376282077_2325451810_STOP555,0,0,0,0
3376282077_6445031498_STOP555,0,0,0,0
3376282077_6445031498_STOP73,0,0,0,0
3376282078_5825223577_STOP831,0,0,0,0
3376282078_7698632126_STOP35,0,0,0,0
3376282078_7698632126_STOP831,0,0,0,0
3376669072_2439053889_STOP63,0,0,0,0
3376669092_1900221438_STOP170,0,0,0,0
3376669092_1900221438_STOP480,0,0,0,0
3376669092_1900221438_STOP482,0,0,0,0
3376669092_1900221438_STOP64,0,0,0,0
3376669092_29358830_STOP170,0,0,0,0
3376673094_3376669092_STOP170,0,0,0,0
3376673094_3376669092_STOP66,0,0,0,0
3376673108_6627215624_STOP473,0,0,0,0
3376673108_6627215624_STOP538,1,13000.0,0,0
3376673108_6627215624_STOP69,0,0,0,2
3380407826_2518040289_STOP402,0,0,0,0
3380407826_2518040289_STOP422,0,0,0,0
3380407826_3007950794_STOP205,0,0,0,0
3380407826_3007950794_STOP402,0,0,0,0
3380407826_3007950794_STOP422,0,0,0,0
3380407826_3007950794_STOP426,0,0,0,0
3380407826_3007950794_STOP427,0,0,0,0
3380407826_4191858105_STOP422,0,0,0,0
3380407826_4191858105_STOP532,0,0,0,0
3380407826_4191858105_STOP534,0,0,0,0
3380407826_6382216825_STOP240,0,0,0,0
3380407826_6382216825_STOP422,0,0,0,0
3383341287_6485352110_STOP381,0,0,0,0
3383341288_25446374_STOP338,0,0,0,0
3383341288_25446374_STOP381,0,0,0,0
3383341288_3383341287_STOP381,0,0,0,0
3419778702_1857160470_STOP537,0,0,0,0
3419778702_1857160826_STOP140,0,0,0,0
3419778702_1857160826_STOP326,0,0,0,0
3419778702_1857160826_STOP38,0,0,0,0
3419778702_1857160826_STOP537,0,0,0,0
3445438782_29380518_STOP802,0,0,0,0
3445438782_29380518_STOP803,0,0,0,0
3445438782_3115501961_STOP497,0,0,0,0
3445438782_3115501961_STOP498,0,0,0,0
3445438782_3115501961_STOP803,0,0,0,0
3445438782_5342143067_STOP803,0,0,0,0
3445469505_2604179154_STOP136,0,0,0,0
3445469505_2604179154_STOP813,0,0,0,0
3445469505_29377395_STOP136,0,0,0,0
3445469505_29377395_STOP180,0,0,0,0
3445469505_29377395_STOP602,0,0,0,0
3445484564_9167350228_STOP282,0,0,0,0
3445557996_2628296773_STOP773,0,0,0,0
3445557996_29377395_STOP136,0,0,0,0
3445557996_29377395_STOP773,0,0,0,0
3445557996_29377395_STOP777,0,0,0,0
3448592238_1982777430_STOP198,0,0,0,0
3448592238_1982777430_STOP642,0,0,0,0
3472154933_5458564731_STOP324,0,0,0,0
3472154933_6411839583_STOP324,0,0,0,0
3472154933_6411839583_STOP330,0,0,0,0
35131375_4427752883_STOP230,0,0,0,0
35131375_4427752883_STOP424,0,0,0,0
35131598_2634710039_STOP230,0,0,0,0
35131598_665709306_STOP204,0,0,0,0
35131598_665709306_STOP230,0,0,0,0
35131598_665709306_STOP379,0,0,0,0
35131598_665709306_STOP425,0,0,0,0
35131598_665709306_STOP6,0,0,0,0
35135537_12806309258_STOP419,0,0,0,0
35135537_12806309258_STOP420,0,0,0,0
35135537_12806309258_STOP421,0,0,0,0
35135537_12806309258_STOP640,0,0,0,0
35135537_12806309258_STOP93,0,0,0,0
35135537_12806309258_STOP94,0,0,0,0
35135537_2477126866_STOP93,0,0,0,0
35136034_11594016904_STOP16,0,0,0,0
35136034_303034652_STOP16,0,0,0,0
35136034_303034652_STOP206,0,0,0,0
35136034_303034652_STOP380,0,0,0,0
35136034_303034652_STOP641,0,0,0,0
35136034_303034652_STOP96,0,0,0,0
35137788_6412357745_STOP540,0,0,0,0
35137789_35137788_STOP540,0,0,0,0
35137789_6412357738_STOP540,0,0,0,0
35137789_9379377313_STOP117,0,0,0,0
35137789_9379377313_STOP540,0,0,0,0
35138338_6411536102_STOP330,0,0,0,0
35138338_6411536102_STOP331,0,0,0,0
35138338_6411536102_STOP718,0,0,0,0
35138415_35138416_STOP117,0,0,0,0
35138416_12692226647_STOP117,0,0,0,0
35138416_35138723_STOP117,0,0,0,0
35138416_35138723_STOP400,0,0,0,0
35138416_35138723_STOP715,0,0,0,0
35138723_12813271265_STOP715,0,0,0,0
35138723_35138416_STOP117,0,0,0,0
35138723_35138416_STOP400,0,0,0,0
35138723_35138416_STOP715,0,0,0,0
35138922_35138923_STOP371,0,0,0,0
35138922_5460962097_STOP371,0,0,0,0
35138923_12339301139_STOP371,0,0,0,0
35138923_35138922_STOP371,0,0,0,0
35138923_5355867147_STOP141,0,0,0,0
35138923_5355867147_STOP371,0,0,0,0
364328701_11028882122_STOP786,0,0,0,0
364328701_6673594562_STOP785,0,0,0,0
364328701_6673594562_STOP786,0,0,0,0
364363786_11176912846_STOP193,0,0,0,0
364363786_1916791843_STOP193,0,0,0,0
364363786_1916791843_STOP643,0,0,0,0
364363786_1916791843_STOP678,0,0,0,0
364363786_1916791843_STOP832,0,0,0,0
364363786_1916791843_STOP833,0,0,0,0
364364130_2325451300_STOP483,0,0,0,0
364364130_25433677_STOP483,0,0,0,0
364365251_2325451853_STOP485,0,0,0,0
364365279_364365251_STOP485,0,0,0,0
364365279_364365320_STOP485,0,0,0,0
364365320_2439053868_STOP485,0,0,0,0
364365320_364365251_STOP485,0,0,0,0
364365556_2439023829_STOP292,0,0,0,0
364365556_5358212417_STOP292,0,0,0,0
364365905_3977886808_STOP549,0,0,0,0
364365905_6442968672_STOP192,0,0,0,0
364365905_6442968672_STOP549,0,0,0,0
3862534572_3272680725_STOP362,0,0,0,0
3862534575_3862534572_STOP362,0,0,0,0
3862534575_3869649891_STOP362,0,0,0,0
3869649891_3862534572_STOP362,0,0,0,0
3869649891_6412357745_STOP362,0,0,0,0
3869649891_6412357745_STOP540,0,0,0,0
389137494_3248886992_STOP256,0,0,0,0
389137494_3272360369_STOP256,0,0,0,0
389137494_3272360369_STOP310,0,0,0,0
389137494_3272360369_STOP319,0,0,0,0
389137494_3277416899_STOP256,0,0,0,0
389140807_30602861_STOP544,0,0,0,0
389140807_30602861_STOP60,0,0,0,0
389140807_30602861_STOP796,0,0,0,0
389140807_3110090805_STOP544,0,0,0,0
389140807_3110090805_STOP60,0,0,0,0
3977886808_29352423_STOP549,0,0,0,0
3977886808_3977886810_STOP549,0,0,0,0
3977886810_10793101435_STOP292,0,0,0,0
3977886810_10793101435_STOP415,0,0,0,0
3977886810_10793101435_STOP549,0,0,0,0
4118981192_4123953208_STOP453,0,0,0,0
4118981192_4123953208_STOP532,0,0,0,0
4118981192_4123953208_STOP606,0,0,0,0
4118981192_7284124068_STOP452,0,0,0,0
4118981192_7284124068_STOP453,0,0,0,0
4118981192_7284124068_STOP606,0,0,0,0
4123941899_4123941917_STOP828,0,0,0,0
4123941899_4123941917_STOP90,0,0,0,0
4123941899_5395315581_STOP90,0,0,0,0
4123941899_6395246196_STOP90,0,0,0,0
4123941917_4123941899_STOP828,0,0,0,0
4123941917_4123941899_STOP90,0,0,0,0
4123941917_4123953208_STOP532,0,0,0,0
4123941917_4123953208_STOP606,0,0,0,0
4123941917_4123953208_STOP828,0,0,0,0
4123941917_4123957908_STOP451,0,0,0,0
4123941917_4123957908_STOP828,0,0,0,0
4123953208_4118981192_STOP453,0,0,0,0
4123953208_4118981192_STOP532,0,0,0,0
4123953208_4118981192_STOP606,0,0,0,0
4123953208_4123941917_STOP532,0,0,0,0
4123953208_4123941917_STOP606,0,0,0,0
4123953208_4123941917_STOP828,0,0,0,0
4123953208_5348482654_STOP532,0,0,0,0
4123957908_2519403309_STOP451,0,0,0,0
4123957908_4123941917_STOP451,0,0,0,0
4123957908_4123941917_STOP828,0,0,0,0
4123957908_4123963983_STOP148,0,0,0,0
4123957908_4123963983_STOP451,0,0,0,0
4123963983_4123957908_STOP148,0,0,0,0
4123963983_4123957908_STOP451,0,0,0,0
4123963983_7132452340_STOP148,0,0,0,0
4123963983_7132452340_STOP828,0,0,0,0
4140347904_4141587843_STOP324,0,0,0,0
4140347904_5458564731_STOP324,0,0,0,0
4141587843_12813271261_STOP324,0,0,0,0
4141587843_12813271261_STOP330,0,0,0,0
4141587843_12813271261_STOP5,0,0,0,0
4141587843_4140347904_STOP324,0,0,0,0
4146694789_1107494473_STOP49,0,0,0,0
4146694789_1107494473_STOP737,0,0,0,0
4146694789_1107494473_STOP738,0,0,0,0
4146694789_1107494473_STOP739,0,0,0,0
4146694789_1107494473_STOP740,0,0,0,0
4146694789_29489323_STOP49,0,0,0,0
4146694789_29489323_STOP570,0,0,0,0
4146694789_29489330_STOP49,0,0,0,0
4146694789_29489330_STOP50,0,0,0,0
4146694789_29489330_STOP574,0,0,0,0
4146694789_29489330_STOP734,0,0,0,0
4146694789_29489330_STOP736,0,0,0,0
4146694789_29489330_STOP737,0,0,0,0
4169236625_29356964_STOP337,0,0,0,0
4169236625_7298267086_STOP337,0,0,0,0
4183530883_4183530886_STOP532,0,0,0,0
4183530883_4183530886_STOP533,0,0,0,0
4183530883_4183530886_STOP534,0,0,0,0
4183530883_4183530886_STOP720,0,0,0,0
4183530883_4191858105_STOP532,0,0,0,0
4183530883_5348482654_STOP532,0,0,0,0
4183530886_11310497696_STOP720,0,0,0,0
4183530886_2477132808_STOP531,0,0,0,0
4183530886_2477132808_STOP533,0,0,0,0
4183530886_2477132808_STOP720,0,0,0,0
4183530886_4183530883_STOP532,0,0,0,0
4183530886_4183530883_STOP533,0,0,0,0
4183530886_4183530883_STOP534,0,0,0,0
4183530886_4183530883_STOP720,0,0,0,0
4191858105_3380407826_STOP422,0,0,0,0
4191858105_3380407826_STOP532,0,0,0,0
4191858105_3380407826_STOP534,0,0,0,0
4191858105_4183530883_STOP532,0,0,0,0
4191858105_4191858159_STOP422,0,0,0,0
4191858105_4191858159_STOP532,0,0,0,0
4191858105_4191858159_STOP826,0,0,0,0
4191858159_4191858105_STOP422,0,0,0,0
4191858159_4191858105_STOP532,0,0,0,0
4191858159_4191858105_STOP826,0,0,0,0
4191858159_7132472251_STOP826,0,0,0,0
4191858159_7132472251_STOP827,0,0,0,0
4258557080_1108653643_STOP501,0,0,0,0
4258557080_1108653643_STOP703,0,0,0,0
4258557080_25435214_STOP703,0,0,0,0
4262068495_320093962_STOP150,0,0,0,0
4262068495_320094027_STOP150,0,0,0,0
4375366198_29356737_STOP349,0,0,0,0
4375366198_29356737_STOP392,0,0,0,0
4375366198_29356737_STOP592,0,0,0,0
4375366198_29356737_STOP630,0,0,0,0
4375366198_29377839_STOP630,0,0,0,0
4376716070_1837401675_STOP199,0,0,0,0
4376716070_1837401675_STOP277,0,0,0,0
4376716070_1837401675_STOP437,0,0,0,0
4376877443_1658919899_STOP353,0,0,0,0
4376877443_1658919899_STOP64,0,0,0,0
4376877443_1900221414_STOP482,0,0,0,0
4376877443_1900221414_STOP64,0,0,0,0
4427752879_35131375_STOP230,0,0,0,0
4427752879_35131375_STOP424,0,0,0,0
4427752879_4427752883_STOP230,0,0,0,0
4427752883_12806516351_STOP230,0,0,0,0
4434330182_1837401665_STOP301,0,0,1,0
4434330182_4434330186_STOP301,0,0,0,0
4434330186_5354169655_STOP301,0,0,0,0
4434330186_5354169655_STOP841,0,0,2,0
4434330589_3277883741_STOP224,0,0,0,0
4434330589_6443280179_STOP224,0,0,0,0
4620173045_12806309251_STOP100,0,0,0,0
4620173045_12806309251_STOP380,0,0,0,0
4620173045_12806309251_STOP93,0,0,0,0
4620173045_2477130409_STOP380,0,0,0,0
4620173045_303034652_STOP380,0,0,0,0
479733030_319706490_STOP19,0,0,0,0
4854744076_2325451719_STOP84,0,0,0,0
5042411985_2500902317_STOP334,0,0,0,0
5042411985_3115157727_STOP334,0,0,0,0
5205570048_29489421_STOP529,0,0,0,0
5205570048_29489421_STOP57,0,0,0,0
5205570048_29489421_STOP621,0,0,0,0
5205570048_29489421_STOP623,0,0,0,0
5205570048_5205570053_STOP621,0,0,0,0
5205570048_5408954334_STOP621,0,0,0,0
5205570053_2477161772_STOP208,0,0,0,0
5205570053_2477161772_STOP209,0,0,0,0
5205570053_2477161772_STOP623,0,0,0,0
5205570053_2477161772_STOP624,0,0,0,0
5205570053_2477161772_STOP625,0,0,0,0
5205570053_5408954334_STOP621,0,0,0,0
5205570053_5408954334_STOP623,0,0,0,0
5269229741_3272299563_STOP368,0,0,0,0
5269229741_5444644720_STOP368,0,0,0,0
5269229741_5444644720_STOP460,0,0,0,0
5278840351_2012498697_STOP77,0,0,0,0
5278840351_2012498697_STOP78,0,0,0,0
5278840351_25433686_STOP474,0,0,0,0
5278840351_25433686_STOP77,0,0,0,0
5293711619_13713992504_STOP669,0,0,0,0
5293711619_13713992504_STOP805,0,0,0,0
5293711619_7190149301_STOP669,0,0,0,0
5293786192_2519917284_STOP575,0,0,0,0
5330289517_5447158246_STOP118,0,0,0,0
5330289517_6609265322_STOP118,0,0,0,0
5332863119_12633822765_STOP395,0,0,0,0
5332863130_1849960008_STOP216,0,0,0,0
5332863130_1849960008_STOP217,0,0,0,0
5332863130_1849960008_STOP612,0,0,0,0
5332863130_1849960008_STOP636,0,0,0,0
5332863130_1849960008_STOP843,0,0,0,0
5334388842_25433686_STOP242,0,0,0,0
5334388842_25433686_STOP475,0,0,0,0
5334388842_25447004_STOP242,0,0,0,0
5334388857_1108586472_STOP373,0,0,0,0
5334388857_1849528721_STOP373,0,0,0,0
5334388861_1658919856_STOP353,0,0,0,0
5334486782_32042327_STOP340,0,0,0,0
5334486782_32042327_STOP683,0,0,0,0
5334558654_1108586472_STOP238,0,0,0,0
5334558654_1108586472_STOP373,0,0,0,0
5334558654_1108586472_STOP578,0,0,0,0
5334558654_29359719_STOP578,0,0,0,0
5334558654_9755546377_STOP578,0,0,0,0
5340138155_1658976883_STOP353,0,0,0,0
5340138155_2012565708_STOP353,0,0,0,0
5344074236_3445484564_STOP282,0,0,0,0
5344074236_9167350227_STOP282,0,0,0,0
5344074239_3245886198_STOP281,0,0,0,0
5344074239_9167367930_STOP281,0,0,0,0
5346161426_13239081325_STOP90,0,0,0,0
5346161426_2477130742_STOP90,0,0,0,0
5346593290_1911634996_STOP280,0,0,0,0
5346593290_1911634996_STOP375,0,0,1,0
5346593290_5495698458_STOP280,0,0,0,0
5348422777_5354169652_STOP314,0,0,0,0
5348422777_5354169652_STOP841,0,0,0,0
5348422779_2325452720_STOP314,0,0,0,0
5348422779_5348422777_STOP314,0,0,0,0
5348482654_2477132814_STOP532,0,0,0,0
5348482654_2477132814_STOP533,0,0,0,0
5348482654_2477132814_STOP534,0,0,0,0
5348482654_2477132814_STOP98,0,0,0,0
5348482654_4123953208_STOP532,0,0,0,0
5348482654_4183530883_STOP532,0,0,0,0
5348638990_3252877763_STOP384,0,0,0,0
5348639847_10125360885_STOP108,0,0,0,0
5348639876_29489290_STOP135,0,0,0,0
5348639876_5487734505_STOP135,0,0,0,0
5348748819_5348748820_STOP271,0,0,0,0
5348748819_5862690000_STOP157,0,0,0,0
5348748819_5862690000_STOP271,0,0,0,0
5348748820_5348748819_STOP271,0,0,0,0
5348748820_5862690014_STOP271,0,0,0,0
5348770323_1014722257_STOP22,0,0,0,0
5348770323_1014722257_STOP227,0,0,0,0
5348770323_1014722257_STOP593,0,0,0,0
5348770323_10771913958_STOP227,0,0,0,0
5348770323_10771913958_STOP270,0,0,0,0
5348770388_6619012656_STOP119,0,0,0,0
5348770388_6619012656_STOP389,0,0,0,0
5348770388_6619012656_STOP461,0,0,0,0
5348770388_6631082518_STOP389,0,0,0,0
5353615188_1658919856_STOP353,0,0,0,0
5353615188_1658919856_STOP72,0,0,0,0
5353724829_5340138155_STOP353,0,0,0,0
5353724829_7111571825_STOP353,0,0,0,0
5353894751_6380244015_STOP535,0,0,0,0
5353894751_7284403249_STOP535,0,0,0,0
5353900365_3115157726_STOP335,0,0,0,0
5353900365_5458167263_STOP335,0,0,0,0
5353900365_5847788420_STOP335,0,0,0,0
5353900965_5353901420_STOP256,0,0,0,0
5353900965_5353901420_STOP461,0,0,0,0
5353900965_5353901420_STOP644,0,0,0,0
5353900965_5360254305_STOP644,0,0,0,0
5353901420_5353900965_STOP256,0,0,0,0
5353901420_5353900965_STOP461,0,0,0,0
5353901420_5353900965_STOP644,0,0,0,0
5353901420_5360254305_STOP256,0,0,0,0
5353901420_5360254305_STOP461,0,0,0,0
5353901420_5360254305_STOP644,0,0,0,0
5353901420_5397556729_STOP120,0,0,0,0
5353901420_5397556729_STOP389,0,0,0,0
5353901420_5397556729_STOP461,0,0,0,0
5353901439_10187187001_STOP120,0,0,0,0
5353901439_5482193900_STOP120,0,0,0,0
5353902321_10166777280_STOP139,0,0,0,0
5353902321_5353902328_STOP139,0,0,0,0
5353902327_5353902321_STOP139,0,0,0,0
5353902328_5353902327_STOP139,0,0,0,0
5353902328_5490125457_STOP139,0,0,0,0
5353902572_13413840425_STOP463,0,0,0,0
5353902572_5490125456_STOP139,0,0,0,0
5353902572_5490125456_STOP463,0,0,0,0
5353902840_5353902843_STOP198,0,0,0,0
5353902840_5487599496_STOP198,0,0,0,0
5353902843_5487650882_STOP198,0,0,0,0
5353902843_9253047317_STOP198,0,0,0,0
5353902926_29489276_STOP385,0,0,0,0
5353902926_6468977370_STOP121,0,0,0,0
5353902926_6468977370_STOP198,0,0,1,0
5353902926_6468977370_STOP385,0,0,0,0
5353902941_1014722675_STOP22,0,0,0,0
5353902941_1014722675_STOP226,0,0,0,0
5353902941_1014722675_STOP607,0,0,0,0
5353902941_3110265315_STOP22,0,0,0,0
5353902941_3110265315_STOP593,0,0,0,0
5354169648_1911634983_STOP375,0,0,0,0
5354169648_1911634983_STOP841,0,0,0,0
5354169648_7624564242_STOP841,0,0,0,0
5354169650_6475102309_STOP279,0,0,0,0
5354169650_6475102309_STOP841,0,0,0,0
5354169652_2325452491_STOP841,0,0,1,0
5354169652_5354169648_STOP841,0,0,0,0
5354169655_2325452490_STOP841,0,0,0,0
5354169655_5354169657_STOP841,0,0,0,0
5354169657_1911634930_STOP109,0,0,0,26
5354169657_1911634930_STOP223,0,0,0,0
5354169657_1911634930_STOP278,0,0,0,0
5354169657_1911634930_STOP841,0,0,0,0
5354169657_7624564243_STOP841,0,0,0,0
5354169659_5354191264_STOP314,0,0,0,0
5354169659_5354191264_STOP841,0,0,1,0
5354191258_2325452855_STOP158,0,0,0,0
5354191258_2325452855_STOP314,0,0,0,0
5354191261_2325452722_STOP314,0,0,0,0
5354191261_5354191258_STOP314,0,0,0,0
5354191262_2325452718_STOP314,0,0,0,0
5354191264_2325452719_STOP314,0,0,0,0
5354191264_5354191262_STOP314,0,0,0,0
5354191266_2325453511_STOP158,0,0,0,0
5354191266_2325453511_STOP313,0,0,0,0
5354191266_2325453511_STOP314,0,0,0,0
5354191266_2325453511_STOP317,0,0,0,0
5354191266_2325453511_STOP384,0,0,0,0
5354191266_5354191267_STOP314,0,0,0,0
5354191267_2325452724_STOP314,0,0,0,0
5354191267_5354191266_STOP314,0,0,0,0
5354191267_5354191270_STOP314,0,0,0,0
5354191268_2325452724_STOP314,0,0,0,0
5354191268_5354191266_STOP314,0,0,0,0
5354191270_3272539236_STOP314,0,0,0,0
5354191270_3272539236_STOP315,0,0,0,0
5354191270_3272539236_STOP343,0,0,0,0
5354200473_6384640702_STOP101,0,0,0,0
5354200473_6384640713_STOP101,0,0,0,0
5355765055_2614138774_STOP271,0,0,0,0
5355765055_5355765057_STOP271,0,0,0,0
5355765057_2614138774_STOP271,0,0,0,0
5355765057_3272542984_STOP108,0,0,0,0
5355765057_3272542984_STOP157,0,0,0,0
5355765057_3272542984_STOP271,0,0,0,0
5355765057_3272542984_STOP390,0,0,0,0
5355765057_5355765064_STOP271,0,0,0,0
5355765058_2325416263_STOP271,0,0,0,0
5355765058_2325416263_STOP311,0,0,0,0
5355765064_2325453234_STOP312,0,0,0,0
5355765064_2325453234_STOP500,0,0,0,0
5355823339_2325452725_STOP272,0,0,0,0
5355823339_2325452725_STOP436,0,0,0,0
5355823339_2325452725_STOP811,0,0,0,0
5355823339_5355823341_STOP272,0,0,0,0
5355823341_2325452881_STOP110,0,0,0,0
5355823341_2325452881_STOP272,0,0,0,0
5355866271_11369837187_STOP108,0,0,0,0
5355866271_25446327_STOP108,0,0,0,0
5355867147_35138923_STOP141,0,0,0,0
5355867147_35138923_STOP371,0,0,0,0
5355867147_6640711589_STOP141,0,0,0,0
5355897677_1014722585_STOP257,0,0,0,0
5355897677_1014722585_STOP258,0,0,0,0
5355897677_1014722585_STOP842,0,0,0,0
5355897677_6621910323_STOP258,0,0,0,0
5355955155_1930140493_STOP256,0,0,0,0
5355955155_5369202740_STOP256,0,0,0,0
5356356848_7669581282_STOP305,0,0,0,0
5356356848_7669581282_STOP672,0,0,0,0
5356356914_1847944841_STOP670,0,0,0,0
5356356914_1849525979_STOP670,0,0,0,0
5356356914_1849525979_STOP671,0,0,0,0
5356356914_1849525979_STOP687,0,0,0,1
5356356914_5356356915_STOP670,0,0,0,0
5356356914_5356356915_STOP687,0,0,0,0
5356356915_1847944841_STOP670,0,0,0,0
5356356915_1847944841_STOP687,0,0,0,0
5356356915_29427263_STOP687,0,0,0,0
5356356915_5356356914_STOP687,0,0,0,0
5358055095_10793008254_STOP306,0,0,0,0
5358055095_2520649169_STOP156,0,0,0,0
5358055095_2520649169_STOP306,0,0,0,0
5358055095_2520649169_STOP548,0,0,0,0
5358055095_25433364_STOP190,0,0,0,0
5358055095_25433364_STOP304,0,0,0,0
5358055095_25433364_STOP306,0,0,0,0
5358055836_2439053883_STOP103,0,0,0,0
5358055836_7857883000_STOP103,0,0,0,0
5358208113_11294966882_STOP673,0,0,0,0
5358208113_5358208117_STOP673,0,0,0,0
5358208117_11294966882_STOP673,0,0,0,0
5358208117_25433364_STOP304,0,0,0,0
5358208117_25433364_STOP673,0,0,0,0
5358212370_1849525974_STOP144,0,0,0,0
5358212370_1849525974_STOP239,0,0,0,0
5358212370_1849525974_STOP754,0,0,0,0
5358212370_1849525974_STOP788,0,0,0,0
5358212370_6443246208_STOP239,0,0,0,0
5358212370_6443246208_STOP789,0,0,0,0
5358212370_6443246208_STOP790,0,0,0,0
5358212386_11176912847_STOP677,0,0,0,0
5358212386_29354380_STOP677,0,0,0,0
5358212386_29354380_STOP678,0,0,0,0
5358212417_11176912866_STOP677,0,0,0,0
5358394743_7713266581_STOP226,0,0,0,0
5358394745_2325453369_STOP309,0,0,0,0
5358394745_5358394743_STOP309,0,0,0,0
5360090928_11382627919_STOP340,0,0,0,0
5360090928_11382627919_STOP683,0,0,0,0
5360090928_5334486782_STOP683,0,0,0,0
5360090932_11382627918_STOP340,0,0,0,0
5360090932_11382627919_STOP340,0,0,0,0
5360090932_25433301_STOP340,0,0,0,0
5360090966_1658919998_STOP163,0,0,0,0
5360090966_1658919998_STOP169,0,0,0,0
5360090966_1658919998_STOP236,0,0,0,0
5360090966_1658919998_STOP354,0,0,0,0
5360090966_1658919998_STOP72,0,0,0,0
5360090966_1658919998_STOP723,0,0,0,0
5360090966_1660260881_STOP723,0,0,0,0
5360254305_389137494_STOP256,0,0,0,0
5360254305_389137494_STOP644,0,0,0,1
5360254305_5353901420_STOP256,0,0,0,0
5360254305_5353901420_STOP461,0,0,0,0
5360254305_5353901420_STOP644,0,0,0,0
5360340202_3272574294_STOP138,0,0,0,0
5360340202_3272575990_STOP138,0,0,0,0
5360355190_240791836_STOP545,0,0,0,0
5360355190_240791836_STOP546,0,0,0,0
5360355190_240791836_STOP547,0,0,0,0
5360355190_3278061603_STOP545,0,0,0,0
5360355190_3278061603_STOP796,0,0,0,0
5369202740_1930140493_STOP256,0,0,0,0
5369202740_2034444650_STOP256,0,0,0,0
5369274905_5369274909_STOP221,0,0,0,0
5369274905_5369274909_STOP812,0,0,0,0
5369274905_8582835480_STOP812,0,0,0,0
5369274909_2012498686_STOP221,0,0,0,0
5369274909_2012498686_STOP222,0,0,0,0
5369274909_2012498686_STOP646,0,0,0,0
5369274909_2012498686_STOP780,0,0,0,0
5369274909_25433768_STOP221,0,0,0,0
5369274909_5369274905_STOP221,0,0,0,0
5369325245_3269381709_STOP665,0,0,0,0
5369337988_3270489611_STOP90,0,0,0,0
5369337988_3270489660_STOP90,0,0,0,0
5369368116_5369369331_STOP576,0,0,0,0
5369369331_10173603859_STOP576,0,0,0,0
5369369331_5369369333_STOP576,0,0,0,0
5369369333_3269364717_STOP576,0,0,0,0
5369482496_2519917312_STOP11,0,0,0,0
5369482496_2519917312_STOP177,0,0,0,0
5369482497_1849960685_STOP11,0,0,0,0
5369482497_1849960685_STOP513,0,0,0,0
5369482497_5369482496_STOP11,0,0,0,0
5369882289_25501378_STOP724,0,0,0,0
5369882289_7345830954_STOP724,0,0,0,0
5369882298_29359719_STOP578,0,0,0,0
5369882298_29359719_STOP724,0,0,0,0
5369882298_5369882299_STOP724,0,0,0,0
5369882299_1849528744_STOP724,0,0,0,0
5369882299_5369882289_STOP724,0,0,0,0
5374108596_12819917454_STOP346,0,0,0,0
5374108596_12819917454_STOP527,0,0,0,0
5374108596_12819917454_STOP54,0,0,0,0
5374108596_12819917454_STOP542,0,0,0,0
5374108596_1849960227_STOP346,0,0,0,0
5374108596_1849960227_STOP377,0,0,0,0
5374108596_1849960227_STOP527,0,0,0,0
5374108596_1849960227_STOP55,0,0,0,0
5374108596_1849960227_STOP56,0,0,0,0
5374108596_1849960655_STOP346,0,0,0,0
5374108596_1849960655_STOP52,0,0,0,0
5374108596_1849960655_STOP53,0,0,0,0
5374108596_25773425_STOP210,0,0,0,0
5374108596_25773425_STOP346,0,0,0,0
5374108596_25773425_STOP347,0,0,0,0
5374108596_25773425_STOP525,0,0,0,0
5374108596_25773425_STOP526,0,0,0,0
5374108596_25773425_STOP79,0,0,0,0
5374108596_3274608590_STOP346,0,0,0,0
5374108596_3274608590_STOP527,0,0,0,0
5374108596_3274608590_STOP54,0,0,0,0
5374108596_3274608590_STOP542,0,0,0,0
5391571111_1681303075_STOP145,0,0,0,0
5391571111_1681303075_STOP213,0,0,0,0
5391571111_1681303075_STOP58,0,0,0,0
5391571111_1681303075_STOP627,0,0,0,0
5391571114_1681348740_STOP146,0,0,0,0
5391571114_295556217_STOP146,0,0,0,0
5391571114_295556217_STOP344,0,0,0,0
5391666889_5391666896_STOP249,0,0,0,0
5391666890_3277871565_STOP147,0,0,0,0
5391666890_5391666891_STOP147,0,0,0,0
5391666891_25432860_STOP147,0,0,0,0
5391666891_5391666897_STOP147,0,0,0,0
5391666896_2520649239_STOP247,0,0,0,0
5391666896_2520649239_STOP248,0,0,0,0
5391666896_2520649239_STOP249,0,0,0,0
5391666896_3277871566_STOP249,0,0,0,0
5391666897_5391666898_STOP147,0,0,0,0
5391666898_3277871564_STOP147,0,0,0,0
5391666898_5391666913_STOP143,0,0,0,0
5391666898_5391666913_STOP147,0,0,0,0
5391666899_25435162_STOP370,0,0,0,0
5391666899_25435162_STOP585,0,0,0,0
5391666899_25435162_STOP97,0,0,0,0
5391666899_7201253642_STOP97,0,0,0,0
5391666904_1849525950_STOP89,0,0,0,0
5391666904_7642312005_STOP89,0,0,0,0
5391666913_5391666898_STOP143,0,0,0,0
5391666913_5391666898_STOP89,0,0,0,0
5391666913_5391666904_STOP89,0,0,0,0
5392237806_3270422962_STOP219,0,0,0,0
5392237806_6637693198_STOP219,0,0,0,0
5392239227_11041579711_STOP218,0,0,0,0
5392239227_3278023496_STOP218,0,0,0,0
5392239229_5392239231_STOP395,0,0,0,0
5392239229_5392239244_STOP219,0,0,0,0
5392239229_5392239244_STOP395,0,0,0,0
5392239230_5392239229_STOP395,0,0,0,0
5392239231_5392237806_STOP219,0,0,0,0
5392239231_5392239244_STOP219,0,0,0,0
5392239235_2520649218_STOP219,0,0,0,0
5392239235_2520649218_STOP632,0,0,0,0
5392239235_7850209633_STOP632,0,0,0,0
5392239244_5332863130_STOP219,0,0,0,0
5392239244_5332863130_STOP612,0,0,0,0
5392239245_3229412583_STOP503,0,0,0,0
5392239245_5332863130_STOP219,0,0,0,0
5392239245_5332863130_STOP395,0,0,0,0
5392239245_5332863130_STOP503,0,0,0,0
5392239245_5332863130_STOP612,0,0,0,0
5392239252_5332863119_STOP219,0,0,0,0
5392239252_5392239231_STOP219,0,0,0,0
5394983542_2477140738_STOP505,0,0,0,0
5394983542_5394983543_STOP505,0,0,0,0
5394983543_3270434503_STOP505,0,0,0,0
5394983543_5394983542_STOP505,0,0,0,0
5394983544_3270445561_STOP637,0,0,0,0
5394983544_5394983545_STOP637,0,0,0,0
5394983545_5394983544_STOP637,0,0,0,0
5394983545_6395644073_STOP637,0,0,0,0
5394983545_6395644073_STOP90,0,0,0,0
5395151832_25435174_STOP705,0,0,0,0
5395151832_5395152111_STOP433,0,0,0,0
5395151832_5395152111_STOP705,0,0,0,0
5395151866_10825681737_STOP557,0,0,0,0
5395151866_10825681737_STOP597,0,0,0,0
5395151866_29489330_STOP50,0,0,0,0
5395151866_29489330_STOP557,0,0,0,0
5395152109_1107865398_STOP433,0,0,0,0
5395152109_240789108_STOP433,0,0,0,0
5395152109_240789108_STOP656,0,0,0,0
5395152111_5395151832_STOP433,0,0,0,0
5395152111_5395151832_STOP705,0,0,0,0
5395152111_5395152109_STOP433,0,0,0,0
5395152126_11181354934_STOP435,0,0,0,0
5395152126_3277874424_STOP435,0,0,0,0
5395315581_11735248699_STOP90,0,0,0,0
5395315581_3270489638_STOP90,0,0,0,0
5395315581_4123941899_STOP90,0,0,0,0
5397556729_5353901420_STOP120,0,0,0,0
5397556729_5353901420_STOP389,0,0,0,0
5397556729_5353901420_STOP461,0,0,0,0
5397556729_5482193900_STOP120,0,0,0,0
5397556729_6436250308_STOP120,0,0,0,0
5397556729_6436250308_STOP579,0,0,0,0
5397822748_5397822942_STOP202,0,0,0,0
5397822748_5397822942_STOP203,0,0,0,0
5397822748_5397822942_STOP444,0,0,0,0
5397822748_5397822942_STOP445,0,0,0,0
5397822748_5397822942_STOP446,0,0,0,0
5397822748_5397822942_STOP447,0,0,0,0
5397822748_5397822942_STOP609,0,0,0,0
5397822748_9198770125_STOP444,0,0,0,0
5397822942_2325453226_STOP447,0,0,0,0
5397822942_3278000648_STOP447,0,0,0,0
5397822942_3278000648_STOP831,0,0,0,0
5406559329_7673681628_STOP142,0,0,0,0
5406559329_7673681628_STOP148,0,0,0,0
5406559329_7673681628_STOP362,0,0,0,0
5406559329_7673681628_STOP363,0,0,0,0
5406559329_7673681628_STOP451,0,0,0,0
5408954334_2519873343_STOP621,0,0,0,0
5408954334_5205570048_STOP621,0,0,0,0
5408954335_10173744448_STOP567,0,0,0,0
5408954335_2520649152_STOP562,0,0,0,0
5408954335_2520649152_STOP567,0,0,0,0
5408954335_6639564151_STOP567,0,0,0,0
5444615172_1708607132_STOP618,0,0,0,0
5444644720_1107494497_STOP460,0,0,0,0
5444644720_5269229741_STOP368,0,0,0,0
5444644720_5269229741_STOP460,0,0,0,0
5444644746_3115137890_STOP334,0,0,0,0
5444644746_5444644749_STOP334,0,0,0,0
5444644749_5847788403_STOP334,0,0,0,0
5444644826_5825176142_STOP595,0,0,0,0
5444644826_5825182245_STOP595,0,0,0,0
5447158246_12633822764_STOP118,0,0,0,0
5447158246_12633822764_STOP719,0,0,0,0
5447158246_6609265322_STOP118,0,0,0,0
5447158308_5447158315_STOP20,0,0,0,0
5447158308_5447158315_STOP716,0,0,0,0
5447158308_5447158315_STOP717,0,0,0,0
5447158308_5458215975_STOP717,0,0,0,0
5447158309_12633822764_STOP719,0,0,0,0
5447158315_5447158308_STOP20,0,0,0,0
5447158315_5447158308_STOP716,0,0,0,0
5447158315_5447158308_STOP717,0,0,0,0
5447158315_5447158421_STOP20,0,0,0,0
5447158318_8123304854_STOP36,0,0,0,0
5447158318_8390730117_STOP36,0,0,0,0
5447158320_8123304882_STOP20,0,0,0,0
5447158320_8123304882_STOP368,0,0,0,0
5447158320_8123304882_STOP458,0,0,0,0
5447158320_8123304882_STOP459,0,0,0,0
5447158320_8123304882_STOP460,0,0,0,0
5447158421_5447158320_STOP20,0,0,0,0
5447158421_8123304860_STOP20,0,0,0,0
5455661685_1390997943_STOP337,0,0,0,0
5455661685_1390997943_STOP404,0,0,0,0
5455661685_1390997943_STOP479,0,0,0,0
5455661685_1390997943_STOP551,0,0,0,0
5455661685_1654067462_STOP337,0,0,0,0
5455661685_1654067462_STOP352,0,0,0,0
5455661685_5461446959_STOP337,0,0,0,0
5455661685_5461446959_STOP352,0,0,0,0
5455661685_5461446959_STOP477,0,0,0,0
5455661685_7298267086_STOP337,0,0,0,0
5455694139_11199413656_STOP267,0,0,0,0
5455694139_11199413656_STOP386,0,0,0,0
5455694139_11199413656_STOP387,0,0,0,0
5455694139_11199413656_STOP820,0,0,0,0
5455694139_11199413656_STOP825,0,0,0,0
5455694139_6640792413_STOP267,0,0,0,0
5455694139_6640792414_STOP267,0,0,0,0
5458167261_5458167281_STOP329,0,0,0,0
5458167261_5458167281_STOP335,0,0,0,0
5458167262_5458167261_STOP335,0,0,0,0
5458167262_5458167305_STOP335,0,0,0,0
5458167262_5458167305_STOP595,0,0,0,0
5458167263_5353900365_STOP335,0,0,0,0
5458167263_5458167262_STOP335,0,0,0,0
5458167274_5458167300_STOP595,0,0,0,0
5458167274_7227417913_STOP334,0,0,0,0
5458167274_7227417913_STOP595,0,0,0,0
5458167277_5458167300_STOP334,0,0,0,0
5458167277_5458167300_STOP595,0,0,0,0
5458167277_7227417913_STOP334,0,0,0,0
5458167281_2500902333_STOP335,0,0,0,0
5458167298_5458167261_STOP335,0,0,0,0
5458167298_5458167261_STOP595,0,0,0,0
5458167298_5458167305_STOP595,0,0,0,0
5458167300_5458167298_STOP595,0,0,0,0
5458167305_5458167274_STOP595,0,0,0,0
5458168297_12806516351_STOP230,0,0,0,0
5458168297_4427752879_STOP230,0,0,0,0
5458169147_7284403242_STOP423,0,0,0,0
5458169147_9443702028_STOP423,0,0,0,0
5458169530_11106971273_STOP230,0,0,0,0
5458169530_11106971273_STOP356,0,0,0,0
5458169530_11106971273_STOP379,0,0,0,0
5458169530_11106971279_STOP230,0,0,0,0
5458169530_11106971279_STOP356,0,0,0,0
5458169530_11106971279_STOP379,0,0,0,0
5458169533_2634710039_STOP230,0,0,0,0
5458169533_35131598_STOP230,0,0,0,0
5458215975_5447158309_STOP719,0,0,0,0
5458215975_9626125965_STOP719,0,0,0,0
5458564731_2746819080_STOP324,0,0,0,0
5458564731_2746819080_STOP329,0,0,0,0
5458564731_3472154933_STOP324,0,0,0,0
5460926047_1658956030_STOP125,0,0,0,0
5460926047_1658956030_STOP15,0,0,0,0
5460926047_1658956030_STOP378,0,0,0,0
5460926047_1658956030_STOP490,0,0,0,0
5460926047_1658956030_STOP630,0,0,0,0
5460926047_1773328595_STOP125,0,0,0,0
5460926047_1773328595_STOP241,0,0,0,0
5460926051_1658426557_STOP127,0,0,0,0
5460926051_1658426557_STOP241,0,0,0,0
5460926051_1658426557_STOP352,0,0,0,0
5460962097_13141223516_STOP114,0,0,0,0
5460962097_13141223516_STOP371,0,0,0,0
5460962097_13141223516_STOP521,0,0,0,0
5460962097_35138922_STOP371,0,0,0,0
5460962097_5848061348_STOP371,0,0,0,0
5461446468_2315712822_STOP3,0,0,0,0
5461446470_5461446468_STOP3,0,0,0,0
5461446470_5461446930_STOP3,0,0,0,0
5461446930_29377839_STOP3,0,0,0,0
5461446930_29377839_STOP630,0,0,0,0
5461446930_5461446468_STOP3,0,0,0,0
5461446959_2315712821_STOP127,0,0,0,0
5461446959_2315712821_STOP3,0,0,0,0
5461446959_5455661685_STOP127,0,0,0,0
5461446959_5455661685_STOP337,0,0,0,0
5461446959_5455661685_STOP352,0,0,0,0
5461446959_5455661685_STOP477,0,0,0,0
5463399920_312086670_STOP233,0,0,0,0
5463399920_312086670_STOP66,0,0,0,0
5463596824_25448881_STOP519,0,0,0,0
5463596824_5463596826_STOP519,0,0,0,0
5463596826_25448881_STOP519,0,0,0,0
5463596826_29359329_STOP519,0,0,0,0
5463827264_1662376584_STOP591,0,0,0,0
5463827264_1708607132_STOP591,0,0,0,0
5463827264_1708607132_STOP618,0,0,0,0
5463988176_13648191536_STOP163,0,0,0,0
5463988176_5825261665_STOP163,0,0,0,0
5465992318_1663274762_STOP600,0,0,0,0
5465992318_1663274768_STOP268,0,0,0,0
5465992318_1663274768_STOP600,0,0,0,0
5465992888_10261582621_STOP600,0,0,0,0
5465992888_1857160826_STOP140,0,0,0,0
5465992888_1857160826_STOP600,0,0,0,0
5465993094_1663274762_STOP268,0,0,0,0
5465993094_1663274768_STOP268,0,0,0,0
5479191291_2518074025_STOP823,0,0,0,0
5479191291_5479194193_STOP823,0,0,0,0
5479191291_5479194193_STOP824,0,0,0,0
5479191291_5479194193_STOP825,0,0,0,0
5479194191_11136401953_STOP821,0,0,0,0
5479194191_6408095332_STOP821,0,0,0,0
5479194191_6408095332_STOP822,0,0,0,0
5479194191_8408170536_STOP821,0,0,0,0
5479194193_9729638579_STOP267,0,0,0,0
5479194193_9729638579_STOP825,0,0,0,0
5479194193_9729638593_STOP825,0,0,0,0
5482193683_5348770388_STOP120,0,0,0,0
5482193683_5348770388_STOP389,0,0,0,0
5482193683_5847788420_STOP120,0,0,0,0
5482193683_5847788420_STOP122,0,0,0,0
5482193683_5847788420_STOP335,0,0,0,0
5482193900_10187187001_STOP120,0,0,0,0
5482193900_5397556729_STOP120,0,0,0,0
5487599496_5489991816_STOP198,0,0,0,0
5487650882_5353902843_STOP198,0,0,0,0
5487650882_5487599496_STOP198,0,0,0,0
5487734495_5487734496_STOP135,0,0,0,0
5487734496_29489290_STOP135,0,0,0,0
5487734496_5487734500_STOP135,0,0,0,0
5487734497_13010031522_STOP135,0,0,0,0
5487734497_5487734495_STOP135,0,0,0,0
5487734500_5348639876_STOP135,0,0,0,0
5487734501_5487734497_STOP135,0,0,0,0
5487734504_5487734501_STOP135,0,0,0,0
5488117167_5488117175_STOP198,0,0,0,0
5488117168_5353902840_STOP198,0,0,0,0
5488117168_5488117167_STOP198,0,0,0,0
5488117175_5353902926_STOP121,0,0,0,0
5488117175_5353902926_STOP198,0,0,0,0
5488117175_5353902926_STOP385,0,0,0,0
5488117175_6468977370_STOP198,0,0,0,0
5489855947_3383341287_STOP338,0,0,0,0
5489855947_3383341287_STOP381,0,0,0,0
5489855947_3383341287_STOP398,0,0,0,0
5489977551_13413840425_STOP198,0,0,0,0
5489977551_5489991827_STOP198,0,0,0,0
5489991814_13413840424_STOP198,0,0,0,0
5489991814_5489991827_STOP198,0,0,0,0
5489991816_13413660892_STOP198,0,0,0,0
5489991816_5489991817_STOP198,0,0,0,0
5489991817_5488117167_STOP198,0,0,0,0
5489991817_5489991816_STOP198,0,0,0,0
5489991827_13413660891_STOP198,0,0,0,0
5489991827_5489991814_STOP198,0,0,0,0
5490125456_5353902327_STOP139,0,0,0,0
5490125456_5490125457_STOP139,0,0,0,0
5490125457_5353902572_STOP139,0,0,0,0
5490125457_5353902572_STOP463,0,0,1,0
5490125457_5490125456_STOP139,0,0,0,0
5493008236_1666231704_STOP18,0,0,0,0
5495698458_11458642953_STOP280,0,0,0,0
5495698458_6616544863_STOP280,0,0,0,0
5495700165_5344074236_STOP282,0,0,0,0
5495700165_5344074236_STOP491,0,0,0,0
5504142700_3445484564_STOP282,0,0,0,0
5504142700_3445484564_STOP491,0,0,0,0
5504142700_5495700165_STOP491,0,0,0,0
5504449389_2551351402_STOP179,0,0,0,0
5504449389_5493008236_STOP179,0,0,0,0
5504449389_5493008236_STOP18,0,0,0,0
5504454497_5504449389_STOP179,0,0,0,0
5504859191_9372965562_STOP180,0,0,0,0
5509853099_5504859191_STOP14,0,0,0,0
5509853099_5504859191_STOP180,0,0,0,0
5509853099_5504859191_STOP603,0,0,0,0
5639373300_2325438077_STOP479,0,0,0,0
5639373300_5639373305_STOP479,0,0,0,0
5639373305_29358836_STOP478,0,0,0,0
5639373305_29358836_STOP479,0,0,0,0
5639376031_10177320000_STOP489,0,0,0,0
5639376031_1658431511_STOP489,0,0,0,0
5639376089_5353615188_STOP123,0,0,0,0
5639376089_5353615188_STOP353,0,0,0,0
5639376089_5353615188_STOP80,0,0,0,0
5639376089_5353615188_STOP81,0,0,0,0
5639376089_5826215870_STOP80,0,0,0,0
5639376089_5826215870_STOP81,0,0,0,0
5646605222_1083569114_STOP350,0,0,0,0
5646605222_1083569114_STOP351,0,0,0,0
5646605222_1083569114_STOP391,0,0,0,0
5646605222_13097895693_STOP128,0,0,0,0
5646605222_13097895693_STOP350,0,0,0,0
5646605222_29356722_STOP350,0,0,0,0
5646605222_29356722_STOP352,0,0,0,0
5648629181_11740333992_STOP766,0,0,0,0
5648629181_29377042_STOP766,0,0,0,0
5648629181_29377042_STOP86,0,0,0,0
5648631891_5504142700_STOP491,0,0,0,0
5648631891_9167367930_STOP491,0,0,0,0
5825176142_3272299574_STOP595,0,0,0,0
5825176142_5482193683_STOP120,0,0,0,0
5825176142_5482193683_STOP122,0,0,0,0
5825176142_5482193683_STOP320,0,0,0,0
5825176142_5482193683_STOP335,0,0,0,0
5825176142_5482193683_STOP595,0,0,0,0
5825176142_5825182245_STOP595,0,0,0,0
5825182245_3272344712_STOP595,0,0,0,0
5825223577_1667742500_STOP200,0,0,0,0
5825223577_1667742500_STOP202,0,0,0,0
5825223577_1667742500_STOP203,0,0,0,0
5825223577_1667742500_STOP447,0,0,0,0
5825223577_1667742500_STOP609,0,0,0,0
5825223577_1667742500_STOP831,0,0,0,0
5825223577_2325453226_STOP447,0,0,0,0
5825223577_2325453226_STOP831,0,0,0,0
5825223577_3376282078_STOP831,0,0,0,0
5825261665_2958252668_STOP31,0,0,0,0
5825261665_3374026391_STOP31,0,0,0,0
5825261667_10654541237_STOP163,0,0,0,0
5825261667_10654541237_STOP165,0,0,0,0
5825261667_10654541237_STOP189,0,0,0,0
5825261667_10654541237_STOP234,0,0,0,0
5825261667_10654541237_STOP235,0,0,0,0
5825261667_10654541237_STOP236,0,0,0,0
5825261667_1663274712_STOP236,0,0,0,0
5825261667_5463988176_STOP236,0,0,0,0
5825278971_10151612729_STOP265,0,0,0,0
5825278971_10703340256_STOP265,0,0,0,0
5826215870_2958261185_STOP81,0,0,0,0
5826215870_2958261186_STOP81,0,0,0,0
5826263864_1658920028_STOP123,0,0,0,0
5832175149_1660290286_STOP393,0,0,0,0
5832175149_2039584375_STOP39,0,0,0,0
5832175149_2039584375_STOP393,0,0,0,0
5832181364_10173705732_STOP575,0,0,0,0
5832181364_10173705737_STOP575,0,0,0,0
5841953280_1849525810_STOP26,0,0,0,0
5841953280_1849525810_STOP682,0,0,0,0
5841953280_25433457_STOP26,1,80000.0,0,0
5841953280_25433457_STOP699,0,0,0,0
5841953280_29352423_STOP26,0,0,0,0
5841953280_29352423_STOP674,0,0,0,0
5841953280_29352423_STOP681,0,0,0,0
5841953280_3374033499_STOP26,0,0,0,0
5841953280_3374033499_STOP293,0,0,0,0
5841953280_3374033499_STOP699,0,0,0,0
5841953280_3374033499_STOP700,0,0,0,0
5841989830_2519917309_STOP11,0,0,0,0
5841989830_5842012228_STOP11,0,0,0,0
5841989830_5842012228_STOP175,0,0,0,0
5842007853_2519917308_STOP174,0,0,0,0
5842007853_2519917309_STOP11,0,0,0,0
5842007853_2519917309_STOP174,0,0,0,0
5842012228_1849907113_STOP175,0,0,0,0
5842012228_5842012229_STOP175,0,0,0,0
5842012229_1849907162_STOP174,0,0,0,0
5847788388_2500902328_STOP320,0,0,0,0
5847788388_2500902328_STOP334,0,0,0,0
5847788388_2500902328_STOP335,0,0,0,0
5847788388_2500902328_STOP595,0,0,0,0
5847788388_5847788389_STOP335,0,0,0,0
5847788389_3115157726_STOP335,0,0,0,0
5847788389_5458167263_STOP335,0,0,0,0
5847788396_2500902327_STOP334,0,0,0,0
5847788396_2500902327_STOP595,0,0,0,0
5847788396_5847788406_STOP334,0,0,0,0
5847788399_2500902317_STOP334,0,0,0,0
5847788399_3115157727_STOP334,0,0,0,0
5847788403_2500902328_STOP334,0,0,0,0
5847788403_5847788389_STOP320,0,0,0,0
5847788403_5847788389_STOP334,0,0,0,0
5847788403_5847788389_STOP335,0,0,0,0
5847788403_5847788389_STOP595,0,0,0,0
5847788406_5847788399_STOP334,0,0,0,0
5847788408_3115137890_STOP334,0,0,0,0
5847788408_5444644749_STOP334,0,0,0,0
5847788419_6609292783_STOP334,0,0,0,0
5847788419_6609356524_STOP334,0,0,0,0
5847788419_6609356524_STOP596,0,0,0,0
5847788420_5353900365_STOP335,0,0,0,0
5847788420_5482193683_STOP120,0,0,0,0
5847788420_5482193683_STOP122,0,0,0,0
5847788420_5482193683_STOP335,0,0,0,0
5848060882_6608982110_STOP818,0,0,0,0
5848061291_5848060882_STOP819,0,0,0,0
5848061292_5848061291_STOP819,0,0,0,0
5848061292_6608982092_STOP819,0,0,0,0
5848061297_6608965030_STOP647,0,0,0,0
5848061297_7216077730_STOP647,0,0,0,0
5848061330_7216077534_STOP371,0,0,0,0
5848061348_5460962097_STOP371,0,0,0,0
5848061348_7144511425_STOP371,0,0,0,0
5851048279_5358208113_STOP13,0,0,0,0
5851048279_5358208113_STOP683,0,0,0,0
5852700917_3256092261_STOP7,0,0,0,0
5853120063_25435214_STOP501,0,0,0,0
5853120063_25435214_STOP703,0,0,0,0
5853120063_4258557080_STOP501,0,0,0,0
5853120063_4258557080_STOP703,0,0,0,0
5853120075_240791836_STOP546,0,0,0,0
5853120075_240791836_STOP753,0,0,0,0
5853120075_5853120077_STOP753,0,0,0,0
5853120075_7210854542_STOP753,0,0,0,0
5853120075_7210854542_STOP798,0,0,0,0
5853120077_5853120075_STOP753,0,0,0,0
5853120077_6469933728_STOP752,0,0,0,0
5853120077_6469933728_STOP753,0,0,0,0
5853120077_6469933728_STOP797,0,0,0,0
5853120077_7210854542_STOP753,0,0,0,0
5853120077_7210854542_STOP798,0,0,0,0
5862588301_2325453511_STOP317,0,0,0,0
5862588301_2325453511_STOP342,0,0,0,0
5862588301_2325453511_STOP384,0,0,0,0
5862588301_5862588302_STOP342,0,0,0,0
5862588302_5862588301_STOP342,0,0,0,0
5862588302_6485352111_STOP316,0,0,0,0
5862588302_6485352111_STOP342,0,0,0,0
5862588302_6485352111_STOP343,0,0,0,0
5862588302_6485352111_STOP381,0,0,0,0
5862588302_6485352111_STOP382,0,0,0,0
5862588302_6485352111_STOP383,0,0,0,0
5862690000_3272382566_STOP121,0,0,0,0
5862690000_3272382566_STOP157,0,0,0,0
5862690000_3272382566_STOP374,0,0,0,0
5862690000_5862690001_STOP157,0,0,0,0
5862690001_5348748820_STOP157,0,0,0,0
5862690001_5862690000_STOP157,0,0,0,0
5862690013_5348748819_STOP271,0,0,0,0
5862690013_5862690014_STOP271,0,0,0,0
5862690014_2325416265_STOP271,0,0,0,0
5862690014_2325416265_STOP311,0,0,0,0
5862690014_5862690013_STOP271,0,0,0,0
5862744483_11181449053_STOP256,0,0,0,0
5862744483_2325453378_STOP256,0,0,0,0
5865212130_5394983544_STOP637,0,0,0,0
5865212130_5394983544_STOP90,0,0,0,0
5865212130_6395644073_STOP90,0,0,0,0
5865367998_11106971279_STOP356,0,0,0,0
5865367998_5867096767_STOP356,0,0,0,0
5865367998_5867096767_STOP357,0,0,0,0
5865367998_5867096767_STOP423,0,0,0,0
5867096767_9443702027_STOP357,0,0,0,0
5867096767_9544806503_STOP357,0,0,0,0
5867096768_5867096767_STOP357,0,0,0,0
5867096768_9443702028_STOP357,0,0,0,0
5867096768_9443702028_STOP423,0,0,0,0
588189886_5487734495_STOP135,0,0,0,0
588189886_5487734501_STOP135,0,0,0,0
5993042008_2518053983_STOP114,0,0,0,0
5993042008_6380049252_STOP114,0,0,0,0
5993042021_5993042022_STOP114,0,0,0,0
5993042021_6380049255_STOP114,0,0,0,0
5993042022_5993042021_STOP114,0,0,0,0
5993042022_6377275639_STOP114,0,0,0,0
5993042022_6377275639_STOP387,0,0,0,0
5993042022_6377275639_STOP818,0,0,0,0
5993042057_2518073283_STOP387,0,0,0,0
5993042057_6377275638_STOP387,0,0,0,0
6352261923_11180921761_STOP72,0,0,0,0
6352261923_9767043233_STOP71,0,0,0,0
6352261923_9767043233_STOP72,0,0,0,0
6377275638_5993042021_STOP114,0,0,0,0
6377275638_5993042021_STOP387,0,0,0,0
6377275638_5993042021_STOP818,0,0,0,0
6377275638_6377275639_STOP387,0,0,0,0
6377275639_2518073283_STOP387,0,0,0,0
6377275639_6377275638_STOP387,0,0,0,0
6377290514_6408095332_STOP822,0,0,0,0
6377290514_9803456823_STOP822,0,0,0,0
6377290515_5479191291_STOP822,0,0,0,0
6377290515_5479191291_STOP823,0,0,0,0
6377290515_6377290514_STOP822,0,0,0,0
6380049252_5993042008_STOP114,0,0,0,0
6380049255_5993042008_STOP114,0,0,0,0
6380049255_6380049252_STOP114,0,0,0,0
6380243449_3272722525_STOP358,0,0,0,0
6380243449_3272722525_STOP403,0,0,0,0
6380243450_3272722525_STOP358,0,0,0,0
6380243450_3272722525_STOP403,0,0,0,0
6380243450_6380243449_STOP358,0,0,0,0
6380244012_6380244013_STOP535,0,0,0,0
6380244012_6380244014_STOP535,0,0,0,0
6380244013_7284403248_STOP535,0,0,0,0
6380244014_3272727739_STOP358,0,0,0,0
6380244014_6380243450_STOP358,0,0,0,0
6380244014_6380244015_STOP358,0,0,0,0
6380244015_5353894751_STOP535,0,0,0,0
6380244015_6380244013_STOP535,0,0,0,0
6380244015_6380244014_STOP535,0,0,0,0
6382216824_6382216825_STOP403,0,0,0,0
6382216825_3380407826_STOP240,0,0,0,0
6382216825_3380407826_STOP422,0,0,0,0
6382216825_6382216826_STOP240,0,0,0,0
6382216826_11549683570_STOP403,0,0,0,0
6382216826_3272728568_STOP403,0,0,0,0
6384640702_2518040289_STOP101,0,0,0,0
6384640702_2518040289_STOP402,0,0,0,0
6384640702_5354200473_STOP101,0,0,0,0
6384640713_2858054060_STOP101,0,0,0,0
6384640713_2858054060_STOP426,0,0,0,0
6384640713_2858054060_STOP427,0,0,0,0
6384640713_6384640702_STOP101,0,0,0,0
6395246195_2477130742_STOP90,0,0,0,0
6395246195_6395246191_STOP90,0,0,0,0
6395246195_6395246196_STOP90,0,0,0,0
6395246196_4123941899_STOP90,0,0,0,0
6395246196_6395246195_STOP90,0,0,0,0
6395246199_6395246196_STOP90,0,0,0,0
6395644073_3270445568_STOP90,0,0,0,0
6395644073_5865212130_STOP90,0,0,0,0
6408095332_7284309851_STOP822,0,0,0,0
6411536102_7310779096_STOP323,0,0,0,0
6411536102_7513405158_STOP323,0,0,0,0
6411839582_4140347904_STOP324,0,0,0,0
6411839582_4140347904_STOP330,0,0,0,0
6411839583_35138338_STOP330,0,0,0,0
6411839583_6411839582_STOP330,0,0,0,0
6412131569_6609908292_STOP363,0,0,0,0
6412131569_9503919891_STOP363,0,0,0,0
6412357738_35137789_STOP540,0,0,0,0
6412357745_35137788_STOP540,0,0,0,0
6412357745_3869649891_STOP362,0,0,0,0
6412357745_3869649891_STOP540,0,0,0,0
6412357745_6412357738_STOP540,0,0,0,0
6413894757_1664487744_STOP361,0,0,0,0
6413894757_1664487744_STOP604,0,0,0,0
6413894757_1664487744_STOP605,0,0,0,0
6413894757_7673353742_STOP361,0,0,0,0
6425545180_29380398_STOP496,0,0,0,0
6425545180_29380398_STOP497,0,0,0,0
6425545180_3115112874_STOP497,0,0,0,0
6425545180_3115112874_STOP498,0,0,0,0
6428110632_10166777277_STOP139,0,0,0,0
6428110632_1982778316_STOP139,0,0,0,0
6428110632_3272376486_STOP139,0,0,0,0
6428110632_3272376486_STOP185,0,0,0,0
6428110632_3272376486_STOP186,0,0,0,0
6428110632_3272376486_STOP336,0,0,0,0
6428110634_1982778316_STOP139,0,0,0,0
6431352726_2255977904_STOP540,0,0,0,0
6431352726_6431352726_STOP540,0,0,0,0
6431352730_2255977904_STOP540,0,0,0,0
6431352730_6609908292_STOP363,0,0,0,0
6431352730_6609908292_STOP364,0,0,0,0
6431352730_6609908292_STOP540,0,0,0,0
6435730317_1777901409_STOP644,0,0,0,0
6435730317_1777901409_STOP645,0,0,0,0
6436250308_10184467588_STOP466,0,0,0,0
6436250308_10184467588_STOP579,0,0,0,0
6436250308_1914135386_STOP466,0,0,0,0
6436250308_1914135386_STOP467,0,0,0,0
6436250308_1914135386_STOP579,0,0,0,0
6436250308_5397556729_STOP120,0,0,0,0
6436250308_5397556729_STOP579,0,0,0,0
6437394512_35138338_STOP330,0,0,0,0
6437394512_6411839582_STOP330,0,0,0,0
6438800742_1849525979_STOP686,0,0,0,0
6438800742_25434517_STOP686,0,0,0,0
6438800742_5356356848_STOP686,0,0,0,0
6442486339_13123360943_STOP176,0,0,0,0
6442486339_13123360943_STOP774,0,0,0,0
6442486339_13123360943_STOP84,0,0,0,0
6442486339_1666277222_STOP773,0,0,0,0
6442486339_1666277222_STOP774,0,0,0,0
6442486339_1666277222_STOP775,0,0,0,0
6442486339_2628296766_STOP774,0,0,0,0
6442819831_1849525880_STOP13,0,0,0,0
6442819831_5851048279_STOP13,0,0,0,0
6442840898_1911634983_STOP280,0,0,0,0
6442840898_1911634983_STOP375,0,0,0,0
6442840898_1911634983_STOP398,0,0,0,0
6442840898_5489855947_STOP398,0,0,0,0
6442968670_364365556_STOP192,0,0,0,0
6442968670_364365556_STOP292,0,0,0,0
6442968671_2439053851_STOP192,0,0,0,0
6442968671_6442968670_STOP192,0,0,0,0
6442968672_2439053851_STOP192,0,0,0,0
6442968672_6442968670_STOP192,0,0,0,0
6443246208_1014722265_STOP197,0,0,0,0
6443246208_1014722265_STOP471,0,0,0,0
6443280179_6443280180_STOP224,0,0,0,0
6443280179_6621856655_STOP224,0,0,0,0
6443280179_6621856655_STOP309,0,0,0,0
6443280180_3277883741_STOP224,0,0,0,0
6443280180_6443280179_STOP224,0,0,0,0
6445031497_2325451810_STOP555,0,0,0,0
6445031497_2325451810_STOP73,0,0,0,0
6445031497_2325451810_STOP74,0,0,0,0
6445031497_6445031498_STOP74,0,0,0,0
6445031498_10171865536_STOP172,0,0,0,0
6445031498_10171865536_STOP73,0,0,0,0
6445031498_11707030830_STOP73,0,0,0,0
6445381505_25778222_STOP575,0,0,0,0
6445381505_25778222_STOP690,0,0,0,0
6445381505_6445381506_STOP575,0,0,0,0
6445381506_1666747516_STOP575,0,0,0,0
6445381506_6445381505_STOP575,0,0,0,0
6445776283_10173744453_STOP667,0,0,0,0
6445776283_6445776985_STOP667,0,0,0,0
6445776985_11771489565_STOP667,0,0,0,0
6445776985_1849526010_STOP667,0,0,0,0
6445776991_13713992504_STOP805,0,0,0,0
6445776991_7190149301_STOP805,0,0,0,0
6445776996_2520649113_STOP669,0,0,0,0
6445776996_6445776997_STOP669,0,0,0,0
6445776997_6445777001_STOP669,0,0,0,0
6445777001_10173705729_STOP669,0,0,0,0
6445777001_6445777003_STOP669,0,0,0,0
6445777003_1847944841_STOP669,0,0,0,0
6445777003_1847944841_STOP670,0,0,0,0
6445777003_1849525905_STOP669,0,0,0,0
6455291974_2518070484_STOP356,0,0,0,0
6455291974_2634710028_STOP230,0,0,0,0
6455291974_2634710028_STOP356,0,0,0,0
6455291974_2634710028_STOP379,0,0,0,0
6461589822_10171739080_STOP665,0,0,0,0
6461589822_3269381709_STOP665,0,0,0,0
6461589822_3269381712_STOP665,0,0,0,0
6461589858_12809507137_STOP507,0,0,0,0
6461589858_12809507137_STOP61,0,0,0,0
6461589858_12809507137_STOP662,0,0,0,0
6461589858_1849525899_STOP662,0,0,0,0
6461589858_1849525899_STOP695,0,0,0,0
6461589858_1849525899_STOP696,0,0,0,0
6461589858_2520790639_STOP662,0,0,0,0
6468977370_5488117168_STOP198,0,0,0,0
6469653354_1107865397_STOP580,0,0,0,0
6469653354_1107865397_STOP733,0,0,0,0
6469653354_6469933730_STOP733,0,0,0,0
6469653354_6469933730_STOP797,0,0,0,0
6469933723_11347520098_STOP732,0,0,0,0
6469933723_11347520098_STOP733,0,0,0,0
6469933723_29434775_STOP733,0,0,0,0
6469933723_29434775_STOP797,0,0,0,0
6469933728_5853120077_STOP752,0,0,0,0
6469933728_5853120077_STOP797,0,0,0,0
6469933728_6470065672_STOP797,0,0,0,0
6469933730_29434775_STOP797,0,0,0,0
6469933730_6469933723_STOP733,0,0,0,0
6469933730_6469933723_STOP797,0,0,0,0
6470065668_3278061603_STOP796,0,0,0,0
6470065668_3278061603_STOP797,0,0,0,0
6470065668_6470065671_STOP797,0,0,0,0
6470065671_6469933728_STOP797,0,0,0,0
6470065671_6470065672_STOP797,0,0,0,0
6470065672_6469653354_STOP733,0,0,0,0
6470065672_6469653354_STOP797,0,0,0,0
6470065672_6469933730_STOP797,0,0,0,0
6470450609_25435162_STOP585,0,0,0,0
6470450609_25435162_STOP657,0,0,0,0
6470450609_6470450610_STOP657,0,0,0,0
6470450610_6470450611_STOP657,0,0,0,0
6470450610_6470450617_STOP657,0,0,0,0
6470450610_6470450617_STOP838,0,0,0,0
6470450611_25435174_STOP705,0,0,0,0
6470450611_5395151832_STOP705,0,0,0,0
6470450615_6470450609_STOP657,0,0,0,0
6470450615_6470450610_STOP657,0,0,0,0
6470450617_2325452552_STOP434,0,0,0,0
6470450617_2325452552_STOP837,0,0,0,0
6470450617_2325452552_STOP838,0,0,0,0
6470450617_6470450611_STOP705,0,0,0,0
6470450617_6470450611_STOP838,0,0,0,0
6470450620_1108653643_STOP501,0,0,0,0
6470450620_1108653643_STOP568,0,0,0,0
6470450620_1108653643_STOP657,0,0,0,0
6470450620_1108653643_STOP704,0,0,0,0
6470450620_1108653643_STOP835,0,0,0,0
6470450620_1108653643_STOP836,0,0,0,0
6470450620_6470450615_STOP657,0,0,0,0
6475102309_3252879876_STOP279,0,0,2,0
6485352110_3272563961_STOP343,0,0,0,0
6485352110_3272563961_STOP381,0,0,0,0
6485352110_6485352111_STOP381,0,0,0,0
6485352111_3383341288_STOP381,0,0,0,0
6485661075_2317306738_STOP485,0,0,0,0
6485661075_2317306738_STOP63,0,0,0,0
6485661075_2439053889_STOP63,0,0,0,0
6608965027_7216077587_STOP371,0,0,0,0
6608965029_11278632590_STOP647,0,0,0,0
6608965029_9824987335_STOP647,0,0,0,0
6608965030_10968637160_STOP647,0,0,0,0
6608965030_10968637160_STOP819,0,0,0,0
6608965030_6608965029_STOP647,0,0,0,0
6608965044_6608965046_STOP819,0,0,0,0
6608965044_7561564769_STOP819,0,0,0,0
6608965046_6608965044_STOP819,0,0,0,0
6608965073_6608965046_STOP819,0,0,0,0
6608965073_7561564769_STOP819,0,0,0,0
6608982087_6608965030_STOP647,0,0,0,0
6608982089_6608982087_STOP261,0,0,0,0
6608982089_7216028474_STOP261,0,0,0,0
6608982092_6608982089_STOP647,0,0,0,0
6608982092_6608982089_STOP819,0,0,0,0
6608982106_5848060882_STOP819,0,0,0,0
6608982106_7216077733_STOP819,0,0,0,0
6608982110_6608982115_STOP818,0,0,0,0
6608982110_9787694583_STOP386,0,0,0,0
6608982110_9787694583_STOP818,0,0,0,0
6608982115_6608982106_STOP818,0,0,0,0
6608982115_6608982106_STOP819,0,0,0,0
6609192452_1849525810_STOP682,0,0,0,0
6609192452_2035792342_STOP682,0,0,0,0
6609192455_1849525880_STOP682,0,0,0,0
6609192455_5851048279_STOP682,0,0,0,0
6609199259_5369482496_STOP11,0,0,0,0
6609199259_5369482497_STOP11,0,0,0,0
6609222555_2520649220_STOP44,0,0,0,0
6609222555_8123220090_STOP44,0,0,0,0
6609222555_8123220109_STOP44,0,0,0,0
6609222558_2520649239_STOP634,0,0,0,0
6609222558_6609222560_STOP634,0,0,0,0
6609222560_1849907155_STOP177,0,0,0,0
6609222560_1849907155_STOP248,0,0,0,0
6609222560_1849907155_STOP633,0,0,0,0
6609222560_1849907155_STOP634,0,0,0,0
6609222560_1849907155_STOP635,0,0,0,0
6609222560_6609222558_STOP634,0,0,0,0
6609222560_8123220091_STOP187,0,0,0,0
6609222560_8123220091_STOP634,0,0,0,0
6609245572_2325453614_STOP322,0,0,0,0
6609245572_2325453614_STOP332,0,0,0,0
6609245572_6609245573_STOP322,0,0,0,0
6609245573_2614138789_STOP229,0,0,0,0
6609245573_2614138789_STOP322,0,0,0,0
6609245573_6609245572_STOP322,0,0,0,0
6609265322_6437394512_STOP118,0,0,0,0
6609265322_6437394512_STOP330,0,0,0,0
6609265322_6437394512_STOP718,0,0,0,0
6609292743_6609292759_STOP332,0,0,0,0
6609292753_3115159440_STOP331,0,0,0,0
6609292753_3115159440_STOP332,0,0,0,0
6609292753_3115159440_STOP718,0,0,0,0
6609292753_6609292743_STOP332,0,0,0,0
6609292758_6609292753_STOP332,0,0,0,0
6609292759_6609292758_STOP332,0,0,0,0
6609292759_6609356522_STOP332,0,0,0,0
6609292759_6609356522_STOP596,0,0,0,0
6609292783_5042411985_STOP334,0,0,0,0
6609356522_6609356529_STOP596,0,0,0,0
6609356524_6609356536_STOP596,0,0,0,0
6609356529_6609292783_STOP334,0,0,0,0
6609356529_6609292783_STOP596,0,0,0,0
6609356529_6609356524_STOP596,0,0,0,0
6609356536_6609292758_STOP332,0,0,0,0
6609356536_6609292758_STOP596,0,0,0,0
6609356536_6609356522_STOP596,0,0,0,0
6609908292_6412131569_STOP363,0,0,0,0
6609908292_6431352730_STOP363,0,0,0,0
6609908292_6431352730_STOP364,0,0,0,0
6609908292_6431352730_STOP540,0,0,0,0
6610022881_6610022882_STOP452,0,0,0,0
6610022881_7673353743_STOP359,0,0,0,0
6610022881_7673353743_STOP452,0,0,0,0
6610022882_3272718018_STOP452,0,0,0,0
6610025538_6610022881_STOP360,0,0,0,0
6610025538_6610022881_STOP453,0,0,0,0
6610025538_6610022881_STOP826,0,0,0,0
6610025538_6610022881_STOP827,0,0,0,0
6610025538_6610025539_STOP827,0,0,0,0
6610025539_6610022882_STOP360,0,0,0,0
6610025539_6610022882_STOP452,0,0,0,0
6610025539_6610022882_STOP453,0,0,0,0
6610025539_6610022882_STOP826,0,0,0,0
6610025539_6610022882_STOP827,0,0,0,0
6615747773_29377716_STOP489,0,0,0,0
6615824168_6615867400_STOP37,0,0,0,0
6615824168_6615867400_STOP442,0,0,0,0
6615824168_6615867400_STOP455,0,0,0,0
6615824169_6615824168_STOP37,0,0,0,0
6615824169_6615867401_STOP37,0,0,0,0
6615824169_6615867401_STOP442,0,0,0,0
6615824169_6615867401_STOP455,0,0,0,0
6615831436_6615824168_STOP215,0,0,0,0
6615831436_6615824168_STOP365,0,0,0,0
6615831436_6615824168_STOP37,0,0,0,0
6615831436_6615824168_STOP454,0,0,0,0
6615831436_6615831437_STOP215,0,0,0,0
6615831437_6615824169_STOP215,0,0,0,0
6615831437_6615824169_STOP365,0,0,0,0
6615831437_6615824169_STOP454,0,0,0,0
6615832573_3272226044_STOP366,0,0,0,0
6615832573_3272226044_STOP439,0,0,0,0
6615832573_3272226044_STOP830,0,0,0,0
6615832573_6615860878_STOP830,0,0,0,0
6615860878_6615831436_STOP215,0,0,0,0
6615860878_6615831436_STOP366,0,0,0,0
6615860878_6615831436_STOP439,0,0,0,0
6615860878_6615831436_STOP440,0,0,0,0
6615860878_6615831436_STOP829,0,0,0,0
6615860878_6615831436_STOP830,0,0,0,0
6615860878_6615832573_STOP830,0,0,0,0
6615862315_3272670870_STOP362,0,0,0,0
6615862315_3272670870_STOP451,0,0,0,1
6615862315_6615862316_STOP451,0,0,0,0
6615862316_3272680714_STOP451,0,0,0,0
6615867400_3272660513_STOP442,0,0,0,0
6615867401_5406559329_STOP363,0,0,0,0
6615867401_5406559329_STOP442,0,0,0,0
6615867401_6615867400_STOP442,0,0,0,0
6615877057_3272708317_STOP240,0,0,0,0
6615877057_3272708317_STOP827,0,0,0,0
6615877058_6610025539_STOP240,0,0,0,0
6615877058_6610025539_STOP827,0,0,0,0
6615877058_6615877057_STOP240,0,0,0,0
6615995650_5353894751_STOP358,0,0,0,0
6615995650_5353894751_STOP403,0,0,0,0
6615995650_5353894751_STOP535,0,0,0,0
6615995650_9340090484_STOP403,0,0,0,0
6616389060_11369837185_STOP108,0,0,0,0
6616389060_29489287_STOP108,0,0,0,0
6616440046_6616440053_STOP448,0,0,0,0
6616440049_6616440046_STOP448,0,0,0,0
6616440049_7190369535_STOP448,0,0,0,0
6616440050_6616440049_STOP448,0,0,0,0
6616440053_6616440050_STOP448,0,0,0,0
6616440053_7698632127_STOP35,0,0,0,0
6616440053_7698632127_STOP448,0,0,0,0
6616544861_5346593290_STOP280,0,0,0,0
6616544861_6616544863_STOP280,0,0,0,0
6616544863_11458642953_STOP280,0,0,0,0
6616544863_11711275765_STOP280,0,0,0,0
6616756437_3445469505_STOP136,0,0,0,0
6616756437_3445469505_STOP602,0,0,0,0
6616855143_5509853099_STOP14,0,0,0,0
6618370830_2325453232_STOP131,0,0,0,0
6618370830_2325453232_STOP184,0,0,0,0
6618370830_6618370831_STOP131,0,0,0,0
6618370831_3272578338_STOP131,0,0,0,0
6618370831_6618370830_STOP131,0,0,0,0
6619012655_6619012656_STOP461,0,0,0,0
6619012655_6631082518_STOP119,0,0,0,0
6619012655_6631082518_STOP389,0,0,0,0
6619012655_6631082518_STOP461,0,0,0,0
6619012656_3272376483_STOP185,0,0,0,0
6619012656_3272376483_STOP319,0,0,0,0
6619012656_3272376483_STOP336,0,0,0,0
6619012656_3272376483_STOP461,0,0,0,0
6619012656_6619012655_STOP461,0,0,0,0
6621856655_5358394745_STOP309,0,0,0,0
6621856655_6621856656_STOP309,0,0,0,0
6621856656_6443280180_STOP224,0,0,0,0
6621856656_6443280180_STOP309,0,0,0,0
6621856656_6621856655_STOP309,0,0,0,0
6621910323_10771913956_STOP258,0,0,0,0
6621910323_11181449058_STOP258,0,0,0,0
6621969574_29356961_STOP337,0,0,0,0
6621969574_29356961_STOP477,0,0,0,0
6621969574_29356964_STOP337,0,0,0,0
6622030454_6622030455_STOP305,0,0,0,0
6622030454_7669581282_STOP305,0,0,0,0
6622030455_1663283377_STOP305,0,0,0,0
6622030455_1663283377_STOP672,0,0,0,0
6622030455_6622030454_STOP305,0,0,0,0
6622058663_1916791843_STOP832,0,0,0,0
6622058663_25434270_STOP832,0,0,0,0
6622058664_25434270_STOP245,0,0,0,0
6622058664_6622058663_STOP245,0,0,0,0
6622103719_6622058664_STOP243,0,0,0,0
6622103719_6622058664_STOP245,0,0,0,0
6622103719_6622058664_STOP757,0,0,0,0
6622103728_6622103719_STOP243,0,0,0,0
6622103728_6622103730_STOP243,0,0,0,0
6622103729_6622103719_STOP244,0,0,0,0
6622103729_6622103730_STOP244,0,0,0,0
6622103730_2962096536_STOP244,0,0,0,0
6622103730_2962096536_STOP483,0,0,0,0
6622103730_2962096536_STOP62,0,0,0,0
6622409111_5648629181_STOP766,0,0,0,0
6622409111_7300869689_STOP766,0,0,0,0
6622409115_13261248357_STOP762,0,0,0,0
6622409115_13261248357_STOP763,0,0,0,0
6622409115_13261248357_STOP764,0,0,0,0
6622409115_13261248357_STOP765,0,0,0,0
6622409115_13261248357_STOP766,0,0,0,0
6622409115_6622409111_STOP766,0,0,0,0
6622409117_2477710340_STOP176,0,0,0,0
6622409117_2477710340_STOP765,0,0,0,0
6622409117_2477710340_STOP767,0,0,0,0
6622409117_2477710340_STOP768,0,0,0,0
6622409117_2477710340_STOP770,0,0,0,0
6622409117_2477710340_STOP772,0,0,0,0
6622409117_2477710340_STOP774,0,0,0,0
6622409117_25434098_STOP765,0,0,0,0
6622500668_319706149_STOP19,0,0,0,0
6622500668_479733030_STOP19,0,0,0,0
6627215624_13136294320_STOP473,0,0,0,0
6627215624_3376673108_STOP473,0,0,0,4
6627215624_3376673108_STOP538,0,0,0,0
6627215624_3376673108_STOP69,0,0,0,0
6631082518_5348770388_STOP389,0,0,0,0
6631082518_5353901439_STOP120,0,0,0,0
6631082518_5353901439_STOP389,0,0,0,0
6637693188_2520649232_STOP219,0,0,0,0
6637693193_5392239252_STOP219,0,0,0,0
6637693193_6637693188_STOP219,0,0,0,0
6637693198_5332863130_STOP219,0,0,0,0
6637693198_5332863130_STOP612,0,0,0,0
6637693198_5392239244_STOP219,0,0,0,0
6637726062_1660264881_STOP171,0,0,0,0
6637726062_1660264881_STOP328,0,0,0,0
6637726062_1660264881_STOP348,0,0,0,0
6637726062_1660264881_STOP393,0,0,0,0
6637726062_1660264881_STOP523,0,0,0,0
6637726062_1660264881_STOP524,0,0,0,0
6637726062_1660264881_STOP608,0,0,0,0
6637726062_25773425_STOP524,0,0,0,0
6639564151_10101152065_STOP154,0,0,0,0
6639564151_10101152065_STOP508,0,0,0,0
6639564151_10101152065_STOP509,0,0,0,0
6639564151_10101152065_STOP567,0,0,0,0
6639564151_5408954335_STOP567,0,0,0,0
6639564151_7211100688_STOP567,0,0,0,0
6639639832_25448847_STOP514,0,0,0,0
6639639832_25448847_STOP600,0,0,0,0
6639639832_6639639833_STOP600,0,0,0,0
6639639833_11303467321_STOP600,0,0,0,0
6640711589_11910120724_STOP141,0,0,0,0
6640711589_3272722527_STOP141,0,0,0,0
6640711589_3272722527_STOP403,0,0,0,0
6640792413_10995135976_STOP388,0,0,0,0
6640792413_6640792414_STOP267,0,0,0,0
6640792413_6640792414_STOP388,0,0,0,0
6640792414_3272727748_STOP267,0,0,0,0
6640792414_3272727748_STOP357,0,0,0,0
6640792414_9729638580_STOP267,0,0,0,0
665709306_2858054060_STOP105,0,0,0,0
665709306_2858054060_STOP425,0,0,0,0
665709306_2858054060_STOP426,0,0,0,0
665709306_2858054060_STOP427,0,0,0,0
665709306_3007950794_STOP205,0,0,0,0
665709306_3007950794_STOP425,0,0,0,0
665709306_35131598_STOP204,0,0,0,0
665709306_35131598_STOP379,0,0,0,0
665709306_35131598_STOP425,0,0,0,0
665709306_35131598_STOP6,0,0,0,0
6673594562_2628264119_STOP785,0,0,0,0
6673594562_364328701_STOP785,0,0,0,0
6673594562_364328701_STOP786,0,0,0,0
6715130339_1914135257_STOP468,0,0,0,0
6715130339_6715130340_STOP468,0,0,0,0
6715130340_10184462928_STOP133,0,0,0,0
6715130340_10184462928_STOP468,0,0,0,0
6715130340_10184462928_STOP711,0,0,0,0
6715130340_1980677025_STOP133,0,0,0,0
6715130340_1980677025_STOP468,0,0,0,0
6715130340_1980677025_STOP581,0,0,0,0
6715130340_1980677025_STOP582,0,0,0,0
6715130340_1980677025_STOP584,0,0,0,0
6715130340_1980677025_STOP651,0,0,0,0
6715130346_10696379242_STOP466,0,0,0,0
6715130346_10696379242_STOP467,0,0,0,0
6715130346_10696379242_STOP579,0,0,0,0
6715130346_10696379242_STOP583,0,0,0,0
6715130346_1980602387_STOP466,0,0,0,0
6715130346_1980602387_STOP467,0,0,0,0
6715130346_1980602387_STOP652,0,0,0,0
700728686_1083569114_STOP391,0,0,0,0
700728686_13097895692_STOP129,0,0,0,0
700728686_13097895692_STOP391,0,0,0,0
700728686_306334264_STOP391,0,0,0,0
7111571825_11295049620_STOP123,0,0,0,0
7111571825_11295049620_STOP353,0,0,0,0
7111571825_5353724829_STOP353,0,0,0,0
7132443584_7132473285_STOP361,0,0,0,0
7132443584_7284143550_STOP359,0,0,0,0
7132443584_7284143550_STOP360,0,0,0,0
7132443584_7284143550_STOP361,0,0,0,0
7132443584_7284143550_STOP452,0,0,0,0
7132443584_7284143550_STOP453,0,0,0,0
7132443584_7284143550_STOP606,0,0,0,0
7132452340_7132473285_STOP361,0,0,0,0
7132472250_3244221166_STOP827,0,0,0,0
7132472251_7132472250_STOP827,0,0,0,0
7132472251_9327097034_STOP240,0,0,0,0
7132472251_9327097034_STOP827,0,0,0,1
7132473285_4118981192_STOP359,0,0,0,0
7132473285_4118981192_STOP361,0,0,0,0
7137977722_11041545702_STOP214,0,0,0,0
7137977722_11041545702_STOP218,0,0,0,0
7137977722_11041545702_STOP449,0,0,0,0
7137977722_3359249111_STOP214,0,0,0,0
7144511425_7216077542_STOP371,0,0,0,0
7179028071_7179028076_STOP834,0,0,0,0
7179028071_7179028083_STOP834,0,0,0,0
7179028072_3277363483_STOP658,0,0,0,0
7179028074_1849525794_STOP658,0,0,0,0
7179028075_7179028074_STOP658,0,0,0,0
7179028075_7179028083_STOP658,0,0,0,0
7179028075_7179048891_STOP658,0,0,0,0
7179028075_7179048891_STOP834,0,0,0,0
7179028076_7179028072_STOP658,0,0,0,0
7179028076_7179028078_STOP658,0,0,0,0
7179028078_10158095824_STOP658,0,0,0,0
7179028078_7179028072_STOP658,0,0,0,0
7179028083_10158095824_STOP658,0,0,0,0
7179028083_7179028078_STOP658,0,0,0,0
7179048891_25435214_STOP703,0,0,0,0
7179048891_25435214_STOP834,0,0,0,0
7179048891_7179028071_STOP834,0,0,0,0
7190149301_11727886518_STOP564,0,0,0,0
7190149301_11727886518_STOP805,0,0,0,0
7190149301_6445776996_STOP805,0,0,0,0
7190369535_7631660261_STOP448,0,0,0,0
7190369535_7631660261_STOP840,0,0,0,0
7190369536_6616440046_STOP448,0,0,0,0
7190369536_7190369535_STOP448,0,0,0,0
7201253639_1849525878_STOP97,0,0,0,0
7201253642_25435163_STOP97,0,0,0,0
7201253642_7201253639_STOP97,0,0,0,0
7210854542_240791856_STOP798,0,0,0,0
7210854542_5853120075_STOP798,0,0,0,0
7210854542_5853120077_STOP798,0,0,0,0
7211100688_10173744442_STOP562,0,0,0,0
7211100688_10173744442_STOP567,0,0,0,0
7211100688_5408954335_STOP567,0,0,0,0
7211115101_2520649113_STOP669,0,0,0,0
7211115101_6445776997_STOP669,0,0,0,0
7216028473_7216028474_STOP261,0,0,0,0
7216028473_7216077666_STOP261,0,0,0,0
7216028474_6608982087_STOP261,0,0,0,0
7216028474_7216028475_STOP261,0,0,0,0
7216028475_7216077674_STOP261,0,0,0,0
7216028475_7216077729_STOP261,0,0,0,0
7216077534_5848061348_STOP371,0,0,0,0
7216077534_7144511425_STOP371,0,0,0,0
7216077542_5848061330_STOP371,0,0,0,0
7216077542_7287159351_STOP371,0,0,0,0
7216077542_7287159351_STOP647,0,0,0,0
7216077543_5848061330_STOP371,0,0,0,0
7216077577_7287159347_STOP647,0,0,0,0
7216077587_7144511425_STOP371,0,0,0,0
7216077587_7216077542_STOP371,0,0,0,0
7216077611_10596847110_STOP386,0,0,0,0
7216077611_11199413648_STOP386,0,0,0,0
7216077611_11199413648_STOP387,0,0,0,0
7216077612_10596741996_STOP386,0,0,0,0
7216077612_10596847027_STOP386,0,0,0,0
7216077612_11373181571_STOP386,0,0,0,0
7216077612_11373181571_STOP820,0,0,0,0
7216077613_6608982115_STOP386,0,0,0,0
7216077613_6608982115_STOP818,0,0,0,0
7216077613_9787694583_STOP386,0,0,0,0
7216077614_10596741996_STOP386,0,0,0,0
7216077614_9800628721_STOP386,0,0,0,0
7216077664_7216077665_STOP285,0,0,0,0
7216077664_7216077669_STOP261,0,0,0,0
7216077664_7216077669_STOP285,0,0,0,0
7216077665_7216077664_STOP285,0,0,0,0
7216077665_7216077723_STOP285,0,0,0,0
7216077666_5848061292_STOP261,0,0,0,0
7216077666_5848061292_STOP819,0,0,0,0
7216077669_7216028473_STOP261,0,0,0,0
7216077669_7216077666_STOP261,0,0,0,0
7216077670_7216077665_STOP261,0,0,0,0
7216077670_7216077665_STOP285,0,0,0,1
7216077673_7216077670_STOP261,0,0,0,0
7216077673_7216077729_STOP261,0,0,0,0
7216077674_11270910342_STOP261,0,0,0,0
7216077701_10596741983_STOP388,0,0,0,0
7216077701_7290653024_STOP388,0,0,0,0
7216077704_7216077701_STOP388,0,0,0,0
7216077704_7216077742_STOP388,0,0,0,0
7216077722_7216077664_STOP285,0,0,0,0
7216077722_7216077723_STOP285,0,0,0,0
7216077723_9807780224_STOP285,0,0,0,0
7216077729_7216028473_STOP261,0,0,0,0
7216077729_7216077670_STOP261,0,0,0,0
7216077730_7216028475_STOP647,0,0,0,0
7216077730_7216077674_STOP647,0,0,0,0
7216077733_5848061291_STOP819,0,0,0,0
7216077733_6608982092_STOP819,0,0,0,0
7216077735_11270910344_STOP261,0,0,0,0
7216077735_13539499879_STOP261,0,0,0,0
7216077742_7216077704_STOP388,0,0,0,0
7216077742_7216077735_STOP261,0,0,0,0
7216077742_7216077735_STOP388,0,0,0,0
7219072027_2500902327_STOP595,0,0,0,0
7219072027_5847788406_STOP334,0,0,0,0
7219072027_5847788406_STOP595,0,0,0,0
7227417913_5444644746_STOP334,0,0,0,0
7262996419_1849907113_STOP175,0,0,0,0
7262996419_1849907113_STOP553,0,0,0,0
7262996419_1849907113_STOP554,0,0,0,0
7262996419_1849907130_STOP554,0,0,0,0
7265367233_6622500668_STOP19,0,0,0,0
7284124068_4191858159_STOP453,0,0,0,0
7284124068_4191858159_STOP826,0,0,0,0
7284124068_7284143550_STOP453,0,0,0,0
7284143550_7132472250_STOP453,0,0,0,0
7284143550_7132472250_STOP826,0,0,0,0
7284143550_7132472250_STOP827,0,0,0,0
7284309851_11027050165_STOP387,0,0,0,0
7284309851_11027050165_STOP822,0,0,0,0
7284309851_6377290515_STOP822,0,0,0,0
7284403241_11259520257_STOP356,0,0,0,0
7284403241_11259520257_STOP423,0,0,0,0
7284403242_2518070484_STOP356,0,0,0,0
7284403242_2518070484_STOP423,0,0,0,0
7284403242_7284403241_STOP423,0,0,0,0
7284403244_7284403245_STOP535,0,0,0,0
7284403244_9544624433_STOP357,0,0,0,0
7284403244_9544624433_STOP535,0,0,0,0
7284403245_7284403244_STOP535,0,0,0,0
7284403245_9544624434_STOP357,0,0,0,0
7284403245_9544624434_STOP535,0,0,0,0
7284403246_6380244012_STOP535,0,0,0,0
7284403247_3272727739_STOP535,0,0,0,0
7284403247_7284403246_STOP535,0,0,0,0
7284403248_7284403244_STOP535,0,0,0,0
7284403248_7284403249_STOP535,0,0,0,0
7284403249_7284403245_STOP535,0,0,0,0
7287159347_11278632590_STOP647,0,0,0,0
7287159347_9824987335_STOP647,0,0,0,0
7287159351_9584171464_STOP647,0,0,0,0
7290653024_7216077701_STOP388,0,0,0,0
7290653024_7216077742_STOP388,0,0,0,0
7298267086_11366943120_STOP337,0,0,0,0
7298267086_5455661685_STOP337,0,0,0,0
7300869689_6622409117_STOP766,0,0,0,0
7310779096_3115159440_STOP323,0,0,0,0
7310779096_3115159440_STOP331,0,0,0,0
7310779096_3115159440_STOP718,0,0,0,0
7310779096_7513405158_STOP323,0,0,0,0
7345830954_12813237929_STOP724,0,0,0,0
7345830954_5369882298_STOP724,0,0,0,0
7345830961_12813237929_STOP72,0,0,0,0
7345830961_2325449629_STOP72,0,0,0,0
7345830961_2958252669_STOP72,0,0,0,0
7513405158_2325453616_STOP323,0,0,0,0
7540370583_1837401667_STOP311,0,0,0,0
7540370583_2325452881_STOP272,0,0,0,0
7540370583_2325452881_STOP311,0,0,0,0
7540370583_2325452881_STOP430,0,0,0,0
7540370583_5355765058_STOP311,0,0,0,0
7561564769_10968637156_STOP819,0,0,0,0
7561564769_6608965073_STOP819,0,0,0,0
7624564242_2325452491_STOP841,0,0,0,0
7624564242_5354169648_STOP841,0,0,0,0
7624564242_5354169650_STOP841,0,0,0,0
7624564243_2325452490_STOP841,0,0,0,0
7624564243_5354169657_STOP841,0,0,0,0
7624564243_5354169659_STOP841,0,0,0,0
7631660258_7631660259_STOP211,0,0,0,0
7631660258_7631660260_STOP211,0,0,0,0
7631660258_7631660260_STOP839,0,0,0,0
7631660259_7137977722_STOP211,0,0,0,0
7631660259_7137977722_STOP214,0,0,0,0
7631660259_7631660258_STOP211,0,0,0,0
7631660260_7190369536_STOP448,0,0,0,0
7631660260_7190369536_STOP839,0,0,0,0
7631660260_7190369536_STOP840,0,0,0,0
7631660260_7631660261_STOP839,0,0,0,0
7631660261_7631660259_STOP211,0,0,0,0
7631660261_7631660259_STOP839,0,0,0,0
7631660261_7631660259_STOP840,0,0,0,0
7631660261_7631660260_STOP840,0,0,0,0
7642312005_3277871582_STOP89,0,0,0,0
7642312005_5391666899_STOP212,0,0,0,0
7642312005_5391666899_STOP89,0,0,0,0
7642312005_5391666899_STOP97,0,0,0,0
7643243807_1849907130_STOP554,0,0,0,0
7643243807_1855697149_STOP284,0,0,0,0
7643243807_1855697149_STOP554,0,0,0,0
7643243807_7262996419_STOP554,0,0,0,0
7669230599_10793008258_STOP684,0,0,0,0
7669230599_10793008258_STOP800,0,0,0,0
7669230599_1849525862_STOP155,0,0,0,0
7669230599_1849525862_STOP283,0,0,0,0
7669230599_1849525862_STOP684,0,0,0,0
7669230602_5334388857_STOP373,0,0,0,0
7669230602_7669230603_STOP373,0,0,0,0
7669230603_2036066796_STOP236,0,0,0,0
7669230603_2036066796_STOP237,0,0,0,0
7669230603_2036066796_STOP238,0,0,0,0
7669230603_2036066796_STOP373,0,0,0,0
7669581282_5358055095_STOP305,0,0,0,0
7669581282_5358055095_STOP306,0,0,0,0
7673353740_6615862315_STOP148,0,0,0,0
7673353740_6615862315_STOP451,0,0,0,0
7673353740_6615862315_STOP828,0,0,0,0
7673353740_7673353741_STOP828,0,0,0,0
7673353741_6615862316_STOP148,0,0,0,0
7673353741_6615862316_STOP451,0,0,0,0
7673353741_6615862316_STOP828,0,0,0,0
7673353742_7673353741_STOP828,0,0,0,0
7673353743_3255889295_STOP359,0,0,0,0
7673353743_3255889295_STOP361,0,0,0,0
7673353744_6413894757_STOP359,0,0,0,0
7673353744_6413894757_STOP361,0,0,0,0
7673353744_7673353743_STOP359,0,0,0,0
7673681627_3255889293_STOP148,0,0,0,0
7673681627_3255889293_STOP828,0,0,0,0
7673681628_4123963983_STOP148,0,0,0,0
7673681628_7673681627_STOP148,0,0,0,0
7687331829_364365905_STOP191,0,0,0,0
7687331829_364365905_STOP304,0,0,0,0
7687331829_364365905_STOP549,0,0,0,0
7698632126_3278023523_STOP35,0,0,0,0
7698632126_6616440050_STOP35,0,0,0,0
7698632126_6616440050_STOP448,0,0,0,0
7698632127_5825223577_STOP35,0,0,0,0
7698632127_5825223577_STOP831,0,0,0,0
7698884005_11041545704_STOP218,0,0,0,0
7698884005_11041545704_STOP450,0,0,0,0
7698884005_11041579717_STOP450,0,0,0,0
7699079503_5392239230_STOP450,0,0,0,0
7699079503_5392239230_STOP611,0,0,0,0
7699079503_7699079504_STOP450,0,0,0,0
7699079504_5392239230_STOP450,0,0,0,0
7699079504_5392239230_STOP611,0,0,0,0
7699079504_7699079503_STOP450,0,0,0,0
7709492203_11224280874_STOP442,0,0,0,0
7709492203_7715425663_STOP364,0,0,0,0
7709492203_7715425663_STOP365,0,0,0,0
7709492203_7715425663_STOP37,0,0,0,0
7709492203_7715425663_STOP442,0,0,0,0
7709492203_7715425663_STOP454,0,0,0,0
7709492203_7715425663_STOP455,0,0,0,0
7713266581_3272566403_STOP226,0,0,0,0
7713266581_3272566403_STOP270,0,0,0,0
7713266581_7713266582_STOP226,0,0,0,0
7713266582_2325453374_STOP226,0,0,0,0
7713266582_7713266581_STOP226,0,0,0,0
7715289717_3269364726_STOP172,0,0,0,0
7715289717_3269364726_STOP666,0,0,0,0
7715289717_3269364726_STOP690,0,0,0,0
7715289717_3269364726_STOP691,0,0,0,0
7715326201_10198287484_STOP576,0,0,0,0
7715326201_10198287484_STOP665,0,0,0,0
7715326201_10198287484_STOP666,0,0,0,0
7715326201_7715326202_STOP576,0,0,0,0
7715326202_10173603868_STOP576,0,0,0,0
7715326202_7715326201_STOP576,0,0,0,0
7715326208_10198287485_STOP665,0,0,0,0
7715326208_6461589822_STOP665,0,0,0,0
7715326213_12862489542_STOP172,0,0,0,0
7715326213_1855697067_STOP172,0,0,0,0
7715326215_7715326208_STOP665,0,0,0,0
7715327378_1849907125_STOP177,0,0,0,0
7715327378_1849907125_STOP513,0,0,0,0
7715327378_1849907125_STOP633,0,0,0,0
7715327378_1849907125_STOP635,0,0,0,0
7715397583_1855697067_STOP172,0,0,0,0
7715425660_8390722310_STOP36,0,0,0,0
7715425660_8390722310_STOP366,0,0,0,0
7715425660_8390722310_STOP367,0,0,0,0
7715425660_8390722310_STOP439,0,0,0,0
7715425660_8390722310_STOP441,0,0,0,0
7715425660_8390722310_STOP457,0,0,0,0
7715425660_8390722310_STOP829,0,0,0,0
7715425660_8390722310_STOP830,0,0,0,0
7715425661_7715425660_STOP829,0,0,0,0
7715425661_8390722310_STOP201,0,0,0,0
7715425661_8390722310_STOP36,0,0,0,0
7715425661_8390722310_STOP366,0,0,0,0
7715425661_8390722310_STOP367,0,0,0,0
7715425661_8390722310_STOP439,0,0,0,0
7715425661_8390722310_STOP441,0,0,0,0
7715425661_8390722310_STOP457,0,0,0,0
7715425661_8390722310_STOP829,0,0,0,0
7715425661_8390722310_STOP830,0,0,0,0
7715425662_7715425660_STOP215,0,0,0,0
7715425662_7715425660_STOP365,0,0,0,0
7715425662_7715425660_STOP829,0,0,0,0
7715425662_7715425663_STOP365,0,0,0,0
7715425663_7715425661_STOP215,0,0,0,0
7715425663_7715425661_STOP829,0,0,0,0
7724450410_1849528744_STOP724,0,0,0,0
7724450410_1849528769_STOP724,0,0,0,0
7850209633_5392237806_STOP219,0,0,0,0
7850209633_6637693198_STOP219,0,0,0,0
7856163870_1013421522_STOP239,0,0,0,0
7856163871_7856163870_STOP239,0,0,0,0
7856163871_7856163870_STOP318,0,0,0,0
7856163871_7856163872_STOP318,0,0,0,0
7856163872_7856163870_STOP239,0,0,0,0
7856163872_7856163870_STOP318,0,0,0,0
7856163872_7856163871_STOP318,0,0,0,0
7857882999_5358055836_STOP103,0,0,0,0
7857882999_7857883000_STOP103,0,0,0,0
7857883000_1849528731_STOP103,0,0,0,0
7857883000_1849528731_STOP724,0,0,0,0
7983673000_12809082542_STOP327,0,0,0,0
7983673000_29379232_STOP327,0,0,0,0
7983673000_5639376089_STOP327,0,0,0,0
7983673000_5639376089_STOP550,0,0,0,0
7983673000_5639376089_STOP80,0,0,0,0
7983673000_5639376089_STOP85,0,0,0,0
7990471529_2250555721_STOP307,0,0,0,0
7990471529_2250555721_STOP815,0,0,0,0
8123220088_2520649249_STOP44,0,0,0,0
8123220088_8123220089_STOP44,0,0,0,0
8123220089_8123220090_STOP44,0,0,0,0
8123220090_6609222558_STOP44,0,0,0,0
8123220090_6609222558_STOP634,0,0,0,0
8123220091_10154700107_STOP187,0,0,0,0
8123220091_2520649220_STOP187,0,0,0,0
8123220109_1849960732_STOP251,0,0,0,0
8123220109_1849960732_STOP44,0,0,0,0
8123304854_3272242233_STOP36,0,0,0,0
8123304854_8123304860_STOP36,0,0,0,0
8123304860_5447158320_STOP20,0,0,0,0
8123304860_8123304864_STOP20,0,0,0,0
8123304864_5447158318_STOP36,0,0,0,0
8123304864_8123313718_STOP36,0,0,0,0
8123304864_8123313718_STOP443,0,0,0,0
8123304870_2614138808_STOP229,0,0,0,0
8123304870_8123304884_STOP229,0,0,0,0
8123304882_2614138804_STOP229,0,0,0,0
8123304882_2614138804_STOP460,0,0,0,0
8123304882_8123304883_STOP229,0,0,0,0
8123304882_8123304883_STOP460,0,0,0,0
8123304883_2614138794_STOP229,0,0,0,0
8123304883_8123304884_STOP229,0,0,0,0
8123304884_2614138794_STOP229,0,0,0,0
8123304884_3272653270_STOP229,0,0,0,0
8123304890_2614138810_STOP229,0,0,0,0
8123304890_8123304870_STOP229,0,0,0,0
8123304891_5444644826_STOP321,0,0,0,0
8123304891_5444644826_STOP333,0,0,0,0
8123304891_5444644826_STOP334,0,0,0,0
8123304891_5444644826_STOP595,0,0,0,0
8123304891_5444644826_STOP596,0,0,0,0
8123313717_8123304864_STOP20,0,0,0,0
8123313717_8123304864_STOP36,0,0,0,0
8123313717_8123313718_STOP20,0,0,0,0
8123313717_8123313718_STOP443,0,0,0,0
8123313718_5397822748_STOP152,0,0,0,0
8123313718_5397822748_STOP443,0,0,0,0
8123313718_5397822748_STOP444,0,0,0,0
8123313737_9462969629_STOP200,0,0,0,0
8123313737_9462969629_STOP201,0,0,0,0
8123313737_9462969629_STOP36,0,0,0,0
8123313737_9462969629_STOP367,0,0,0,0
8123313737_9462969629_STOP457,0,0,0,0
8123313737_9462969629_STOP830,0,0,0,0
8123313737_9462969630_STOP200,0,0,0,0
8123313737_9462969630_STOP201,0,0,0,0
8123313737_9462969630_STOP36,0,0,0,0
8123313737_9462969630_STOP367,0,0,0,0
8123313737_9462969630_STOP457,0,0,0,0
8123313737_9462969630_STOP830,0,0,0,0
8390722310_8390730124_STOP36,0,0,0,0
8390730117_8123313737_STOP36,0,0,0,0
8390730122_5447158318_STOP443,0,0,0,0
8390730122_8390730117_STOP36,0,0,0,0
8390730122_8390730117_STOP443,0,0,0,0
8390730124_3272242233_STOP36,0,0,0,0
8390730124_8123304854_STOP36,0,0,0,0
8408170536_5479194191_STOP821,0,0,0,0
8418013666_13551225788_STOP253,0,0,0,0
8418013666_13551225788_STOP46,0,0,0,0
8418013666_13551225788_STOP727,0,0,0,0
8456621393_6615877057_STOP240,0,0,0,0
8456621393_6615877058_STOP240,0,0,0,0
8456621395_3272728568_STOP403,0,0,0,0
8456621395_9340090484_STOP403,0,0,0,0
8456621396_11549683569_STOP240,0,0,0,0
8456621396_6382216824_STOP240,0,0,0,0
8456621396_6382216824_STOP403,0,0,0,0
8499551926_3115041391_STOP463,0,0,0,0
8499551926_3115041391_STOP464,0,0,0,0
8499551926_3115041391_STOP465,0,0,0,0
8499551926_8499551927_STOP464,0,0,0,0
8499551927_3272371131_STOP185,0,0,0,0
8499551927_3272371131_STOP462,0,0,0,0
8499551927_3272371131_STOP464,0,0,0,0
8499551927_3272371131_STOP816,0,0,0,0
8499551927_8499551926_STOP464,0,0,0,0
8582835480_11138593390_STOP812,0,0,0,0
8582835480_11138593390_STOP84,0,0,0,0
8582835480_5369274905_STOP812,0,0,0,0
8841514869_3115157722_STOP122,0,0,0,0
8913742090_29427236_STOP723,0,0,0,0
8913742090_5360090966_STOP723,0,0,0,0
8979178865_11181448973_STOP706,0,0,0,0
8979178865_11181448979_STOP706,0,0,0,0
8979186743_11181448974_STOP746,0,0,0,0
8979186743_3272589082_STOP706,0,0,0,0
8979186743_3272589082_STOP746,0,0,0,0
9152581660_10043935232_STOP121,0,0,0,0
9152581660_10043935232_STOP198,0,0,0,0
9152581660_5348638990_STOP108,0,0,0,0
9152581660_5348638990_STOP121,0,0,0,0
9152581660_5348638990_STOP198,0,0,0,0
9152581660_5348638990_STOP384,0,0,0,0
9152581660_5348638990_STOP385,0,0,0,0
9152581660_5348638990_STOP396,0,0,0,0
9167350227_2604179154_STOP282,0,0,0,0
9167350227_2604179154_STOP376,0,0,0,0
9167350228_9167350227_STOP282,0,0,0,0
9167367930_5495700165_STOP281,0,0,0,0
9167367930_5648631891_STOP281,0,0,0,0
9198770125_8390730122_STOP152,0,0,0,0
9198770125_8390730122_STOP443,0,0,0,0
9198770125_8390730122_STOP444,0,0,0,0
9253047317_3115041391_STOP198,0,0,0,0
9253047317_3115041391_STOP465,0,0,3,0
9253047317_5487650882_STOP198,0,0,0,0
9327097034_3272725789_STOP240,0,0,0,0
9336983410_29358934_STOP628,0,0,0,0
9336983410_29358935_STOP628,0,0,0,0
9336983410_29379986_STOP628,0,0,0,0
9340090484_6380244015_STOP358,0,0,0,0
9340090484_6380244015_STOP403,0,0,0,0
9372965562_6616756437_STOP180,0,0,0,0
9372965562_6616756437_STOP602,0,0,0,0
9379377310_35138415_STOP117,0,0,0,0
9379377310_9379377313_STOP117,0,0,0,0
9379377313_35137789_STOP117,0,0,0,0
9379377313_35137789_STOP540,0,0,0,0
9379377313_35138415_STOP117,0,0,0,0
9443702027_3272727748_STOP357,0,0,0,0
9443702028_5458169147_STOP423,0,0,0,0
9443702028_7284403241_STOP423,0,0,0,0
9462969629_6615860878_STOP830,0,0,0,0
9462969629_9462969630_STOP830,0,0,0,0
9462969630_6615832573_STOP830,0,0,0,0
9462969630_9462969629_STOP830,0,0,0,0
9462999285_3245886198_STOP281,0,0,0,0
9462999285_9471344359_STOP281,0,0,0,0
9471344359_5344074239_STOP281,0,0,0,0
9471344359_9462999285_STOP281,0,0,0,0
9503884773_12813271264_STOP117,0,0,0,0
9503884773_12813271264_STOP363,0,0,0,0
9503884773_12813271264_STOP540,0,0,0,0
9503884773_1856651006_STOP363,0,0,0,0
9503884773_9503919892_STOP363,0,0,0,0
9503919891_1856651006_STOP363,0,0,0,0
9503919891_9503919892_STOP363,0,0,0,0
9503919892_6609908292_STOP363,0,0,0,0
9503919892_9503919891_STOP363,0,0,0,0
9532363495_29380518_STOP338,0,0,0,0
9532363495_29380518_STOP381,0,0,0,0
9532363495_29380518_STOP802,0,0,0,0
9532363495_9532363497_STOP338,0,0,0,0
9532363497_11711275766_STOP280,0,0,0,0
9532363497_11711275766_STOP338,0,0,0,0
9532363497_11711275766_STOP398,0,0,0,0
9532363497_9532363495_STOP338,0,0,0,0
9544624433_5867096768_STOP357,0,0,0,0
9544624434_5458169147_STOP357,0,0,0,0
9544624434_5458169147_STOP423,0,0,0,0
9544624434_9544624433_STOP357,0,0,0,0
9544806498_7284403246_STOP357,0,0,0,0
9544806498_7284403246_STOP535,0,0,0,0
9544806499_7284403247_STOP357,0,0,0,0
9544806499_7284403247_STOP535,0,0,0,0
9544806499_9544806498_STOP357,0,0,0,0
9544806503_3272727747_STOP357,0,0,0,0
9544806503_9544806498_STOP357,0,0,0,0
9584171464_10995250561_STOP647,0,0,0,0
9584171464_7216077577_STOP647,0,0,0,0
9626125965_12813271261_STOP5,0,0,0,0
9626125965_5447158309_STOP5,0,0,0,0
9642166986_13257407280_STOP773,0,0,0,0
9642166986_3445557996_STOP773,0,0,0,0
9713565227_29489276_STOP385,0,0,0,0
9713565227_29489276_STOP397,0,0,0,0
9713565227_29489276_STOP499,0,0,0,0
9729638579_5455694139_STOP267,0,0,0,0
9729638579_9729638580_STOP267,0,0,0,0
9729638580_9729638579_STOP267,0,0,0,0
9729638580_9729638593_STOP267,0,0,0,0
9729638580_9729638593_STOP825,0,0,0,1
9729638593_2518074025_STOP823,0,0,0,0
9729638593_2518074025_STOP824,0,0,0,0
9729638593_2518074025_STOP825,0,0,0,0
9729638593_5479194193_STOP825,0,0,0,0
9749128082_1662376584_STOP591,0,0,0,0
9749128082_5463827264_STOP591,0,0,0,0
9755546377_2036066796_STOP169,0,0,0,0
9755546377_2036066796_STOP236,0,0,0,0
9755546377_2036066796_STOP578,0,0,0,0
9755546377_29359719_STOP578,0,0,0,0
9755546377_5334558654_STOP578,0,0,0,0
9762128207_2041502893_STOP340,0,0,0,0
9762128207_2041502893_STOP409,0,0,0,0
9762128207_2041502893_STOP660,0,0,0,0
9762128207_25433301_STOP340,0,0,0,0
9767043233_11180921757_STOP71,0,0,0,0
9767043233_11262097537_STOP594,0,0,0,0
9767043233_11262097537_STOP70,0,0,0,0
9767043233_11262097537_STOP71,0,0,0,0
9767043233_11262097537_STOP725,0,0,0,0
9787694583_7216077614_STOP386,0,0,0,0
9800628721_7216077613_STOP386,0,0,0,1
9803456823_11136401953_STOP821,0,0,0,0
9803456823_11136401953_STOP822,0,0,0,0
9803456826_6377290514_STOP822,0,0,0,0
9803456826_9803456823_STOP822,0,0,0,0
9807780220_10596847016_STOP285,0,0,0,0
9807780224_11270931757_STOP285,0,0,0,0
9807780224_9807780220_STOP285,0,0,0,0
9824987335_5848061297_STOP647,0,0,0,0
9832971266_11181448955_STOP255,0,0,0,0
9832971266_11181448955_STOP435,0,0,0,0
9832971266_11181448955_STOP572,0,0,0,0
9832971267_10167417684_STOP252,0,0,0,0
9832971267_10167417684_STOP253,0,0,0,0
9832971267_10167417684_STOP435,0,0,0,0
9832971267_9832971266_STOP435,0,0,0,0
9832971270_3277874425_STOP435,0,0,0,0
9832971270_9832971267_STOP435,0,0,0,0
9834915546_3277871582_STOP212,0,0,0,0
9834915547_1849525877_STOP212,0,0,0,0
9834915547_9834915546_STOP212,0,0,0,0
9834956696_3269421791_STOP172,0,0,0,0
9834956696_3269421803_STOP172,0,0,0,0
9834956696_3269421803_STOP554,0,0,0,0
9834956696_7715397583_STOP172,0,0,0,0
9857713262_11382060932_STOP550,0,0,0,0
9857713262_11382060932_STOP80,0,0,0,0
9857713262_11382060932_STOP85,0,0,0,0
9895279782_1663274703_STOP163,0,0,0,0
9895279782_1663274703_STOP31,0,0,0,0
9895279782_5825261665_STOP31,0,0,0,0
9973785684_8499551926_STOP185,0,0,0,0
9973785684_8499551926_STOP462,0,0,0,0
9973785684_8499551926_STOP464,0,0,0,0
9973785684_8499551926_STOP816,0,0,0,0
