tas_nit_id,road_width_index,sidewalk_ratio,street_canyon_enclosure,green_view_index,sky_view_factor,visual_perception_score,n_images,street_name
10043935231_3448592238_STOP198,0.1601,0.0907,0.1155,0.419,0.0441,0.3035,5,Jalan Soekarno-Hatta
10043935232_10043935231_STOP121,0.2929,0.029,0.4795,0.1396,0.0007,0.1552,1,
10043935232_10816174967_STOP121,0.2172,0.0152,0.4432,0.0923,0.0039,0.137,2,Jalan Soekarno-Hatta
10101152064_10101152065_STOP154,0.202,0.0446,0.159,0.4253,0.024,0.2889,4,Jalan Cihapit
10101152064_5369325245_STOP665,0.2423,0.0005,0.0446,0.5312,0.0,0.327,1,Jalan Cihapit
10101152065_10101152064_STOP665,0.207,0.0141,0.0724,0.4235,0.0673,0.3065,4,Jalan Cihapit
10101152065_1849525943_STOP561,0.3151,0.0547,0.058,0.4097,0.0779,0.3261,9,Jalan L.L. RE. Martadinata
10101152065_2520790639_STOP663,0.1921,0.0159,0.1593,0.3305,0.1003,0.2727,7,Jalan Cihapit
10101152065_6639564151_STOP509,0.3026,0.058,0.0763,0.3554,0.1098,0.3145,6,Jalan L.L. RE. Martadinata
10125360884_10125360885_STOP108,0.3352,0.0081,0.4383,0.1435,0.0,0.1624,1,
10125360884_3272542990_STOP108,0.3285,0.0148,0.4307,0.1288,0.0066,0.1615,2,Jalan Soekarno-Hatta
10125360885_11369316680_STOP121,0.1651,0.0384,0.0523,0.5076,0.02,0.3236,9,Jalan Soekarno-Hatta
10125575435_12135879793_STOP121,0.3103,0.1018,0.1155,0.0315,0.3514,0.2814,1,Jalan Leuwi Panjang
10125575435_3272382569_STOP121,0.3103,0.1018,0.1155,0.0315,0.3514,0.2814,1,Jalan Soekarno-Hatta
1013421522_5358212370_STOP239,0.3594,0.0271,0.0261,0.3215,0.1383,0.3185,1,Jalan Dalem Kaum
1013421522_5852700917_STOP7,0.2952,0.0635,0.1162,0.2928,0.104,0.2886,4,"['Jalan Alun-alun Timur', 'Jalan Asia Afrika']"
1013431926_7856163871_STOP318,0.3411,0.0228,0.2692,0.1484,0.104,0.2188,2,Jalan Dewi Sartika
1013431926_7990471529_STOP307,0.2371,0.0453,0.4138,0.1209,0.0459,0.1684,6,Jalan Kepatihan
1013431927_7856163872_STOP318,0.1607,0.1085,0.3597,0.2212,0.0366,0.2093,7,Jalan Kepatihan
1013431927_7990471529_STOP307,0.3194,0.0219,0.3617,0.084,0.1284,0.1894,1,Jalan Otto Iskandardinata
10134513808_10125575435_STOP121,0.331,0.0065,0.1441,0.0191,0.3541,0.257,1,Jalan Soekarno-Hatta
10134513808_3272382565_STOP121,0.331,0.0065,0.1441,0.0191,0.3541,0.257,1,Jalan Leuwi Panjang
10134513809_10134513808_STOP121,0.4148,0.0104,0.1052,0.0457,0.3817,0.2869,1,Jalan Raya Cibaduyut
10134513809_10816174969_STOP121,0.4148,0.0104,0.1052,0.0457,0.3817,0.2869,1,Jalan Soekarno-Hatta
1014721714_1014722257_STOP593,0.1526,0.0235,0.341,0.1932,0.1313,0.2096,7,Jalan Pelindung Hewan
1014721714_5353902941_STOP22,0.2518,0.0054,0.1372,0.2869,0.1514,0.2796,4,
1014722257_3110265322_STOP310,0.2937,0.0339,0.0776,0.3394,0.1253,0.3077,8,Jalan Mohammad Toha
1014722257_5348770323_STOP227,0.291,0.035,0.0569,0.3648,0.1353,0.3208,6,Jalan Mohammad Toha
1014722265_11380591251_STOP30,0.1898,0.0713,0.4224,0.1166,0.0703,0.1724,3,Jalan Pungkur
1014722265_1831360476_STOP29,0.2893,0.0293,0.2604,0.2121,0.1022,0.2349,16,Jalan Pungkur
1014722585_1014722265_STOP30,0.3626,0.0303,0.0809,0.3562,0.1005,0.3122,10,Jalan Mohammad Toha
1014722585_29489136_STOP269,0.1914,0.0291,0.2531,0.2706,0.1036,0.2441,3,Jalan Ibu Inggit Ganarsih
1014722585_29489138_STOP29,0.22,0.0622,0.193,0.3449,0.068,0.276,11,Jalan Ibu Inggit Ganarsih
1014722585_5355897677_STOP258,0.3507,0.0244,0.0408,0.4466,0.0575,0.3322,12,Jalan Mohammad Toha
1014722675_1014721714_STOP22,0.1405,0.0171,0.2335,0.3008,0.1789,0.2674,5,Jalan Pelindung Hewan
1014722675_11953687707_STOP607,0.263,0.0276,0.0626,0.4184,0.0661,0.3144,2,Jalan Inhoftank
1014722675_5353902941_STOP22,0.2104,0.0514,0.236,0.1915,0.1726,0.2465,7,Jalan Inhoftank
10151612728_10151612729_STOP265,0.2262,0.0689,0.0567,0.2247,0.2647,0.3115,1,
10151612728_12692455340_STOP265,0.2476,0.038,0.0296,0.3876,0.1481,0.3312,2,Jalan Ir. H. Djuanda
10151612729_10151612728_STOP265,0.2464,0.0503,0.28,0.0702,0.1858,0.2102,1,
10151612729_1662376718_STOP591,0.2832,0.0566,0.095,0.4005,0.0802,0.3156,4,Jalan Ir. H. Djuanda
10154700107_7715327378_STOP633,0.2439,0.039,0.1,0.2664,0.2113,0.2999,5,Jalan Supratman
10154700114_10154700107_STOP44,0.0613,0.0004,0.0253,0.7234,0.0,0.3694,1,
10154700114_2520649220_STOP44,0.0615,0.0004,0.0254,0.7305,0.0,0.3716,1,Jalan Supratman
10158095824_7179028074_STOP658,0.3588,0.0169,0.2312,0.1059,0.2417,0.2468,1,Jalan Sunda
10166777277_10166777280_STOP139,0.0965,0.0049,0.1733,0.4483,0.0,0.2691,1,Jalan Haji Tatang Sumantri
10166777277_6428110632_STOP139,0.0965,0.0049,0.1733,0.4483,0.0,0.2691,1,Jalan Haji Tatang Sumantri
10166777280_10166777277_STOP139,0.1561,0.0366,0.1035,0.417,0.0,0.2825,1,Jalan Haji Tatang Sumantri
10166777280_5353902321_STOP139,0.2022,0.0487,0.2342,0.2015,0.1261,0.2368,4,Jalan Haji Tatang Sumantri
10167417684_8418013666_STOP253,0.3545,0.0026,0.013,0.441,0.0604,0.3314,1,Jalan Layang Laswi - Pelajar Pejuang 45
10167417684_9832971267_STOP435,0.3038,0.0043,0.0989,0.1306,0.334,0.2891,8,Jalan Layang Laswi - Pelajar Pejuang 45
10171739080_3269421803_STOP284,0.2446,0.0563,0.0645,0.4431,0.0192,0.3138,5,Jalan Taman Cibeunying Utara
10171739085_10171739080_STOP665,0.0544,0.1517,0.0335,0.5776,0.0,0.354,1,
10171739085_6461589822_STOP665,0.0544,0.1517,0.0335,0.5776,0.0,0.354,1,Jalan Ciliwung
10171865526_10171865531_STOP172,0.324,0.0026,0.1072,0.2198,0.218,0.2873,1,
10171865526_3269421786_STOP172,0.324,0.0026,0.1072,0.2198,0.218,0.2873,1,Jalan Cisangkuy
10171865526_7715289717_STOP172,0.324,0.0026,0.1072,0.2198,0.218,0.2873,1,
10171865531_11707030830_STOP73,0.234,0.0666,0.0616,0.4492,0.0608,0.3274,4,Jalan Ciliwung
10171865532_1849907162_STOP174,0.2236,0.0506,0.1488,0.3623,0.0768,0.2881,8,Jalan Cilaki
10171865532_1855697097_STOP172,0.1618,0.0052,0.0151,0.5176,0.0472,0.332,1,Jalan Cilaki
10171865536_10171865532_STOP172,0.3952,0.0106,0.0213,0.4669,0.0377,0.3379,1,
10171865536_3269421789_STOP172,0.3952,0.0106,0.0213,0.4669,0.0377,0.3379,1,Jalan Ciliwung
10173603853_25778195_STOP806,0.2398,0.0081,0.0176,0.5655,0.0107,0.3453,3,Jalan Citarum
10173603857_11382550192_STOP576,0.1812,0.0012,0.0165,0.6174,0.0036,0.352,1,Jalan Taman Citarum
10173603857_1666747518_STOP576,0.2442,0.0126,0.0166,0.508,0.0442,0.3378,2,
10173603859_7715326201_STOP576,0.2522,0.0176,0.0524,0.4562,0.0574,0.322,2,Jalan Ciliwung
10173603863_10173603859_STOP576,0.2296,0.0227,0.0091,0.5758,0.0,0.3489,1,
10173603863_5369368116_STOP576,0.2296,0.0227,0.0091,0.5758,0.0,0.3489,1,Jalan Citarum
10173603868_1666747518_STOP576,0.2049,0.0002,0.0104,0.442,0.103,0.3273,1,
10173603868_5369369333_STOP576,0.2049,0.0002,0.0104,0.442,0.103,0.3273,1,Jalan Ciliwung
10173705729_7211115101_STOP669,0.2586,0.0006,0.1088,0.4939,0.0473,0.3197,1,Jalan Cilamaya
10173705732_6445381505_STOP575,0.2619,0.0191,0.0316,0.4857,0.0547,0.3346,3,Jalan Citarum
10173705736_10173705732_STOP575,0.3044,0.0725,0.0069,0.5187,0.0038,0.3505,1,
10173705736_5832181364_STOP575,0.3044,0.0725,0.0069,0.5187,0.0038,0.3505,1,Jalan Diponegoro
10173705737_2519917288_STOP575,0.3169,0.0792,0.0088,0.5125,0.0,0.35,1,Jalan Diponegoro
10173705737_5293786192_STOP575,0.3169,0.0792,0.0088,0.5125,0.0,0.35,1,Jalan Citarum
10173744438_11564259401_STOP556,0.439,0.0054,0.0093,0.3229,0.1728,0.3337,1,Jalan Bangka
10173744438_1849525812_STOP697,0.3208,0.0137,0.0394,0.4475,0.0429,0.3239,8,Jalan Bangka
10173744441_10173744438_STOP556,0.2011,0.0189,0.1236,0.4733,0.0024,0.2979,1,
10173744441_11564259401_STOP556,0.2011,0.0189,0.1236,0.4733,0.0024,0.2979,1,Jalan Belitung
10173744441_1849525986_STOP696,0.2282,0.0165,0.1383,0.4102,0.0316,0.2864,4,Jalan Belitung
10173744442_12809507139_STOP562,0.1616,0.0881,0.138,0.2852,0.0336,0.257,1,Jalan Lombok
10173744442_3278058148_STOP562,0.1616,0.0881,0.138,0.2852,0.0336,0.257,1,Jalan Ambon
10173744442_7211100688_STOP567,0.1949,0.0934,0.1125,0.3825,0.0558,0.3,5,Jalan Lombok
10173744443_6639564151_STOP509,0.3174,0.0116,0.0334,0.4136,0.0778,0.3225,2,Jalan Citarum
10173744448_10173744443_STOP567,0.4013,0.0,0.0535,0.3997,0.0587,0.3167,1,
10173744448_1666747506_STOP567,0.4013,0.0,0.0535,0.3997,0.0587,0.3167,1,Jalan Citarum
10173744449_6445776985_STOP667,0.2687,0.0029,0.0255,0.4969,0.0163,0.3268,3,Jalan Cisanggarung
10173744453_10173744449_STOP667,0.3919,0.001,0.1908,0.3593,0.0033,0.2694,1,
10173744453_3269364722_STOP667,0.3919,0.001,0.1908,0.3593,0.0033,0.2694,1,Jalan Cisanggarung
10173744458_6445776991_STOP805,0.2479,0.013,0.0131,0.5757,0.0,0.3481,2,Jalan Hayam Wuruk
10173744459_10173744458_STOP668,0.1141,0.101,0.0578,0.5417,0.0008,0.3356,1,
10173744459_11771489566_STOP668,0.1586,0.0676,0.0538,0.5346,0.0004,0.3318,2,Jalan Hayam Wuruk
10176052060_1107494497_STOP460,0.2324,0.0439,0.1469,0.3309,0.1215,0.2896,8,Jalan Guntursari Wetan
10176052060_2614138805_STOP229,0.2215,0.04,0.2025,0.2211,0.1714,0.2589,4,Jalan Buah Batu
10177320000_1870759840_STOP489,0.2058,0.0029,0.0278,0.3629,0.1492,0.3132,1,Jalan Cibogo
10177320000_5639376031_STOP489,0.2116,0.0017,0.1284,0.3472,0.1546,0.2951,2,Jalan Cibogo
1017853007_1013431926_STOP318,0.316,0.042,0.1624,0.2773,0.0979,0.2733,5,Jalan Dewi Sartika
1017853007_6443246208_STOP471,0.1265,0.0621,0.0872,0.4516,0.0232,0.3033,3,Jalan Kautamaan Istri
10184462928_10176052060_STOP712,0.3007,0.0417,0.1684,0.2471,0.1411,0.2725,7,Jalan Buah Batu
10184462928_14053088734_STOP711,0.3756,0.0245,0.1109,0.2537,0.1725,0.2951,1,
10184467579_6715130346_STOP466,0.2341,0.0912,0.2097,0.2547,0.0945,0.2603,9,Jalan Buah Batu
10184467588_10184467593_STOP138,0.3661,0.035,0.1362,0.2552,0.1568,0.289,4,Jalan Buah Batu
10184467588_6436250308_STOP466,0.2279,0.0222,0.2103,0.2472,0.1647,0.261,12,Jalan Mutumanikam
10184467593_11181449012_STOP138,0.347,0.0629,0.0464,0.3494,0.1449,0.3314,1,Jalan Buah Batu
10184467593_11181449018_STOP138,0.347,0.0629,0.0464,0.3494,0.1449,0.3314,1,
10186688804_5348638990_STOP384,0.2475,0.0325,0.2899,0.154,0.1866,0.2306,10,Jalan Soekarno-Hatta
10186688809_10186688804_STOP108,0.0305,0.0783,0.5905,0.0017,0.2174,0.135,1,
10186688809_5355866271_STOP108,0.1112,0.0439,0.5982,0.0024,0.17,0.1234,2,Jalan Soekarno-Hatta
10187187001_3272299574_STOP320,0.2378,0.0917,0.0609,0.4157,0.0974,0.332,10,Jalan Soekarno-Hatta
10198287484_3269381708_STOP665,0.2715,0.042,0.0466,0.5684,0.0007,0.3493,1,
10198287484_7715326215_STOP665,0.2717,0.042,0.0467,0.5681,0.0006,0.3491,1,Jalan Ciliwung
10198287485_7715326213_STOP172,0.1662,0.055,0.1069,0.4789,0.002,0.3058,2,Jalan Ciliwung
10198287489_10198287485_STOP665,0.3076,0.0156,0.0538,0.4855,0.0382,0.331,1,
10239511223_10184467579_STOP138,0.2379,0.0109,0.0076,0.1742,0.2544,0.2907,1,Jalan Buah Batu
10239511223_11181449012_STOP138,0.2379,0.0109,0.0076,0.1742,0.2544,0.2907,1,Jalan Pelajar Pejuang 45
10239511223_11222647213_STOP138,0.2379,0.0109,0.0076,0.1742,0.2544,0.2907,1,Jalan Buah Batu
10261582621_1857160520_STOP265,0.3359,0.0294,0.2347,0.1899,0.0964,0.2353,13,Jalan Dipatiukur
10261582621_5465992888_STOP600,0.3254,0.0199,0.3661,0.1507,0.0208,0.182,1,Jalan Dipatiukur
10288977250_10825681738_STOP597,0.2257,0.0359,0.356,0.0142,0.2022,0.1812,2,Jalan Jenderal Gatot Subroto
10288977250_3376282078_STOP831,0.0605,0.0421,0.5759,0.0485,0.1042,0.1187,3,Jalan Jenderal Gatot Subroto
10596741969_10596741983_STOP388,0.3353,0.006,0.0009,0.0397,0.4572,0.3108,1,
10596741969_7290653024_STOP388,0.3223,0.0064,0.0158,0.0495,0.449,0.3082,3,Bulevar Utama
10596741981_10596847102_STOP388,0.3832,0.0001,0.004,0.0434,0.4478,0.3127,1,Bulevar Teknopolis
10596741981_11270910340_STOP261,0.1919,0.0172,0.0479,0.1627,0.3118,0.2922,9,Jalan Sentra Raya Selatan
10596741983_10596741969_STOP388,0.3497,0.0,0.0,0.0503,0.46,0.3151,1,
10596741983_11513213941_STOP388,0.3405,0.0039,0.0033,0.0503,0.4638,0.3154,5,Bulevar Utama
10596741996_10596742004_STOP285,0.335,0.0055,0.0096,0.0908,0.4219,0.3159,10,Bulevar Raya
10596741996_7216077612_STOP386,0.376,0.0248,0.0283,0.0581,0.4151,0.3095,1,Bulevar Selatan
10596742004_7216077722_STOP285,0.0038,0.0,0.0013,0.1437,0.4667,0.31,1,Bunderan Grand Bulevar
10596847016_10596742004_STOP285,0.2209,0.0001,0.0,0.0862,0.4646,0.3141,1,Bunderan Grand Bulevar
10596847016_7216077612_STOP386,0.2686,0.0108,0.0189,0.1729,0.3535,0.3164,10,Bulevar Raya
10596847027_10596847110_STOP386,0.4582,0.0009,0.0464,0.0198,0.4392,0.3048,1,Bulevar Selatan
10596847027_11373181570_STOP820,0.158,0.0219,0.0615,0.1158,0.3798,0.2906,7,"['Bulevar Selatan', 'Jembatan Cisaranten Baru']"
10596847027_7216077611_STOP386,0.4582,0.0009,0.0464,0.0198,0.4392,0.3048,1,Bulevar Raya
10596847102_12705240852_STOP388,0.3812,0.0006,0.0011,0.0548,0.4385,0.3141,1,"['Bulevar Teknopolis', 'Jalan Sentra Raya Selatan']"
10596847110_10596741996_STOP386,0.4574,0.005,0.0399,0.019,0.437,0.3057,1,Bulevar Raya
10596847110_10596847027_STOP386,0.4574,0.005,0.0399,0.019,0.437,0.3057,1,Bulevar Selatan
10596847110_9800628721_STOP386,0.1094,0.0014,0.1113,0.1951,0.3628,0.2938,5,Bulevar Selatan
10628427188_25433891_STOP84,0.5113,0.0,0.2246,0.0,0.1643,0.2085,1,Kapten Tata Natanegara
10654541236_10654541237_STOP10,0.2296,0.1483,0.0195,0.4082,0.0044,0.3233,1,Jalan Hasanudin
10654541236_11553388875_STOP163,0.3072,0.0479,0.0285,0.37,0.1082,0.3241,9,Jalan Ir. H. Djuanda
10654541236_1857160470_STOP536,0.1704,0.0519,0.1142,0.453,0.0387,0.3059,10,Jalan Hasanudin
10654541237_10654541236_STOP10,0.3521,0.031,0.0046,0.5031,0.0498,0.3541,1,Jalan Hasanudin
10654541237_11104669201_STOP161,0.2975,0.0309,0.0456,0.4454,0.056,0.3267,3,Jalan Ir. H. Djuanda
10680268006_1837401657_STOP286,0.1437,0.1076,0.1035,0.3997,0.0536,0.3037,5,Jalan Rajawali Timur
10696379242_1914135257_STOP468,0.2906,0.0193,0.2181,0.3013,0.0402,0.2506,1,Jalan Cijagra
10696379242_6715130340_STOP468,0.2842,0.0525,0.1492,0.3388,0.0705,0.2858,2,Jalan Buah Batu
10703340254_2034531645_STOP519,0.2824,0.0246,0.1968,0.1148,0.1798,0.233,2,Jalan Siliwangi
10703340254_5825278971_STOP265,0.3474,0.0102,0.0933,0.1051,0.2679,0.2713,1,Jalan Ir. H. Djuanda
10703340255_10703340254_STOP265,0.3686,0.0102,0.1802,0.0892,0.246,0.2501,1,Jalan Siliwangi
10703340255_5465993094_STOP265,0.3363,0.0532,0.1028,0.2904,0.1374,0.3003,5,Jalan Ir. H. Djuanda
10703340256_10703340255_STOP265,0.2659,0.004,0.1931,0.2271,0.2125,0.2697,1,Jalan Ir. H. Djuanda
10703340256_1857160520_STOP265,0.2984,0.018,0.2492,0.1278,0.2198,0.2394,2,Jalan Dipatiukur
10771913956_11181449054_STOP59,0.2176,0.075,0.165,0.3539,0.0541,0.2817,6,Jalan BKR
10771913957_5348770323_STOP227,0.291,0.0492,0.0904,0.2572,0.1791,0.2973,2,Jalan Mohammad Toha
10771913958_11181449060_STOP270,0.2709,0.1052,0.0355,0.3017,0.1812,0.3286,1,Jalan Mohammad Toha
10771913958_3272569143_STOP270,0.2709,0.1052,0.0355,0.3017,0.1812,0.3286,1,
10778288301_5358212370_STOP788,0.2623,0.0406,0.1029,0.326,0.116,0.2957,3,Jalan Alun-alun Timur
10778288301_5852700917_STOP7,0.259,0.0164,0.2376,0.176,0.1382,0.2309,2,Jalan Asia Afrika
10793008254_10793008429_STOP304,0.2979,0.0322,0.1429,0.2976,0.0946,0.2777,7,Jalan Merdeka
10793008254_5358055095_STOP306,0.3104,0.0078,0.0905,0.3724,0.0348,0.2894,1,Jalan L.L. RE. Martadinata
10793008254_6622030455_STOP305,0.3378,0.0268,0.088,0.3754,0.0611,0.3038,5,Jalan Ir. H. Djuanda
10793008258_11727886518_STOP564,0.2955,0.0635,0.1236,0.3223,0.0925,0.2935,10,Jalan L.L. RE. Martadinata
10793008258_2520649169_STOP800,0.4078,0.0139,0.0322,0.3845,0.0863,0.3257,1,Jalan L.L. RE. Martadinata
10793008394_2962096312_STOP483,0.3176,0.0203,0.0806,0.3849,0.0455,0.3006,1,"['Jalan Wastukencana', 'Jalan Wastukancana']"
10793008397_10793008394_STOP483,0.3833,0.017,0.0241,0.4193,0.0891,0.3362,1,Jalan Abdul Rivai
10793008397_2962096518_STOP483,0.3833,0.017,0.0241,0.4193,0.0891,0.3362,1,Jalan Cihampelas
10793008429_25433364_STOP304,0.3359,0.0425,0.1179,0.3526,0.0757,0.2991,1,Jalan Aceh
10793008429_7687331829_STOP304,0.3359,0.0425,0.1179,0.3526,0.0757,0.2991,1,Jalan Merdeka
10793101435_1849525851_STOP414,0.2249,0.0482,0.1747,0.2973,0.0656,0.2615,5,Jalan Lembong
10793585087_2439023829_STOP292,0.3924,0.0088,0.2827,0.0007,0.2631,0.2146,1,Jalan Lembong
10793585087_5358212417_STOP292,0.3924,0.0088,0.2827,0.0007,0.2631,0.2146,1,Jalan Braga
10816174967_12135879793_STOP121,0.0643,0.0009,0.5144,0.0253,0.0293,0.0944,1,Jalan Soekarno-Hatta
10816174967_2614138771_STOP121,0.0643,0.0009,0.5144,0.0253,0.0293,0.0944,1,
10816174969_11369316679_STOP121,0.3426,0.0005,0.071,0.0438,0.4726,0.305,2,Jalan Soekarno-Hatta
10825681737_10825681738_STOP597,0.2576,0.0658,0.4669,0.0,0.1563,0.158,1,Jalan Jenderal Gatot Subroto
10825681737_5395151866_STOP557,0.2639,0.0536,0.3372,0.1636,0.0984,0.2102,13,Jalan Jenderal Gatot Subroto
10825681738_10288977250_STOP831,0.176,0.0675,0.3372,0.0025,0.2261,0.1878,2,Jalan Jenderal Gatot Subroto
10825681738_10825681737_STOP597,0.0466,0.067,0.2723,0.0049,0.2699,0.1962,1,Jalan Jenderal Gatot Subroto
1083569114_1575311287_STOP629,0.2581,0.0684,0.2227,0.2169,0.1081,0.2482,14,Jalan Sarimanah
1083569114_2019234455_STOP129,0.1967,0.0694,0.2552,0.216,0.1028,0.2358,4,Jalan Perintis
1083569114_5646605222_STOP350,0.1575,0.0436,0.2334,0.259,0.0871,0.239,6,Jalan Perintis
1083569114_700728686_STOP391,0.1793,0.0224,0.193,0.398,0.0,0.2629,2,
10968637156_10968637160_STOP819,0.2952,0.0128,0.0114,0.4325,0.1422,0.3457,1,Jalan Akasia
10968637156_6608965029_STOP647,0.2277,0.0334,0.0463,0.4528,0.1087,0.3355,6,Jalan Akasia
10968637160_10968637156_STOP819,0.3848,0.0096,0.0016,0.2597,0.2638,0.334,1,Jalan Akasia
10968637160_6608965073_STOP819,0.3848,0.0096,0.0016,0.2597,0.2638,0.334,1,Jalan Akasia
10995135976_13575977252_STOP388,0.0758,0.0244,0.0142,0.0994,0.4761,0.3092,2,Jalan Gedebage Utama
10995135976_6640792413_STOP388,0.3084,0.0048,0.0097,0.1095,0.4549,0.3269,5,
10995250540_6608965027_STOP647,0.2615,0.0037,0.0253,0.1922,0.4074,0.3326,5,
10995250561_10995250540_STOP647,0.2795,0.0079,0.0035,0.1383,0.4074,0.3224,4,
10995250561_12339301138_STOP371,0.3102,0.0054,0.0057,0.1508,0.3635,0.3174,5,Jalan Gedebage Raya
11027050165_11499132689_STOP387,0.2966,0.0433,0.041,0.2896,0.2088,0.3212,4,Jalan Pendamping SOR GBLA
11027050165_2518075057_STOP387,0.3979,0.0037,0.0,0.2483,0.2688,0.3322,1,
11028882122_11207093319_STOP786,0.3814,0.0045,0.2697,0.0278,0.2317,0.2148,1,
11028882122_12606431204_STOP113,0.3198,0.0066,0.2808,0.0404,0.2131,0.2066,2,Jalan HOS. Cokroaminoto
11041545701_3278023496_STOP449,0.3427,0.0039,0.1245,0.1512,0.2439,0.2727,1,Jalan Layang Kiaracondong
11041545701_3359249111_STOP214,0.2568,0.0378,0.1466,0.2678,0.1641,0.2826,6,Jalan H. Ibrahim Adjie
11041545702_11041545703_STOP218,0.3326,0.004,0.0818,0.1911,0.2498,0.2916,2,Jalan H. Ibrahim Adjie
11041545703_11041579711_STOP218,0.3226,0.0042,0.0391,0.231,0.2558,0.3105,1,Jalan H. Ibrahim Adjie
11041545703_7699079504_STOP450,0.3027,0.014,0.0598,0.441,0.068,0.3234,5,Jalan H. Ibrahim Adjie
11041545704_11041545701_STOP449,0.3326,0.004,0.0818,0.1911,0.2498,0.2916,2,Jalan H. Ibrahim Adjie
11041579711_7699079503_STOP450,0.3176,0.0623,0.0254,0.4273,0.098,0.3431,5,Jalan H. Ibrahim Adjie
11041579712_11041545704_STOP218,0.1897,0.1167,0.0234,0.4428,0.0851,0.3429,1,Jalan H. Ibrahim Adjie
11041579712_5392239227_STOP218,0.1897,0.1167,0.0234,0.4428,0.0851,0.3429,1,Jalan H. Ibrahim Adjie
11041579717_11041579712_STOP218,0.2983,0.0492,0.0336,0.4237,0.1034,0.3376,6,Jalan H. Ibrahim Adjie
11041579717_7698884005_STOP450,0.2689,0.0761,0.013,0.4313,0.1154,0.3484,1,
1107494473_1108674456_STOP460,0.2853,0.0327,0.1431,0.3452,0.108,0.2941,6,Jalan Rajamantri Wetan
1107494473_3068325990_STOP710,0.1143,0.0524,0.1959,0.2402,0.1846,0.2607,10,Jalan Karawitan
1107494473_4146694789_STOP737,0.2537,0.0166,0.11,0.3812,0.122,0.307,18,"['Jalan Salendro', 'Jalan R.A.A. Martanegara']"
1107494497_10176052060_STOP469,0.1806,0.0711,0.2044,0.2842,0.1018,0.2623,8,Jalan Guntursari Wetan
1107494497_1108674456_STOP460,0.3033,0.0135,0.1245,0.2702,0.201,0.2956,3,Jalan Rajamantri Wetan
1107865374_1107865397_STOP580,0.2975,0.0361,0.1102,0.4085,0.0301,0.3005,5,Jalan Malabar
1107865374_1107865398_STOP656,0.2693,0.0175,0.107,0.4627,0.017,0.3074,3,Jalan Malabar
1107865397_1107865374_STOP655,0.2808,0.0188,0.0517,0.4637,0.0281,0.3202,5,Jalan Malabar
1107865397_2607816746_STOP580,0.0846,0.007,0.161,0.3442,0.0339,0.2474,2,Jalan Talaga Bodas
1107865397_6469653354_STOP733,0.2012,0.0808,0.1458,0.335,0.0921,0.2879,6,Jalan Talaga Bodas
1107865398_5395152111_STOP433,0.355,0.0074,0.0791,0.3266,0.1189,0.3028,1,
1108586472_5334558654_STOP578,0.2327,0.0186,0.0233,0.5731,0.0271,0.3522,6,Jalan Rangga Malela
1108586472_7669230603_STOP373,0.175,0.1062,0.0211,0.6139,0.0221,0.3753,2,Jalan Saung Galing
1108653589_1980735013_STOP654,0.1369,0.0346,0.1423,0.4064,0.0309,0.2789,3,Jalan R.A.A. Martanegara
1108653589_8979178865_STOP706,0.2216,0.062,0.1429,0.3792,0.0578,0.2913,1,Jalan R.A.A. Martanegara
1108653643_240791856_STOP798,0.2906,0.042,0.1325,0.3304,0.1117,0.2947,4,Jalan Burangrang
1108653643_4258557080_STOP703,0.2576,0.0234,0.4052,0.1754,0.0483,0.1844,2,Jalan Jenderal Gatot Subroto
1108653643_6470450620_STOP657,0.2021,0.0538,0.2586,0.3125,0.0317,0.2439,9,Jalan Jenderal Gatot Subroto
1108674456_1107494473_STOP740,0.2787,0.0241,0.1884,0.2468,0.1617,0.2689,6,Jalan Rajamantri Wetan
1108674456_1107494497_STOP460,0.2718,0.0234,0.1531,0.2688,0.1901,0.287,3,Jalan Rajamantri Wetan
1108674456_3272299563_STOP368,0.2,0.0253,0.2341,0.1286,0.2451,0.2398,8,"['Jalan Jati Indah Raya', 'Jalan Rajamantri Kidul', 'Jalan Batu Kencana']"
11104669201_11104669202_STOP161,0.2319,0.0341,0.0172,0.5609,0.0,0.3457,1,Jalan Ganesha
11104669201_11262097537_STOP587,0.2233,0.0322,0.0243,0.523,0.0345,0.3407,11,Jalan Ganesha
11104669201_1663274645_STOP514,0.2701,0.0565,0.0208,0.4318,0.1019,0.3402,6,Jalan Ir. H. Djuanda
11104669202_10654541236_STOP10,0.293,0.0557,0.0399,0.4558,0.0526,0.3343,3,Jalan Ir. H. Djuanda
11104669202_11104669201_STOP161,0.2319,0.0341,0.0172,0.5609,0.0,0.3457,1,Jalan Ganesha
11104754744_11149984612_STOP483,0.0006,0.0075,0.0948,0.7324,0.0404,0.3672,1,Jalan Doktor Louis Otten
11104754744_2325451311_STOP483,0.0006,0.0075,0.0948,0.7324,0.0404,0.3672,1,Bundaran Rajiman
11106971273_5865367998_STOP356,0.3815,0.0172,0.0041,0.3458,0.1791,0.3395,1,Jalan Soekarno-Hatta
11106971273_6455291974_STOP356,0.3815,0.0172,0.0041,0.3458,0.1791,0.3395,1,Jalan Pertamina
11106971279_9443702027_STOP357,0.3283,0.0468,0.0142,0.4765,0.047,0.3447,14,Jalan Soekarno-Hatta
11107827260_1849525794_STOP658,0.2003,0.0549,0.2354,0.2715,0.0968,0.2513,13,Jalan Naripan
11107827260_25435318_STOP787,0.1927,0.1142,0.3195,0.1448,0.1216,0.218,6,Jalan Naripan
11107827260_3374033502_STOP144,0.3224,0.0507,0.2503,0.122,0.1762,0.2355,4,Jalan Tamblong
11118207003_11132665439_STOP241,0.1953,0.002,0.0077,0.2229,0.2747,0.3043,1,Jalan Prof. Dr. Surya Soemantri
11124688730_2325451280_STOP83,0.328,0.029,0.0519,0.3551,0.1117,0.3153,7,Jalan HOS. Cokroaminoto
11124688730_25433686_STOP474,0.3628,0.036,0.0718,0.332,0.1256,0.3137,2,Jalan HOS. Cokroaminoto
11125489871_2476972396_STOP774,0.0176,0.0376,0.6195,0.0546,0.0,0.0827,2,Jalan Pajajaran
11125489871_25433891_STOP84,0.394,0.0031,0.2199,0.1304,0.1245,0.2273,13,Jalan Pajajaran
11132403120_11513213943_STOP141,0.0076,0.1253,0.0559,0.124,0.4207,0.3098,1,Bulevar Utama
11132403120_11803832449_STOP141,0.158,0.0251,0.0131,0.0865,0.4428,0.3055,5,Jalan Gedebage Utama
11132622841_3272722527_STOP403,0.2738,0.0927,0.0849,0.2231,0.1616,0.2905,1,Jalan Gedebage Selatan
11132665439_11132665441_STOP241,0.186,0.0025,0.0744,0.1636,0.1682,0.2491,1,Jalan Dr. Djunjunan
11132665439_1666786347_STOP241,0.186,0.0025,0.0744,0.1636,0.1682,0.2491,1,Jalan Prof. Dr. Surya Soemantri
11132665440_11118207003_STOP241,0.3915,0.0067,0.0095,0.285,0.2248,0.3308,1,Jalan Dr. Djunjunan
11132665441_11132665440_STOP241,0.1629,0.0027,0.0244,0.2267,0.2626,0.2968,1,Jalan Prof. Dr. Surya Soemantri
11132665441_12809283848_STOP241,0.1428,0.007,0.0692,0.2677,0.1918,0.2835,2,Jalan Dr. Djunjunan
11136401953_2518074025_STOP823,0.3438,0.0222,0.1008,0.1025,0.2997,0.2794,12,Jalan Pintu Masuk GBLA
11136401953_5479194191_STOP821,0.3795,0.0014,0.0045,0.0902,0.4257,0.321,1,Jalan Pintu Masuk GBLA
11138589127_11138589131_STOP88,0.3784,0.002,0.0123,0.3965,0.0856,0.3267,1,
11138589127_2325451571_STOP88,0.3784,0.002,0.0123,0.3965,0.0856,0.3267,1,Jalan dr. Cipto
11138589131_5278840351_STOP77,0.0708,0.0364,0.1452,0.4815,0.0254,0.2934,8,Jalan dr. Rum
11138589132_11138589136_STOP88,0.2652,0.0002,0.0,0.6967,0.0,0.3856,1,Jalan Dokter Gunawan Mangunkusumo
11138589132_2325451571_STOP88,0.2652,0.0002,0.0,0.6967,0.0,0.3856,1,Jalan dr. Cipto
11138589136_11149984620_STOP88,0.3156,0.0028,0.0135,0.5407,0.0,0.3423,1,Jalan Dokter Gunawan Mangunkusumo
11138593390_11138593394_STOP84,0.4342,0.0029,0.18,0.0589,0.2976,0.2591,1,Jalan Pajajaran
11138593390_11138593395_STOP84,0.4342,0.0029,0.18,0.0589,0.2976,0.2591,1,Jalan Aruna
11138593392_11138593390_STOP84,0.3276,0.0427,0.3275,0.0,0.2159,0.1962,1,Jalan Pajajaran
11138593392_8582835480_STOP812,0.2043,0.0632,0.2122,0.3107,0.086,0.2659,8,Jalan Pajajaran
11138593393_11138593392_STOP84,0.4163,0.0156,0.2253,0.0244,0.2597,0.2332,1,Jalan Pajajaran
11138593393_4854744076_STOP84,0.3811,0.0141,0.2026,0.1274,0.2074,0.2506,2,Jalan Pajajaran
11138593394_11138593393_STOP84,0.2972,0.003,0.1397,0.0039,0.338,0.245,1,Jalan Pajajaran
11138593394_13123360943_STOP84,0.3216,0.0185,0.1116,0.0719,0.323,0.2714,2,Jalan Abdul Rahman Saleh
11138593395_11138593394_STOP84,0.3811,0.0277,0.0808,0.2143,0.2088,0.298,1,Jalan Aruna
11138593395_25434098_STOP765,0.295,0.0166,0.0946,0.3492,0.1155,0.3022,11,Jalan Aruna
11138593909_11138593910_STOP78,0.2649,0.0178,0.257,0.1036,0.156,0.2116,1,Jalan Pajajaran
11138593909_2012498693_STOP78,0.2649,0.0178,0.257,0.1036,0.156,0.2116,1,Jalan Pajajaran
11138593910_2012498686_STOP780,0.1987,0.1057,0.1979,0.312,0.0342,0.2634,4,Jalan Pajajaran
11138593910_2012498711_STOP78,0.2884,0.0154,0.1731,0.2307,0.1213,0.2555,1,Jalan HOS. Cokroaminoto
11138680823_12820446797_STOP393,0.3658,0.0598,0.0905,0.3571,0.0764,0.3112,1,Jalan Sentot Alibasyah
11138680823_1660289601_STOP393,0.3658,0.0598,0.0905,0.3571,0.0764,0.3112,1,Jalan Surapati
11138680825_11138680823_STOP393,0.2133,0.1518,0.1772,0.4045,0.0059,0.2979,1,Jalan Sentot Alibasyah
11138680825_1660264881_STOP393,0.2726,0.1207,0.1679,0.2799,0.1004,0.2852,2,Jalan Surapati
11149984611_25447004_STOP483,0.2976,0.0174,0.0617,0.4562,0.0407,0.321,1,Bundaran Rajiman
11149984611_5334388842_STOP483,0.2976,0.0174,0.0617,0.4562,0.0407,0.321,1,Jalan dr. Rajiman
11149984612_1900223767_STOP123,0.2493,0.0291,0.0739,0.4804,0.0435,0.3247,8,Jalan Doktor Louis Otten
11149984614_2539986925_STOP483,0.2361,0.009,0.0331,0.6501,0.0063,0.367,1,Bundaran Rajiman
11149984615_11149984614_STOP483,0.1971,0.0012,0.1241,0.5193,0.0614,0.3225,1,Jalan Nyland
11149984615_2325451300_STOP483,0.2617,0.0087,0.1029,0.4572,0.0803,0.3197,3,Jalan Nyland
11149984616_25433661_STOP483,0.0962,0.0062,0.0969,0.6298,0.0549,0.349,2,Jalan dr. Rajiman
11149984620_11149984616_STOP483,0.1922,0.0022,0.0215,0.652,0.0102,0.3646,2,Jalan Dokter Gunawan Mangunkusumo
11149984620_1706564149_STOP483,0.2854,0.0001,0.0013,0.5208,0.0196,0.3395,1,Jalan Dokter Gunawan Mangunkusumo
11176912846_2325452068_STOP193,0.0754,0.2245,0.1808,0.2224,0.1411,0.2773,1,Jalan Perintis Kemerdekaan
11176912847_29354164_STOP193,0.3042,0.0422,0.0456,0.1862,0.2815,0.3083,2,Jalan Perintis Kemerdekaan
11176912866_2325452068_STOP193,0.3177,0.0254,0.0974,0.2723,0.1881,0.3009,4,Jalan Perintis Kemerdekaan
11176912866_5358212386_STOP677,0.3569,0.0292,0.1498,0.2506,0.1324,0.2773,1,Jalan Suniaraja
11180921757_11180921760_STOP354,0.3132,0.0971,0.0209,0.4947,0.0039,0.347,1,
11180921757_9767043233_STOP354,0.3132,0.0971,0.0209,0.4947,0.0039,0.347,1,Jalan Tamansari
11180921760_1660253697_STOP169,0.148,0.0179,0.0265,0.4969,0.1151,0.3423,5,Jalan Cikapayang
11180921761_11180921757_STOP354,0.2168,0.0185,0.0154,0.5533,0.0066,0.3407,1,Jalan Tamansari
11180921761_11180921760_STOP354,0.2168,0.0185,0.0154,0.5533,0.0066,0.3407,1,Jalan Cikapayang
11180921761_2958252669_STOP354,0.2168,0.0185,0.0154,0.5533,0.0066,0.3407,1,Jalan Tamansari
11181354932_11181354934_STOP435,0.3407,0.0235,0.2695,0.0151,0.2275,0.2098,1,Jalan Laswi
11181354932_3277874427_STOP435,0.3407,0.0235,0.2695,0.0151,0.2275,0.2098,1,Jalan Jenderal Gatot Subroto
11181354934_11181354935_STOP435,0.2822,0.107,0.2938,0.021,0.2006,0.212,1,Jalan Jenderal Gatot Subroto
11181354934_3277874424_STOP435,0.2822,0.107,0.2938,0.021,0.2006,0.212,1,Jalan Laswi
11181354935_11181354936_STOP435,0.395,0.0366,0.3007,0.1145,0.0945,0.2097,1,Jalan Laswi
11181354935_3277874434_STOP435,0.395,0.0366,0.3007,0.1145,0.0945,0.2097,1,Jalan Jenderal Gatot Subroto
11181354936_11181354932_STOP435,0.395,0.0366,0.3007,0.1145,0.0945,0.2097,1,Jalan Jenderal Gatot Subroto
11181354936_3277874430_STOP435,0.395,0.0366,0.3007,0.1145,0.0945,0.2097,1,Jalan Pelajar Pejuang 45
11181448954_11181448955_STOP254,0.2844,0.0051,0.0212,0.2894,0.2321,0.3211,1,Jalan Talaga Bodas
11181448954_3272599108_STOP254,0.2844,0.0051,0.0212,0.2894,0.2321,0.3211,1,Jalan Talaga Bodas
11181448954_3272604915_STOP254,0.2844,0.0051,0.0212,0.2894,0.2321,0.3211,1,Jalan Pelajar Pejuang 45
11181448955_11181448954_STOP255,0.4049,0.0026,0.0449,0.2806,0.2186,0.3231,1,Jalan Talaga Bodas
11181448955_11181448972_STOP706,0.3347,0.0276,0.0406,0.3946,0.1144,0.3299,7,Jalan Pelajar Pejuang 45
11181448969_11181448974_STOP706,0.4255,0.0085,0.0767,0.1299,0.3116,0.2996,1,Jalan Pelajar Pejuang 45
11181448969_3272588432_STOP746,0.3292,0.0238,0.1934,0.1192,0.2255,0.2507,2,Jalan Lodaya
11181448972_1108653589_STOP706,0.2507,0.0318,0.1415,0.2784,0.1306,0.2764,2,Jalan R.A.A. Martanegara
11181448972_11181448973_STOP706,0.2798,0.0016,0.1401,0.1777,0.2035,0.2615,1,Jalan Pelajar Pejuang 45
11181448973_11181448969_STOP706,0.2366,0.0097,0.0696,0.2036,0.2485,0.2884,1,Jalan R.A.A. Martanegara
11181448973_11181448979_STOP706,0.2366,0.0097,0.0696,0.2036,0.2485,0.2884,1,Jalan Pelajar Pejuang 45
11181448974_11181448972_STOP706,0.3735,0.0061,0.1165,0.0993,0.2942,0.2744,1,Jalan R.A.A. Martanegara
11181448974_3272589082_STOP706,0.3735,0.0061,0.1165,0.0993,0.2942,0.2744,1,Jalan Pelajar Pejuang 45
11181448979_2325453211_STOP706,0.3038,0.0392,0.0676,0.242,0.2284,0.3078,2,Jalan Pelajar Pejuang 45
11181449012_11181449013_STOP138,0.3652,0.0149,0.0228,0.2769,0.2342,0.3277,1,Jalan Buah Batu
11181449012_11181449018_STOP138,0.3652,0.0149,0.0228,0.2769,0.2342,0.3277,1,Jalan BKR
11181449013_11222647213_STOP138,0.38,0.0335,0.0314,0.308,0.1979,0.3319,1,Jalan Pelajar Pejuang 45
11181449013_5360340202_STOP138,0.38,0.0335,0.0314,0.308,0.1979,0.3319,1,Jalan Buah Batu
11181449017_11181449013_STOP138,0.3724,0.0386,0.1047,0.1399,0.2973,0.2956,1,Jalan BKR
11181449017_3272575990_STOP138,0.3724,0.0386,0.1047,0.1399,0.2973,0.2956,1,
11181449018_5353900965_STOP644,0.2296,0.0126,0.1075,0.289,0.1842,0.2921,15,Jalan BKR
11181449053_2325453378_STOP256,0.3132,0.0071,0.034,0.4653,0.0746,0.3359,2,Jalan BKR
11181449053_3248886992_STOP59,0.3441,0.0139,0.0256,0.5406,0.0374,0.3549,1,Jalan Mochammad Ramdhan
11181449054_11181449053_STOP59,0.2924,0.0061,0.0054,0.6361,0.0,0.3705,1,Jalan BKR
11181449054_2325453371_STOP256,0.2013,0.0326,0.0586,0.6045,0.0,0.3492,2,Jalan Mochammad Ramdhan
11181449057_11181449058_STOP21,0.3712,0.0073,0.056,0.2137,0.2315,0.3022,1,Jalan BKR
11181449057_3272566410_STOP21,0.3712,0.0073,0.056,0.2137,0.2315,0.3022,1,Jalan Mohammad Toha
11181449058_10771913956_STOP21,0.1859,0.0239,0.0801,0.1906,0.2394,0.2784,1,Jalan BKR
11181449058_11181449059_STOP21,0.1859,0.0239,0.0801,0.1906,0.2394,0.2784,1,Jalan Mohammad Toha
11181449059_10771913957_STOP21,0.3534,0.0039,0.0664,0.1863,0.2764,0.3011,1,Jalan Mohammad Toha
11181449059_11181449060_STOP21,0.3532,0.0043,0.0661,0.1866,0.2767,0.3014,1,Jalan BKR
11181449060_11181449057_STOP21,0.2653,0.0007,0.0474,0.186,0.2687,0.2925,1,Jalan Mohammad Toha
11181449060_3272569143_STOP21,0.2653,0.0007,0.0474,0.186,0.2687,0.2925,1,Jalan Peta
11181664518_14003143457_STOP393,0.3088,0.0233,0.0048,0.5296,0.0504,0.3563,4,Jalan Sentot Alibasyah
11181664518_1660290286_STOP39,0.3176,0.0239,0.0057,0.5214,0.0463,0.3537,3,Jalan Sentot Alibasyah
11181678841_10173603853_STOP576,0.0958,0.019,0.0135,0.5314,0.0568,0.335,1,
11181678841_10173603857_STOP576,0.0958,0.019,0.0135,0.5314,0.0568,0.335,1,Jalan Taman Citarum
11199413648_11199413656_STOP387,0.3096,0.0264,0.0476,0.3436,0.1516,0.3201,2,Bulevar Raya
11199413648_7216077611_STOP386,0.354,0.009,0.0248,0.1157,0.3941,0.3167,8,Bulevar Raya
11199413649_11199413648_STOP387,0.3204,0.0164,0.0294,0.2047,0.2952,0.3162,2,Bulevar Raya
11199413649_11199413656_STOP387,0.2994,0.0294,0.0504,0.1965,0.2875,0.3091,1,Jalan Rancanumpang
11199413649_2518075055_STOP387,0.2414,0.0304,0.0715,0.334,0.2021,0.3202,10,Jalan Rancanumpang
11199413656_11199413649_STOP387,0.2779,0.0494,0.0868,0.4743,0.0003,0.317,1,Jalan Rancanumpang
11199413656_5455694139_STOP267,0.2348,0.027,0.0866,0.35,0.1574,0.3103,35,Jalan Rancanumpang
11207093319_11028882122_STOP786,0.3799,0.0219,0.1458,0.0848,0.2883,0.268,1,
11207093319_364328701_STOP786,0.334,0.0173,0.1196,0.2222,0.1768,0.2798,2,Jalan HOS. Cokroaminoto
11222647213_10239511223_STOP138,0.3163,0.0387,0.0132,0.3914,0.1604,0.3449,1,Jalan Buah Batu
11222647213_3272574294_STOP138,0.3163,0.0387,0.0132,0.3914,0.1604,0.3449,1,Jalan Pelajar Pejuang 45
11224280874_7715425662_STOP365,0.3351,0.0089,0.0547,0.3235,0.1572,0.3134,9,Jalan Soekarno-Hatta
11235233277_11181449054_STOP59,0.4137,0.0063,0.0249,0.3176,0.2203,0.3392,1,Jalan Mochammad Ramdhan
11235233277_3277883745_STOP21,0.2511,0.0099,0.1066,0.3615,0.1738,0.313,6,Jalan BKR
11259520257_5865367998_STOP356,0.3059,0.0042,0.0676,0.3091,0.1745,0.3076,1,
11259520257_6455291974_STOP356,0.3059,0.0042,0.0676,0.3091,0.1745,0.3076,1,Jalan Soekarno-Hatta
11262097537_11104669201_STOP161,0.2426,0.0248,0.0262,0.5368,0.0262,0.3429,11,Jalan Ganesha
11262097537_1956899631_STOP552,0.2238,0.1038,0.0187,0.5331,0.0065,0.3519,21,Jalan Tamansari
11262097537_9767043233_STOP71,0.2796,0.0615,0.0163,0.4915,0.0158,0.3392,9,Jalan Tamansari
11270910309_11803832459_STOP141,0.0133,0.0,0.0,0.0723,0.4779,0.2925,1,
11270910309_13575977254_STOP388,0.0031,0.0,0.0038,0.0886,0.4804,0.2964,5,Jalan Gedebage Utama
11270910316_10995135976_STOP388,0.0503,0.003,0.0234,0.1312,0.474,0.31,2,Jalan Gedebage Utama
11270910316_13575977252_STOP388,0.0121,0.006,0.0059,0.0994,0.481,0.3016,1,
11270910340_11270910342_STOP261,0.399,0.0021,0.0781,0.093,0.3402,0.2916,1,Jalan Sentra Raya Selatan
11270910340_7216077673_STOP261,0.3348,0.0078,0.0438,0.1435,0.3613,0.3119,3,Bulevar Utama
11270910342_11270910343_STOP261,0.3116,0.0,0.0691,0.133,0.3275,0.2926,1,Bulevar Utama
11270910343_11270910344_STOP261,0.3012,0.0094,0.0467,0.208,0.2869,0.3091,1,Jalan Sentra Raya Selatan
11270910343_7216077704_STOP388,0.3278,0.0096,0.024,0.1465,0.3618,0.3155,7,Bulevar Utama
11270910344_11270910340_STOP261,0.3142,0.03,0.085,0.0845,0.3493,0.2873,1,Bulevar Utama
11270910344_13539499879_STOP261,0.3142,0.03,0.085,0.0845,0.3493,0.2873,1,Jalan Sentra Raya Selatan
11270931757_11554687893_STOP285,0.4023,0.0062,0.0004,0.0986,0.4304,0.3286,3,Bulevar Teknopolis
11270931757_9807780220_STOP285,0.4038,0.0035,0.0,0.1039,0.4205,0.3274,1,Bulevar Teknopolis
11278632590_7287159351_STOP647,0.2452,0.0197,0.2239,0.125,0.2869,0.2541,3,Bundaran Bulevar Barat
11294966882_3374033494_STOP683,0.0446,0.0166,0.112,0.2706,0.0623,0.2377,3,Jalan Aceh
11295049620_2958261187_STOP123,0.2803,0.0167,0.518,0.0595,0.0,0.1215,1,Jalan Doktor Louis Otten
11295049620_5826263864_STOP123,0.2803,0.0167,0.518,0.0595,0.0,0.1215,1,Jalan Pasteur
11303467321_11303467322_STOP600,0.3616,0.0355,0.0277,0.3805,0.129,0.3355,1,
11303467321_5465992318_STOP600,0.3616,0.0355,0.0277,0.3805,0.129,0.3355,1,Jalan Ir. H. Djuanda
11303467322_11303467321_STOP600,0.3616,0.0355,0.0277,0.3805,0.129,0.3355,1,
11303467322_6639639832_STOP600,0.3286,0.0639,0.0314,0.4266,0.0766,0.3381,3,Jalan Ir. H. Djuanda
11310046580_11546102144_STOP768,0.0995,0.1233,0.2108,0.0407,0.389,0.2624,1,Jalan Ciroyom
11310046580_29377182_STOP770,0.1509,0.0453,0.2519,0.1387,0.2765,0.2471,7,Jalan Ciroyom
11310046583_11687490552_STOP810,0.1457,0.0063,0.0806,0.3238,0.3748,0.3446,1,Jalan Layang Ciroyom
11310046583_11740333992_STOP766,0.2064,0.0363,0.2507,0.1228,0.2198,0.2321,9,Jalan Layang Ciroyom
11310497696_12806309258_STOP640,0.2557,0.0251,0.1864,0.095,0.2713,0.2489,5,Jalan Abdul Haris Nasution
11310497696_2518040289_STOP402,0.1941,0.0514,0.3305,0.1104,0.1799,0.2082,20,Jalan Abdul Haris Nasution
11310497696_4183530886_STOP720,0.2358,0.0137,0.1239,0.243,0.2198,0.2856,5,Jalan Golf Raya
11345662513_29357859_STOP476,0.2442,0.0026,0.0677,0.4409,0.0492,0.3094,3,Jalan Sukamaju
11345662513_29379226_STOP17,0.241,0.0214,0.2099,0.259,0.086,0.2461,7,Jalan Sukamaju
11347520098_29434769_STOP732,0.369,0.0431,0.0387,0.459,0.0546,0.3411,1,Jalan Lodaya
11347520098_6469933723_STOP733,0.3683,0.0352,0.07,0.3443,0.1092,0.314,3,Jalan Lodaya
11347520099_11347520098_STOP732,0.351,0.0212,0.0691,0.4315,0.0551,0.3222,1,Jalan Lodaya
11347520099_29434768_STOP413,0.2959,0.0198,0.0707,0.4972,0.0218,0.3276,4,Jalan Sancang
11366943120_11366943122_STOP337,0.1401,0.0142,0.2719,0.4089,0.0217,0.2542,1,Jalan Bungur
11366943120_29356944_STOP337,0.1401,0.0142,0.2719,0.4089,0.0217,0.2542,1,Jalan Sindang Sirna
11366943122_4169236625_STOP337,0.2235,0.1059,0.0626,0.4713,0.0266,0.3322,4,Jalan Bungur
11367517448_13551225788_STOP46,0.363,0.0161,0.182,0.1368,0.2053,0.2546,1,Jalan Sukabumi
11367517448_3277874415_STOP253,0.2847,0.0178,0.0494,0.3426,0.1724,0.3205,13,Jalan Laswi
11367547338_29357275_STOP8,0.3577,0.0055,0.0321,0.4794,0.0199,0.3309,2,Jalan Sari Endah Baru
11367547341_11367547338_STOP8,0.2796,0.004,0.1098,0.3717,0.1033,0.2996,1,
11367547341_29357239_STOP8,0.2796,0.004,0.1098,0.3717,0.1033,0.2996,1,Jalan Geger Kalong Hilir
11369316679_10125360884_STOP108,0.3137,0.0315,0.212,0.125,0.2345,0.252,9,Jalan Soekarno-Hatta
11369316680_11369316679_STOP121,0.2688,0.031,0.0899,0.3881,0.0815,0.3064,1,
11369316680_3272382561_STOP121,0.2305,0.0266,0.1268,0.3068,0.1368,0.2855,2,Jalan Soekarno-Hatta
11369837179_11369837184_STOP108,0.1713,0.2387,0.2142,0.156,0.2066,0.2812,1,Jalan Kyai Haji Wahid Hasyim
11369837179_5348639847_STOP108,0.1713,0.2387,0.2142,0.156,0.2066,0.2812,1,
11369837181_11369837186_STOP108,0.4116,0.0075,0.302,0.09,0.0594,0.1892,1,Jalan Kyai Haji Wahid Hasyim
11369837181_2614138773_STOP108,0.4116,0.0075,0.302,0.09,0.0594,0.1892,1,Jalan Soekarno-Hatta
11369837184_11369837181_STOP108,0.2971,0.0079,0.0629,0.1377,0.3228,0.2939,1,Jalan Kyai Haji Wahid Hasyim
11369837184_5348639847_STOP108,0.2971,0.0079,0.0629,0.1377,0.3228,0.2939,1,Jalan Soekarno-Hatta
11369837185_2614138773_STOP108,0.2905,0.1009,0.2035,0.0334,0.254,0.2422,1,Jalan Kyai Haji Wahid Hasyim
11369837185_3272542989_STOP108,0.2905,0.1009,0.2035,0.0334,0.254,0.2422,1,
11369837186_6616389060_STOP108,0.2658,0.1812,0.1676,0.0466,0.2935,0.275,1,Jalan Kyai Haji Wahid Hasyim
11369837187_3272542984_STOP108,0.1713,0.2387,0.2142,0.156,0.2066,0.2812,1,Jalan Kyai Haji Wahid Hasyim
11373181570_10596847027_STOP386,0.1819,0.0333,0.0568,0.0808,0.3775,0.2849,7,"['Jembatan Cisaranten Baru', 'Bulevar Selatan']"
11373181571_7216077612_STOP386,0.1327,0.0063,0.0679,0.1967,0.3047,0.2895,7,"['Jembatan Cisaranten Baru', 'Bulevar Selatan']"
11380591251_1017853007_STOP197,0.3589,0.0392,0.1773,0.2234,0.1471,0.2709,4,Jalan Dewi Sartika
11380591251_1837401646_STOP308,0.2577,0.0217,0.2642,0.2374,0.0808,0.2319,6,Jalan Pungkur
11382060932_12809082542_STOP327,0.3467,0.0044,0.0354,0.4048,0.1007,0.3269,1,Jalan Pasir Kaliki
11382060932_7983673000_STOP327,0.3467,0.0044,0.0354,0.4048,0.1007,0.3269,1,Jalan Sederhana
11382550192_3269364718_STOP576,0.1905,0.0033,0.0597,0.4119,0.1098,0.3118,1,
11382627918_7669230599_STOP684,0.2865,0.0035,0.008,0.5827,0.0036,0.3539,4,Jalan Seram
11382627919_11382627918_STOP340,0.3172,0.0009,0.0111,0.484,0.0158,0.3294,1,Jalan Seram
11382627919_5360090928_STOP340,0.2615,0.0056,0.0071,0.481,0.0302,0.3281,2,Jalan Aceh
11382627919_5360090932_STOP340,0.3172,0.0009,0.0111,0.484,0.0158,0.3294,1,Jalan Aceh
11383843397_1849907134_STOP43,0.2634,0.0216,0.0105,0.5701,0.0191,0.3549,3,"['Jalan Anggrek', 'Jalan Kamuning']"
11383843402_11383843397_STOP43,0.1478,0.0146,0.092,0.4846,0.0021,0.2998,1,Jalan Patrakomala
11383843402_1849907158_STOP43,0.1478,0.0146,0.092,0.4846,0.0021,0.2998,1,Jalan Patrakomala
11419915997_11419915998_STOP90,0.3778,0.0146,0.0144,0.2142,0.3426,0.3385,1,
11419915997_3270445562_STOP90,0.3778,0.0146,0.0144,0.2142,0.3426,0.3385,1,Jalan Terusan Jakarta
11419915998_303034042_STOP90,0.0849,0.03,0.181,0.2602,0.1972,0.2647,5,Jalan Golf Barat
11458642953_11711275764_STOP280,0.217,0.0208,0.1455,0.424,0.0575,0.2956,5,Jalan Jendral Sudirman
11499132688_11499132689_STOP387,0.1193,0.0395,0.0418,0.2477,0.3854,0.3342,1,
11499132688_2518075049_STOP387,0.0617,0.0572,0.0476,0.4885,0.2167,0.3612,2,Jalan Pendamping SOR GBLA
11499132689_11499132688_STOP387,0.2549,0.048,0.0744,0.1913,0.3062,0.3079,1,
11499132689_5993042057_STOP387,0.2119,0.0385,0.0302,0.3395,0.1801,0.3213,5,Jalan Pendamping SOR GBLA
11513213940_11513213942_STOP141,0.3775,0.0283,0.0189,0.0854,0.4172,0.3205,1,Bulevar Utama
11513213940_11910120725_STOP141,0.2467,0.0294,0.0603,0.0975,0.3605,0.2909,3,Jalan Gedebage Utama
11513213941_11730487008_STOP388,0.4015,0.0034,0.006,0.0288,0.4718,0.3165,1,
11513213941_11803832464_STOP141,0.3494,0.0114,0.0025,0.0356,0.467,0.3143,8,Bulevar Utama
11513213942_11132403120_STOP141,0.0153,0.117,0.139,0.1401,0.3437,0.282,1,Jalan Gedebage Utama
11513213943_11513213940_STOP141,0.3505,0.0214,0.0233,0.0526,0.4372,0.3109,1,Jalan Gedebage Utama
11513213943_11803832450_STOP141,0.3029,0.0191,0.0117,0.0693,0.4486,0.3153,4,Bulevar Utama
11520711530_11520711531_STOP63,0.3944,0.024,0.1575,0.0697,0.2871,0.2633,1,
11520711530_6485661075_STOP63,0.3692,0.029,0.0678,0.2116,0.249,0.3083,4,Jalan Wastukancana
11520711531_11520711530_STOP63,0.301,0.1555,0.2299,0.1287,0.0466,0.227,1,
11520711531_3277449482_STOP63,0.2488,0.1154,0.1263,0.2948,0.1097,0.2949,3,Jalan Wastukancana
11546102144_11546102152_STOP767,0.1502,0.0781,0.0413,0.103,0.404,0.3064,2,Jalan Ciroyom
11546102152_11310046583_STOP767,0.1355,0.0808,0.0409,0.1459,0.415,0.3211,1,Jalan Layang Ciroyom
11546102152_29377063_STOP86,0.1755,0.0405,0.2104,0.0981,0.2883,0.2456,7,"['Jalan Arjuna', 'Jalan Ciroyom']"
11549667667_11132622841_STOP403,0.3219,0.0182,0.0431,0.266,0.2759,0.3281,2,Jalan Gedebage Selatan
11549667667_11549667668_STOP403,0.3955,0.0011,0.0322,0.1826,0.3557,0.3286,1,Jalan Soekarno-Hatta
11549667668_11549683569_STOP403,0.4086,0.0021,0.0249,0.1262,0.3846,0.3216,1,
11549667668_8456621393_STOP403,0.4086,0.0021,0.0249,0.1262,0.3846,0.3216,1,Jalan Soekarno-Hatta
11549683569_11549683570_STOP403,0.3765,0.0039,0.0233,0.1844,0.3561,0.3293,1,Jalan Soekarno-Hatta
11549683569_6382216824_STOP403,0.3765,0.0039,0.0233,0.1844,0.3561,0.3293,1,Jalan Rumah Sakit
11549683570_11549667667_STOP403,0.1943,0.0228,0.0467,0.3695,0.2693,0.3452,1,
11549683570_8456621395_STOP403,0.1943,0.0228,0.0467,0.3695,0.2693,0.3452,1,Jalan Soekarno-Hatta
11553388875_1663274709_STOP163,0.2538,0.1734,0.022,0.3364,0.1525,0.3458,1,
11553388875_1663274712_STOP163,0.2538,0.1734,0.022,0.3364,0.1525,0.3458,1,Jalan Ir. H. Djuanda
11554687893_10596741981_STOP388,0.3866,0.0026,0.0021,0.067,0.4448,0.3202,2,Bulevar Teknopolis
11554687893_11270931757_STOP285,0.4032,0.0043,0.0003,0.098,0.4326,0.3287,3,Bulevar Teknopolis
11564259401_10173744438_STOP556,0.2815,0.037,0.0539,0.2858,0.1277,0.2951,1,Jalan Bangka
11564259401_10173744441_STOP556,0.2815,0.037,0.0539,0.2858,0.1277,0.2951,1,Jalan Belitung
11564259401_12809507137_STOP507,0.2821,0.0381,0.0417,0.4468,0.0452,0.325,6,Jalan Lombok
11564259401_2037086792_STOP556,0.1509,0.0298,0.1025,0.3753,0.0714,0.2862,2,Jalan Belitung
11594016904_2325451295_STOP213,0.2172,0.0322,0.27,0.0016,0.278,0.2076,4,Jalan Jenderal Ahmad Yani
11594016904_2477140738_STOP505,0.2371,0.0318,0.1987,0.239,0.1729,0.2652,28,Jalan Antapani
11687490552_11687490560_STOP767,0.0971,0.0423,0.0276,0.1939,0.3758,0.3162,2,Jalan Ciroyom
11687490560_11310046580_STOP767,0.1968,0.0249,0.0494,0.0887,0.4031,0.2946,1,Jalan Ciroyom
11687490560_11546102144_STOP767,0.1968,0.0249,0.0494,0.0887,0.4031,0.2946,1,
11707030830_11707030831_STOP73,0.3414,0.0711,0.0159,0.4769,0.0306,0.3467,1,Jalan Ciliwung
11707030830_1666714175_STOP74,0.2929,0.0749,0.049,0.5022,0.0094,0.3399,5,Jalan Supratman
11707030831_6445031497_STOP74,0.2784,0.046,0.1039,0.4014,0.0481,0.3039,1,Jalan Supratman
11711275764_11711275765_STOP280,0.4076,0.0103,0.0738,0.3089,0.1545,0.313,1,Bunderan Cibeureum
11711275764_2604179165_STOP280,0.4076,0.0103,0.0738,0.3089,0.1545,0.313,1,Bunderan Cibeureum
11711275765_11711275764_STOP280,0.2928,0.0576,0.06,0.4152,0.0486,0.3185,1,Bunderan Cibeureum
11711275765_12393475052_STOP280,0.2928,0.0576,0.06,0.4152,0.0486,0.3185,1,Bunderan Cibeureum
11711275766_2604179165_STOP280,0.4342,0.0036,0.0548,0.178,0.2954,0.3132,1,Bunderan Cibeureum
11711275766_2604179177_STOP280,0.4342,0.0036,0.0548,0.178,0.2954,0.3132,1,Bunderan Cibeureum
11711275767_12393475052_STOP106,0.374,0.0464,0.1583,0.1503,0.2373,0.2774,1,Bunderan Cibeureum
11711275767_2604179170_STOP106,0.374,0.0464,0.1583,0.1503,0.2373,0.2774,1,Bunderan Cibeureum
11727886518_10793008258_STOP800,0.2947,0.0577,0.1164,0.3399,0.0928,0.2987,10,Jalan L.L. RE. Martadinata
11727886518_1849525862_STOP155,0.3297,0.0522,0.0175,0.4847,0.0286,0.3433,3,Jalan Banda
11727886518_2520649143_STOP805,0.2919,0.0229,0.0395,0.5517,0.0088,0.3455,3,Jalan Banda
11727886518_2520649152_STOP562,0.231,0.0704,0.1209,0.378,0.0556,0.2963,6,Jalan L.L. RE. Martadinata
11730487008_10596741969_STOP388,0.3361,0.0202,0.0099,0.032,0.4726,0.3139,5,Bulevar Utama
11730487008_11513213941_STOP388,0.3439,0.0161,0.0022,0.0257,0.4659,0.3115,1,
11735248696_2493372404_STOP207,0.2436,0.03,0.1249,0.3623,0.105,0.2966,17,Jalan Sulaksana
11735248696_302246829_STOP504,0.2298,0.0331,0.1443,0.2909,0.1148,0.2739,4,Jalan Terusan Jakarta
11735248699_3270445561_STOP637,0.2892,0.0056,0.1756,0.3011,0.1154,0.2729,1,Jalan Cibatu
11735248699_5394983545_STOP637,0.1657,0.008,0.0963,0.4771,0.0991,0.3216,2,Jalan Terusan Jakarta
11735248699_5395315581_STOP90,0.184,0.0833,0.1553,0.3052,0.1009,0.2786,6,Jalan Cibatu
11739021643_1837401655_STOP111,0.1536,0.0623,0.2864,0.2697,0.0704,0.2334,4,Jalan Ibu Inggit Ganarsih
11739021643_29489136_STOP269,0.1351,0.0452,0.3319,0.2221,0.0637,0.2053,5,Jalan Ibu Inggit Ganarsih
11739021643_4434330589_STOP224,0.3242,0.0157,0.2239,0.0928,0.2372,0.2391,9,Jalan Otto Iskandardinata
11740333992_11310046583_STOP810,0.1897,0.0159,0.2869,0.1182,0.195,0.2133,9,Jalan Layang Ciroyom
11740333992_11740333994_STOP766,0.3801,0.0148,0.0911,0.1673,0.2615,0.2929,1,Jalan Layang Ciroyom
11740333993_11740333994_STOP766,0.2928,0.0624,0.2601,0.1186,0.2009,0.2385,4,Jalan Arjuna
11740333993_29377042_STOP86,0.2911,0.0535,0.2143,0.082,0.2951,0.256,1,Jalan Industri
11740333994_7300869689_STOP766,0.3029,0.102,0.0075,0.128,0.3308,0.3207,1,Jalan Arjuna
11771489565_10173744458_STOP668,0.1414,0.036,0.0086,0.6285,0.0,0.3586,2,Jalan Hayam Wuruk
11771489565_11771489566_STOP668,0.1433,0.0614,0.0147,0.5551,0.0,0.3409,1,
11771489566_11771489565_STOP668,0.1618,0.1417,0.0843,0.4392,0.0,0.3136,1,
11771489566_1849526010_STOP667,0.1424,0.1025,0.058,0.4668,0.0001,0.3161,2,Jalan Hayam Wuruk
11803832449_11270910309_STOP141,0.0501,0.0008,0.0014,0.0754,0.4655,0.294,5,Jalan Gedebage Utama
11803832449_11803832466_STOP141,0.1637,0.0035,0.0034,0.0528,0.4565,0.2965,1,
11803832450_11730487008_STOP388,0.3249,0.0121,0.0011,0.0505,0.466,0.3164,8,Bulevar Utama
11803832450_11803832464_STOP141,0.2905,0.0302,0.0001,0.0661,0.4556,0.3188,1,
11803832459_11270910309_STOP141,0.3799,0.0004,0.0002,0.0122,0.4806,0.3118,1,
11803832459_11803832466_STOP141,0.2791,0.0055,0.0,0.0625,0.4634,0.3136,5,Jalan Gedebage Utama
11803832464_11513213940_STOP141,0.3164,0.0027,0.0055,0.0544,0.4585,0.3123,4,Bulevar Utama
11803832464_11803832450_STOP141,0.4106,0.0011,0.0,0.0374,0.4604,0.3176,1,
11803832466_11513213943_STOP141,0.288,0.0067,0.0052,0.0855,0.4432,0.3158,5,Jalan Gedebage Utama
11803832466_11803832449_STOP141,0.3526,0.0,0.0,0.0598,0.4581,0.3177,1,
11910120724_11513213942_STOP141,0.0641,0.0988,0.1428,0.1662,0.2555,0.2685,3,Jalan Gedebage Utama
11910120724_11910120725_STOP141,0.0661,0.1445,0.1742,0.1485,0.3044,0.28,1,
11910120725_11910120724_STOP141,0.2399,0.0469,0.1048,0.0483,0.3724,0.2752,1,
11910120725_5355867147_STOP141,0.2513,0.0304,0.1144,0.0617,0.3634,0.2734,3,Jalan Gedebage Utama
11953687707_1014722675_STOP226,0.3149,0.0161,0.0382,0.3306,0.1532,0.3165,2,Jalan Inhoftank
11953687707_2150576370_STOP607,0.3768,0.0062,0.0364,0.1816,0.2913,0.3108,1,Jalan Inhoftank
12013198365_11132622841_STOP403,0.338,0.0042,0.0657,0.1668,0.2632,0.2906,2,
12013198365_11549667667_STOP403,0.1943,0.0056,0.1033,0.2157,0.2291,0.277,1,Jalan Soekarno-Hatta
12028030824_1837401675_STOP199,0.2943,0.0162,0.273,0.0495,0.2113,0.2094,5,Jalan Gardujati
12028030824_2325452148_STOP290,0.3251,0.0392,0.2547,0.0969,0.2091,0.2335,5,Jalan Gardujati
12096324721_11107827260_STOP341,0.2987,0.0446,0.1103,0.2859,0.1515,0.2959,3,Jalan Tamblong
12135879793_10134513809_STOP121,0.343,0.0012,0.0811,0.0269,0.4757,0.2994,1,Jalan Soekarno-Hatta
12135879793_2614138771_STOP121,0.343,0.0012,0.0811,0.0269,0.4757,0.2994,1,Jalan Raya Cibaduyut
12339301138_12339301139_STOP371,0.3913,0.0095,0.0,0.171,0.3572,0.3316,1,
12339301138_35138922_STOP371,0.3606,0.0113,0.0031,0.2019,0.3768,0.3427,3,Jalan Gedebage Raya
12339301139_12339301138_STOP371,0.0318,0.198,0.0107,0.5914,0.0417,0.379,1,
12339301139_7216077577_STOP647,0.0787,0.187,0.0232,0.1557,0.3587,0.3282,7,Jalan Gedebage Raya
12393475052_10680268006_STOP0,0.3197,0.0479,0.0354,0.364,0.1162,0.3245,10,Jalan Elang
12393475052_11711275765_STOP106,0.3364,0.0377,0.0168,0.2801,0.2219,0.3282,1,Bunderan Cibeureum
12393475052_11711275767_STOP106,0.3364,0.0377,0.0168,0.2801,0.2219,0.3282,1,Bunderan Cibeureum
12606352972_12606352973_STOP620,0.3661,0.0128,0.1873,0.1521,0.2175,0.2611,1,"['Jalan Sunda', 'Jalan Karapitan']"
12606352972_12606352975_STOP620,0.3661,0.0128,0.1873,0.1521,0.2175,0.2611,1,Jalan Lengkong Kecil
12606352973_7179028076_STOP834,0.3003,0.0365,0.181,0.2031,0.1453,0.2575,3,Jalan Sunda
12606352975_12606352973_STOP620,0.2127,0.1176,0.2091,0.3729,0.0206,0.2804,1,Jalan Lengkong Kecil
12606352975_3277363480_STOP620,0.1116,0.1124,0.4014,0.1902,0.0284,0.1876,2,Jalan Lengkong Kecil
12606431202_25434241_STOP153,0.1993,0.0172,0.2195,0.297,0.0608,0.2447,9,Jalan Kebon Jati
12606431204_12606431202_STOP290,0.1526,0.1174,0.1058,0.2729,0.087,0.2765,1,Jalan HOS. Cokroaminoto
12606431204_12806120205_STOP290,0.1526,0.1174,0.1058,0.2729,0.087,0.2765,1,Jalan HOS. Cokroaminoto
12606431205_11207093319_STOP113,0.2578,0.0272,0.2454,0.0929,0.2135,0.2256,2,Jalan HOS. Cokroaminoto
12606431207_12606431205_STOP113,0.0394,0.0951,0.4979,0.067,0.1091,0.1456,1,Jalan HOS. Cokroaminoto
12606431207_2325452148_STOP113,0.0394,0.0951,0.4979,0.067,0.1091,0.1456,1,Jalan Kebon Jati
12633822764_5447158246_STOP118,0.0993,0.0631,0.429,0.0245,0.2527,0.1788,3,Jalan Marga Cinta
12633822764_5447158308_STOP719,0.2394,0.0211,0.2056,0.0457,0.2967,0.2352,1,
12633822765_11041579717_STOP450,0.372,0.0101,0.0438,0.3473,0.1555,0.3257,4,Jalan H. Ibrahim Adjie
12633822765_7698884005_STOP450,0.292,0.0366,0.06,0.4085,0.0885,0.3222,4,Jalan H. Ibrahim Adjie
12634504454_2325438114_STOP67,0.3849,0.0323,0.0806,0.3906,0.0435,0.311,3,Jalan Sukajadi
12634504454_29356940_STOP67,0.3301,0.0168,0.0286,0.4887,0.0144,0.3323,2,Jalan Sindang Sirna
12634504454_29358938_STOP67,0.2612,0.0202,0.0662,0.4826,0.0276,0.3219,4,Jalan Sukawangi
12637511228_29357929_STOP150,0.2166,0.0354,0.1709,0.3429,0.0739,0.2745,12,Jalan Cemara
12637511228_29379583_STOP92,0.2165,0.0002,0.1002,0.5063,0.0076,0.3105,1,Jalan Cemara
12692226647_12813271264_STOP117,0.1866,0.0164,0.1354,0.1588,0.2037,0.2502,4,Jalan Marga Cinta
12692226647_35138416_STOP117,0.281,0.0215,0.0205,0.4664,0.0756,0.3382,2,Jalan Marga Cinta
12692226647_9379377310_STOP117,0.3175,0.0174,0.0351,0.3902,0.1387,0.3317,1,Jalan Pluto Raya
12692455340_10703340256_STOP265,0.2684,0.0415,0.0464,0.2978,0.1716,0.3104,5,Jalan Ir. H. Djuanda
12692455340_30236623_STOP639,0.1915,0.0586,0.2313,0.2945,0.0839,0.2555,48,"['Jalan Cikutra Barat', 'Jalan Sadang Serang', 'Jalan Tubagus Ismail']"
12705240852_10596741981_STOP388,0.384,0.0012,0.0049,0.0456,0.4387,0.3113,1,Jalan Sentra Raya Selatan
12705240852_11554687893_STOP388,0.384,0.0012,0.0049,0.0456,0.4387,0.3113,1,Bulevar Teknopolis
12806120205_12028030824_STOP199,0.2865,0.0185,0.2592,0.1093,0.1825,0.2219,5,Jalan Gardujati
12806120205_12606431202_STOP290,0.3529,0.0032,0.1826,0.1663,0.1895,0.2558,1,Jalan Kebon Jati
12806120213_12806120214_STOP794,0.2504,0.0936,0.2996,0.297,0.0,0.2379,1,Jalan Cikawao
12806120213_3278061604_STOP795,0.2147,0.0591,0.3352,0.2132,0.0524,0.2101,6,Jalan Cikawao
12806120214_1831360476_STOP29,0.309,0.0355,0.0765,0.374,0.1024,0.3143,9,Jalan Lengkong Besar
12806309251_2477126866_STOP93,0.2601,0.0153,0.2476,0.0278,0.2914,0.2231,1,Jalan Abdul Haris Nasution
12806309251_4620173045_STOP380,0.1528,0.0751,0.3698,0.1526,0.1476,0.2075,10,Jalan Abdul Haris Nasution
12806309258_11310497696_STOP720,0.2749,0.0262,0.1797,0.0956,0.2943,0.258,5,Jalan Abdul Haris Nasution
12806309258_35135537_STOP93,0.2874,0.037,0.176,0.1541,0.2236,0.2619,26,Jalan Abdul Haris Nasution
12806516351_5458169530_STOP230,0.2049,0.0483,0.046,0.4282,0.0985,0.3263,3,Jalan Soekarno-Hatta
12806516351_5458169533_STOP230,0.3526,0.0241,0.0418,0.2656,0.2306,0.3212,2,Bunderan Cibiru
12806537959_12986852699_STOP748,0.3283,0.0319,0.0662,0.423,0.0658,0.3226,5,Jalan Palasari
12806537959_2325453232_STOP184,0.196,0.0554,0.2129,0.293,0.0916,0.2595,8,Jalan Kyai Haji Ahmad Dahlan
12806717331_25446457_STOP112,0.246,0.0144,0.254,0.3041,0.0186,0.2352,2,Jalan Rajawali Timur
12809046288_1655728948_STOP404,0.382,0.0053,0.1597,0.1035,0.2324,0.2545,1,Jalan Dr. Setiabudi
12809046288_1675261401_STOP404,0.382,0.0053,0.1597,0.1035,0.2324,0.2545,1,Jalan Geger Kalong Hilir
12809046288_1675261406_STOP404,0.382,0.0053,0.1597,0.1035,0.2324,0.2545,1,Jalan Dr. Setiabudi
12809082542_29379447_STOP327,0.2554,0.0242,0.1364,0.1983,0.1706,0.262,2,Jalan Sukajadi
12809082543_29357859_STOP476,0.3562,0.0312,0.2213,0.1802,0.117,0.242,12,Jalan Sukajadi
12809082543_29378887_STOP3,0.1066,0.0393,0.4167,0.1364,0.1418,0.1824,18,"['Jalan Sukagalih', 'Jalan Cipedes Selatan']"
12809151235_29379393_STOP482,0.2217,0.0028,0.0436,0.5592,0.0017,0.3344,2,Jalan Profesor Christiaan Eijkman
12809151235_29379476_STOP482,0.2045,0.0254,0.042,0.537,0.0017,0.3308,2,Jalan Profesor Christiaan Eijkman
12809237529_2325451442_STOP483,0.3707,0.0078,0.0244,0.3782,0.1681,0.3405,1,Jalan Abdul Rivai
12809237529_3269294963_STOP483,0.3707,0.0078,0.0244,0.3782,0.1681,0.3405,1,Jalan Abdul Rivai
12809283839_1666231704_STOP18,0.164,0.046,0.2687,0.2339,0.1485,0.2426,25,Jalan Gunung Batu
12809283839_1870759840_STOP489,0.1625,0.042,0.1564,0.3756,0.0707,0.2816,32,"['Jalan Dakota', 'Jalan Sukaraja II', 'Jalan Sukaraja', 'Jalan Gunung Batu']"
12809283848_4375366198_STOP630,0.2185,0.0511,0.1377,0.392,0.0369,0.2882,13,Jalan Dr. Djunjunan
12809462426_11367517448_STOP274,0.3572,0.0186,0.205,0.2604,0.0744,0.2554,2,Jalan Sukabumi
12809462426_1849960313_STOP610,0.3142,0.0475,0.1013,0.3822,0.0563,0.3044,8,Jalan Sukabumi
12809507137_11564259401_STOP47,0.2673,0.0504,0.0617,0.4594,0.0292,0.3227,6,Jalan Lombok
12809507137_12809507139_STOP577,0.28,0.068,0.0951,0.443,0.0114,0.3131,4,Jalan Lombok
12809507137_1896207944_STOP577,0.2219,0.0451,0.1442,0.4175,0.0216,0.2902,4,Jalan Aceh
12809507137_6461589858_STOP662,0.2017,0.0507,0.148,0.3338,0.0791,0.278,5,Jalan Aceh
12809507139_10173744442_STOP577,0.3758,0.0015,0.0495,0.4458,0.0144,0.3178,1,Jalan Lombok
12809507139_12809507137_STOP577,0.3241,0.0372,0.0294,0.4842,0.0189,0.3355,4,Jalan Lombok
12809507139_3278058148_STOP577,0.3758,0.0015,0.0495,0.4458,0.0144,0.3178,1,Jalan Madura
12813237929_7345830954_STOP72,0.3716,0.0246,0.0844,0.4323,0.0048,0.3103,1,Jalan Tamansari
12813237929_7345830961_STOP72,0.3451,0.0162,0.1172,0.3131,0.1024,0.2897,2,Jalan Tamansari
12813271261_12813271264_STOP117,0.1963,0.0479,0.2318,0.229,0.1432,0.2489,38,Jalan Marga Cinta
12813271261_4141587843_STOP324,0.1944,0.0251,0.2112,0.2129,0.1847,0.2528,12,Jalan Logam
12813271261_9626125965_STOP5,0.168,0.0271,0.4607,0.031,0.1712,0.1552,8,Jalan Marga Cinta
12813271264_12692226647_STOP117,0.2262,0.0268,0.2376,0.26,0.0957,0.2442,4,Jalan Marga Cinta
12813271264_12813271261_STOP5,0.1966,0.044,0.2443,0.2145,0.1442,0.2422,38,Jalan Marga Cinta
12813271264_9503884773_STOP363,0.2556,0.0259,0.1755,0.2612,0.1444,0.2689,39,Jalan Rancabolang
12813271265_13141223516_STOP114,0.0803,0.0526,0.3647,0.1456,0.1781,0.202,24,Jalan Derwati
12813271265_1664487744_STOP604,0.234,0.0347,0.136,0.2993,0.1498,0.2871,50,Jalan Cipamokolan
12813271265_35138723_STOP715,0.1526,0.0521,0.1558,0.3299,0.1441,0.2873,9,Jalan Derwati
12816121757_28382767_STOP25,0.3518,0.0232,0.0942,0.2872,0.1418,0.2973,8,Jalan Ir. H. Djuanda
12816121757_312524188_STOP23,0.2274,0.0264,0.4089,0.0946,0.1805,0.1902,1,Jalan Ir. H. Djuanda
12819917454_3274608590_STOP54,0.2231,0.1735,0.0323,0.0564,0.4196,0.324,1,Jalan Cikutra Barat
12819917454_3274608591_STOP54,0.2231,0.1735,0.0323,0.0564,0.4196,0.324,1,Jalan Cikutra
12819917454_5374108596_STOP346,0.311,0.0286,0.0071,0.4026,0.1273,0.3384,12,Jalan Pahlawan
12820446796_12820446797_STOP393,0.3767,0.0118,0.0577,0.194,0.2546,0.3032,1,
12820446796_14003143457_STOP393,0.3767,0.0118,0.0577,0.194,0.2546,0.3032,1,
12820446796_1660289601_STOP393,0.3767,0.0118,0.0577,0.194,0.2546,0.3032,1,Jalan Sentot Alibasyah
12820446797_12820446796_STOP393,0.2302,0.0149,0.0414,0.248,0.2228,0.2999,1,
12820446797_1660289595_STOP393,0.2302,0.0149,0.0414,0.248,0.2228,0.2999,1,Jalan Sentot Alibasyah
12862489542_3269421784_STOP172,0.3923,0.0134,0.0096,0.3688,0.1364,0.3352,1,
12862489543_12862489542_STOP172,0.0601,0.1605,0.7121,0.0,0.0,0.0813,1,
12862489543_7715397583_STOP172,0.0601,0.1605,0.7121,0.0,0.0,0.0813,1,Jalan Ciliwung
12986852699_12806537959_STOP428,0.3152,0.0161,0.0783,0.4405,0.0442,0.3162,5,Jalan Palasari
12986852699_2607816746_STOP580,0.3445,0.0198,0.0872,0.3914,0.0555,0.3066,6,Jalan Palasari
12986852699_29434769_STOP732,0.1588,0.1086,0.1579,0.3247,0.1121,0.2893,7,Jalan Lodaya
12986852699_3272588432_STOP746,0.2012,0.0653,0.2296,0.2623,0.0815,0.2478,7,Jalan Lodaya
13010031522_2325453554_STOP401,0.0798,0.038,0.2964,0.2052,0.1378,0.2171,46,Jalan Cibolerang
13010031522_29489287_STOP396,0.2223,0.0904,0.169,0.186,0.2021,0.2713,18,Jalan Kyai Haji Wahid Hasyim
13010031522_5487734497_STOP135,0.2855,0.0341,0.1942,0.1948,0.1657,0.2561,8,Jalan Kopo Sayati
13022549201_1896207944_STOP577,0.2114,0.0537,0.0234,0.5071,0.025,0.3368,5,Jalan Aceh
13022549201_25433301_STOP660,0.1352,0.0,0.0105,0.6519,0.0019,0.358,1,Jalan Aceh
13022549201_9762128207_STOP660,0.1352,0.0,0.0105,0.6519,0.0019,0.358,1,Jalan Sumbawa
13097895692_2019234455_STOP129,0.1673,0.0318,0.2474,0.2389,0.1469,0.2444,12,"['Jalan Sariwangi', 'Jalan Perintis']"
13097895692_700728686_STOP391,0.0999,0.0669,0.2822,0.2796,0.1361,0.249,4,Jalan Sariwangi
13097895693_1575311287_STOP629,0.1431,0.0645,0.3247,0.2359,0.066,0.2158,3,Jalan Sariasih
13097895693_29357277_STOP8,0.2276,0.0506,0.1674,0.3588,0.0426,0.2761,16,Jalan Sarijadi Raya
13097895693_5646605222_STOP350,0.2001,0.0625,0.2192,0.3231,0.0484,0.2587,12,"['Jalan Sariasih', 'Jalan Sari Rasa']"
13123360943_25433873_STOP84,0.1635,0.124,0.3657,0.1589,0.1401,0.219,1,Jalan Abdul Rahman Saleh
13123360943_6442486339_STOP176,0.2152,0.0548,0.2711,0.2676,0.0727,0.2403,13,Jalan Abdul Rahman Saleh
13136294320_1655728948_STOP404,0.3347,0.028,0.1638,0.1804,0.1657,0.2601,12,Jalan Dr. Setiabudi
13136294320_1676070938_STOP473,0.3566,0.0265,0.1485,0.1292,0.2662,0.274,1,Jalan Dr. Setiabudi
13141223516_12813271265_STOP715,0.0742,0.0532,0.3485,0.163,0.1715,0.2076,24,Jalan Derwati
13141223516_2518053983_STOP114,0.1374,0.01,0.325,0.0359,0.28,0.1977,3,Jalan Gedebage Selatan
13141223516_5460962097_STOP371,0.2649,0.0307,0.1787,0.2479,0.1534,0.2686,21,Jalan Gedebage Selatan
13239081325_5369337988_STOP90,0.354,0.0107,0.0272,0.1993,0.3579,0.3327,2,
13242730686_11803832459_STOP141,0.1891,0.0306,0.0027,0.043,0.4759,0.3065,5,Jalan Gedebage Utama
13242730686_13575977254_STOP388,0.2031,0.0406,0.0102,0.011,0.481,0.3004,1,
13257407280_1666277222_STOP775,0.2972,0.0124,0.134,0.08,0.3091,0.2634,5,Jalan Garuda
13261248357_25433768_STOP221,0.32,0.011,0.0666,0.4286,0.066,0.3193,4,Jalan Arjuna
13261248357_29376968_STOP302,0.1411,0.0516,0.1729,0.3623,0.0793,0.277,19,"['Jalan Kesatriaan', 'Jalan Bima']"
13261248357_6622409115_STOP765,0.2135,0.0366,0.1171,0.3595,0.1021,0.2945,8,Jalan Arjuna
13382601416_29377063_STOP86,0.2385,0.0124,0.103,0.0748,0.3284,0.2654,2,Jalan Ciroyom
13382601416_29377187_STOP112,0.129,0.0108,0.4005,0.0978,0.2107,0.187,6,Jalan Ciroyom Timur
13382601416_29377189_STOP810,0.1547,0.0215,0.3026,0.0312,0.262,0.1993,4,Jalan Ciroyom
13413660891_13413660892_STOP198,0.3601,0.0055,0.1971,0.0427,0.296,0.2444,1,
13413660891_5489991817_STOP198,0.156,0.0148,0.1417,0.1981,0.2877,0.2787,3,Jalan Raden Rangga Kencana
13413660892_13413660891_STOP198,0.2694,0.0286,0.4331,0.0418,0.1124,0.1583,1,
13413660892_5489991814_STOP198,0.1347,0.019,0.4396,0.0974,0.06,0.1455,2,Jalan Raden Rangga Kencana
13413840424_13413840425_STOP198,0.1274,0.0134,0.3591,0.0106,0.1734,0.1581,1,
13413840424_5489977551_STOP198,0.1274,0.0134,0.3591,0.0106,0.1734,0.1581,1,Jalan Raden Rangga Kencana
13413840425_13413840424_STOP463,0.0777,0.0289,0.2417,0.1143,0.2186,0.2162,1,
13413840425_5353902572_STOP463,0.136,0.0436,0.1289,0.1722,0.2484,0.2667,3,Jalan Mekar Laksana
13413840425_5489977551_STOP463,0.0777,0.0289,0.2417,0.1143,0.2186,0.2162,1,Jalan Mekar Laksana
1342112669_1342112684_STOP164,0.4007,0.0299,0.0588,0.3725,0.0839,0.32,1,Jalan Tamansari
1342112669_29359106_STOP164,0.4007,0.0299,0.0588,0.3725,0.0839,0.32,1,Jalan Tamansari
1342112672_312086542_STOP233,0.2372,0.0844,0.0616,0.4024,0.0013,0.3024,1,Jalan Sangkuriang
1342112672_312086670_STOP233,0.1906,0.1129,0.0731,0.4676,0.002,0.3215,3,Jalan Sangkuriang
1342112684_2034533034_STOP164,0.1107,0.4152,0.14,0.2369,0.0005,0.2943,1,Jalan Siliwangi
13539499879_10596847102_STOP388,0.1578,0.0674,0.063,0.2367,0.2852,0.3121,8,Jalan Sentra Raya Selatan
13551225788_2325452313_STOP46,0.3526,0.0095,0.1535,0.3003,0.061,0.2695,1,Jalan Laswi
13575977252_11270910316_STOP388,0.3595,0.0007,0.0057,0.0125,0.4845,0.3101,1,
13575977252_13242730686_STOP388,0.296,0.0124,0.0073,0.017,0.4814,0.3064,2,Jalan Gedebage Utama
13575977254_11270910316_STOP388,0.0038,0.0022,0.0068,0.0856,0.4833,0.2963,2,Jalan Gedebage Utama
13575977254_13242730686_STOP388,0.0014,0.0,0.0096,0.1067,0.4835,0.3016,1,
13648191536_1663274703_STOP163,0.2226,0.1752,0.0665,0.4542,0.0,0.3336,1,Jalan Surapati
13713992504_10173744459_STOP668,0.0918,0.1194,0.0158,0.5812,0.0,0.355,2,Jalan Hayam Wuruk
1387999367_29380398_STOP496,0.2532,0.0298,0.1611,0.2049,0.2038,0.2695,10,Jalan Raya Cijerah
1387999367_29380403_STOP496,0.2098,0.0327,0.1854,0.2904,0.0858,0.2583,3,Jalan Raya Cijerah
1387999367_3115995953_STOP496,0.2308,0.0144,0.1061,0.332,0.1246,0.2908,4,Jalan Melong Raya
1390997943_1675261401_STOP404,0.1151,0.0564,0.3726,0.0914,0.1294,0.1767,6,Jalan Geger Kalong Hilir
1390997943_29357243_STOP8,0.1425,0.0804,0.2679,0.1959,0.1157,0.2278,11,Jalan Geger Kalong Hilir
1390997943_5455661685_STOP337,0.1935,0.025,0.2426,0.2007,0.181,0.2434,19,Jalan Cipedes Atas
14001473537_1660289594_STOP159,0.4079,0.015,0.0201,0.364,0.1075,0.3268,1,Jalan Surapati
14001473537_32524281_STOP688,0.3741,0.0399,0.0225,0.3975,0.0867,0.3329,5,"['Jalan Majapahit', 'Jalan Diponegoro']"
14003143457_14001473537_STOP159,0.3165,0.0302,0.0763,0.2611,0.1842,0.3006,3,Jalan Surapati
14053088734_10184462928_STOP711,0.3756,0.0245,0.1109,0.2537,0.1725,0.2951,1,
14053088734_6715130339_STOP468,0.3534,0.0171,0.1332,0.2504,0.1525,0.282,8,Jalan Buah Batu
1575311287_1083569114_STOP391,0.2626,0.0685,0.2188,0.2201,0.103,0.2489,14,Jalan Sarimanah
1575311287_13097895693_STOP128,0.169,0.1203,0.3584,0.1848,0.0318,0.2006,3,Jalan Sariasih
1654067462_29356722_STOP352,0.123,0.0631,0.0449,0.5025,0.0467,0.3306,10,Jalan Prof. Dr. Ir. Sutami
1654067462_29357241_STOP8,0.2669,0.053,0.155,0.3161,0.1019,0.2843,25,Jalan Sukahaji
1654067462_5455661685_STOP337,0.2585,0.0623,0.1029,0.4097,0.0416,0.3062,15,Jalan Prof. Dr. Ir. Sutami
1655728948_12809046288_STOP404,0.3815,0.006,0.1779,0.1846,0.1301,0.2506,1,Jalan Dr. Setiabudi
1655728948_13136294320_STOP473,0.3437,0.027,0.1475,0.1817,0.1664,0.2637,12,Jalan Dr. Setiabudi
1658426552_11132665441_STOP241,0.3618,0.03,0.0673,0.3514,0.1016,0.3128,2,Jalan Prof. Dr. Surya Soemantri
1658426552_12809283848_STOP241,0.2437,0.0355,0.1162,0.372,0.0754,0.2945,3,Jalan Prof. Dr. Surya Soemantri
1658426557_29356793_STOP350,0.2062,0.0937,0.2068,0.3669,0.0302,0.276,8,Jalan Lemah Neundeut
1658431473_1658426552_STOP241,0.3293,0.0404,0.1301,0.3253,0.069,0.2864,21,Jalan Prof. Dr. Surya Soemantri
1658431473_1658426557_STOP352,0.3421,0.0497,0.182,0.151,0.1602,0.2522,1,Jalan Lemah Neundeut
1658431511_1666786352_STOP241,0.1588,0.1386,0.1343,0.3905,0.0795,0.3104,5,Jalan Cibogo
1658431511_306334264_STOP351,0.2123,0.0404,0.3152,0.1774,0.1224,0.2159,25,Jalan Cibogo
1658431511_5639376031_STOP489,0.1376,0.1252,0.2246,0.2715,0.1131,0.2649,6,Jalan Cibogo
1658617590_11118207003_STOP241,0.2562,0.0038,0.056,0.3118,0.1742,0.3051,1,Jalan Sukaraja
1658617590_29377716_STOP489,0.2061,0.0135,0.0093,0.5115,0.0775,0.3448,9,Jalan Sukaraja
1658919856_29427961_STOP72,0.336,0.015,0.0318,0.0373,0.443,0.3038,4,Jalan Layang Professor Mochtar Kusumaatmadja
1658919899_2325450642_STOP353,0.2953,0.0395,0.1281,0.2087,0.1718,0.2738,2,Jalan Cihampelas
1658919899_5334388861_STOP353,0.1601,0.018,0.0428,0.4788,0.0904,0.3294,2,
1658919998_1658934307_STOP353,0.2988,0.0073,0.0622,0.0605,0.4565,0.3043,5,Jalan Layang Professor Mochtar Kusumaatmadja
1658920028_2539998095_STOP123,0.129,0.0074,0.186,0.084,0.2522,0.2248,2,Jalan Pasteur
1658920028_2958261186_STOP123,0.2113,0.0048,0.0448,0.052,0.4331,0.2892,1,Jalan Pasteur
1658934307_1658934336_STOP353,0.2366,0.0385,0.2022,0.0373,0.258,0.2268,4,Jalan Layang Professor Mochtar Kusumaatmadja
1658934307_2958261171_STOP592,0.2662,0.043,0.1536,0.1507,0.2326,0.2655,30,Jalan Layang Professor Mochtar Kusumaatmadja
1658934336_1969331837_STOP353,0.3023,0.0847,0.4028,0.0615,0.0564,0.1693,1,Jalan Layang Professor Mochtar Kusumaatmadja
1658934336_2539986928_STOP353,0.311,0.0439,0.2537,0.0472,0.202,0.2165,2,
1658946837_2325450314_STOP81,0.1075,0.0951,0.0501,0.5992,0.0,0.352,1,
1658946837_2539998099_STOP81,0.1075,0.0951,0.0501,0.5992,0.0,0.352,1,Jalan Dr. Djunjunan
1658956030_5460926047_STOP125,0.2169,0.0217,0.1374,0.3407,0.1026,0.2833,25,Jalan Sukawarna
1658958704_11124688730_STOP475,0.33,0.0244,0.0726,0.3161,0.1284,0.3039,7,Jalan HOS. Cokroaminoto
1658976883_1658976885_STOP353,0.2447,0.0656,0.2986,0.0041,0.2484,0.2061,1,
1658976883_2325450642_STOP353,0.2319,0.0331,0.2332,0.0492,0.3192,0.2394,2,Jalan Pasteur
1658976885_2012565708_STOP353,0.3334,0.0395,0.2954,0.2146,0.013,0.2145,3,Jalan Pasteur
1659928185_1659928189_STOP150,0.2296,0.063,0.0564,0.4801,0.0,0.3212,2,
1659928185_320093965_STOP150,0.1636,0.0618,0.118,0.4804,0.0026,0.3058,2,Jalan Dr. Setiabudi
1659928187_1659928189_STOP150,0.2374,0.0366,0.1417,0.4526,0.0168,0.2998,10,Jalan Hegarmanah
1659928187_2037649963_STOP628,0.2892,0.0234,0.0354,0.5539,0.0145,0.3481,3,Jalan Hegarmanah
1659928187_2037649964_STOP628,0.1982,0.0264,0.0302,0.5379,0.0148,0.3356,3,Jalan Cisatu 1
1659928189_1659928187_STOP628,0.2528,0.0407,0.066,0.5107,0.011,0.3295,10,Jalan Hegarmanah
1659928189_320093965_STOP150,0.3436,0.0534,0.1976,0.3196,0.0045,0.2624,2,Jalan Hegarmanah
1660110851_1660130531_STOP66,0.2288,0.0689,0.3244,0.059,0.1453,0.192,2,Jalan Siliwangi
1660110851_29359106_STOP164,0.1475,0.1478,0.0859,0.3445,0.0503,0.2973,15,Jalan Siliwangi
1660110858_1660116944_STOP66,0.4103,0.0137,0.2864,0.0195,0.2151,0.2104,1,Jalan Ciumbuleuit
1660110858_3376673094_STOP66,0.3345,0.0237,0.141,0.2167,0.1905,0.2797,4,Jalan Cihampelas
1660116942_1660110851_STOP66,0.2735,0.029,0.2246,0.1733,0.1449,0.2376,2,Jalan Siliwangi
1660116942_1660130531_STOP66,0.2884,0.0155,0.3456,0.018,0.1641,0.1765,1,Jalan Ciumbuleuit
1660116944_1660116942_STOP66,0.2884,0.0155,0.3456,0.018,0.1641,0.1765,1,Jalan Siliwangi
1660116944_2316743959_STOP66,0.2612,0.0162,0.3455,0.009,0.1795,0.1751,2,Jalan Ciumbuleuit
1660130531_1660110858_STOP66,0.3711,0.0271,0.3717,0.0213,0.1565,0.1823,1,Jalan Siliwangi
1660253697_1660260879_STOP169,0.0015,0.0727,0.2761,0.4211,0.0414,0.26,1,
1660253697_5825261667_STOP169,0.1018,0.0675,0.1095,0.5196,0.0511,0.3259,3,Jalan Cikapayang
1660260878_8913742090_STOP723,0.1033,0.0401,0.0718,0.1919,0.2551,0.2789,1,Jalan Surapati
1660260879_1660253697_STOP169,0.3752,0.0159,0.0212,0.4995,0.0254,0.3437,1,
1660260879_2958252669_STOP354,0.298,0.0322,0.2165,0.3111,0.0179,0.2516,5,Jalan Cikapayang
1660260881_9895279782_STOP163,0.3331,0.0149,0.2206,0.161,0.0838,0.2224,7,Jalan Prabu Dimuntur
1660264881_1660289600_STOP393,0.251,0.1457,0.1513,0.2527,0.145,0.2936,1,Jalan Surapati
1660264881_6637726062_STOP524,0.1762,0.038,0.2121,0.2875,0.086,0.2512,16,Jalan Surapati
1660289594_1660260878_STOP723,0.2533,0.0384,0.0774,0.3482,0.108,0.3028,3,Jalan Surapati
1660289595_5832175149_STOP393,0.3736,0.0005,0.0441,0.1835,0.249,0.2981,1,Jalan Sentot Alibasyah
1660289600_11138680823_STOP393,0.2949,0.0343,0.1959,0.0965,0.2364,0.245,1,Jalan Surapati
1660289600_1660289595_STOP393,0.2949,0.0343,0.1959,0.0965,0.2364,0.245,1,
1660289601_1660260878_STOP723,0.1973,0.0375,0.0803,0.2325,0.2072,0.2867,6,Jalan Surapati
1660290286_12820446796_STOP393,0.3723,0.0082,0.0374,0.2796,0.1889,0.3144,2,Jalan Sentot Alibasyah
1660290286_5832175149_STOP393,0.3135,0.0122,0.0116,0.4362,0.0779,0.3324,1,
1662376584_1662376790_STOP591,0.2467,0.075,0.091,0.3218,0.1306,0.3052,2,Jalan Ir. H. Djuanda
1662376718_1662376948_STOP591,0.2452,0.0483,0.0338,0.4042,0.0959,0.3243,1,
1662376718_2325448480_STOP591,0.2815,0.0248,0.0883,0.4132,0.0594,0.3086,5,Jalan Ir. H. Djuanda
1662376726_12816121757_STOP23,0.3097,0.0615,0.1195,0.2966,0.1176,0.2937,8,Jalan Ir. H. Djuanda
1662376726_28382767_STOP25,0.3529,0.0505,0.0049,0.4227,0.1042,0.3475,1,
1662376790_1662376726_STOP25,0.3059,0.059,0.107,0.3273,0.1007,0.2997,21,Jalan Ir. H. Djuanda
1662376790_28382653_STOP32,0.3039,0.0371,0.34,0.0662,0.1672,0.1985,1,
1662376948_10151612728_STOP265,0.2499,0.0064,0.0393,0.5096,0.0944,0.3468,4,Jalan Ir. H. Djuanda
1663274645_25448847_STOP514,0.2333,0.0932,0.0158,0.3748,0.1222,0.3326,1,Teuku Umar
1663274645_6639639833_STOP600,0.2919,0.0826,0.014,0.3712,0.1268,0.3367,3,Jalan Ir. H. Djuanda
1663274703_1857160713_STOP723,0.2282,0.0358,0.1001,0.4104,0.0427,0.2988,7,Jalan Surapati
1663274709_3277469066_STOP163,0.165,0.0856,0.0709,0.3206,0.1744,0.3128,1,Jalan Dipatiukur
1663274712_1663274709_STOP163,0.3642,0.0209,0.0796,0.1613,0.2672,0.2938,1,Jalan Dipatiukur
1663274712_5463988176_STOP163,0.3642,0.0209,0.0796,0.1613,0.2672,0.2938,1,Jalan Ir. H. Djuanda
1663274762_11303467322_STOP600,0.3581,0.0489,0.0304,0.2949,0.1965,0.3286,1,Jalan Ir. H. Djuanda
1663274768_10703340254_STOP265,0.3199,0.0659,0.0392,0.3471,0.1186,0.323,5,Jalan Ir. H. Djuanda
1663274768_1956570020_STOP519,0.2536,0.0481,0.0302,0.5388,0.0194,0.347,4,Jalan Dayang Sumbi
1663274768_5465993094_STOP265,0.3299,0.0554,0.0105,0.456,0.0374,0.3386,1,Jalan Dayang Sumbi
1663283377_7669230602_STOP373,0.2756,0.0352,0.0416,0.4765,0.0187,0.326,4,Jalan Ir. H. Djuanda
1663283380_1663283377_STOP672,0.3781,0.0376,0.0464,0.4775,0.0111,0.3344,1,
1663283380_6622030454_STOP672,0.3689,0.0376,0.0489,0.4694,0.0136,0.3312,2,Jalan Ir. H. Djuanda
1664487744_12813271265_STOP715,0.2276,0.0303,0.1458,0.3215,0.139,0.2881,50,Jalan Cipamokolan
1664487744_3272718018_STOP452,0.2342,0.0555,0.1615,0.2022,0.1977,0.2704,14,Jalan Cipamokolan
1664487744_6413894757_STOP361,0.1814,0.0205,0.0755,0.5488,0.0831,0.3463,15,
1666231704_12809283839_STOP486,0.164,0.046,0.2687,0.2339,0.1485,0.2426,25,Jalan Gunung Batu
1666231704_2628299951_STOP18,0.2462,0.0573,0.2364,0.1939,0.169,0.251,2,Jalan Jend. H. Amir Machmud
1666277222_29377560_STOP518,0.3288,0.0322,0.0809,0.3522,0.1037,0.3088,4,Jalan Garuda
1666277222_6442486339_STOP774,0.2864,0.0243,0.1159,0.1604,0.2489,0.2765,11,Jalan Layang Nurtanio
1666277222_9642166986_STOP773,0.2964,0.0507,0.1679,0.0984,0.2669,0.2608,5,Jalan Garuda
1666714153_5842007853_STOP174,0.2371,0.1167,0.0106,0.2906,0.2265,0.3393,1,Jalan Supratman
1666714175_10173705736_STOP575,0.3046,0.0179,0.0351,0.5099,0.0157,0.3357,6,"['Jalan Diponegoro', 'Jalan Supratman']"
1666714175_1666714186_STOP74,0.3299,0.0374,0.0601,0.4149,0.083,0.3267,1,
1666714186_11707030831_STOP74,0.2102,0.098,0.1054,0.4293,0.0315,0.3115,5,Jalan Supratman
1666714186_1666714175_STOP74,0.1818,0.0385,0.1223,0.53,0.0209,0.3218,1,
1666747506_1849525968_STOP567,0.2212,0.0094,0.071,0.4505,0.056,0.3124,2,Jalan Taman Citarum
1666747516_10173705737_STOP575,0.3351,0.0386,0.0161,0.415,0.096,0.3373,2,Jalan Citarum
1666747516_2519917288_STOP575,0.4112,0.0265,0.0064,0.3312,0.1919,0.3428,1,
1666747518_25450505_STOP576,0.3072,0.0239,0.0167,0.3985,0.0848,0.3237,1,Jalan Citarum
1666786347_1666786352_STOP241,0.3771,0.0162,0.0204,0.2809,0.2709,0.3399,1,Jalan Cibogo
1666786347_5460926051_STOP241,0.3771,0.0162,0.0204,0.2809,0.2709,0.3399,1,Jalan Prof. Dr. Surya Soemantri
1666786352_1658431511_STOP489,0.1016,0.1717,0.1119,0.4229,0.0762,0.3236,5,Jalan Cibogo
1666786352_5460926051_STOP241,0.3222,0.0376,0.1169,0.2144,0.184,0.2825,1,Jalan Cibogo
1667742416_1667742500_STOP202,0.098,0.0874,0.0696,0.4445,0.1066,0.3268,8,Jalan Sekejati
1667742416_9198770125_STOP444,0.2788,0.0456,0.0456,0.3525,0.1433,0.3218,5,Jalan H. Ibrahim Adjie
1667742500_1667742416_STOP202,0.1209,0.0657,0.087,0.4842,0.0571,0.3217,8,Jalan Sekejati
1667742500_3272226044_STOP440,0.094,0.0202,0.0194,0.4335,0.1432,0.3264,15,Jalan Sekejati
1667742500_5825223577_STOP831,0.23,0.0316,0.1705,0.2857,0.1443,0.2755,24,"['Jalan Papanggungan', 'Jalan Jenderal Gatot Subroto']"
1675261401_12809046288_STOP404,0.0988,0.0441,0.4065,0.0003,0.2013,0.1581,1,Jalan Geger Kalong Hilir
1675261401_1390997943_STOP404,0.1158,0.0754,0.3141,0.0754,0.1889,0.1994,6,Jalan Geger Kalong Hilir
1675261401_1655728948_STOP404,0.0988,0.0441,0.4065,0.0003,0.2013,0.1581,1,
1675261406_12809046288_STOP404,0.3432,0.0154,0.1107,0.0609,0.3128,0.2673,1,Jalan Dr. Setiabudi
1675261406_1675261401_STOP404,0.3152,0.0101,0.1692,0.0972,0.2496,0.2497,2,
1675261406_2325438077_STOP479,0.315,0.0194,0.138,0.1117,0.239,0.2579,9,Jalan Dr. Setiabudi
1676070938_29357243_STOP8,0.1982,0.0399,0.2807,0.1969,0.1207,0.225,27,"['Jalan Pak Gatot Raya', 'Jalan Gegerkalong Girang']"
1676070938_6627215624_STOP473,0.3569,0.0057,0.0765,0.2955,0.1242,0.2951,3,Jalan Dr. Setiabudi
1681303075_35136034_STOP16,0.1196,0.0952,0.3796,0.1586,0.1461,0.2082,5,Jalan Jenderal Ahmad Yani
1681348740_295555957_STOP146,0.0963,0.0167,0.177,0.1177,0.2858,0.2432,1,Jalan Padasuka
1681348740_5391571111_STOP627,0.1542,0.0569,0.2075,0.2672,0.1344,0.2594,4,Jalan PH. H. Mustofa
1706564149_11149984611_STOP483,0.3982,0.0021,0.0184,0.4506,0.0581,0.3372,1,Bundaran Rajiman
1708607132_312086670_STOP233,0.1782,0.0619,0.2043,0.308,0.0922,0.265,12,"['Jalan Cisitu Lama VIII', 'Jalan Cisitu Lama']"
1708607132_5444615172_STOP618,0.1997,0.0384,0.1833,0.3561,0.0551,0.2708,7,Jalan Cisitu Indah
1708607132_5463827264_STOP591,0.1766,0.0309,0.2403,0.2757,0.086,0.242,10,"['Jalan Cisitu Lama VIII', 'Jalan Dago Asri Raya', 'Jalan Alpina', 'Jalan Dago Asri IV']"
1746299906_30236623_STOP639,0.204,0.0401,0.2007,0.2884,0.117,0.2641,85,"['Jalan Cigadung Raya Barat', 'Jalan Cikondang', 'Jalan Raya Golf', 'Jalan Cibeunying Kolot I', 'Jalan Ir. H. Djuanda']"
1746299906_312524188_STOP23,0.1863,0.0196,0.1794,0.0938,0.289,0.246,4,Jalan Ir. H. Djuanda
1773328595_11132665440_STOP241,0.2828,0.023,0.0453,0.2831,0.1868,0.3077,2,Jalan Dr. Djunjunan
1773328595_1658617590_STOP241,0.1612,0.0315,0.12,0.2984,0.1882,0.2911,2,Jalan Sukaraja
1777901379_1831360476_STOP29,0.2588,0.0241,0.2347,0.2947,0.06,0.2489,7,Jalan Pungkur
1777901379_1831360483_STOP411,0.2281,0.012,0.3392,0.1339,0.1105,0.1921,3,Jalan Pungkur
1777901379_2746818952_STOP29,0.264,0.0158,0.1095,0.3479,0.0839,0.2885,7,Jalan Mochammad Ramdhan
1777901379_3277353721_STOP411,0.3184,0.0231,0.0709,0.3398,0.1212,0.3081,4,Jalan Mochammad Ramdhan
1777901409_1777901448_STOP644,0.2479,0.0146,0.1868,0.2874,0.0832,0.2567,2,Jalan Kancra
1777901409_1831360483_STOP801,0.0888,0.0512,0.1907,0.2918,0.1338,0.2615,6,Jalan Cilentah
1777901409_6435730317_STOP645,0.2528,0.0508,0.1241,0.4073,0.0665,0.3057,9,Jalan Kancra
1777901448_1777901409_STOP644,0.1594,0.0385,0.1774,0.3724,0.0379,0.2682,2,Jalan Kancra
1777901448_1982390351_STOP412,0.2301,0.012,0.2289,0.288,0.0509,0.2402,3,Jalan Buah Batu
1777901457_1831360483_STOP411,0.2178,0.0038,0.5163,0.0639,0.0546,0.1279,1,Jalan Cilentah
1831360476_1014722265_STOP30,0.2925,0.0218,0.2426,0.2218,0.0964,0.2378,16,Jalan Pungkur
1831360476_1777901379_STOP411,0.2491,0.0416,0.2355,0.3259,0.0617,0.2611,7,Jalan Pungkur
1831360476_29489138_STOP29,0.3143,0.0255,0.0766,0.3208,0.1558,0.3102,4,Jalan Ibu Inggit Ganarsih
1831360483_1777901379_STOP411,0.1193,0.0072,0.5269,0.0196,0.0645,0.1063,3,Jalan Pungkur
1831360483_1777901409_STOP644,0.093,0.0535,0.267,0.2539,0.1298,0.2385,6,Jalan Cilentah
1831360483_1777901457_STOP801,0.2207,0.0029,0.4304,0.0226,0.1038,0.1408,1,Jalan Cilentah
1837401635_5355823339_STOP110,0.1998,0.0107,0.1938,0.1997,0.1185,0.2326,1,Jalan Astana Anyar
1837401635_5355823341_STOP110,0.1998,0.0107,0.1938,0.1997,0.1185,0.2326,1,Jalan Panjunan
1837401639_12606431207_STOP113,0.2643,0.0326,0.2935,0.2449,0.0645,0.2285,11,Jalan Kebon Jati
1837401642_1837401645_STOP223,0.2085,0.0327,0.4692,0.0532,0.0853,0.1443,16,Jalan Cibadak
1837401642_1837401675_STOP437,0.304,0.0102,0.3318,0.0502,0.1818,0.1932,3,Jalan Astana Anyar
1837401642_1911634930_STOP109,0.2537,0.009,0.2783,0.0758,0.1786,0.2028,5,Jalan Astana Anyar
1837401645_1837401639_STOP599,0.2256,0.0757,0.3047,0.0992,0.1755,0.2156,7,Jalan Kelenteng
1837401645_1837401642_STOP437,0.1838,0.047,0.436,0.084,0.0919,0.1606,16,Jalan Cibadak
1837401645_4434330182_STOP301,0.1958,0.0944,0.4615,0.0281,0.1246,0.1588,14,Jalan Jendral Sudirman
1837401646_11380591251_STOP30,0.2577,0.0217,0.2642,0.2374,0.0808,0.2319,6,Jalan Pungkur
1837401646_11739021643_STOP269,0.296,0.0232,0.3233,0.0402,0.1948,0.1965,10,Jalan Otto Iskandardinata
1837401655_1837401635_STOP110,0.2144,0.0216,0.2304,0.3156,0.0609,0.2511,3,Jalan Astana Anyar
1837401657_25446445_STOP287,0.1767,0.038,0.2401,0.3314,0.049,0.2509,14,Jalan Rajawali Timur
1837401657_29377560_STOP518,0.3483,0.0354,0.0537,0.3922,0.0753,0.3203,5,Jalan Garuda
1837401657_6616544861_STOP280,0.3661,0.032,0.0397,0.4042,0.0957,0.3322,9,Jalan Garuda
1837401665_4434330186_STOP301,0.327,0.0297,0.4491,0.0133,0.1328,0.1585,1,Jalan Jamika
1837401665_6475102309_STOP301,0.327,0.0297,0.4491,0.0133,0.1328,0.1585,1,Jalan Jendral Sudirman
1837401667_2614138774_STOP271,0.3725,0.024,0.0863,0.0809,0.3679,0.2954,1,Jalan Kyai Haji Wahid Hasyim
1837401667_5355765058_STOP271,0.3725,0.024,0.0863,0.0809,0.3679,0.2954,1,Jalan Peta
1837401667_7540370583_STOP271,0.3725,0.024,0.0863,0.0809,0.3679,0.2954,1,Jalan Kyai Haji Wahid Hasyim
1837401675_12028030824_STOP199,0.3276,0.0192,0.2695,0.0378,0.2369,0.2167,5,Jalan Gardujati
1837401675_1837401642_STOP437,0.3161,0.0123,0.3202,0.036,0.211,0.1996,3,Jalan Astana Anyar
1837401675_1837401645_STOP223,0.1841,0.0503,0.4361,0.0479,0.1385,0.1621,13,Jalan Jendral Sudirman
1837401676_2325453369_STOP309,0.3551,0.0189,0.2092,0.1556,0.1706,0.2472,1,Jalan Peta
1837401676_6621856656_STOP309,0.3637,0.0149,0.1089,0.2943,0.1477,0.2982,3,Jalan Otto Iskandardinata
1847944841_5356356914_STOP670,0.3096,0.0564,0.0158,0.5352,0.011,0.3532,2,Jalan Trunojoyo
1847944841_5356356915_STOP687,0.1825,0.1026,0.0218,0.615,0.0075,0.3719,2,Jalan Diponegoro
1847944841_6445777003_STOP669,0.174,0.0489,0.0645,0.5255,0.0629,0.3409,3,Jalan Diponegoro
1849525794_11107827260_STOP713,0.1579,0.0625,0.2602,0.2861,0.0703,0.2427,13,Jalan Naripan
1849525794_2325452463_STOP297,0.1182,0.0679,0.5178,0.12,0.0859,0.1552,4,Jalan Naripan
1849525794_3375103669_STOP702,0.3214,0.0253,0.2278,0.126,0.2088,0.243,2,Jalan Sunda
1849525810_2035792342_STOP682,0.3378,0.057,0.0137,0.3983,0.1193,0.3424,1,Jalan Sumatra
1849525810_5841953280_STOP26,0.31,0.0246,0.0166,0.5093,0.0457,0.3476,4,Jalan Sumatra
1849525812_10173744438_STOP556,0.3195,0.0294,0.0753,0.4532,0.0199,0.3175,8,Jalan Bangka
1849525812_1849525958_STOP697,0.305,0.0254,0.1934,0.223,0.1345,0.257,2,Jalan Gudang Utara
1849525812_25433463_STOP659,0.2902,0.0379,0.0646,0.4659,0.0318,0.3246,3,Jalan Bangka
1849525827_1849525979_STOP671,0.2015,0.0523,0.0752,0.4847,0.0093,0.3171,8,Jalan Sultan Tirtayasa
1849525827_2520649143_STOP805,0.2266,0.029,0.179,0.2868,0.0646,0.2538,2,Jalan Bahureksa
1849525827_25434520_STOP558,0.1508,0.0385,0.1814,0.3882,0.0445,0.2731,6,Jalan Bahureksa
1849525851_12096324721_STOP341,0.2885,0.0549,0.1587,0.3358,0.0879,0.2888,4,Jalan Tamblong
1849525851_3374033499_STOP293,0.3272,0.0326,0.1198,0.3313,0.0998,0.2956,3,Jalan Lembong
1849525862_11727886518_STOP564,0.3022,0.0603,0.0367,0.4821,0.0405,0.3415,3,Jalan Banda
1849525862_1896207944_STOP155,0.2711,0.035,0.0435,0.5118,0.0196,0.336,4,Jalan Banda
1849525862_7669230599_STOP684,0.2024,0.0561,0.0966,0.4521,0.0372,0.3119,9,Jalan Ambon
1849525877_1849525950_STOP89,0.1513,0.0838,0.2814,0.2108,0.1389,0.2376,5,Jalan Gudang Utara
1849525877_1849525958_STOP697,0.1485,0.1122,0.16,0.3304,0.0948,0.2861,14,Jalan Gudang Utara
1849525877_1849526030_STOP649,0.2651,0.069,0.0502,0.4596,0.0549,0.3344,9,Jalan Gandapura
1849525877_9834915547_STOP212,0.2555,0.0597,0.0508,0.3902,0.091,0.3197,4,Jalan Gandapura
1849525878_9834915546_STOP97,0.1618,0.1024,0.2016,0.287,0.0939,0.266,1,Jalan Jenderal Ahmad Yani
1849525878_9834915547_STOP97,0.1618,0.1024,0.2016,0.287,0.0939,0.266,1,Jalan Gandapura
1849525880_6609192452_STOP682,0.2442,0.0083,0.0,0.5274,0.0072,0.3361,1,Jalan Sumatra
1849525885_10778288301_STOP788,0.1576,0.0301,0.4916,0.0509,0.0667,0.13,5,Jalan Asia Afrika
1849525899_1849525986_STOP696,0.2736,0.0099,0.0014,0.561,0.0,0.3474,2,Jalan Menado
1849525899_1849526030_STOP649,0.1203,0.0702,0.1287,0.4213,0.0814,0.3035,14,Jalan Patrakomala
1849525899_6461589858_STOP662,0.2909,0.0041,0.0144,0.5276,0.0257,0.3425,5,Jalan Menado
1849525905_10173705729_STOP669,0.1689,0.0069,0.0387,0.6287,0.0183,0.3557,4,Jalan Cilamaya
1849525905_32524281_STOP688,0.1255,0.0134,0.0673,0.6433,0.0175,0.3525,3,Jalan Diponegoro
1849525905_6445777003_STOP669,0.0019,0.0026,0.0446,0.7715,0.032,0.3835,1,Jalan Diponegoro
1849525906_1849525935_STOP671,0.2766,0.0277,0.0782,0.5242,0.0028,0.3294,5,Jalan Maulana Yusup
1849525906_29427263_STOP687,0.2121,0.0688,0.1394,0.4124,0.0244,0.2938,4,Jalan Diponegoro
1849525906_3374026391_STOP31,0.2462,0.0454,0.1561,0.388,0.0382,0.2862,2,Jalan Diponegoro
1849525914_1849526030_STOP649,0.2773,0.0519,0.0742,0.3915,0.0876,0.3163,5,Jalan Gandapura
1849525914_2520649200_STOP42,0.2424,0.0587,0.0081,0.4417,0.096,0.3413,3,Jalan Aceh
1849525935_1849525906_STOP31,0.3049,0.0144,0.0364,0.5654,0.0037,0.3484,5,Jalan Maulana Yusup
1849525935_1849525979_STOP686,0.3514,0.0059,0.0364,0.5023,0.0129,0.3348,1,Jalan Sultan Tirtayasa
1849525935_1849526022_STOP372,0.101,0.073,0.1322,0.3838,0.064,0.286,5,Jalan Sultan Tirtayasa
1849525943_10101152065_STOP693,0.3068,0.0442,0.0527,0.3619,0.1246,0.3214,9,Jalan L.L. RE. Martadinata
1849525943_25432842_STOP263,0.3063,0.0457,0.0034,0.5087,0.0194,0.3467,4,Jalan L.L. RE. Martadinata
1849525943_2623877339_STOP284,0.2378,0.0933,0.2854,0.2129,0.0564,0.2276,4,Jalan Taman Pramuka
1849525950_1849525877_STOP212,0.1975,0.0331,0.2106,0.3232,0.0958,0.2657,5,Jalan Gudang Utara
1849525950_5391666904_STOP89,0.2435,0.0673,0.294,0.2226,0.033,0.2187,1,Jalan Gudang Utara
1849525950_5391666913_STOP89,0.2435,0.0673,0.294,0.2226,0.033,0.2187,1,Jalan Jenderal Ahmad Yani
1849525958_1849525812_STOP697,0.2582,0.0158,0.1729,0.2606,0.1495,0.2686,2,Jalan Gudang Utara
1849525958_1849525877_STOP212,0.1549,0.0889,0.1902,0.3235,0.1098,0.2792,14,Jalan Gudang Utara
1849525958_1849525986_STOP696,0.2851,0.0308,0.034,0.4803,0.0369,0.3329,8,Jalan Menado
1849525968_10173744449_STOP567,0.3573,0.0028,0.0177,0.46,0.056,0.3356,1,Jalan Cisanggarung
1849525968_3269364722_STOP567,0.3573,0.0028,0.0177,0.46,0.056,0.3356,1,Jalan Taman Citarum
1849525974_1956195993_STOP27,0.327,0.0353,0.113,0.2796,0.144,0.2927,10,Jalan Lengkong Besar
1849525974_3277363480_STOP620,0.1521,0.068,0.3332,0.2218,0.0531,0.2086,11,Jalan Lengkong Kecil
1849525979_1849525827_STOP805,0.217,0.026,0.0664,0.4601,0.0133,0.3083,8,Jalan Sultan Tirtayasa
1849525979_1849525935_STOP671,0.3855,0.0045,0.0804,0.3878,0.0392,0.3035,1,Jalan Sultan Tirtayasa
1849525979_5356356914_STOP670,0.2797,0.0561,0.0853,0.4581,0.0112,0.3167,6,Jalan Trunojoyo
1849525979_6438800742_STOP686,0.252,0.005,0.0779,0.5188,0.0242,0.3262,3,Jalan Trunojoyo
1849525986_10173744441_STOP556,0.2533,0.0202,0.117,0.4468,0.0105,0.2985,4,Jalan Belitung
1849525986_1849525899_STOP696,0.3054,0.0114,0.0052,0.5384,0.0214,0.3489,2,Jalan Menado
1849525986_1849525958_STOP697,0.2984,0.0257,0.037,0.5073,0.023,0.3374,8,Jalan Menado
1849526010_6445776283_STOP667,0.223,0.0065,0.0532,0.4829,0.0,0.3105,1,"['Jalan Cisanggarung', 'Jalan Hayam Wuruk']"
1849526022_1849525935_STOP686,0.1775,0.0277,0.2357,0.3165,0.0306,0.2405,5,Jalan Sultan Tirtayasa
1849526022_25501274_STOP372,0.3311,0.0251,0.0072,0.4843,0.0379,0.3418,2,Jalan Ir. H. Djuanda
1849526030_1849525877_STOP212,0.2564,0.0519,0.0629,0.4707,0.0438,0.3287,9,Jalan Gandapura
1849526030_1849525899_STOP696,0.0927,0.0626,0.1845,0.3678,0.088,0.2765,14,Jalan Patrakomala
1849526030_1849525914_STOP42,0.293,0.0615,0.0796,0.3511,0.1147,0.3137,5,Jalan Gandapura
1849526030_1849907134_STOP649,0.2718,0.0025,0.0408,0.5037,0.0038,0.3236,1,Jalan Patrakomala
1849528721_1849528737_STOP373,0.3151,0.0188,0.065,0.4782,0.0,0.319,1,Jalan Rangga Gadang
1849528721_5334388857_STOP373,0.2543,0.026,0.2094,0.3952,0.0001,0.2679,2,Jalan Rangga Gadang
1849528731_1849528744_STOP724,0.363,0.005,0.14,0.3956,0.0299,0.2925,1,Jalan Tamansari
1849528731_7724450410_STOP724,0.363,0.005,0.14,0.3956,0.0299,0.2925,1,
1849528737_7857882999_STOP103,0.169,0.0152,0.1301,0.4439,0.008,0.2856,4,"['Jalan Rangga Gadang', 'Jalan Harian Banga']"
1849528744_5369882299_STOP724,0.3177,0.029,0.0344,0.418,0.0639,0.3238,2,Jalan Tamansari
1849528744_7724450410_STOP724,0.2921,0.0236,0.0445,0.4719,0.0139,0.3223,1,Jalan Sawunggaling
1849528769_1849528721_STOP373,0.2993,0.0581,0.0485,0.4956,0.0013,0.3332,3,Jalan Sawunggaling
1849528769_7724450410_STOP724,0.2909,0.0577,0.0919,0.4425,0.0153,0.3134,3,Jalan Sawunggaling
1849907073_1849907155_STOP177,0.2771,0.0545,0.0969,0.4026,0.0847,0.316,6,Jalan Anggrek
1849907073_1849907158_STOP43,0.2367,0.059,0.0735,0.4153,0.092,0.322,3,Jalan Anggrek
1849907073_2520759347_STOP563,0.3359,0.0387,0.0556,0.3206,0.1484,0.3162,6,Jalan L.L. RE. Martadinata
1849907073_25432842_STOP649,0.3309,0.031,0.0618,0.3325,0.1344,0.3134,5,Jalan L.L. RE. Martadinata
1849907113_5842012229_STOP175,0.234,0.0863,0.0259,0.5723,0.0,0.3585,1,Jalan Cendana
1849907113_7262996419_STOP554,0.2946,0.062,0.0857,0.457,0.0439,0.3271,5,Jalan Cendana
1849907125_1849907155_STOP177,0.2196,0.0138,0.0791,0.5228,0.0343,0.3283,5,Jalan Anggrek
1849907125_5841989830_STOP11,0.2614,0.0446,0.0484,0.4846,0.054,0.3366,6,Jalan Supratman
1849907130_1849907155_STOP177,0.1877,0.0802,0.1124,0.3841,0.1017,0.3086,7,Jalan Bengawan
1849907130_1896207947_STOP284,0.3023,0.0251,0.0222,0.4388,0.0663,0.3302,2,Jalan Cendana
1849907130_7643243807_STOP554,0.2732,0.0452,0.004,0.4426,0.0758,0.3375,1,Jalan Bengawan
1849907134_11383843402_STOP43,0.1564,0.0641,0.0534,0.4841,0.0498,0.3281,2,Jalan Patrakomala
1849907134_1849526030_STOP649,0.1124,0.1259,0.0227,0.5689,0.0,0.3537,1,Jalan Patrakomala
1849907155_1849907073_STOP43,0.2221,0.0798,0.1124,0.4094,0.0814,0.3145,6,Jalan Anggrek
1849907155_1849907125_STOP177,0.1946,0.0343,0.1144,0.4505,0.0522,0.3074,5,Jalan Anggrek
1849907155_1849907130_STOP554,0.2271,0.0769,0.1196,0.3492,0.0988,0.2996,7,Jalan Bengawan
1849907155_6609222560_STOP634,0.2203,0.04,0.0849,0.4591,0.0418,0.3155,11,Jalan Bengawan
1849907158_11383843397_STOP43,0.0246,0.0104,0.0293,0.6098,0.1557,0.372,1,Jalan Anggrek
1849907158_1849907073_STOP43,0.1043,0.0607,0.0883,0.4519,0.1325,0.328,3,Jalan Anggrek
1849907162_10171865532_STOP172,0.2401,0.0376,0.1358,0.3844,0.0789,0.2962,8,Jalan Cilaki
1849907162_2519917308_STOP174,0.2136,0.0882,0.0324,0.4577,0.0342,0.33,2,Jalan Lapang Supratman
1849960008_3056186235_STOP246,0.1184,0.0671,0.2747,0.2282,0.0874,0.2244,4,Jalan Jakarta
1849960227_1849960655_STOP52,0.2177,0.0409,0.1213,0.4095,0.1065,0.3112,11,"['Jalan Sukasenang Raya', 'Jalan Terusan Brigjend Katamso']"
1849960227_29489421_STOP345,0.2739,0.0523,0.1331,0.3882,0.0489,0.2966,14,Jalan PH. H. Mustofa
1849960227_5374108596_STOP346,0.292,0.0399,0.0821,0.4246,0.0584,0.3168,8,Jalan PH. H. Mustofa
1849960313_12809462426_STOP502,0.2786,0.0456,0.1038,0.3719,0.0506,0.2956,8,Jalan Sukabumi
1849960313_2520649249_STOP45,0.3408,0.0406,0.0945,0.3344,0.0804,0.2984,4,Jalan Sukabumi
1849960313_25435152_STOP274,0.1594,0.0548,0.2695,0.2595,0.0718,0.2323,9,Jalan Cianjur
1849960371_1849960655_STOP52,0.227,0.0781,0.1723,0.2291,0.1636,0.2721,6,Jalan Brigjend. Katamso
1849960371_1849960685_STOP11,0.2914,0.0485,0.1316,0.3644,0.0737,0.2968,10,Jalan Cisokan
1849960371_3269462129_STOP51,0.2944,0.0234,0.1926,0.2862,0.0986,0.2658,10,Jalan Brigjend. Katamso
1849960589_1849960685_STOP513,0.2117,0.0316,0.2476,0.1908,0.1835,0.2435,10,"['Jalan Citamiang', 'Jalan Madhapi']"
1849960589_1849960732_STOP251,0.0736,0.0134,0.5307,0.1804,0.0591,0.1493,6,Jalan Cikaso
1849960589_2519917312_STOP513,0.0898,0.0265,0.3982,0.0881,0.1382,0.1655,8,Jalan Cikaso
1849960655_1849960227_STOP55,0.2036,0.0286,0.1246,0.3359,0.1426,0.2938,11,"['Jalan Terusan Brigjend Katamso', 'Jalan Sukasenang Raya']"
1849960655_1849960371_STOP53,0.22,0.0826,0.2214,0.1486,0.1984,0.2495,6,Jalan Brigjend. Katamso
1849960655_5374108596_STOP346,0.3155,0.043,0.075,0.3219,0.1363,0.3095,10,Jalan Pahlawan
1849960685_1849960371_STOP53,0.3005,0.0372,0.1237,0.4044,0.039,0.3,10,Jalan Cisokan
1849960685_1849960589_STOP512,0.1923,0.0368,0.2664,0.2088,0.1615,0.2396,10,"['Jalan Madhapi', 'Jalan Citamiang']"
1849960685_5369482497_STOP11,0.1275,0.0883,0.0629,0.4715,0.0304,0.32,9,Jalan Cisadea
1849960732_1849960589_STOP512,0.0446,0.0016,0.3953,0.2601,0.0951,0.1973,6,Jalan Cikaso
1849960732_2520723804_STOP251,0.263,0.0083,0.1355,0.2909,0.1448,0.2811,1,Jalan Jenderal Ahmad Yani
1855697067_10171739085_STOP172,0.1604,0.1126,0.0532,0.4858,0.0176,0.3308,2,Jalan Ciliwung
1855697067_7715326213_STOP172,0.2112,0.1354,0.0451,0.4205,0.0343,0.3262,1,
1855697097_10171865532_STOP172,0.359,0.0106,0.0178,0.4253,0.0789,0.3327,1,Jalan Cilaki
1855697097_3269421791_STOP172,0.359,0.0106,0.0178,0.4253,0.0789,0.3327,1,
1855697149_3269381712_STOP665,0.2023,0.026,0.0045,0.602,0.0031,0.3561,7,Jalan Cibeunying Selatan
1855697149_3269421803_STOP284,0.2842,0.0124,0.031,0.4698,0.0374,0.3266,2,Jalan Bengawan
1855697149_7643243807_STOP554,0.1987,0.052,0.0707,0.4835,0.067,0.3314,4,Jalan Bengawan
1856650991_11224280874_STOP364,0.3239,0.0168,0.0421,0.4139,0.0742,0.3222,8,Jalan Soekarno-Hatta
1856650991_1856651006_STOP363,0.2676,0.0242,0.2152,0.2469,0.1357,0.2573,8,Jalan Rancabolang
1856651006_1856650991_STOP363,0.2474,0.0464,0.217,0.2713,0.1284,0.2649,8,Jalan Rancabolang
1856651006_9503884773_STOP363,0.1098,0.0082,0.0622,0.6828,0.0,0.3581,1,Jalan Rancabolang
1857160470_10654541236_STOP1,0.1728,0.0294,0.1154,0.4698,0.049,0.309,10,Jalan Hasanudin
1857160470_1857160790_STOP160,0.2662,0.0673,0.0757,0.4115,0.0461,0.3137,7,Jalan Dipatiukur
1857160470_3419778702_STOP537,0.3334,0.0032,0.0258,0.4352,0.068,0.3277,2,Jalan Dipatiukur
1857160520_10261582621_STOP600,0.3568,0.017,0.2473,0.1751,0.098,0.229,13,Jalan Dipatiukur
1857160520_10703340255_STOP265,0.2653,0.007,0.322,0.024,0.2026,0.1875,2,Jalan Dipatiukur
1857160713_1857160790_STOP160,0.3437,0.0346,0.0553,0.3853,0.0571,0.3128,5,Jalan Penata Yudha
1857160713_29427097_STOP723,0.4047,0.0012,0.0929,0.2714,0.0828,0.2789,1,Jalan Surapati
1857160790_1857160470_STOP537,0.2628,0.0767,0.0367,0.4948,0.0378,0.344,7,Jalan Dipatiukur
1857160790_1857160713_STOP723,0.2758,0.0338,0.0463,0.4547,0.035,0.3225,5,Jalan Penata Yudha
1857160790_3277469066_STOP163,0.2847,0.0639,0.0691,0.4638,0.035,0.3288,7,Jalan Dipatiukur
1857160826_25448847_STOP514,0.166,0.0493,0.1751,0.3237,0.0877,0.2692,11,Jalan Teuku Umar
1857160826_3419778702_STOP326,0.2765,0.0026,0.054,0.343,0.1541,0.3115,5,Jalan Dipatiukur
1857160826_5465992888_STOP140,0.2738,0.0123,0.2861,0.067,0.1831,0.2028,5,Jalan Dipatiukur
1870759840_10177320000_STOP489,0.263,0.0235,0.0016,0.27,0.2827,0.3324,1,Jalan Cibogo
1870759840_12809283839_STOP486,0.1632,0.0416,0.1368,0.3992,0.0715,0.2918,32,"['Jalan Dakota', 'Jalan Sukaraja II', 'Jalan Sukaraja', 'Jalan Gunung Batu']"
1870759840_29377716_STOP489,0.1315,0.0118,0.001,0.4336,0.2008,0.3456,2,Jalan Sukaraja
1896207944_12809507137_STOP577,0.2142,0.0462,0.0809,0.4315,0.051,0.3107,4,Jalan Aceh
1896207944_13022549201_STOP660,0.2006,0.0234,0.0286,0.5384,0.0217,0.3374,5,Jalan Aceh
1896207944_1849525862_STOP155,0.2635,0.0286,0.0522,0.5014,0.027,0.3314,4,Jalan Banda
1896207944_2037086792_STOP660,0.2859,0.0256,0.0661,0.4626,0.0178,0.317,6,Jalan Banda
1896207947_25432842_STOP263,0.2833,0.0159,0.0238,0.4971,0.017,0.3313,4,Jalan Taman Pramuka
1900221414_29379476_STOP482,0.244,0.0246,0.0925,0.511,0.0584,0.3334,2,Jalan Profesor Christiaan Eijkman
1900221414_4376877443_STOP64,0.2159,0.0294,0.1865,0.2452,0.1302,0.2556,4,Jalan Profesor Christiaan Eijkman
1900221414_5340138155_STOP353,0.2784,0.0132,0.0346,0.4957,0.0342,0.3325,10,Jalan Raden Adipati Aria Wiranatakusumah
1900221438_25501378_STOP72,0.0664,0.0354,0.2853,0.1945,0.1362,0.2133,19,"['Jalan Kebon Bibit Barat', 'Jalan Kebon Bibit', 'Jalan Pelesiran']"
1900221438_4376877443_STOP64,0.1874,0.1071,0.5393,0.0258,0.0,0.117,1,Jalan Cihampelas
1900223767_1658920028_STOP123,0.2254,0.0279,0.0336,0.501,0.0282,0.3304,3,Jalan Doktor Louis Otten
1900223767_5826263864_STOP123,0.2851,0.0146,0.017,0.5243,0.0197,0.3411,2,Jalan Doktor Louis Otten
1911634930_1837401642_STOP437,0.2686,0.0114,0.276,0.0708,0.1861,0.2055,5,Jalan Astana Anyar
1911634930_2250555721_STOP815,0.211,0.0234,0.4595,0.07,0.0565,0.142,12,Jalan Kalipah Apo
1911634930_2325452725_STOP436,0.2983,0.0226,0.2886,0.1195,0.1492,0.2142,9,Jalan Astana Anyar
1911634930_5354169657_STOP841,0.1241,0.0398,0.4342,0.102,0.1101,0.1634,28,Jalan Pagarsih Barat
1911634938_5489855947_STOP398,0.3658,0.0076,0.1504,0.0366,0.3489,0.2637,1,Jalan Soekarno-Hatta
1911634938_6442840898_STOP398,0.3658,0.0076,0.1504,0.0366,0.3489,0.2637,1,Jalan Holis
1911634983_1911634996_STOP375,0.2995,0.0215,0.0545,0.4295,0.0597,0.3199,6,Jalan Suryani
1911634983_5354169648_STOP841,0.1004,0.0656,0.287,0.3099,0.0449,0.2343,12,"['Jalan Situ', 'Jalan Pagarsih Barat']"
1911634983_6442840898_STOP398,0.1511,0.0269,0.2863,0.1615,0.1569,0.2152,19,"['Jalan Nana Rohana', 'Jalan Holis', 'Jalan Suryani Dalam']"
1911634996_1911634983_STOP375,0.3065,0.0181,0.1016,0.4015,0.0474,0.3013,6,Jalan Suryani
1911634996_3028412267_STOP279,0.1095,0.1375,0.4971,0.0906,0.0224,0.1467,9,Jalan Jendral Sudirman
1911634996_5346593290_STOP280,0.1459,0.118,0.1746,0.29,0.0868,0.2707,7,Jalan Jendral Sudirman
1914135257_10696379242_STOP468,0.2972,0.0009,0.1833,0.2106,0.1308,0.2483,1,Jalan Cijagra
1914135257_1914135386_STOP579,0.2954,0.0185,0.1355,0.255,0.1438,0.2754,5,Jalan Buah Batu
1914135257_3272299574_STOP595,0.2557,0.0319,0.1722,0.2826,0.1382,0.2755,18,Jalan Cijagra
1914135386_10184467588_STOP466,0.2867,0.0211,0.1143,0.2702,0.1574,0.2861,7,Jalan Buah Batu
1914135386_6436250308_STOP579,0.1614,0.0162,0.1247,0.3997,0.0888,0.2928,8,Jalan Suryalaya
1916791843_364363786_STOP193,0.2498,0.0346,0.1587,0.3388,0.0473,0.2715,10,"['Jalan Otto Iskandardinata', 'Jalan Kebon Jukut']"
1916791843_6622058663_STOP832,0.1662,0.0507,0.0177,0.3492,0.1092,0.3062,2,Jalan Aceh
1919641214_1017853007_STOP471,0.0638,0.0416,0.2294,0.3488,0.081,0.2552,6,Jalan Kautamaan Istri
1919641214_1837401646_STOP308,0.3391,0.0268,0.3333,0.0415,0.1966,0.2009,4,Jalan Otto Iskandardinata
1930140491_1930140495_STOP256,0.2985,0.0155,0.1256,0.4377,0.0256,0.3018,1,Jalan Kotabaru Raya
1930140491_3252963731_STOP256,0.2606,0.0207,0.142,0.3935,0.0499,0.2894,5,Jalan Kotabaru Raya
1930140493_1930140491_STOP256,0.1867,0.0187,0.0491,0.502,0.0647,0.3318,4,Jalan Sawah Kurung Raya
1930140493_5355955155_STOP256,0.3181,0.0529,0.0353,0.3903,0.1503,0.3418,1,
1930140495_1930140491_STOP256,0.1846,0.0031,0.164,0.2808,0.1841,0.2747,1,Jalan Kotabaru Raya
1930140495_5355955155_STOP256,0.1834,0.0195,0.1,0.3707,0.1653,0.3097,4,Jalan Sawah Kurung Raya
1956195925_2439053864_STOP266,0.3116,0.0535,0.1382,0.1263,0.295,0.2828,1,Jalan Aceh
1956195925_2439053866_STOP266,0.3116,0.0535,0.1382,0.1263,0.295,0.2828,1,Jalan Aceh
1956195925_2439053868_STOP266,0.3116,0.0535,0.1382,0.1263,0.295,0.2828,1,Jalan Wastukancana
1956195926_29354375_STOP678,0.3032,0.0495,0.0216,0.5098,0.0219,0.3454,2,Jalan Stasiun Timur
1956195926_3270228962_STOP678,0.2504,0.0256,0.1216,0.3881,0.0678,0.2954,2,
1956195993_12806120213_STOP794,0.3116,0.0535,0.183,0.3293,0.0524,0.2763,2,Jalan Cikawao
1956195993_12806120214_STOP794,0.3646,0.0276,0.0925,0.3073,0.1312,0.3031,2,Jalan Lengkong Besar
1956570020_1663274768_STOP265,0.1781,0.1015,0.0412,0.5322,0.0348,0.3503,4,Jalan Dayang Sumbi
1956570020_1956899631_STOP552,0.2264,0.0304,0.0346,0.5427,0.0393,0.3461,2,Jalan Dayang Sumbi
1956570020_29359329_STOP552,0.2126,0.0415,0.0691,0.4242,0.0786,0.3161,1,Jalan Dayang Sumbi
1956899631_11262097537_STOP587,0.2128,0.1036,0.013,0.546,0.0065,0.3555,21,Jalan Tamansari
1956899631_1956570020_STOP552,0.2424,0.089,0.0434,0.5257,0.0004,0.3434,2,Jalan Dayang Sumbi
1956899631_29359329_STOP552,0.1509,0.1403,0.0,0.578,0.0,0.3666,1,Jalan Tamansari
1969331837_1658976885_STOP353,0.3242,0.0429,0.3909,0.0473,0.0436,0.1574,2,Jalan Pasteur
1969331837_2539986928_STOP353,0.273,0.0701,0.2258,0.1536,0.1071,0.2303,2,Jalan Cihampelas
1980602387_1980677025_STOP651,0.0889,0.146,0.25,0.315,0.0548,0.2588,6,Jalan Karawitan
1980602387_1980735013_STOP654,0.2708,0.0335,0.0922,0.3767,0.0889,0.3052,14,"['Jalan Maskumambang', 'Jalan Karawitan']"
1980602387_6715130346_STOP467,0.2542,0.0286,0.231,0.3092,0.0584,0.2538,6,Jalan Solontongan
1980677025_1980602387_STOP652,0.0931,0.1284,0.2534,0.3078,0.0548,0.253,6,Jalan Karawitan
1980677025_3068325990_STOP710,0.1831,0.0447,0.1654,0.3263,0.1115,0.2782,5,Jalan Karawitan
1980677025_6715130340_STOP468,0.2677,0.0243,0.146,0.3357,0.0856,0.2818,9,Jalan Kliningan
1980735013_1108653589_STOP706,0.2183,0.0496,0.1654,0.3434,0.0664,0.2766,3,Jalan R.A.A. Martanegara
1980735013_1980602387_STOP652,0.2661,0.0293,0.1006,0.3749,0.0808,0.3001,14,"['Jalan Karawitan', 'Jalan Maskumambang']"
1980735013_29489323_STOP570,0.1596,0.0635,0.05,0.4734,0.0454,0.3245,13,Jalan R.A.A. Martanegara
1982390348_29434768_STOP413,0.2726,0.0164,0.1585,0.378,0.029,0.2774,3,Jalan Kyai Haji Ahmad Dahlan
1982390351_1982390348_STOP412,0.2796,0.0234,0.1151,0.3323,0.078,0.2846,1,Jalan Kyai Haji Ahmad Dahlan
1982390351_1982408563_STOP412,0.3216,0.0162,0.1019,0.2908,0.1406,0.2925,2,"['Jalan Gurame', 'Jalan Sadakeling']"
1982408562_1982390348_STOP412,0.1632,0.0547,0.1347,0.4092,0.0466,0.2915,2,Jalan Sadakeling
1982408562_1982408563_STOP801,0.1687,0.071,0.1266,0.3933,0.0662,0.2966,1,Jalan Gurame
1982408563_3277353718_STOP411,0.1396,0.103,0.1394,0.4113,0.0413,0.2973,4,Jalan Gurame
1982777430_3110265315_STOP465,0.2107,0.0189,0.2759,0.1408,0.223,0.2315,11,Jalan Inhoftank
1982777430_3115041391_STOP465,0.2215,0.0212,0.2012,0.1774,0.2309,0.2572,1,Jalan Inhoftank
1982777430_8499551927_STOP464,0.2038,0.0409,0.1931,0.1812,0.2217,0.2594,7,Jalan Soekarno-Hatta
1982778316_6428110632_STOP139,0.2622,0.0824,0.1719,0.1201,0.2527,0.2661,1,Jalan Mohammad Toha
1982778316_6428110634_STOP139,0.289,0.0615,0.1364,0.0996,0.2869,0.2724,4,Jalan Mohammad Toha
2012498676_11138593910_STOP78,0.3209,0.0332,0.1451,0.2531,0.1162,0.2719,3,Jalan HOS. Cokroaminoto
2012498676_2012498693_STOP78,0.3336,0.0485,0.1908,0.2324,0.0929,0.2574,3,Jalan HOS. Cokroaminoto
2012498686_2012498705_STOP780,0.2939,0.0341,0.1112,0.4666,0.0103,0.3121,1,Jalan Pajajaran
2012498686_5369274909_STOP646,0.2597,0.055,0.1483,0.3372,0.0726,0.284,7,Jalan Pajajaran
2012498693_25433683_STOP405,0.3874,0.021,0.2559,0.2307,0.056,0.2378,3,Jalan Pajajaran
2012498697_11138593909_STOP78,0.332,0.0487,0.1113,0.2774,0.1473,0.2963,3,Jalan HOS. Cokroaminoto
2012498697_5278840351_STOP77,0.3484,0.0286,0.1258,0.2482,0.1566,0.2853,2,Jalan HOS. Cokroaminoto
2012498705_2012498711_STOP78,0.2267,0.0713,0.203,0.3852,0.0001,0.2721,3,Jalan Pajajaran
2012498705_25433686_STOP474,0.199,0.0195,0.2372,0.3067,0.0394,0.2401,9,"['Jalan Dursasana', 'Jalan Astina']"
2012498711_11138593909_STOP78,0.2694,0.0207,0.1866,0.2039,0.1213,0.2446,1,Jalan Pajajaran
2012498711_2012498697_STOP78,0.3153,0.032,0.1636,0.2099,0.1537,0.2648,3,Jalan HOS. Cokroaminoto
2012565708_5340138155_STOP353,0.3895,0.0079,0.2807,0.2777,0.0,0.2317,1,Jalan Raden Adipati Aria Wiranatakusumah
2012565708_7111571825_STOP353,0.3197,0.0127,0.3698,0.1925,0.0,0.1868,3,Jalan Pasteur
2019234455_1083569114_STOP391,0.1429,0.0491,0.286,0.1884,0.1637,0.2286,4,Jalan Perintis
2019234455_13097895692_STOP129,0.1529,0.0337,0.3091,0.2041,0.1706,0.2296,12,"['Jalan Perintis', 'Jalan Sariwangi']"
2034444650_2746818952_STOP29,0.1771,0.0689,0.3286,0.066,0.1949,0.2007,5,Jalan Sawah Kurung IV
2034444650_29489138_STOP29,0.2697,0.0466,0.1763,0.1501,0.2238,0.2608,3,Jalan Sawah Kurung Raya
2034444650_5369202740_STOP256,0.2931,0.0241,0.311,0.1138,0.1718,0.2146,2,Jalan Sawah Kurung Raya
2034531645_5463596824_STOP519,0.1424,0.0446,0.1273,0.4733,0.0207,0.3012,4,Jalan Sumur Bandung
2034531650_2034531645_STOP519,0.1481,0.0981,0.2561,0.1796,0.1455,0.2363,1,Jalan Sumur Bandung
2034531650_5825278971_STOP519,0.1657,0.0781,0.3234,0.1938,0.0732,0.2102,2,Jalan Siliwangi
2034533034_1342112672_STOP164,0.2437,0.2738,0.0523,0.3181,0.0644,0.3328,1,Jalan Sangkuriang
2034533034_312086542_STOP164,0.2437,0.2738,0.0523,0.3181,0.0644,0.3328,1,Jalan Siliwangi
2035792342_6609192455_STOP682,0.1177,0.0043,0.0176,0.5593,0.1787,0.3725,1,Jalan Sumatra
2035815827_25778222_STOP690,0.2466,0.013,0.0664,0.5326,0.054,0.3406,1,Jalan Cisangkuy
2035815827_6445381506_STOP575,0.253,0.0097,0.0255,0.5643,0.0356,0.3516,4,Jalan Citarum
2036066796_2958252668_STOP236,0.3328,0.0572,0.0544,0.2451,0.1894,0.3074,3,Jalan Ir. H. Djuanda
2036066796_3374026391_STOP236,0.4015,0.012,0.0781,0.2044,0.2286,0.2993,1,Jalan Sulanjana
2036066796_9755546377_STOP578,0.1533,0.0792,0.1135,0.4386,0.0469,0.3074,5,Jalan Sulanjana
2037086792_11564259401_STOP556,0.2571,0.0325,0.1476,0.3316,0.0478,0.2715,2,Jalan Belitung
2037086792_1896207944_STOP577,0.316,0.0231,0.032,0.5427,0.0077,0.3461,6,Jalan Banda
2037086792_2041502893_STOP409,0.3087,0.033,0.0904,0.451,0.0218,0.3147,4,Jalan Belitung
2037649896_2037649963_STOP628,0.2333,0.0281,0.0618,0.548,0.0112,0.3369,14,
2037649896_2037649964_STOP67,0.2084,0.0242,0.0983,0.4885,0.032,0.3155,17,Jalan Kapten Tendean
2037649896_29489509_STOP19,0.1651,0.0188,0.1186,0.4107,0.0505,0.2883,21,"['Jalan Kapten Tendean', 'Jalan Cisatu 1', 'Jalan Cisatu']"
2037649963_1659928187_STOP628,0.2901,0.0102,0.0187,0.5477,0.0108,0.3453,3,Jalan Hegarmanah
2037649963_2037649896_STOP478,0.2336,0.0305,0.0642,0.5394,0.0152,0.3354,14,
2037649963_2037649964_STOP628,0.1943,0.0154,0.0167,0.6061,0.0156,0.3557,2,Jalan Cisatu 1
2037649964_1659928187_STOP628,0.2305,0.0032,0.005,0.6024,0.0187,0.3583,3,Jalan Cisatu 1
2037649964_2037649896_STOP478,0.2192,0.0198,0.0772,0.5054,0.0303,0.3235,17,Jalan Kapten Tendean
2037649964_2037649963_STOP628,0.2246,0.0001,0.121,0.505,0.0194,0.3107,2,Jalan Cisatu 1
2039584375_25771207_STOP39,0.1683,0.0,0.0,0.3016,0.0062,0.2589,1,Jalan Sentot Alibasyah
2039584375_5293786192_STOP575,0.1738,0.103,0.0646,0.4861,0.0068,0.3258,14,Jalan Diponegoro
2041502893_2037086792_STOP660,0.263,0.0166,0.0794,0.477,0.0203,0.3159,4,Jalan Belitung
2041502893_32042327_STOP340,0.25,0.0512,0.0729,0.4386,0.0186,0.3106,4,Jalan Belitung
2041502893_9762128207_STOP340,0.331,0.0086,0.047,0.4692,0.0107,0.3212,4,Jalan Sumbawa
2041524725_1916791843_STOP758,0.1743,0.0395,0.1954,0.3062,0.0722,0.2559,9,Jalan Aceh
2041524725_2439053866_STOP484,0.1489,0.0903,0.2831,0.2703,0.0645,0.2377,7,Jalan Aceh
2150576370_1837401676_STOP607,0.3821,0.0176,0.0993,0.1739,0.2617,0.2944,1,Jalan Otto Iskandardinata
2150576370_2325416266_STOP311,0.2315,0.018,0.1422,0.3007,0.1683,0.2877,14,Jalan Peta
2250555721_1911634930_STOP109,0.2114,0.027,0.4189,0.1112,0.0542,0.1606,12,Jalan Kalipah Apo
2250555721_1919641214_STOP815,0.2654,0.031,0.3489,0.0845,0.1296,0.1882,4,Jalan Otto Iskandardinata
2255977904_6431352726_STOP540,0.2616,0.0054,0.1149,0.1928,0.3318,0.3008,2,Jalan Andromeda Raya
2255977904_6431352730_STOP540,0.2647,0.0057,0.1244,0.2034,0.3201,0.3,2,Jalan Margahayu Raya Bar.
2315712821_5461446470_STOP3,0.1461,0.0011,0.1054,0.5054,0.1345,0.3343,1,
2315712822_2315712821_STOP3,0.2891,0.0209,0.0,0.4928,0.115,0.3597,1,
2315712822_5461446959_STOP127,0.2114,0.0869,0.0458,0.3949,0.1324,0.3332,5,Jalan Suka Mulya
2316743942_2316743947_STOP19,0.1936,0.0029,0.0764,0.4992,0.0693,0.3256,1,Jalan Ciumbuleuit
2316743942_319706490_STOP19,0.2412,0.019,0.1737,0.2114,0.1822,0.2608,5,Jalan Ciumbuleuit
2316743947_2316743942_STOP19,0.3194,0.0067,0.0867,0.4757,0.0002,0.313,1,Jalan Ciumbuleuit
2316743947_29489509_STOP19,0.315,0.0189,0.0446,0.4999,0.0197,0.3335,7,Jalan Ciumbuleuit
2316743959_1660116942_STOP66,0.3475,0.0055,0.2988,0.028,0.1982,0.199,2,Jalan Ciumbuleuit
2316743959_29489509_STOP19,0.2825,0.0293,0.1014,0.3698,0.0952,0.3037,32,Jalan Ciumbuleuit
2317306738_6622103729_STOP244,0.2111,0.0727,0.1682,0.2331,0.1497,0.2678,7,Jalan Pajajaran
2325414603_2325414606_STOP185,0.2708,0.0343,0.0365,0.3284,0.2114,0.3298,1,Jalan Mohammad Toha
2325414603_3272350517_STOP185,0.2708,0.0343,0.0365,0.3284,0.2114,0.3298,1,Jalan Soekarno-Hatta
2325414603_3272371137_STOP185,0.2708,0.0343,0.0365,0.3284,0.2114,0.3298,1,Jalan Mohammad Toha
2325414606_2325414603_STOP185,0.384,0.013,0.0813,0.1428,0.3274,0.3035,1,Jalan Mohammad Toha
2325414606_3272376486_STOP185,0.384,0.013,0.0813,0.1428,0.3274,0.3035,1,Jalan Mohammad Toha
2325414606_9973785684_STOP185,0.384,0.013,0.0813,0.1428,0.3274,0.3035,1,Jalan Soekarno-Hatta
2325416263_2325416264_STOP311,0.1069,0.0138,0.0776,0.4464,0.0885,0.3079,1,Jalan Peta
2325416264_1837401676_STOP309,0.239,0.0301,0.2398,0.2519,0.1048,0.2457,14,Jalan Peta
2325416264_2325416266_STOP311,0.2451,0.0354,0.1286,0.359,0.1121,0.298,1,Jalan Leuwi Panjang
2325416265_2325416263_STOP311,0.193,0.0044,0.0296,0.3217,0.194,0.3107,1,Jalan Leuwi Panjang
2325416265_5355765055_STOP271,0.1908,0.0206,0.0577,0.3849,0.1311,0.3128,5,Jalan Peta
2325416266_2325416265_STOP311,0.3224,0.0168,0.0748,0.2887,0.1972,0.3103,1,Jalan Peta
2325416266_5862690013_STOP271,0.2524,0.016,0.0931,0.2197,0.2335,0.2888,3,Jalan Leuwi Panjang
2325438077_1675261406_STOP404,0.3098,0.0176,0.1362,0.1377,0.2249,0.2616,9,Jalan Dr. Setiabudi
2325438077_5639373305_STOP479,0.4307,0.0083,0.1179,0.2473,0.1287,0.2834,1,Jalan Dr. Setiabudi
2325438114_29357111_STOP551,0.348,0.056,0.0889,0.3615,0.0574,0.3055,6,Jalan Sukajadi
2325448480_2325448481_STOP591,0.3299,0.0121,0.0836,0.5045,0.0025,0.3248,1,
2325448480_9749128082_STOP591,0.2155,0.0215,0.0988,0.3454,0.1055,0.291,3,Jalan Ir. H. Djuanda
2325448481_1662376948_STOP591,0.2776,0.0279,0.0561,0.4303,0.1296,0.3364,5,Jalan Ir. H. Djuanda
2325448481_2325448480_STOP591,0.4072,0.0521,0.1012,0.0773,0.326,0.2906,1,
2325448804_29357864_STOP92,0.2673,0.0341,0.0531,0.4591,0.0374,0.3227,10,Jalan Sukajadi
2325449629_1658919998_STOP72,0.2459,0.0101,0.2205,0.0784,0.2384,0.2266,4,
2325450314_9857713262_STOP80,0.2922,0.0,0.0881,0.1768,0.2593,0.2839,2,Jalan Pasir Kaliki
2325450642_1969331837_STOP353,0.2955,0.0537,0.1707,0.1679,0.1626,0.2557,1,Jalan Cihampelas
2325450642_5334388861_STOP353,0.151,0.0268,0.0854,0.5038,0.0813,0.3292,2,Jalan Layang Professor Mochtar Kusumaatmadja
2325451114_3048202812_STOP81,0.2753,0.0934,0.2213,0.3155,0.0082,0.2597,4,Jalan Dr. Djunjunan
2325451280_2325451114_STOP81,0.3532,0.0308,0.1108,0.2453,0.1404,0.2835,2,
2325451280_2958261193_STOP81,0.3369,0.0271,0.0681,0.1371,0.2801,0.29,1,Jalan HOS. Cokroaminoto
2325451294_295555957_STOP146,0.3108,0.0269,0.1227,0.3467,0.1036,0.298,3,Jalan PH. H. Mustofa
2325451295_2477145871_STOP627,0.2516,0.0189,0.1755,0.0604,0.289,0.243,2,Jalan Jenderal Ahmad Yani
2325451295_3274678437_STOP627,0.1497,0.1017,0.0358,0.3954,0.1182,0.3281,3,Jalan Jenderal Ahmad Yani
2325451298_2325451294_STOP627,0.3098,0.0484,0.0745,0.1991,0.2532,0.3026,2,
2325451298_2477145871_STOP627,0.3254,0.0368,0.1043,0.1645,0.2453,0.2849,2,Jalan Jenderal Ahmad Yani
2325451298_3274678437_STOP627,0.3124,0.044,0.0958,0.2182,0.2049,0.2924,1,
2325451300_11149984615_STOP483,0.2703,0.0203,0.0617,0.4692,0.0403,0.3226,3,Jalan Nyland
2325451300_25433677_STOP483,0.3696,0.0,0.0715,0.3797,0.1027,0.3158,1,Jalan Nyland
2325451308_2325451298_STOP627,0.1674,0.0634,0.2843,0.1137,0.2371,0.2302,2,Jalan Jenderal Ahmad Yani
2325451308_3271894417_STOP626,0.1964,0.0801,0.2688,0.267,0.1066,0.2522,2,Jalan Jenderal Ahmad Yani
2325451311_11149984614_STOP483,0.1477,0.0044,0.0544,0.5669,0.0478,0.3395,1,Bundaran Rajiman
2325451311_11149984615_STOP483,0.1477,0.0044,0.0544,0.5669,0.0478,0.3395,1,Jalan Nyland
2325451442_11138589132_STOP88,0.2023,0.0081,0.0935,0.476,0.0765,0.3197,3,Jalan dr. Cipto
2325451571_11138589131_STOP88,0.2659,0.0051,0.0048,0.5199,0.0,0.3329,1,Jalan dr. Rum
2325451571_11138589136_STOP88,0.2659,0.0051,0.0048,0.5199,0.0,0.3329,1,Jalan Dokter Gunawan Mangunkusumo
2325451719_11138593392_STOP84,0.273,0.0457,0.2444,0.1468,0.1805,0.239,2,Jalan Pajajaran
2325451719_25433891_STOP84,0.425,0.0087,0.1881,0.164,0.1251,0.2465,3,Jalan Pajajaran
2325451810_1666714153_STOP555,0.1462,0.1841,0.069,0.4225,0.0657,0.3343,1,Jalan Supratman
2325451810_3269462129_STOP555,0.1462,0.1841,0.069,0.4225,0.0657,0.3343,1,Jalan Brigjend. Katamso
2325451810_3376282077_STOP555,0.1462,0.1841,0.069,0.4225,0.0657,0.3343,1,Jalan Brigjend. Katamso
2325451853_2317306738_STOP485,0.2954,0.0117,0.001,0.3826,0.1063,0.3231,1,Jalan Pajajaran
2325451853_25495368_STOP63,0.3114,0.049,0.0312,0.2825,0.1677,0.3129,4,Jalan Wastukancana
2325452068_6442968671_STOP192,0.2372,0.0938,0.1393,0.3721,0.0341,0.2918,4,Jalan Perintis Kemerdekaan
2325452126_5391666889_STOP147,0.2508,0.0098,0.102,0.216,0.2476,0.2884,1,Jalan Jenderal Ahmad Yani
2325452126_5391666890_STOP147,0.2508,0.0098,0.102,0.216,0.2476,0.2884,1,Jalan Laswi
2325452148_12606431205_STOP290,0.3529,0.0032,0.1826,0.1663,0.1895,0.2558,1,Jalan HOS. Cokroaminoto
2325452148_12806120205_STOP290,0.3529,0.0032,0.1826,0.1663,0.1895,0.2558,1,Jalan Kebon Jati
2325452313_25432923_STOP46,0.3999,0.022,0.1555,0.3025,0.064,0.2778,1,Jalan Sukabumi
2325452313_3277871570_STOP147,0.2954,0.0217,0.0433,0.4294,0.1484,0.3433,7,Jalan Laswi
2325452463_25435163_STOP295,0.1521,0.0692,0.445,0.0924,0.0865,0.1616,12,Jalan Jenderal Ahmad Yani
2325452463_25435214_STOP703,0.204,0.092,0.409,0.1232,0.0681,0.1814,3,Jalan Ketapang
2325452463_7179028075_STOP658,0.183,0.138,0.4143,0.0921,0.1445,0.1975,4,Jalan Jenderal Ahmad Yani
2325452490_2325452491_STOP841,0.3429,0.0339,0.0462,0.426,0.0627,0.3276,1,Jalan Pagarsih Barat
2325452490_5354169659_STOP841,0.3429,0.0339,0.0462,0.426,0.0627,0.3276,1,Jalan Jamika
2325452490_7624564243_STOP841,0.3429,0.0339,0.0462,0.426,0.0627,0.3276,1,Jalan Pagarsih Barat
2325452491_2325452490_STOP841,0.2785,0.043,0.0319,0.4243,0.1526,0.3471,1,Jalan Pagarsih Barat
2325452491_5354169650_STOP841,0.2785,0.043,0.0319,0.4243,0.1526,0.3471,1,Jalan Jamika
2325452491_7624564242_STOP841,0.2785,0.043,0.0319,0.4243,0.1526,0.3471,1,Jalan Pagarsih Barat
2325452552_5395152126_STOP435,0.1951,0.0034,0.1052,0.182,0.2323,0.2671,1,Jalan Jenderal Gatot Subroto
2325452552_6470450617_STOP837,0.2049,0.0331,0.1798,0.2621,0.1053,0.2551,5,Jalan Jenderal Gatot Subroto
2325452718_2325452721_STOP436,0.2733,0.0181,0.2664,0.0978,0.1971,0.2196,27,Jalan Pasir Koja
2325452718_5354191261_STOP314,0.3168,0.0204,0.2352,0.1916,0.1602,0.248,2,Jalan Pasir Koja
2325452719_2325452722_STOP314,0.3344,0.0394,0.0589,0.1454,0.2909,0.2988,1,Jalan Peta
2325452719_5354191262_STOP314,0.3344,0.0394,0.0589,0.1454,0.2909,0.2988,1,Jalan Pasir Koja
2325452720_2325452719_STOP314,0.4191,0.0186,0.0892,0.0957,0.3293,0.2933,1,Jalan Pasir Koja
2325452720_5348422777_STOP314,0.4191,0.0186,0.0892,0.0957,0.3293,0.2933,1,Jalan Jamika
2325452721_2325452718_STOP314,0.2508,0.0218,0.2747,0.1034,0.1851,0.2155,27,Jalan Pasir Koja
2325452721_2325452725_STOP436,0.0926,0.0574,0.5628,0.0294,0.0575,0.1095,4,Jalan Pasir Koja
2325452722_2325452724_STOP314,0.3373,0.0048,0.0789,0.0476,0.3631,0.2779,1,Jalan Pasir Koja
2325452722_5354191258_STOP314,0.3373,0.0048,0.0789,0.0476,0.3631,0.2779,1,Jalan Peta
2325452724_2325452720_STOP314,0.4302,0.0115,0.0747,0.0922,0.347,0.2985,1,Jalan Peta
2325452724_5354191267_STOP314,0.4302,0.0115,0.0747,0.0922,0.347,0.2985,1,Jalan Situgunting Timur
2325452724_5354191270_STOP314,0.4302,0.0115,0.0747,0.0922,0.347,0.2985,1,Jalan Terusan Pasir Koja
2325452725_1837401646_STOP308,0.2054,0.0452,0.344,0.1977,0.0603,0.2024,9,Jalan Pungkur
2325452725_1911634930_STOP109,0.2802,0.0259,0.2817,0.1441,0.1458,0.2206,9,Jalan Astana Anyar
2325452725_5355823339_STOP272,0.3117,0.0154,0.1179,0.3041,0.1434,0.2936,8,Jalan Astana Anyar
2325452855_2325452856_STOP158,0.2416,0.0148,0.1752,0.428,0.0399,0.2892,1,
2325452855_2325452899_STOP714,0.244,0.0246,0.0855,0.4175,0.0885,0.3139,6,Jalan Peta
2325452856_2325452855_STOP158,0.3331,0.0898,0.0002,0.3896,0.1398,0.3531,1,
2325452856_5354191268_STOP314,0.2576,0.0214,0.0595,0.2576,0.2027,0.2991,5,Jalan Peta
2325452881_2325452721_STOP436,0.3365,0.0363,0.1773,0.1775,0.1891,0.2648,8,Jalan Kopo
2325452881_7540370583_STOP311,0.313,0.0208,0.172,0.244,0.1387,0.2675,17,Jalan Kyai Haji Wahid Hasyim
2325452883_2325452885_STOP382,0.2954,0.0321,0.0916,0.1201,0.3065,0.2849,1,Jalan Soekarno-Hatta
2325452883_3272563966_STOP382,0.2954,0.0321,0.0916,0.1201,0.3065,0.2849,1,Jalan Terusan Pasir Koja
2325452885_3272539241_STOP382,0.2954,0.0321,0.0916,0.1201,0.3065,0.2849,1,Jalan Soekarno-Hatta
2325452899_2325452935_STOP714,0.2292,0.0111,0.1429,0.3641,0.079,0.2827,1,
2325452899_2325453233_STOP312,0.2569,0.046,0.1379,0.292,0.1333,0.2851,13,Jalan Peta
2325452935_2325452856_STOP158,0.3042,0.016,0.0568,0.343,0.1435,0.3139,6,Jalan Peta
2325452935_2325452899_STOP714,0.3644,0.0156,0.0684,0.3198,0.1514,0.3131,1,
2325453210_11181448969_STOP706,0.3807,0.0083,0.0696,0.2677,0.1872,0.3064,3,Jalan Pelajar Pejuang 45
2325453210_2325453211_STOP184,0.3074,0.0138,0.0582,0.3937,0.0723,0.311,1,
2325453211_6618370831_STOP131,0.2844,0.0269,0.0514,0.3566,0.1345,0.3167,8,Jalan Pelajar Pejuang 45
2325453226_1667742416_STOP202,0.285,0.0342,0.0298,0.3958,0.1281,0.3316,12,Jalan H. Ibrahim Adjie
2325453232_12806537959_STOP428,0.2017,0.0795,0.2357,0.2269,0.143,0.2545,8,Jalan Kyai Haji Ahmad Dahlan
2325453232_2325453210_STOP184,0.3412,0.0272,0.1444,0.2533,0.1437,0.2798,4,Jalan Pelajar Pejuang 45
2325453233_2325453234_STOP312,0.2788,0.0629,0.2099,0.0696,0.2685,0.247,1,
2325453233_3277891124_STOP500,0.203,0.0444,0.2683,0.2823,0.0788,0.2433,8,Jalan Peta
2325453234_2325452935_STOP714,0.2599,0.0152,0.078,0.3468,0.1653,0.3127,13,Jalan Peta
2325453234_2325453233_STOP312,0.2674,0.0227,0.1401,0.0896,0.3084,0.2642,1,
2325453369_2325453374_STOP309,0.2932,0.0621,0.0356,0.2412,0.214,0.3123,1,Jalan Otto Iskandardinata
2325453369_5358394743_STOP309,0.2932,0.0621,0.0356,0.2412,0.214,0.3123,1,Jalan Peta
2325453371_3252963731_STOP256,0.029,0.1923,0.3101,0.3138,0.0113,0.2418,1,Jalan Mochammad Ramdhan
2325453371_5862744483_STOP256,0.029,0.1923,0.3101,0.3138,0.0113,0.2418,1,Jalan Mochammad Ramdhan
2325453374_11953687707_STOP309,0.3757,0.0379,0.0515,0.197,0.2558,0.3105,1,Jalan Inhoftank
2325453374_2150576370_STOP309,0.3757,0.0379,0.0515,0.197,0.2558,0.3105,1,Jalan Peta
2325453378_3277416899_STOP256,0.2085,0.051,0.1355,0.3942,0.0608,0.2942,7,Jalan BKR
2325453481_3272660519_STOP363,0.1562,0.0049,0.019,0.3065,0.1928,0.3039,1,Jalan Soekarno-Hatta
2325453481_3272660524_STOP363,0.1562,0.0049,0.019,0.3065,0.1928,0.3039,1,
2325453511_2325453514_STOP384,0.2174,0.0709,0.1217,0.3446,0.1324,0.3042,6,Jalan Soekarno-Hatta
2325453511_3252877763_STOP384,0.2091,0.0733,0.1851,0.1891,0.2568,0.2787,1,Jalan Babakan Ciparay
2325453511_5354191266_STOP314,0.1778,0.0305,0.3211,0.1014,0.212,0.2091,39,"['Jalan Situgunting Timur', 'Jalan Babakan Ciparay']"
2325453514_10186688809_STOP108,0.1961,0.1019,0.1232,0.2133,0.2052,0.2868,6,Jalan Soekarno-Hatta
2325453514_3448592238_STOP198,0.2124,0.0104,0.0799,0.1787,0.3781,0.3094,28,Jalan Layang Kopo
2325453554_13010031522_STOP135,0.0729,0.0388,0.3379,0.1411,0.1732,0.2,46,Jalan Cibolerang
2325453554_3115112874_STOP498,0.1958,0.061,0.3581,0.0214,0.222,0.19,15,Jalan Cigondewah Kaler
2325453614_2325453616_STOP332,0.2987,0.043,0.1852,0.2521,0.134,0.2698,1,
2325453614_5330289517_STOP331,0.2982,0.0376,0.1033,0.2305,0.2092,0.2933,7,Jalan Buah Batu
2325453616_2325453614_STOP332,0.38,0.004,0.1931,0.1292,0.2212,0.2539,1,
2325453616_6609245573_STOP322,0.3431,0.0426,0.1704,0.158,0.1953,0.2635,8,Jalan Buah Batu
2325454309_2746819081_STOP329,0.2875,0.0418,0.1152,0.2003,0.2336,0.2883,8,Jalan Buah Batu
240789108_2607816746_STOP580,0.2292,0.0669,0.071,0.5077,0.0046,0.3292,5,Jalan Palasari
240791836_12606352972_STOP620,0.3709,0.0127,0.1684,0.2417,0.1306,0.2695,3,Jalan Karapitan
240791836_5853120075_STOP753,0.1923,0.0105,0.2549,0.2494,0.1006,0.233,6,Jalan Emong
240791856_5853120063_STOP501,0.2818,0.0249,0.0509,0.3617,0.1393,0.3189,3,Jalan Burangrang
240791856_7210854542_STOP798,0.2383,0.0238,0.0251,0.3666,0.1462,0.3214,1,Jalan Burangrang
2439023829_10793101435_STOP292,0.1859,0.0801,0.3624,0.1249,0.1024,0.1933,3,Jalan Lembong
2439053851_2439053861_STOP484,0.3219,0.0448,0.0418,0.4553,0.0277,0.3284,8,Jalan Wastukancana
2439053861_1956195925_STOP484,0.3924,0.0088,0.127,0.145,0.2482,0.2775,1,Jalan Wastukancana
2439053861_2439053864_STOP484,0.3924,0.0088,0.127,0.145,0.2482,0.2775,1,
2439053864_10793008429_STOP304,0.1598,0.1248,0.3088,0.2876,0.0101,0.2334,4,Jalan Aceh
2439053866_1956195925_STOP484,0.2692,0.0766,0.2929,0.0585,0.1943,0.2144,1,Jalan Aceh
2439053866_2041524725_STOP757,0.2241,0.041,0.2824,0.197,0.0754,0.2162,7,Jalan Aceh
2439053866_2439053868_STOP484,0.2692,0.0766,0.2929,0.0585,0.1943,0.2144,1,Jalan Wastukancana
2439053868_1956195925_STOP266,0.3226,0.0513,0.076,0.1112,0.3251,0.2958,1,Jalan Wastukancana
2439053868_364365320_STOP485,0.3172,0.0536,0.0703,0.1903,0.2776,0.3084,2,Jalan Wastukancana
2439053883_3376669072_STOP63,0.2009,0.0001,0.1394,0.3949,0.0271,0.2744,1,Jalan Tamansari
2439053883_5358055836_STOP103,0.2338,0.0068,0.0817,0.4864,0.0063,0.31,5,Jalan Tamansari
2439053889_25495368_STOP63,0.3356,0.0436,0.0172,0.3407,0.1264,0.3236,2,Jalan Wastukancana
2439053889_6485661075_STOP63,0.3918,0.0296,0.0311,0.3184,0.1344,0.3196,1,
2477126866_12806309251_STOP93,0.0,0.1588,0.6932,0.0002,0.1197,0.1078,1,Jalan Abdul Haris Nasution
2477126866_2477131880_STOP531,0.1637,0.0263,0.2486,0.2106,0.1724,0.2406,28,Jalan Pesantren
2477126866_35135537_STOP93,0.1076,0.088,0.5141,0.0012,0.1556,0.1405,5,Jalan Abdul Haris Nasution
2477130409_2477132887_STOP531,0.213,0.0327,0.0971,0.4483,0.0872,0.3196,29,"['Jalan Arcamanik Endah', 'Jalan Pacuan Kuda']"
2477130409_303034652_STOP380,0.4032,0.0044,0.0451,0.2307,0.2532,0.317,2,Jalan Pacuan Kuda
2477130742_2477132887_STOP531,0.2906,0.0331,0.0627,0.3993,0.1089,0.3232,12,Jalan Arcamanik Endah
2477130742_5346161426_STOP90,0.2168,0.0357,0.1878,0.2386,0.1659,0.2637,10,Jalan Golf Barat
2477130742_6395246195_STOP90,0.1869,0.072,0.1488,0.3047,0.1707,0.2949,7,Jalan Arcamanik Endah
2477131880_2477126866_STOP93,0.1722,0.0279,0.2392,0.2352,0.1671,0.2492,28,Jalan Pesantren
2477131880_2477132787_STOP531,0.1164,0.0192,0.1928,0.3762,0.1199,0.2794,6,Jalan Purbasari
2477131880_2477132808_STOP533,0.1645,0.0246,0.1093,0.364,0.1481,0.3012,10,
2477132787_2477131880_STOP531,0.1703,0.0189,0.4122,0.1142,0.1821,0.1888,6,Jalan Purbasari
2477132787_2477132814_STOP533,0.1157,0.0255,0.3135,0.1892,0.169,0.2186,21,"['Jalan Purbasari', 'Jalan Cisaranten Baru', 'Jalan Gand Asari']"
2477132787_2477132887_STOP531,0.1783,0.0769,0.2186,0.2534,0.1631,0.2672,6,Jalan Golf Timur IV
2477132808_2477131880_STOP531,0.1386,0.0468,0.1274,0.3552,0.1633,0.3015,10,
2477132808_2477132814_STOP533,0.1625,0.0332,0.2888,0.2358,0.1711,0.2431,7,Jalan Cisaranten Kulon
2477132808_4183530886_STOP720,0.1528,0.0495,0.161,0.3108,0.1613,0.2846,23,Jalan Golf I
2477132814_2477132787_STOP533,0.1248,0.0357,0.2733,0.192,0.1781,0.2307,21,"['Jalan Purbasari', 'Jalan Cisaranten Baru', 'Jalan Gand Asari']"
2477132814_2477132808_STOP533,0.1755,0.0237,0.3813,0.1047,0.19,0.194,7,Jalan Cisaranten Kulon
2477132814_5348482654_STOP532,0.2321,0.0493,0.1562,0.2686,0.1552,0.279,12,Jalan Cisaranten Kulon
2477132887_2477130409_STOP380,0.2254,0.0356,0.1101,0.456,0.0717,0.3179,29,"['Jalan Arcamanik Endah', 'Jalan Pacuan Kuda']"
2477132887_2477130742_STOP90,0.2897,0.024,0.0469,0.4277,0.1013,0.3303,12,Jalan Arcamanik Endah
2477132887_2477132787_STOP531,0.079,0.0554,0.2524,0.3354,0.1137,0.2602,6,Jalan Golf Timur IV
2477140738_11594016904_STOP16,0.2353,0.0347,0.1751,0.2433,0.1809,0.2724,28,Jalan Antapani
2477140738_2519398522_STOP90,0.2281,0.0844,0.2842,0.0632,0.2462,0.2275,2,Jalan Terusan Jakarta
2477145871_2325451294_STOP627,0.2778,0.0107,0.1718,0.1481,0.284,0.2696,2,Jalan PH. H. Mustofa
2477145871_5391571111_STOP627,0.3198,0.0178,0.267,0.0004,0.2915,0.2185,1,Jalan Jenderal Ahmad Yani
2477161772_2493372404_STOP207,0.3183,0.0245,0.1451,0.3415,0.0801,0.2875,3,Jalan Jenderal Ahmad Yani
2477161772_295556217_STOP344,0.2882,0.0196,0.1275,0.2889,0.157,0.2895,10,Jalan Cimuncang
2477161772_5205570053_STOP623,0.2557,0.0353,0.2335,0.291,0.0539,0.2484,12,Jalan Jenderal Ahmad Yani
2477710340_2628296768_STOP774,0.1648,0.0038,0.0325,0.3071,0.1198,0.2844,1,Jalan Komodor Udara Supadio
2477710340_6622409117_STOP765,0.1323,0.044,0.1864,0.3214,0.1114,0.2683,23,Jalan Komodor Udara Supadio
2493372404_11735248696_STOP87,0.2534,0.0341,0.1382,0.3527,0.1005,0.2924,17,Jalan Sulaksana
2493372404_2477161772_STOP625,0.3151,0.0377,0.2081,0.2224,0.1462,0.2611,3,Jalan Jenderal Ahmad Yani
2493372404_3271894417_STOP626,0.2067,0.0644,0.1888,0.3171,0.0924,0.2735,9,Jalan Jenderal Ahmad Yani
2500902317_5847788419_STOP334,0.2684,0.0804,0.2228,0.2248,0.1166,0.2561,1,Bunderan Raya-4
2500902327_3272344712_STOP595,0.2902,0.0106,0.246,0.0974,0.2242,0.2295,4,Jalan Waas
2500902327_7219072027_STOP595,0.3287,0.0044,0.2271,0.0001,0.3356,0.2336,1,Jalan Waas
2500902328_5847788396_STOP334,0.3121,0.0163,0.0466,0.2701,0.2917,0.3314,1,Bunderan Raya-1
2500902333_5353900365_STOP335,0.2815,0.0078,0.0357,0.4767,0.0757,0.3363,7,Jalan Batununggal Indah II
2500902333_5458167262_STOP335,0.3985,0.0007,0.0285,0.4545,0.0482,0.3341,1,Bunderan Pasar Modern Batununggal
2501590821_5847788388_STOP335,0.0466,0.0022,0.1661,0.3348,0.2492,0.2929,1,Jalan Batununggal Indah Raya
2518040289_11310497696_STOP720,0.1808,0.0607,0.3099,0.1167,0.1704,0.2113,20,Jalan Abdul Haris Nasution
2518040289_3380407826_STOP422,0.2364,0.0333,0.1055,0.4011,0.1035,0.3107,24,Jalan Rumah Sakit
2518040289_5354200473_STOP101,0.1858,0.0548,0.4085,0.0186,0.1765,0.1679,4,Jalan Abdul Haris Nasution
2518053983_13141223516_STOP114,0.2443,0.0351,0.1323,0.1339,0.3554,0.2906,3,Jalan Gedebage Selatan
2518053983_5993042008_STOP114,0.3238,0.0099,0.0404,0.1558,0.4194,0.3299,1,Jalan Gedebage Selatan
2518053983_5993042022_STOP114,0.1574,0.0444,0.0148,0.349,0.234,0.3356,12,Jalan Pendamping SOR GBLA
2518070484_2634710028_STOP230,0.133,0.12,0.1688,0.4026,0.0483,0.2948,8,Jalan Soekarno-Hatta
2518073283_11499132688_STOP387,0.1094,0.097,0.0409,0.529,0.044,0.3439,5,Jalan Pendamping SOR GBLA
2518073283_5993042057_STOP387,0.0841,0.1294,0.0399,0.5372,0.0089,0.3417,1,
2518074025_11136401953_STOP821,0.3469,0.0163,0.1182,0.0963,0.2921,0.2721,12,Jalan Pintu Masuk GBLA
2518074025_5479191291_STOP823,0.4211,0.0145,0.0199,0.1656,0.3252,0.323,1,Jalan Pintu Masuk GBLA
2518074025_9803456826_STOP822,0.327,0.0884,0.0038,0.2549,0.2655,0.3426,12,
2518075049_2518075055_STOP387,0.1747,0.1564,0.0018,0.4404,0.1042,0.3567,2,
2518075049_2518075057_STOP387,0.1369,0.2147,0.0004,0.3319,0.2178,0.3606,2,Jalan Pendamping SOR GBLA
2518075055_11199413649_STOP387,0.2337,0.024,0.1033,0.3754,0.1499,0.3128,10,Jalan Rancanumpang
2518075055_2518075057_STOP387,0.1626,0.0074,0.0018,0.462,0.0666,0.3227,2,
2518075057_11027050165_STOP387,0.2734,0.004,0.0009,0.3331,0.1883,0.325,1,
2518075057_6377290515_STOP822,0.145,0.0652,0.0036,0.3588,0.2089,0.3369,9,Jalan Pendamping SOR GBLA
2519395099_2519403293_STOP505,0.1629,0.0552,0.3298,0.1863,0.1206,0.2139,19,Jalan Purwakarta
2519395099_3270445568_STOP90,0.2459,0.0131,0.1637,0.2992,0.1153,0.2713,9,Jalan Kuningan
2519395099_3270489638_STOP90,0.2572,0.0168,0.2156,0.202,0.1705,0.25,3,Jalan Kuningan
2519398522_3270445568_STOP90,0.2906,0.0767,0.1443,0.2147,0.1569,0.2764,1,Jalan Kuningan
2519398522_5865212130_STOP90,0.209,0.058,0.0872,0.4046,0.0868,0.3125,4,Jalan Terusan Jakarta
2519403290_3270434503_STOP505,0.2553,0.0676,0.1229,0.2569,0.1397,0.2826,1,Jalan Subang
2519403290_5394983542_STOP505,0.2493,0.0499,0.128,0.3419,0.0963,0.2924,8,Jalan Terusan Jakarta
2519403293_2519395099_STOP90,0.15,0.0624,0.3232,0.1379,0.1655,0.2118,19,Jalan Purwakarta
2519403293_3270416574_STOP504,0.2764,0.0309,0.1876,0.1295,0.2387,0.2542,11,Jalan Purwakarta
2519403293_3270434503_STOP505,0.2798,0.0385,0.1216,0.3489,0.0872,0.2939,9,Jalan Subang
2519403309_3270489638_STOP90,0.2387,0.0335,0.1788,0.165,0.2411,0.2635,25,"['Jalan Cibodas Raya', 'Jalan Kuningan']"
2519403309_3359249111_STOP211,0.1123,0.0419,0.3907,0.1094,0.189,0.1911,56,"['Randu Sari Raya', 'Jalan Pratista Timur', 'Jalan Pratista Barat', 'Jalan Randu Sari Raya', 'Jalan Babakansari', 'Jalan Babakan Sari 1', 'Jalan Babakan Sari', 'Jalan Babakansari I']"
2519403309_4123957908_STOP451,0.238,0.0095,0.3053,0.0582,0.214,0.2009,7,Jalan Parakan Saat
2519873343_5392239235_STOP632,0.3167,0.0309,0.0938,0.3078,0.1458,0.3026,8,Jalan H. Ibrahim Adjie
2519917283_2519917292_STOP575,0.1445,0.0658,0.0137,0.5153,0.0,0.3301,1,Jalan Supratman
2519917283_6637726062_STOP524,0.2494,0.048,0.0413,0.4213,0.0821,0.3253,5,Jalan Pusdai
2519917284_2519917283_STOP575,0.1783,0.0867,0.0397,0.5256,0.0,0.3369,3,Jalan Diponegoro
2519917284_5832181364_STOP575,0.1259,0.1567,0.0622,0.54,0.0,0.3466,1,Jalan Citarum
2519917288_25450539_STOP151,0.2419,0.0305,0.0367,0.4576,0.0272,0.3189,9,Jalan Diponegoro
2519917292_1666714186_STOP575,0.2946,0.056,0.0823,0.4455,0.0329,0.3202,3,Jalan Supratman
2519917308_3376282077_STOP555,0.2934,0.0131,0.0336,0.3234,0.1718,0.3169,2,Jalan Supratman
2519917308_5842007853_STOP174,0.2262,0.0098,0.0437,0.3986,0.0885,0.3097,1,Jalan Lapang Supratman
2519917309_5841989830_STOP11,0.2827,0.04,0.0145,0.5259,0.0089,0.3441,1,Jalan Lapang Supratman
2519917309_6609199259_STOP11,0.2322,0.046,0.0088,0.5664,0.0062,0.3526,2,Jalan Supratman
2519917312_10154700114_STOP187,0.2311,0.0394,0.1119,0.427,0.0618,0.3078,9,Jalan Supratman
2519917312_1849960589_STOP512,0.0977,0.0152,0.4598,0.1401,0.1058,0.1623,8,Jalan Cikaso
2520649113_5293711619_STOP669,0.2291,0.0003,0.0195,0.5692,0.0241,0.3468,1,Jalan Hayam Wuruk
2520649143_1849525827_STOP805,0.1943,0.0078,0.2648,0.2214,0.0738,0.2162,2,Jalan Bahureksa
2520649143_6445776996_STOP805,0.2856,0.0179,0.0697,0.4139,0.0713,0.3137,5,Jalan Banda
2520649152_11727886518_STOP564,0.274,0.0586,0.1158,0.3923,0.0433,0.3003,6,Jalan L.L. RE. Martadinata
2520649152_3278058148_STOP562,0.2247,0.096,0.0986,0.4758,0.0261,0.3262,3,Jalan Madura
2520649152_5408954335_STOP567,0.233,0.0986,0.0786,0.4292,0.0368,0.3192,5,Jalan L.L. RE. Martadinata
2520649169_10793008258_STOP800,0.4136,0.0109,0.0403,0.4246,0.0869,0.3366,1,Jalan L.L. RE. Martadinata
2520649169_25434520_STOP685,0.2796,0.0258,0.0905,0.4445,0.0207,0.308,5,Jalan Trunojoyo
2520649169_5358055095_STOP306,0.3279,0.0168,0.1656,0.2444,0.091,0.2574,5,Jalan L.L. RE. Martadinata
2520649200_1849525943_STOP569,0.2932,0.0435,0.0612,0.4657,0.0041,0.3196,1,Jalan Aceh 108
2520649200_2520790639_STOP695,0.1828,0.1052,0.1356,0.2947,0.1474,0.2942,11,Jalan Aceh
2520649218_2520649232_STOP219,0.1943,0.0,0.0251,0.277,0.1722,0.2918,1,
2520649218_3270422962_STOP219,0.1943,0.0,0.0251,0.277,0.1722,0.2918,1,Jalan H. Ibrahim Adjie
2520649220_8123220109_STOP44,0.0615,0.0004,0.0254,0.7305,0.0,0.3716,1,Jalan Jenderal Ahmad Yani
2520649232_3229412583_STOP503,0.0982,0.08,0.3371,0.245,0.0676,0.2157,3,Jalan Terusan Jakarta
2520649239_5391666896_STOP249,0.281,0.0294,0.1214,0.369,0.0684,0.2936,6,Jalan Jenderal Ahmad Yani
2520649239_6609222560_STOP248,0.3455,0.0262,0.0026,0.5144,0.0006,0.3439,1,Jalan Jenderal Ahmad Yani
2520649249_1849960313_STOP610,0.3404,0.0442,0.0878,0.3102,0.1016,0.2982,4,Jalan Sukabumi
2520649249_8123220089_STOP45,0.3659,0.0468,0.1459,0.1644,0.1504,0.261,1,Jalan Sukabumi
2520723803_2519873343_STOP621,0.2464,0.0755,0.2443,0.1188,0.1918,0.2367,5,"['Jalan Jenderal Ahmad Yani', 'Jalan H. Ibrahim Adjie']"
2520723803_5205570048_STOP621,0.1733,0.0141,0.3589,0.0836,0.1168,0.1706,5,Jalan Jenderal Ahmad Yani
2520723804_1849960008_STOP613,0.2548,0.0217,0.1419,0.2509,0.1869,0.2805,7,Jalan Bogor
2520723804_2520723803_STOP621,0.2803,0.0091,0.2383,0.1762,0.1374,0.2313,12,Jalan Jenderal Ahmad Yani
2520759347_1849907073_STOP43,0.3408,0.0405,0.0476,0.3028,0.1642,0.3169,6,Jalan L.L. RE. Martadinata
2520759347_3277871574_STOP249,0.28,0.104,0.221,0.1581,0.1738,0.2566,2,Jalan L.L. RE. Martadinata
2520790639_10101152065_STOP664,0.1977,0.0363,0.1578,0.3808,0.0476,0.2795,7,Jalan Cihapit
2520790639_2520649200_STOP569,0.1648,0.0995,0.1227,0.3247,0.1212,0.2957,11,Jalan Aceh
2520790639_6461589858_STOP662,0.2828,0.0739,0.067,0.4652,0.0129,0.3258,1,Jalan Aceh
2539986925_11149984616_STOP483,0.2593,0.0518,0.076,0.5111,0.0567,0.3424,1,Jalan dr. Rajiman
2539986925_1706564149_STOP483,0.2593,0.0518,0.076,0.5111,0.0567,0.3424,1,Bundaran Rajiman
2539986928_2962096532_STOP483,0.2666,0.0354,0.1305,0.3202,0.084,0.2812,8,Jalan Cihampelas
2539998095_1658958704_STOP123,0.0503,0.0,0.4182,0.0967,0.0069,0.123,1,
2539998095_2958261192_STOP123,0.0503,0.0,0.4182,0.0967,0.0069,0.123,1,Jalan Pasteur
2539998099_2325450314_STOP81,0.2632,0.0374,0.108,0.1622,0.2293,0.2736,1,Jalan Pasir Kaliki
2539998099_2958261185_STOP81,0.2632,0.0374,0.108,0.1622,0.2293,0.2736,1,Jalan Dokter Djundjunan Setiakusumah
25432842_1849525914_STOP263,0.3492,0.0447,0.0006,0.5255,0.0067,0.3531,1,Jalan Laksamana Laut Raden Eddy Martadinata
25432842_1849525943_STOP561,0.3404,0.0449,0.0024,0.5027,0.0282,0.3505,4,Jalan L.L. RE. Martadinata
25432842_1849907073_STOP43,0.3303,0.0367,0.0525,0.3741,0.0984,0.3193,5,Jalan L.L. RE. Martadinata
25432860_2325452126_STOP147,0.3647,0.0063,0.0657,0.1624,0.2875,0.2985,1,Jalan Jenderal Ahmad Yani
25432860_3277871561_STOP147,0.3647,0.0063,0.0657,0.1624,0.2875,0.2985,1,Jalan L.L. RE. Martadinata
25432923_11367517448_STOP274,0.3296,0.0039,0.2181,0.148,0.1644,0.2365,1,Jalan Laswi
25432923_12809462426_STOP274,0.2422,0.0566,0.1735,0.3192,0.0847,0.2764,2,Jalan Sukabumi
25433301_13022549201_STOP340,0.2266,0.0,0.0,0.7089,0.0,0.3853,1,Jalan Aceh
25433301_5360090932_STOP340,0.2266,0.0,0.0,0.7089,0.0,0.3853,1,Jalan Aceh
25433364_10793008429_STOP304,0.394,0.0095,0.1404,0.3568,0.0456,0.2887,1,Jalan Aceh
25433364_5358208117_STOP673,0.3035,0.0319,0.2423,0.2798,0.0152,0.2382,4,Jalan Aceh
25433364_7687331829_STOP304,0.394,0.0095,0.1404,0.3568,0.0456,0.2887,1,Jalan Merdeka
25433457_25433463_STOP659,0.2721,0.0148,0.0799,0.4371,0.0635,0.3152,7,Jalan Jawa
25433457_32042327_STOP340,0.2555,0.0237,0.0879,0.4328,0.0324,0.305,8,Jalan Kalimantan
25433457_5841953280_STOP699,0.1581,0.0653,0.0432,0.5278,0.031,0.3385,4,Jalan Jawa
25433463_1849525812_STOP697,0.3026,0.0309,0.0352,0.4176,0.0882,0.3285,3,Jalan Bangka
25433463_2041502893_STOP409,0.298,0.0566,0.053,0.4168,0.0749,0.3269,11,Jalan Sumbawa
25433463_25433457_STOP699,0.2752,0.0229,0.0816,0.4436,0.0809,0.3232,7,Jalan Jawa
25433599_10793008254_STOP305,0.2947,0.0338,0.1431,0.3834,0.0256,0.2862,3,Jalan L.L. RE. Martadinata
25433599_1849528737_STOP373,0.2736,0.0448,0.0864,0.4555,0.0138,0.3135,10,Jalan Purnawarman
25433599_364365279_STOP485,0.2738,0.0397,0.1395,0.4359,0.0168,0.2994,7,Jalan Purnawarman
25433661_2325451442_STOP483,0.126,0.0101,0.0055,0.6769,0.0,0.3669,1,Jalan dr. Rajiman
25433661_3269294963_STOP483,0.1265,0.008,0.0053,0.6758,0.0,0.3662,1,Jalan Abdul Rivai
25433670_10793008397_STOP483,0.2806,0.0233,0.128,0.3838,0.079,0.2984,4,Jalan Abdul Rivai
25433670_364364130_STOP483,0.3024,0.0126,0.0989,0.392,0.0518,0.2985,4,Jalan Raden Adipati Aria Wiranatakusumah
25433677_2012565708_STOP353,0.2808,0.014,0.0657,0.4197,0.0747,0.3156,5,Jalan Raden Adipati Aria Wiranatakusumah
25433683_11138589127_STOP242,0.1862,0.0496,0.1166,0.4337,0.0392,0.301,7,Jalan dr. Cipto
25433683_25433684_STOP405,0.3434,0.0061,0.0426,0.4384,0.0652,0.327,2,Jalan Pajajaran
25433684_29356178_STOP782,0.1098,0.0218,0.6004,0.1812,0.0191,0.1344,5,Jalan Mochammad Yunus
25433684_6622103728_STOP243,0.2867,0.0186,0.1297,0.3905,0.0363,0.2892,11,Jalan Pajajaran
25433686_11124688730_STOP474,0.3628,0.036,0.0718,0.332,0.1256,0.3137,2,Jalan HOS. Cokroaminoto
25433686_5278840351_STOP77,0.3441,0.03,0.1163,0.2407,0.1646,0.2863,3,Jalan HOS. Cokroaminoto
25433686_5334388842_STOP242,0.2422,0.0165,0.1864,0.3742,0.0265,0.2684,8,Jalan dr. Rajiman
25433768_13261248357_STOP12,0.3248,0.0078,0.0548,0.4586,0.0524,0.3265,4,Jalan Arjuna
25433768_5369274905_STOP221,0.282,0.0028,0.0422,0.451,0.0221,0.3133,2,Jalan Pandawa
25433873_11138593393_STOP84,0.147,0.12,0.0726,0.3059,0.1629,0.3103,2,Jalan Abdul Rahman Saleh
25433873_4854744076_STOP84,0.2033,0.1146,0.0142,0.5474,0.0182,0.3599,1,
25433891_10628427188_STOP84,0.1533,0.0123,0.1899,0.2267,0.0833,0.2281,1,Kapten Tata Natanegara
25433891_11125489871_STOP176,0.3829,0.0041,0.2202,0.1293,0.1139,0.2233,13,Jalan Pajajaran
25433891_2325451719_STOP84,0.3551,0.0089,0.177,0.1816,0.0925,0.2383,3,Jalan Pajajaran
25433989_3245886198_STOP281,0.2854,0.039,0.1729,0.3227,0.0899,0.2797,14,Jalan Raya Cijerah
25433989_3252892639_STOP496,0.2697,0.0274,0.1421,0.318,0.1069,0.2833,19,Jalan Raya Cijerah
25434098_11138593395_STOP84,0.2941,0.018,0.097,0.3596,0.1099,0.3038,11,Jalan Aruna
25434098_6622409115_STOP765,0.3558,0.0334,0.1017,0.163,0.2597,0.2908,1,Jalan Arjuna
25434241_25434242_STOP194,0.2453,0.0089,0.2873,0.0686,0.2,0.2038,6,Jalan Suniaraja
25434241_4376716070_STOP277,0.2774,0.0325,0.3804,0.0478,0.1532,0.1798,10,Jalan Dulatip
25434242_1956195926_STOP678,0.2352,0.0279,0.0794,0.359,0.1187,0.3046,7,"['Jalan Otto Iskandardinata', 'Jalan Stasiun Timur']"
25434242_29354701_STOP617,0.2957,0.0091,0.3544,0.0236,0.1776,0.1797,6,Jalan Otto Iskandardinata
25434270_2628264112_STOP785,0.2099,0.0493,0.2673,0.1685,0.1167,0.2205,13,Jalan Kebon Kawung
25434517_25434520_STOP685,0.2942,0.0148,0.0338,0.5264,0.0135,0.3386,4,Jalan Trunojoyo
25434517_5356356848_STOP672,0.3334,0.0215,0.0267,0.5021,0.0497,0.3467,1,Jalan Sultan Agung
25434517_6438800742_STOP672,0.3334,0.0215,0.0267,0.5021,0.0497,0.3467,1,Jalan Trunojoyo
25434520_1849525827_STOP805,0.1237,0.0116,0.1311,0.434,0.0729,0.2935,6,Jalan Bahureksa
25434520_25434517_STOP672,0.2823,0.0153,0.034,0.5429,0.0138,0.3425,4,Jalan Trunojoyo
25435152_1849960313_STOP610,0.1529,0.0335,0.2594,0.2562,0.0882,0.232,9,Jalan Cianjur
25435152_25432923_STOP274,0.2958,0.0208,0.077,0.3745,0.1063,0.3112,4,Jalan Laswi
25435162_6470450609_STOP657,0.3003,0.0309,0.126,0.2617,0.1696,0.2882,5,Jalan Malabar
25435162_7201253642_STOP97,0.2845,0.0469,0.1198,0.3332,0.081,0.2901,7,Jalan Malabar
25435163_2325452463_STOP298,0.2131,0.0603,0.4369,0.0561,0.1101,0.1622,12,Jalan Jenderal Ahmad Yani
25435163_7201253639_STOP97,0.3415,0.0076,0.2961,0.0158,0.2331,0.2043,1,Jalan Jenderal Ahmad Yani
25435174_6470450615_STOP705,0.3453,0.0188,0.0485,0.4595,0.0255,0.3252,1,Jalan Malabar
25435174_6470450620_STOP657,0.244,0.0102,0.1436,0.3934,0.0127,0.2761,2,Jalan Jenderal Gatot Subroto
25435214_2325452463_STOP298,0.2365,0.0291,0.2418,0.2282,0.0987,0.2363,3,Jalan Ketapang
25435214_4258557080_STOP703,0.1747,0.0103,0.2555,0.306,0.0763,0.2421,1,Jalan Jenderal Gatot Subroto
25435214_7179048891_STOP834,0.079,0.0608,0.3028,0.3344,0.0191,0.2297,4,Jalan Jenderal Gatot Subroto
25435318_10793585087_STOP292,0.2342,0.0177,0.2838,0.1821,0.0785,0.2086,8,Jalan Braga
25435318_11107827260_STOP713,0.1872,0.1167,0.3196,0.1263,0.1251,0.2133,6,Jalan Naripan
25435318_1849525885_STOP754,0.2748,0.0339,0.3087,0.0553,0.1891,0.2018,4,Jalan Braga
25435352_25446732_STOP814,0.2478,0.0505,0.4271,0.0156,0.1407,0.1607,3,Jalan Otto Iskandardinata
25435352_4376716070_STOP277,0.1358,0.1078,0.3432,0.3145,0.0384,0.2376,5,Jalan Jendral Sudirman
25446327_11369837184_STOP108,0.3469,0.0434,0.071,0.1658,0.27,0.3,1,Jalan Soekarno-Hatta
25446327_11369837187_STOP108,0.3469,0.0434,0.071,0.1658,0.27,0.3,1,Jalan Kyai Haji Wahid Hasyim
25446374_9532363495_STOP338,0.378,0.0115,0.0938,0.0507,0.371,0.284,1,Jalan Holis
25446374_9532363497_STOP338,0.378,0.0115,0.0938,0.0507,0.371,0.284,1,Jalan Soekarno-Hatta
25446445_12806717331_STOP112,0.1874,0.0407,0.3123,0.117,0.189,0.2124,5,Jalan Rajawali Timur
25446445_29377182_STOP769,0.1622,0.0242,0.2827,0.0998,0.1928,0.2068,12,Jalan Andir
25446457_25446462_STOP288,0.1704,0.027,0.311,0.2269,0.0785,0.2135,11,Jalan Rajawali Timur
25446457_29377187_STOP112,0.1639,0.0025,0.3731,0.0114,0.1766,0.1585,3,Jalan Ciroyom Barat
25446462_1837401639_STOP599,0.1862,0.0402,0.4249,0.0366,0.1403,0.159,7,Jalan Kebon Jati
25446732_1013431927_STOP307,0.2699,0.0191,0.3567,0.0662,0.1429,0.1829,3,Jalan Otto Iskandardinata
25446732_1837401642_STOP437,0.1664,0.0129,0.5371,0.0168,0.0641,0.1098,13,Jalan Cibadak
25447004_3269303931_STOP483,0.324,0.0291,0.1195,0.4059,0.0177,0.2965,1,Bundaran Rajiman
25447039_1900221414_STOP482,0.2965,0.0355,0.0658,0.4823,0.0261,0.3281,10,Jalan Raden Adipati Aria Wiranatakusumah
25447039_3249461526_STOP17,0.1122,0.0688,0.1524,0.419,0.0193,0.2827,7,Jalan Sampurna
25448847_11104669202_STOP161,0.224,0.0655,0.0288,0.4046,0.1186,0.3322,6,Jalan Ir. H. Djuanda
25448847_1663274645_STOP514,0.1789,0.1603,0.0269,0.3263,0.1425,0.3294,1,Teuku Umar
25448847_1857160826_STOP140,0.1689,0.0449,0.1618,0.3884,0.0802,0.2882,11,Jalan Teuku Umar
25448881_1342112669_STOP164,0.2325,0.1176,0.0265,0.444,0.0175,0.3304,3,Jalan Tamansari
25450505_10173744443_STOP576,0.1044,0.0006,0.0748,0.5119,0.0018,0.3034,1,Jalan Citarum
25450505_1666747506_STOP567,0.2091,0.001,0.0808,0.4884,0.0013,0.3058,2,Jalan Citarum
25450538_25771207_STOP39,0.2996,0.0526,0.0017,0.4962,0.0445,0.3502,1,Jalan Diponegoro
25450539_2035815827_STOP689,0.1813,0.0233,0.0422,0.5067,0.0393,0.3283,8,Jalan Cisangkuy
25450539_25450538_STOP39,0.2812,0.036,0.0527,0.4631,0.033,0.3246,3,Jalan Diponegoro
25495368_25433599_STOP195,0.2606,0.0421,0.1235,0.2735,0.0955,0.2719,4,Jalan L.L. RE. Martadinata
25495439_11520711530_STOP63,0.2856,0.063,0.1967,0.2644,0.0895,0.2634,5,Jalan Wastukancana
25495439_11520711531_STOP63,0.177,0.0673,0.2309,0.2548,0.0413,0.2333,5,Jalan Wastukancana
25501274_1663283380_STOP672,0.3355,0.0578,0.034,0.4734,0.0244,0.3381,4,Jalan Ir. H. Djuanda
25501274_7669230602_STOP372,0.3254,0.0304,0.0003,0.525,0.0021,0.3466,1,Jalan Rangga Gadang
25501378_12813237929_STOP72,0.2156,0.0028,0.0857,0.4798,0.0002,0.3033,1,Jalan Kebon Bibit
25501378_1900221438_STOP64,0.1076,0.0252,0.3297,0.2066,0.1211,0.2086,19,"['Jalan Kebon Bibit Barat', 'Jalan Kebon Bibit', 'Jalan Pelesiran']"
25501378_5369882289_STOP72,0.2156,0.0028,0.0857,0.4798,0.0002,0.3033,1,
25771207_11181664518_STOP39,0.3275,0.0053,0.0122,0.4313,0.0893,0.3337,1,"['Jalan Sentot Alibasyah', 'Jalan Diponegoro']"
25773425_2519917292_STOP575,0.2333,0.02,0.0738,0.3803,0.1122,0.3084,5,Jalan Pusdai
25773425_5374108596_STOP346,0.1435,0.0414,0.2501,0.2463,0.0971,0.2333,17,Jalan Surapati
25773425_6637726062_STOP524,0.0536,0.0179,0.3374,0.0533,0.3101,0.2018,1,Jalan Surapati
25778195_2035815827_STOP690,0.3466,0.0167,0.0225,0.53,0.0213,0.349,2,Jalan Citarum
25778195_25450538_STOP668,0.1608,0.0881,0.0066,0.597,0.0073,0.3636,10,Jalan Cilaki
25778222_10171865526_STOP172,0.1862,0.0312,0.1342,0.4335,0.0933,0.3081,9,Jalan Cisangkuy
25778222_3269364726_STOP690,0.3222,0.026,0.028,0.5248,0.0204,0.3458,2,Jalan Citarum
2604179154_29377273_STOP376,0.1512,0.1297,0.3165,0.1043,0.1917,0.2228,1,Jalan Rajawali Barat
2604179165_11711275764_STOP280,0.4013,0.0062,0.0529,0.3185,0.2104,0.3316,1,Bunderan Cibeureum
2604179165_11711275766_STOP280,0.4013,0.0062,0.0529,0.3185,0.2104,0.3316,1,Bunderan Cibeureum
2604179165_1911634938_STOP398,0.3662,0.0203,0.1037,0.1103,0.3142,0.2868,14,Jalan Soekarno-Hatta
2604179168_10680268006_STOP0,0.0476,0.2487,0.1135,0.3973,0.0634,0.3225,1,Jalan Rajawali Barat
2604179168_11711275767_STOP106,0.2333,0.0956,0.0639,0.4007,0.0745,0.3217,10,Jalan Elang
2604179170_11711275767_STOP281,0.3662,0.0292,0.2212,0.072,0.2413,0.2412,1,Bunderan Cibeureum
2604179170_2604179177_STOP281,0.3662,0.0292,0.2212,0.072,0.2413,0.2412,1,Bunderan Cibeureum
2604179170_9471344359_STOP281,0.2209,0.0761,0.2557,0.1733,0.1219,0.2314,5,Jalan Jendral Sudirman
2604179177_11711275766_STOP281,0.438,0.0021,0.0712,0.1583,0.3016,0.3064,1,Bunderan Cibeureum
2604179177_2604179170_STOP281,0.438,0.0021,0.0712,0.1583,0.3016,0.3064,1,Bunderan Cibeureum
2604179177_9462999285_STOP281,0.2469,0.031,0.0811,0.4165,0.0782,0.3132,5,Jalan Jendral Sudirman
2607816746_1107865397_STOP580,0.2157,0.1118,0.0397,0.4972,0.0,0.3372,2,Jalan Talaga Bodas
2607816746_12986852699_STOP48,0.2856,0.0274,0.049,0.462,0.0291,0.3226,6,Jalan Palasari
2607816746_240789108_STOP655,0.2573,0.0711,0.0336,0.4868,0.0209,0.3362,5,Jalan Palasari
2607816746_3272599108_STOP572,0.1099,0.097,0.2879,0.2906,0.0845,0.2455,8,Jalan Talaga Bodas
2614138769_29489275_STOP121,0.3192,0.0532,0.1897,0.081,0.2777,0.2578,3,Jalan Raya Cibaduyut
2614138769_3272384461_STOP121,0.3817,0.0324,0.1188,0.0469,0.3344,0.2745,1,Jalan Raya Cibaduyut
2614138771_2614138769_STOP121,0.3665,0.0361,0.2086,0.0186,0.263,0.2339,1,Jalan Raya Cibaduyut
2614138773_25446327_STOP108,0.3311,0.0297,0.1856,0.0455,0.2623,0.2404,1,Jalan Kyai Haji Wahid Hasyim
2614138773_3272542989_STOP108,0.3311,0.0297,0.1856,0.0455,0.2623,0.2404,1,Jalan Soekarno-Hatta
2614138774_1837401667_STOP271,0.3552,0.0038,0.0518,0.1296,0.3445,0.3035,1,Jalan Kyai Haji Wahid Hasyim
2614138774_5355765064_STOP271,0.3552,0.0038,0.0518,0.1296,0.3445,0.3035,1,Jalan Peta
2614138789_3272653270_STOP229,0.1275,0.0032,0.0471,0.1208,0.2977,0.267,1,Jalan Buah Batu
2614138789_8123304891_STOP229,0.2472,0.0116,0.0918,0.0657,0.3473,0.2698,2,
2614138794_2614138804_STOP229,0.3109,0.038,0.0334,0.2824,0.1768,0.3126,2,Jalan Buah Batu
2614138804_6609245572_STOP322,0.3255,0.0245,0.0806,0.3558,0.1054,0.3084,4,Jalan Buah Batu
2614138805_2614138808_STOP229,0.0676,0.0149,0.2489,0.0349,0.2783,0.2024,1,
2614138805_8123304870_STOP229,0.0676,0.0149,0.2489,0.0349,0.2783,0.2024,1,Jalan Buah Batu
2614138808_5269229741_STOP368,0.2826,0.062,0.1392,0.1662,0.2133,0.2729,6,Jalan Soekarno-Hatta
2614138810_14053088734_STOP711,0.3199,0.0344,0.1519,0.1752,0.2182,0.2732,10,Jalan Buah Batu
2614140398_7132443584_STOP361,0.2877,0.0686,0.0578,0.278,0.2143,0.3208,4,Jalan Soekarno-Hatta
2614140398_7132452340_STOP361,0.3539,0.0039,0.0961,0.1969,0.2924,0.3039,1,
2623877339_1896207947_STOP284,0.3528,0.0227,0.1961,0.3018,0.0198,0.2559,1,Jalan Taman Pramuka
2623877339_7643243807_STOP554,0.2126,0.0351,0.171,0.4516,0.0099,0.2906,2,Jalan Cendana
2628264112_2628264119_STOP785,0.2102,0.0256,0.1836,0.4224,0.0022,0.2759,1,Jalan Kebon Kawung
2628264112_6673594562_STOP785,0.214,0.0419,0.0912,0.4202,0.0464,0.3038,3,Jalan HOS. Cokroaminoto
2628264119_29376968_STOP302,0.3042,0.0198,0.2216,0.1943,0.1423,0.245,2,Jalan HOS. Cokroaminoto
2628296766_2477710340_STOP774,0.2278,0.0017,0.1998,0.049,0.295,0.2316,1,
2628296766_2628296768_STOP774,0.2681,0.0033,0.1518,0.255,0.1881,0.2782,2,Jalan Abdul Rahman Saleh
2628296768_6442486339_STOP774,0.2557,0.049,0.1638,0.3174,0.097,0.2803,6,Jalan Abdul Rahman Saleh
2628296773_13257407280_STOP773,0.2137,0.0071,0.0364,0.0678,0.3971,0.2869,1,Jalan Garuda
2628296773_29377182_STOP770,0.2046,0.0321,0.2099,0.1733,0.2052,0.2487,12,Jalan Ciroyom
2628296773_3445557996_STOP773,0.2137,0.0071,0.0364,0.0678,0.3971,0.2869,1,"['Jalan Maleber Utara', 'Jalan Garuda']"
2628299951_6616855143_STOP14,0.1493,0.011,0.2141,0.2884,0.1138,0.25,4,Jalan Jend. H. Amir Machmud
2634710028_5458169533_STOP230,0.3249,0.0373,0.1276,0.1931,0.2536,0.2922,2,Jalan Soekarno-Hatta
2634710039_5458168297_STOP230,0.1954,0.0157,0.0497,0.3042,0.1619,0.297,1,Bunderan Cibiru
2746818952_1777901379_STOP411,0.2638,0.0157,0.1002,0.3231,0.1143,0.29,7,Jalan Mochammad Ramdhan
2746818952_2034444650_STOP29,0.1825,0.0292,0.2831,0.1917,0.1397,0.2241,5,Jalan Sawah Kurung IV
2746818952_2746818986_STOP256,0.2358,0.0591,0.2893,0.166,0.15,0.2293,8,Jalan Srimahi
2746818952_3277416907_STOP256,0.2991,0.0284,0.1077,0.3646,0.0695,0.2962,4,Jalan Mochammad Ramdhan
2746818986_11181449017_STOP138,0.2643,0.0364,0.2042,0.2827,0.0818,0.2583,19,Jalan BKR
2746818986_2746818952_STOP256,0.2345,0.0588,0.276,0.192,0.1421,0.2369,8,Jalan Srimahi
2746819079_2746819080_STOP329,0.2529,0.0076,0.0594,0.3214,0.1422,0.2999,1,Simpang Susun Buah Batu
2746819079_3472154933_STOP324,0.2917,0.0192,0.1923,0.2037,0.1318,0.2482,3,Jalan Buah Batu
2746819080_2746819082_STOP329,0.3911,0.0247,0.0662,0.3232,0.1195,0.311,1,Jalan Buah Batu
2746819081_2746819079_STOP329,0.3189,0.0035,0.0574,0.2729,0.1903,0.3034,1,Jalan Buah Batu
2746819082_2325454309_STOP325,0.3227,0.0369,0.1008,0.2182,0.2197,0.2949,8,Jalan Buah Batu
2746819082_2746819081_STOP329,0.4065,0.0225,0.1086,0.1782,0.2226,0.288,1,Simpang Susun Buah Batu
28382653_1662376790_STOP32,0.4061,0.0167,0.2698,0.0468,0.2139,0.221,1,
28382653_2325448481_STOP591,0.3504,0.0181,0.1153,0.219,0.2204,0.2922,5,Jalan Ir. H. Djuanda
28382767_1662376726_STOP25,0.3618,0.0239,0.0117,0.2652,0.1702,0.3113,1,
28382767_28382653_STOP32,0.3514,0.035,0.0765,0.272,0.1584,0.3018,21,Jalan Ir. H. Djuanda
2858054060_3007950794_STOP205,0.3378,0.0218,0.049,0.3029,0.1864,0.3183,5,Jalan Abdul Haris Nasution
2858054060_6384640713_STOP101,0.3264,0.0309,0.1574,0.1525,0.2491,0.2732,30,Jalan Abdul Haris Nasution
2858054060_665709306_STOP425,0.1499,0.029,0.3302,0.1304,0.1827,0.206,87,"['Jalan Desa Cipadung', 'Jalan Cilengkrang II']"
29352423_3977886810_STOP549,0.0717,0.0221,0.1379,0.3248,0.086,0.2598,1,Jalan Jawa
29352423_5841953280_STOP26,0.1954,0.0111,0.1069,0.4635,0.0139,0.2982,8,Jalan Jawa
29354164_11176912846_STOP193,0.3019,0.0018,0.0735,0.2497,0.2494,0.3068,1,Jalan Perintis Kemerdekaan
29354164_364363786_STOP193,0.3019,0.0018,0.0735,0.2497,0.2494,0.3068,1,Jalan Kebon Jukut
29354375_11176912847_STOP678,0.2428,0.0769,0.0293,0.2518,0.2311,0.3186,1,Jalan Stasiun Timur
29354375_3270228962_STOP678,0.2382,0.0452,0.121,0.2339,0.1827,0.2805,2,
29354379_25434242_STOP194,0.2957,0.009,0.473,0.0395,0.0654,0.1386,4,Jalan Suniaraja
29354380_29354379_STOP678,0.1708,0.0291,0.3394,0.1405,0.1086,0.1914,2,Jalan Suniaraja
29354701_25435352_STOP300,0.2984,0.0576,0.4457,0.0086,0.1169,0.1563,6,Jalan Otto Iskandardinata
29354701_29354883_STOP2,0.1278,0.0232,0.5745,0.0274,0.023,0.0952,6,Jalan ABC
29354883_25435318_STOP787,0.2194,0.0459,0.2729,0.2212,0.0836,0.2274,8,Jalan ABC
29354883_29354380_STOP678,0.2567,0.0602,0.3913,0.0673,0.1306,0.1818,9,Jalan Banceuy
29356722_1654067462_STOP352,0.1746,0.027,0.0191,0.5323,0.0273,0.3366,10,Jalan Prof. Dr. Ir. Sutami
29356722_1658431473_STOP352,0.2978,0.0248,0.1418,0.197,0.165,0.2639,4,Jalan Prof. Dr. Surya Soemantri
29356737_29378887_STOP3,0.1727,0.0252,0.2123,0.2041,0.1451,0.238,7,Jalan Cipedes Selatan
29356737_2958261173_STOP592,0.261,0.0282,0.1379,0.3582,0.0455,0.2799,9,Jalan Dr. Djunjunan
29356793_306334264_STOP351,0.1916,0.0929,0.1029,0.1415,0.2767,0.2839,3,Jalan Sariwangi
29356793_5646605222_STOP350,0.2594,0.026,0.0824,0.3137,0.1216,0.2933,2,Jalan Lemah Neundeut
29356940_2325438114_STOP67,0.2436,0.0458,0.1138,0.3741,0.082,0.2992,2,Jalan Sirna Galih
29356940_29356944_STOP337,0.1523,0.0449,0.094,0.459,0.0224,0.3034,6,Jalan Sindang Sirna
29356944_11366943122_STOP337,0.211,0.0483,0.0002,0.4898,0.0,0.3277,1,
29356944_29356940_STOP67,0.1664,0.0543,0.0744,0.4767,0.0109,0.3121,6,Jalan Sindang Sirna
29356960_12637511228_STOP92,0.3403,0.0232,0.2015,0.2665,0.0358,0.2473,1,Jalan Cemara
29356960_29357697_STOP477,0.3308,0.0532,0.0755,0.4375,0.0221,0.3192,7,Jalan Sukajadi
29356961_29356960_STOP92,0.2608,0.0333,0.1238,0.2819,0.212,0.3017,1,Jalan Karang Tineung
29356961_29379592_STOP92,0.2608,0.0333,0.1238,0.2819,0.212,0.3017,1,Jalan Karang Tineung
29356961_6621969574_STOP337,0.2877,0.0265,0.051,0.4777,0.048,0.3317,10,"['Jalan Bungur', 'Jalan Karang Tineung']"
29356964_4169236625_STOP337,0.3475,0.0037,0.0,0.5628,0.0072,0.3561,1,Jalan Bungur
29356964_6621969574_STOP337,0.2731,0.0032,0.0008,0.6,0.0036,0.3587,2,Jalan Bungur
29357111_29358836_STOP478,0.4026,0.003,0.0181,0.4184,0.058,0.3282,1,
29357111_5639373300_STOP478,0.3366,0.0614,0.0153,0.4598,0.0434,0.3424,2,Jalan Sukajadi
29357113_12634504454_STOP67,0.1596,0.0652,0.089,0.5514,0.0156,0.3349,2,Jalan Sukajadi
29357239_11367547338_STOP8,0.2863,0.0196,0.0702,0.2932,0.1619,0.3005,1,Jalan Sari Endah Baru
29357239_29357241_STOP8,0.1956,0.026,0.1636,0.3946,0.0403,0.2787,5,Jalan Geger Kalong Hilir
29357241_1654067462_STOP352,0.2603,0.0554,0.157,0.3381,0.0845,0.2861,25,Jalan Sukahaji
29357241_29357239_STOP8,0.1824,0.0235,0.1586,0.4538,0.0061,0.2868,5,Jalan Geger Kalong Hilir
29357241_29357243_STOP8,0.2311,0.0874,0.1581,0.3704,0.0402,0.288,3,Jalan Geger Kalong Hilir
29357243_1390997943_STOP404,0.1499,0.068,0.2785,0.2457,0.0851,0.2318,11,Jalan Geger Kalong Hilir
29357243_1676070938_STOP473,0.1969,0.0419,0.2785,0.2058,0.1148,0.2267,27,"['Jalan Pak Gatot Raya', 'Jalan Gegerkalong Girang']"
29357243_29357241_STOP8,0.2445,0.0387,0.099,0.3714,0.0563,0.2928,3,Jalan Geger Kalong Hilir
29357275_29357277_STOP8,0.1966,0.039,0.159,0.441,0.0561,0.3,6,Jalan Sari Endah Baru
29357275_29357312_STOP8,0.2934,0.0015,0.094,0.4609,0.038,0.3134,2,Jalan Geger Kalong Hilir
29357277_13097895693_STOP128,0.2455,0.0519,0.1603,0.3431,0.0737,0.2822,16,Jalan Sarijadi Raya
29357277_29357312_STOP8,0.2237,0.0204,0.3066,0.1611,0.1795,0.2237,4,Jalan Sarijadi Raya
29357312_11367547341_STOP8,0.179,0.0573,0.2392,0.3609,0.0015,0.2521,3,Jalan Geger Kalong Hilir
29357697_29357113_STOP337,0.3377,0.0426,0.0416,0.4858,0.0365,0.3409,4,Jalan Sukajadi
29357697_29379986_STOP628,0.2035,0.0873,0.0531,0.4223,0.094,0.3301,3,Jalan Karangsari
29357859_2325448804_STOP476,0.3516,0.0305,0.0318,0.5124,0.0058,0.3416,2,Jalan Sukajadi
29357864_29379585_STOP92,0.2044,0.031,0.0394,0.4586,0.0661,0.3248,2,Jalan Sukajadi
29357928_29357929_STOP150,0.3358,0.012,0.0631,0.5054,0.0037,0.3291,1,Jalan Cemara
29357928_29358830_STOP170,0.3213,0.0216,0.0403,0.5277,0.0101,0.3412,8,Jalan Raden Adipati Aria Wiranatakusumah
29357929_12637511228_STOP92,0.2135,0.0439,0.1699,0.3208,0.0881,0.2729,12,Jalan Cemara
29357929_29357928_STOP150,0.3757,0.0396,0.0561,0.4622,0.0,0.3257,1,Jalan Cemara
29357929_29379226_STOP17,0.2671,0.0262,0.1245,0.4064,0.026,0.2917,13,Jalan Jurang
29358830_25447039_STOP65,0.2651,0.0327,0.041,0.5082,0.0115,0.3322,9,Jalan Raden Adipati Aria Wiranatakusumah
29358836_29358938_STOP67,0.3225,0.0493,0.157,0.2619,0.0899,0.2696,9,Jalan Dr. Setiabudi
29358926_1660116944_STOP66,0.2656,0.0684,0.151,0.1676,0.2277,0.2748,4,Jalan Cihampelas
29358926_3376673094_STOP66,0.2762,0.0784,0.0806,0.2188,0.2133,0.3002,2,Jalan Dr. Setiabudi
29358934_4262068495_STOP628,0.1809,0.147,0.0728,0.4296,0.0163,0.3196,4,Jalan Dr. Setiabudi
29358935_29358934_STOP628,0.2766,0.1058,0.0782,0.4833,0.0163,0.3362,2,Jalan Dr. Setiabudi
29358935_9336983410_STOP628,0.2991,0.0692,0.0972,0.3711,0.0735,0.3089,2,
29358937_29357113_STOP337,0.1154,0.0605,0.114,0.4666,0.0683,0.3136,5,Jalan Suka Asih
29358937_29358935_STOP628,0.2789,0.0991,0.0503,0.4723,0.0204,0.3369,4,Jalan Dr. Setiabudi
29358938_29358937_STOP628,0.2913,0.0637,0.1068,0.3205,0.099,0.2968,3,Jalan Dr. Setiabudi
29359106_1342112684_STOP164,0.0413,0.394,0.156,0.2452,0.0,0.2831,1,Jalan Siliwangi
29359106_1660110851_STOP66,0.1142,0.2377,0.0572,0.3761,0.029,0.3204,15,Jalan Siliwangi
29359329_1956570020_STOP552,0.2262,0.0777,0.0218,0.5424,0.0,0.3476,1,Jalan Dayang Sumbi
29359329_1956899631_STOP552,0.2262,0.0777,0.0218,0.5424,0.0,0.3476,1,Jalan Tamansari
29359329_5463596826_STOP552,0.2262,0.0777,0.0218,0.5424,0.0,0.3476,1,Jalan Tamansari
29359719_5334558654_STOP578,0.0122,0.1461,0.0663,0.3306,0.1118,0.2976,1,Jalan Rangga Malela
29359719_5369882298_STOP724,0.1384,0.1194,0.1069,0.4144,0.0394,0.3058,3,Jalan Sulanjana
29359719_9755546377_STOP578,0.0122,0.1461,0.0663,0.3306,0.1118,0.2976,1,Jalan Sulanjana
29376968_13261248357_STOP762,0.1419,0.0552,0.1914,0.3337,0.1003,0.2717,19,"['Jalan Kesatriaan', 'Jalan Bima']"
29376968_2012498676_STOP406,0.336,0.0385,0.0995,0.2851,0.1388,0.2966,10,Jalan HOS. Cokroaminoto
29377042_11740333993_STOP86,0.2402,0.0542,0.2849,0.211,0.0585,0.2201,1,Jalan Industri
29377063_13382601416_STOP86,0.1859,0.0184,0.1529,0.0762,0.318,0.2517,2,Jalan Ciroyom
29377063_25446462_STOP288,0.0924,0.0149,0.2576,0.1743,0.223,0.2316,6,Jalan Arjuna
29377182_11310046580_STOP768,0.0873,0.0137,0.3455,0.1506,0.2234,0.2107,7,Jalan Ciroyom
29377182_25446445_STOP287,0.1472,0.0248,0.2944,0.1625,0.1946,0.2229,12,Jalan Andir
29377182_2628296773_STOP773,0.1955,0.025,0.2608,0.1594,0.1984,0.2328,12,Jalan Ciroyom
29377187_13382601416_STOP86,0.1295,0.0568,0.3478,0.1038,0.1716,0.1962,6,Jalan Ciroyom Timur
29377187_25446457_STOP112,0.2383,0.0212,0.3768,0.0761,0.1789,0.1891,3,Jalan Ciroyom Barat
29377187_29377189_STOP810,0.231,0.0383,0.3233,0.0822,0.2175,0.2113,5,Jalan Ciroyom Barat
29377189_11687490552_STOP767,0.1667,0.1096,0.0678,0.0893,0.4184,0.3098,2,Jalan Ciroyom
29377189_29377187_STOP112,0.2261,0.0824,0.309,0.0811,0.2139,0.2205,5,Jalan Ciroyom Barat
29377273_2604179168_STOP182,0.165,0.1358,0.2076,0.2974,0.0752,0.2705,15,Jalan Rajawali Barat
29377273_29377395_STOP136,0.1801,0.0309,0.2804,0.1483,0.1934,0.225,18,Jalan Maleber Barat
29377395_29377273_STOP376,0.1866,0.0226,0.3082,0.1422,0.1821,0.2152,18,Jalan Maleber Barat
29377395_3445469505_STOP136,0.1146,0.0162,0.225,0.2832,0.1777,0.2603,22,"['Jalan Maleber Utara', 'Jalan Paledang']"
29377395_3445557996_STOP773,0.0832,0.0242,0.0714,0.3047,0.2746,0.3125,18,Jalan Maleber Utara
29377508_29377560_STOP518,0.123,0.0444,0.2713,0.2937,0.0847,0.2398,12,Jalan Dadali
29377560_1666277222_STOP775,0.3144,0.0434,0.1304,0.264,0.1486,0.2869,4,Jalan Garuda
29377560_1837401657_STOP286,0.3137,0.0644,0.0937,0.3471,0.0886,0.3065,5,Jalan Garuda
29377560_29377508_STOP778,0.0968,0.0372,0.2373,0.3915,0.0564,0.2631,12,Jalan Dadali
29377716_1658617590_STOP241,0.1651,0.0275,0.0335,0.5045,0.051,0.3311,9,Jalan Sukaraja
29377716_1870759840_STOP489,0.0022,0.0199,0.0098,0.6296,0.0357,0.3506,2,Jalan Sukaraja
29377716_6615747773_STOP489,0.0014,0.0,0.0,0.6662,0.0,0.35,1,Kapten Tata Natanegara
29377839_29378887_STOP3,0.0436,0.0344,0.3592,0.1308,0.167,0.1884,6,Jalan Sukagalih
29377839_4375366198_STOP630,0.1886,0.0456,0.2275,0.3903,0.0693,0.2782,3,Jalan Suka Mulya
29377839_5461446930_STOP3,0.2468,0.0317,0.1601,0.2846,0.1344,0.276,13,Jalan Suka Mulya
29378887_12809082543_STOP126,0.0861,0.0348,0.468,0.1052,0.1364,0.161,18,"['Jalan Cipedes Selatan', 'Jalan Sukagalih']"
29378887_29356737_STOP592,0.1839,0.0139,0.3104,0.2446,0.1022,0.2235,7,Jalan Cipedes Selatan
29378887_29377839_STOP630,0.068,0.0333,0.5032,0.0293,0.1492,0.134,6,Jalan Sukagalih
29379226_11345662513_STOP476,0.2349,0.0234,0.2272,0.2577,0.1024,0.247,7,Jalan Sukamaju
29379226_29357929_STOP150,0.2829,0.0313,0.1376,0.3621,0.0602,0.2876,13,Jalan Jurang
29379226_3249461526_STOP17,0.2788,0.0044,0.2417,0.2138,0.1259,0.2381,2,Jalan Sederhana
29379229_12809151235_STOP482,0.1774,0.0167,0.1352,0.4016,0.0621,0.2868,6,Jalan Makmur
29379229_3249461526_STOP17,0.2648,0.055,0.1991,0.3128,0.0522,0.2645,8,Jalan Sederhana
29379231_29379229_STOP149,0.2569,0.0608,0.1568,0.3783,0.0444,0.2889,5,Jalan Sederhana
29379231_29379232_STOP327,0.2003,0.0189,0.1489,0.3316,0.0982,0.2755,2,Jalan Sederhana
29379232_29379231_STOP327,0.2204,0.0025,0.1142,0.3513,0.0994,0.2856,2,Jalan Sederhana
29379232_29379447_STOP327,0.2325,0.0354,0.1154,0.326,0.0996,0.2857,2,
29379232_7983673000_STOP327,0.173,0.0004,0.1056,0.1336,0.1386,0.2262,2,Jalan Sederhana
29379393_29379231_STOP327,0.1877,0.0312,0.176,0.3621,0.0669,0.2739,6,Jalan Profesor Christiaan Eijkman
29379447_12809082543_STOP149,0.2778,0.0212,0.3122,0.045,0.1857,0.1951,7,Jalan Sukajadi
29379476_1900221414_STOP482,0.3196,0.0176,0.1414,0.389,0.0541,0.2945,2,Jalan Profesor Christiaan Eijkman
29379476_29379393_STOP482,0.2707,0.0158,0.0596,0.4577,0.0298,0.316,2,Jalan Profesor Christiaan Eijkman
29379583_12637511228_STOP92,0.3346,0.0223,0.0558,0.4804,0.0071,0.3254,1,Jalan Cemara
29379583_29379585_STOP92,0.3346,0.0223,0.0558,0.4804,0.0071,0.3254,1,Jalan Cemara
29379585_29356960_STOP92,0.2583,0.0268,0.0363,0.3156,0.1134,0.2988,1,Jalan Sukajadi
29379585_29379592_STOP92,0.2583,0.0268,0.0363,0.3156,0.1134,0.2988,1,Jalan Karang Tineung
29379592_29356961_STOP92,0.3774,0.0102,0.0876,0.1734,0.2633,0.2945,1,Jalan Karang Tineung
29379986_9336983410_STOP628,0.1966,0.0423,0.0982,0.5003,0.0322,0.3215,3,Jalan Karangsari
29380398_1387999367_STOP496,0.268,0.0391,0.1647,0.1861,0.235,0.2745,10,Jalan Raya Cijerah
29380398_3110266609_STOP130,0.176,0.0371,0.2856,0.1841,0.1587,0.2271,36,"['Jalan Gempol', 'Jalan Gempol Sari']"
29380398_6425545180_STOP497,0.2863,0.021,0.0123,0.4236,0.1333,0.3414,9,Jalan Raya Cijerah
29380403_1387999367_STOP496,0.2682,0.0227,0.1878,0.2518,0.1032,0.2545,3,Jalan Raya Cijerah
29380403_3252892639_STOP496,0.214,0.0112,0.212,0.1072,0.2332,0.2323,2,Jalan Raya Cijerah
29380518_3252892639_STOP496,0.1224,0.051,0.1642,0.3175,0.1185,0.2727,19,Jalan Bojong Raya
29380518_3445438782_STOP803,0.2966,0.0347,0.0391,0.4203,0.0913,0.3297,12,Jalan Holis
29380518_9532363495_STOP338,0.259,0.0329,0.1509,0.2604,0.1287,0.2701,8,Jalan Holis
29427097_11138680825_STOP159,0.245,0.0477,0.0631,0.3911,0.1185,0.3215,7,Jalan Surapati
29427236_1660260881_STOP723,0.3027,0.0425,0.0414,0.3763,0.1481,0.3325,2,Jalan Aria Jipang
29427236_29427263_STOP687,0.1751,0.0382,0.0363,0.6247,0.031,0.3649,4,Jalan Aria Jipang
29427263_1849525906_STOP31,0.2514,0.067,0.0948,0.423,0.0209,0.3064,4,Jalan Diponegoro
29427263_29427236_STOP723,0.2274,0.0154,0.0392,0.58,0.0069,0.3456,4,Jalan Aria Jipang
29427263_5356356915_STOP687,0.257,0.0117,0.0272,0.5712,0.013,0.3486,2,Jalan Diponegoro
29427961_29427097_STOP723,0.1752,0.0335,0.0741,0.3132,0.2348,0.3158,21,Jalan Layang Professor Mochtar Kusumaatmadja
29427961_6352261923_STOP72,0.1312,0.0012,0.1382,0.1312,0.3745,0.2756,5,
29434768_11347520099_STOP732,0.2825,0.0614,0.0416,0.5034,0.0057,0.3367,4,Jalan Sancang
29434768_12806537959_STOP428,0.198,0.04,0.257,0.289,0.0498,0.2384,7,Jalan Kyai Haji Ahmad Dahlan
29434769_11347520099_STOP732,0.2489,0.0512,0.1832,0.3302,0.0419,0.2672,1,Jalan Lodaya
29434769_12986852699_STOP48,0.1291,0.1188,0.1599,0.3939,0.0566,0.295,7,Jalan Lodaya
29434775_6470065668_STOP797,0.3138,0.0365,0.0948,0.2558,0.1639,0.2922,2,Jalan Sadakeling
29434775_6470065671_STOP797,0.3492,0.0059,0.0166,0.3791,0.0978,0.3218,1,Jalan Burangrang
29434777_30602861_STOP796,0.2863,0.0408,0.2106,0.1764,0.1763,0.2522,2,Jalan Sadakeling
29434777_3110090805_STOP60,0.3063,0.0098,0.1291,0.2332,0.1812,0.2785,3,Jalan Sadakeling
29489136_1014722585_STOP369,0.1507,0.0884,0.2906,0.2158,0.0592,0.2187,3,Jalan Ibu Inggit Ganarsih
29489136_11380591251_STOP30,0.291,0.0187,0.1433,0.3352,0.0939,0.2854,10,Jalan Dewi Sartika
29489136_11739021643_STOP269,0.1647,0.019,0.2956,0.2539,0.0347,0.2107,5,Jalan Ibu Inggit Ganarsih
29489138_1014722585_STOP369,0.1999,0.0581,0.2184,0.312,0.0759,0.2614,11,Jalan Ibu Inggit Ganarsih
29489138_1831360476_STOP29,0.3142,0.0163,0.063,0.3608,0.1445,0.3196,4,Jalan Ibu Inggit Ganarsih
29489138_2034444650_STOP29,0.2762,0.0364,0.1333,0.1963,0.2441,0.2848,3,Jalan Sawah Kurung Raya
29489275_2614138769_STOP121,0.2272,0.071,0.3263,0.056,0.2071,0.2065,3,Jalan Raya Cibaduyut
29489275_29489276_STOP385,0.2602,0.0171,0.1859,0.2791,0.1041,0.2613,8,Jalan Raya Cibaduyut
29489276_29489275_STOP121,0.2628,0.0166,0.1708,0.3181,0.0823,0.27,8,Jalan Raya Cibaduyut
29489276_5353902926_STOP385,0.1756,0.0206,0.393,0.1137,0.1869,0.1936,4,Jalan Indrayasa
29489276_9713565227_STOP397,0.2738,0.0345,0.182,0.2332,0.142,0.2624,24,Jalan Raya Cibaduyut
29489287_13010031522_STOP135,0.2311,0.0858,0.2101,0.1413,0.2142,0.2547,18,Jalan Kyai Haji Wahid Hasyim
29489287_29489275_STOP121,0.0665,0.0796,0.4,0.1814,0.0814,0.1873,13,Jalan Cibaduyut
29489287_307882486_STOP598,0.0671,0.0843,0.3522,0.0864,0.2412,0.207,11,Jalan Caringin
29489287_6616389060_STOP108,0.3181,0.0319,0.1836,0.1343,0.2251,0.2572,3,Jalan Kyai Haji Wahid Hasyim
29489290_588189886_STOP135,0.2715,0.0222,0.0052,0.2046,0.2881,0.3142,1,Jalan Kopo Sayati
29489323_1980735013_STOP722,0.2185,0.0358,0.0488,0.405,0.0897,0.3156,13,Jalan R.A.A. Martanegara
29489323_3068325990_STOP710,0.2664,0.0269,0.1562,0.2365,0.1851,0.2758,13,Jalan Reog
29489323_4146694789_STOP49,0.2691,0.0684,0.0627,0.4318,0.0468,0.3224,3,Jalan R.A.A. Martanegara
29489330_3277874428_STOP252,0.268,0.0736,0.177,0.1788,0.1885,0.2657,20,Jalan Jenderal Gatot Subroto
29489330_4146694789_STOP49,0.2847,0.0562,0.1063,0.3537,0.093,0.3031,16,Jalan Turangga
29489421_1849960227_STOP416,0.2769,0.0437,0.1049,0.4204,0.0371,0.3061,14,Jalan PH. H. Mustofa
29489421_295556217_STOP344,0.2142,0.0388,0.154,0.4219,0.0258,0.2891,15,Jalan PH. H. Mustofa
29489421_30236636_STOP638,0.2438,0.0208,0.1703,0.2102,0.1746,0.2597,10,Jalan Cikutra
29489421_5205570048_STOP621,0.2486,0.0163,0.2075,0.1807,0.1927,0.2494,20,Jalan Cikutra
29489509_2037649896_STOP478,0.1609,0.0244,0.0963,0.4061,0.0359,0.2873,21,"['Jalan Cisatu 1', 'Jalan Cisatu', 'Jalan Kapten Tendean']"
29489509_2316743947_STOP19,0.2781,0.0239,0.0425,0.5077,0.0288,0.3357,7,Jalan Ciumbuleuit
29489509_2316743959_STOP66,0.2834,0.0386,0.1158,0.3497,0.0986,0.2983,32,Jalan Ciumbuleuit
295555957_1681348740_STOP146,0.314,0.0109,0.1203,0.2332,0.1957,0.2844,1,Jalan Padasuka
295555957_3271894417_STOP626,0.2274,0.0393,0.1156,0.2858,0.1601,0.289,4,Jalan Padasuka
295555957_5391571114_STOP146,0.3012,0.0213,0.2251,0.1197,0.2556,0.2504,2,Jalan PH. H. Mustofa
295556217_2477161772_STOP625,0.2916,0.0187,0.1231,0.2692,0.1742,0.2887,10,Jalan Cimuncang
295556217_29489421_STOP57,0.2436,0.0278,0.1523,0.4063,0.0497,0.2914,15,Jalan PH. H. Mustofa
295556217_5391571114_STOP146,0.2373,0.0259,0.1223,0.3208,0.1113,0.2846,7,Jalan PH. H. Mustofa
2958252668_1660260879_STOP169,0.2484,0.1035,0.3464,0.1675,0.0256,0.2002,3,Jalan Cikapayang
2958252668_5825261667_STOP236,0.3223,0.0098,0.247,0.2128,0.0447,0.2222,1,Jalan Ir. H. Djuanda
2958252669_11180921761_STOP72,0.3153,0.0848,0.0959,0.403,0.0035,0.3059,1,Jalan Tamansari
2958252669_2325449629_STOP72,0.3153,0.0848,0.0959,0.403,0.0035,0.3059,1,
2958252669_7345830961_STOP72,0.2115,0.0434,0.0971,0.3536,0.0582,0.286,2,Jalan Tamansari
2958261171_1658956030_STOP630,0.2931,0.0064,0.0344,0.3551,0.1673,0.3238,18,Jalan Dr. Djunjunan
2958261173_3048202811_STOP81,0.2686,0.017,0.0473,0.4309,0.1324,0.3356,6,Jalan Dr. Djunjunan
2958261173_5353615188_STOP353,0.1902,0.0119,0.095,0.2683,0.2732,0.3059,19,Jalan Layang Professor Mochtar Kusumaatmadja
2958261185_2958261192_STOP81,0.3393,0.0109,0.1115,0.1438,0.2547,0.2762,1,Jalan HOS. Cokroaminoto
2958261185_5826215870_STOP81,0.3393,0.0109,0.1115,0.1438,0.2547,0.2762,1,Jalan Pasteur
2958261185_9857713262_STOP80,0.3262,0.0156,0.087,0.2067,0.2364,0.2938,3,Jalan Pasir Kaliki
2958261186_2958261187_STOP123,0.0256,0.0002,0.1461,0.204,0.3883,0.289,3,Jalan Pasteur
2958261186_5826215870_STOP123,0.0704,0.0007,0.1782,0.1782,0.364,0.2749,1,Jalan Pasteur
2958261187_5353724829_STOP353,0.1753,0.0137,0.033,0.3496,0.2697,0.3376,5,Jalan Pasteur
2958261192_1658958704_STOP81,0.3725,0.0086,0.3917,0.0974,0.001,0.1597,1,Jalan HOS. Cokroaminoto
2958261192_2958261193_STOP81,0.3725,0.0086,0.3917,0.0974,0.001,0.1597,1,Jalan Dokter Djunjunan
2958261193_2325451114_STOP81,0.3903,0.0177,0.2875,0.1294,0.1001,0.2133,1,Jalan Dr. Djunjunan
2958261193_2539998099_STOP81,0.3903,0.0177,0.2875,0.1294,0.1001,0.2133,1,Jalan HOS. Cokroaminoto
2962096312_25495439_STOP196,0.2,0.0879,0.1454,0.3498,0.0658,0.2872,1,Jalan Wastukancana
2962096518_12809237529_STOP483,0.3213,0.0294,0.0992,0.3699,0.103,0.3098,4,Jalan Abdul Rivai
2962096532_10793008394_STOP483,0.2076,0.043,0.0986,0.378,0.009,0.2802,1,Jalan Cihampelas
2962096532_10793008397_STOP483,0.2076,0.043,0.0986,0.378,0.009,0.2802,1,Jalan Cihampelas
2962096536_2962096312_STOP483,0.3501,0.023,0.1046,0.2898,0.1394,0.2957,2,"['Jalan Wastukancana', 'Jalan Cihampelas']"
2962096536_2962096518_STOP483,0.3813,0.0306,0.093,0.3054,0.1384,0.3066,2,Jalan Cihampelas
3007950794_2858054060_STOP426,0.3482,0.0302,0.0396,0.3084,0.1962,0.3265,5,Jalan Abdul Haris Nasution
3007950794_3380407826_STOP422,0.1121,0.0344,0.204,0.2895,0.1465,0.261,37,"['Jalan Panghegar', 'Jalan Pangaritan']"
3007950794_665709306_STOP425,0.2756,0.0503,0.1282,0.2792,0.1785,0.2968,13,Jalan Abdul Haris Nasution
302246829_2519403290_STOP505,0.2194,0.0771,0.2117,0.3117,0.0752,0.2679,9,Jalan Terusan Jakarta
302246829_3270416574_STOP504,0.2218,0.0195,0.108,0.3809,0.0853,0.2955,1,Jalan Purwakarta
30236623_12692455340_STOP265,0.1915,0.0586,0.2313,0.2945,0.0839,0.2555,48,"['Jalan Cikutra Barat', 'Jalan Sadang Serang', 'Jalan Tubagus Ismail']"
30236623_1746299906_STOP23,0.1994,0.0335,0.2171,0.2698,0.1167,0.2542,85,"['Jalan Cigadung Raya Barat', 'Jalan Cikondang', 'Jalan Raya Golf', 'Jalan Cibeunying Kolot I', 'Jalan Ir. H. Djuanda']"
30236623_30236624_STOP639,0.2586,0.0487,0.2623,0.044,0.2412,0.2198,6,Jalan Cikutra Barat
30236624_30236623_STOP639,0.1585,0.0548,0.2667,0.1214,0.218,0.2277,6,Jalan Cikutra Barat
30236624_3274608590_STOP639,0.1369,0.0258,0.3347,0.2255,0.1764,0.2304,5,Jalan Cikutra Barat
30236636_29489421_STOP57,0.2157,0.0263,0.2316,0.2548,0.1268,0.2502,10,Jalan Cikutra
30236636_3274608591_STOP54,0.084,0.075,0.2556,0.2578,0.1712,0.2552,20,Jalan Cikutra
3028412267_12806717331_STOP112,0.2569,0.0575,0.2488,0.1591,0.1597,0.2375,7,Jalan Andir
3028412267_1837401665_STOP279,0.0806,0.1669,0.5182,0.0433,0.0534,0.14,4,Jalan Jendral Sudirman
3028412267_3252879876_STOP279,0.237,0.0925,0.377,0.0503,0.1391,0.1855,1,Jalan Andir
303034042_13239081325_STOP90,0.3355,0.0005,0.1868,0.0914,0.368,0.275,1,
303034042_5346161426_STOP90,0.3355,0.0005,0.1868,0.0914,0.368,0.275,1,Jalan Golf Barat
303034652_35136034_STOP16,0.2591,0.0373,0.1565,0.2568,0.1675,0.2788,31,Jalan Abdul Haris Nasution
303034652_4620173045_STOP380,0.0022,0.0284,0.1287,0.5333,0.0005,0.2967,1,Jalan Abdul Haris Nasution
3048202811_1658946837_STOP81,0.1801,0.0255,0.1769,0.5231,0.0007,0.3037,4,Jalan Dr. Djunjunan
3048202811_3048202812_STOP81,0.2784,0.0573,0.0562,0.5383,0.0,0.3424,1,
3048202812_2958261171_STOP592,0.3242,0.053,0.1771,0.2236,0.1167,0.2627,6,Jalan Dr. Djunjunan
3056186235_6609222555_STOP44,0.2013,0.0729,0.3224,0.2142,0.0736,0.219,4,Jalan Jakarta
3056186235_7715327378_STOP633,0.1903,0.0534,0.1671,0.2864,0.1779,0.285,9,Jalan Jakarta
3056186235_8123220088_STOP246,0.1233,0.0556,0.2522,0.3164,0.1048,0.2568,2,Jalan Jakarta
30602861_3278061604_STOP545,0.2494,0.0273,0.2033,0.2497,0.112,0.2528,2,Jalan Cikawao
30602861_5360355190_STOP796,0.1476,0.0133,0.0392,0.4366,0.0739,0.311,1,Jalan Karapitan
306334264_1658431511_STOP489,0.2092,0.0507,0.303,0.2136,0.1086,0.2268,25,Jalan Cibogo
306334264_29356793_STOP351,0.1898,0.0898,0.1201,0.2374,0.1626,0.2808,3,Jalan Sariwangi
306334264_700728686_STOP391,0.0935,0.1465,0.286,0.387,0.0183,0.2664,3,Jalan Sariwangi
3068325990_1107494473_STOP740,0.1186,0.0765,0.3003,0.1331,0.1805,0.2172,10,Jalan Karawitan
3068325990_1980677025_STOP651,0.1967,0.0643,0.2326,0.2269,0.1454,0.2521,5,Jalan Karawitan
3068325990_29489323_STOP708,0.2723,0.0309,0.1116,0.343,0.1166,0.2987,13,Jalan Reog
307882486_3115501961_STOP498,0.1784,0.0555,0.2257,0.1722,0.1961,0.2458,42,Jalan Caringin
307882486_3252877763_STOP384,0.2338,0.0511,0.2259,0.0893,0.2696,0.2439,6,Jalan Babakan Ciparay
3110090805_1982408562_STOP801,0.3269,0.0444,0.1171,0.4136,0.0165,0.3022,3,Jalan Sadakeling
3110265315_1982777430_STOP642,0.2155,0.0368,0.2269,0.155,0.2348,0.2501,11,Jalan Inhoftank
3110265315_3110265322_STOP310,0.2039,0.0396,0.3692,0.0724,0.1618,0.1851,12,Jalan Haji Kurdi
3110265315_5353902941_STOP22,0.2756,0.024,0.1271,0.3836,0.0786,0.298,6,Jalan Inhoftank
3110265322_1014722257_STOP593,0.3114,0.0448,0.1099,0.3014,0.1312,0.2968,8,Jalan Mohammad Toha
3110265322_3110265315_STOP465,0.1829,0.0472,0.3967,0.0476,0.1701,0.175,12,Jalan Haji Kurdi
3110265322_3272371137_STOP275,0.3452,0.0251,0.099,0.2611,0.1747,0.2967,10,Jalan Mohammad Toha
3110266609_29380398_STOP496,0.1744,0.0497,0.2802,0.1914,0.1505,0.2304,36,"['Jalan Gempol', 'Jalan Gempol Sari']"
3115041391_1982777430_STOP465,0.3757,0.0107,0.1818,0.0949,0.3038,0.2669,1,Jalan Inhoftank
3115041391_9152581660_STOP198,0.3001,0.0142,0.0732,0.3243,0.1497,0.3066,10,Jalan Soekarno-Hatta
3115041391_9253047317_STOP198,0.2075,0.0096,0.1532,0.2318,0.1119,0.2472,15,"['Jalan Karasak Barat', 'Jalan Mekar Wangi', 'Jalan Mekar Puspita']"
3115112874_2325453554_STOP401,0.1936,0.0348,0.3611,0.042,0.2035,0.1856,15,Jalan Cigondewah Kaler
3115112874_3115501961_STOP498,0.1952,0.0248,0.1631,0.1907,0.1988,0.2569,12,
3115112874_6425545180_STOP497,0.2285,0.0555,0.2999,0.0761,0.2053,0.2131,22,Jalan Cigondewah Kaler
3115137890_5458167277_STOP334,0.3473,0.0117,0.0516,0.2476,0.2345,0.3122,1,Bunderan Elok
3115157722_2501590821_STOP335,0.0998,0.1259,0.2537,0.1425,0.1879,0.2368,5,Jalan Batununggal Indah Raya
3115157722_8841514869_STOP122,0.2869,0.0,0.0696,0.3333,0.1748,0.3119,1,Jalan Bantununggal Asih Lll
3115157726_2501590821_STOP335,0.1587,0.0381,0.0556,0.4695,0.0453,0.3173,1,Jalan Batununggal Indah II
3115157726_8841514869_STOP122,0.1213,0.016,0.0951,0.3868,0.2034,0.318,5,Jalan Batununggal Indah Raya
3115157727_5847788408_STOP334,0.3078,0.007,0.1004,0.1511,0.3432,0.2982,1,Bunderan Raya-1
3115159440_6609292743_STOP331,0.1742,0.0328,0.159,0.2482,0.227,0.2813,7,Jalan Batununggal Indah Raya
3115159440_7310779096_STOP323,0.2142,0.0463,0.2577,0.1724,0.1537,0.2322,8,"['Jalan Batununggal', 'Jalan Batununggal Indah Raya']"
3115501961_307882486_STOP598,0.1737,0.0605,0.2439,0.1622,0.1886,0.2387,42,Jalan Caringin
3115501961_3115112874_STOP498,0.2187,0.0218,0.1723,0.1844,0.1878,0.2526,12,
3115501961_3445438782_STOP803,0.2827,0.0335,0.1518,0.183,0.2048,0.2683,18,Jalan Holis
3115995953_29380403_STOP496,0.0464,0.0683,0.364,0.3712,0.0268,0.2318,2,
312086542_2034531650_STOP519,0.138,0.1152,0.0481,0.4441,0.0442,0.3239,2,Jalan Siliwangi
312086670_1342112672_STOP233,0.2601,0.0525,0.0871,0.4276,0.0,0.3017,3,Jalan Sangkuriang
312086670_1708607132_STOP618,0.221,0.0282,0.2176,0.2571,0.1052,0.2485,12,"['Jalan Cisitu Lama VIII', 'Jalan Cisitu Lama']"
312086670_5463399920_STOP66,0.1823,0.04,0.0641,0.5063,0.0588,0.3332,9,Jalan Sangkuriang
312524188_12816121757_STOP23,0.2812,0.0103,0.122,0.2334,0.2553,0.2957,1,Jalan Ir. H. Djuanda
312524188_1746299906_STOP23,0.2089,0.0152,0.1892,0.1264,0.298,0.258,4,Jalan Ir. H. Djuanda
319706149_319706490_STOP19,0.2295,0.0511,0.1793,0.3399,0.074,0.2767,20,Jalan Punclut
319706149_6622500668_STOP19,0.1705,0.0391,0.1869,0.3759,0.0497,0.272,16,Jalan Rereongan Sarupi
319706490_2316743942_STOP19,0.2467,0.0244,0.2069,0.136,0.2135,0.2427,5,Jalan Ciumbuleuit
319706490_319706149_STOP19,0.2434,0.0536,0.1815,0.3291,0.0793,0.2764,20,Jalan Punclut
319706490_479733030_STOP19,0.2548,0.005,0.1726,0.264,0.1048,0.256,2,Jalan Ciumbuleuit
320093962_1659928185_STOP150,0.1725,0.1471,0.2378,0.177,0.1306,0.2468,2,Jalan Dr. Setiabudi
320093962_320094027_STOP150,0.2268,0.129,0.1655,0.2392,0.1463,0.282,2,Jalan Raden Adipati Aria Wiranatakusumah
320093965_29358926_STOP66,0.1601,0.1592,0.2853,0.2062,0.0982,0.2415,6,Jalan Dr. Setiabudi
320094027_29357928_STOP150,0.3251,0.0391,0.0202,0.5112,0.0097,0.3431,3,Jalan Raden Adipati Aria Wiranatakusumah
320094027_320093962_STOP150,0.3562,0.0492,0.0422,0.3954,0.0747,0.3264,2,Jalan Raden Adipati Aria Wiranatakusumah
32042327_2041502893_STOP340,0.2924,0.0176,0.0416,0.483,0.0066,0.323,4,Jalan Belitung
32042327_25433457_STOP699,0.2434,0.0331,0.0639,0.4556,0.0225,0.3136,8,Jalan Kalimantan
32042327_6442819831_STOP13,0.2611,0.0069,0.0334,0.4864,0.0294,0.3257,3,Jalan Belitung
3229412583_11735248696_STOP87,0.2001,0.048,0.2516,0.2658,0.0847,0.2428,10,Jalan Terusan Jakarta
3244221166_3244221167_STOP827,0.3008,0.0471,0.08,0.4692,0.025,0.3245,1,
3244221166_3272708318_STOP827,0.3008,0.0471,0.08,0.4692,0.025,0.3245,1,Jalan Soekarno-Hatta
3244221167_6610025538_STOP827,0.2177,0.039,0.0731,0.3823,0.1077,0.3103,2,Jalan Soekarno-Hatta
3245886198_25433989_STOP493,0.2627,0.0537,0.2198,0.2654,0.1059,0.2601,14,Jalan Raya Cijerah
3245886198_5344074239_STOP281,0.2497,0.0603,0.3103,0.1553,0.1691,0.2294,1,Jalan Raya Cijerah
3245886198_5648631891_STOP281,0.2798,0.0448,0.1752,0.3064,0.0864,0.2742,2,Jalan Jendral Sudirman
3248886992_11235233277_STOP59,0.4156,0.0075,0.0115,0.2969,0.2329,0.3386,1,Jalan BKR
3249461526_25447039_STOP65,0.1012,0.0711,0.1473,0.364,0.0839,0.2824,7,Jalan Sampurna
3249461526_29379226_STOP17,0.158,0.0079,0.1927,0.1898,0.1764,0.2395,2,Jalan Sederhana
3249461526_29379229_STOP149,0.2608,0.0521,0.1757,0.2002,0.15,0.2577,8,Jalan Sederhana
32524281_1660289594_STOP159,0.3486,0.0235,0.0181,0.4272,0.0745,0.3337,5,Jalan Majapahit
32524281_1849525905_STOP669,0.231,0.049,0.0324,0.5089,0.0868,0.3524,3,Jalan Diponegoro
3252877763_2325453511_STOP384,0.3611,0.0174,0.0499,0.1548,0.3262,0.3101,1,Jalan Babakan Ciparay
3252877763_5862588302_STOP342,0.3208,0.0324,0.0942,0.0912,0.339,0.2865,17,Jalan Soekarno-Hatta
3252879876_1911634996_STOP375,0.2971,0.0598,0.3104,0.1151,0.1338,0.2131,9,Jalan Jendral Sudirman
3252879876_3028412267_STOP279,0.3285,0.0264,0.3894,0.0197,0.1609,0.1759,1,Jalan Andir
3252892639_25433989_STOP493,0.2921,0.0271,0.1403,0.3179,0.1,0.284,19,Jalan Raya Cijerah
3252892639_29380403_STOP496,0.1704,0.0093,0.2254,0.0621,0.2597,0.2186,2,Jalan Raya Cijerah
3252892639_29380518_STOP802,0.1369,0.0499,0.222,0.2549,0.1289,0.2491,19,Jalan Bojong Raya
3252963731_1930140491_STOP256,0.2193,0.0484,0.1468,0.3716,0.0708,0.2888,5,Jalan Kotabaru Raya
3252963731_2325453371_STOP256,0.0409,0.0775,0.1571,0.4801,0.0067,0.2917,1,Jalan Mochammad Ramdhan
3252963731_3277416907_STOP256,0.224,0.0563,0.2252,0.3113,0.0465,0.2549,6,Jalan Mochammad Ramdhan
3255889293_2614140398_STOP828,0.3032,0.0356,0.0123,0.4601,0.1223,0.3542,1,Jalan Soekarno-Hatta
3255889293_3255889294_STOP828,0.3032,0.0356,0.0123,0.4601,0.1223,0.3542,1,
3255889294_7673353740_STOP828,0.0862,0.0148,0.0226,0.3959,0.1152,0.3057,2,Jalan Soekarno-Hatta
3255889294_7673353742_STOP828,0.1462,0.0153,0.0014,0.3256,0.1777,0.3096,1,
3255889295_2614140398_STOP361,0.3628,0.0082,0.0593,0.1868,0.2976,0.3095,1,
3255889295_3255889294_STOP361,0.3628,0.0082,0.0593,0.1868,0.2976,0.3095,1,Jalan Soekarno-Hatta
3256092261_25435352_STOP300,0.2613,0.0489,0.4597,0.0761,0.0601,0.1548,6,Jalan Asia Afrika
3256092261_29354883_STOP680,0.3017,0.0608,0.2041,0.2766,0.0585,0.2593,5,Jalan Banceuy
3269294963_25433670_STOP483,0.3663,0.0071,0.0319,0.3817,0.0991,0.3225,1,Jalan Abdul Rivai
3269303931_11104754744_STOP483,0.2373,0.0042,0.0299,0.5352,0.0153,0.3345,1,Bundaran Rajiman
3269303931_11149984612_STOP483,0.2373,0.0042,0.0299,0.5352,0.0153,0.3345,1,Jalan Doktor Louis Otten
3269364717_11382550192_STOP576,0.3684,0.0453,0.0575,0.2321,0.2532,0.3202,1,
3269364717_1666747518_STOP576,0.3684,0.0453,0.0575,0.2321,0.2532,0.3202,1,Jalan Citarum
3269364718_10173603853_STOP576,0.1905,0.0033,0.0597,0.4119,0.1098,0.3118,1,Jalan Citarum
3269364718_5369368116_STOP576,0.1905,0.0033,0.0597,0.4119,0.1098,0.3118,1,
3269364722_11181678841_STOP806,0.2494,0.0073,0.129,0.3627,0.0844,0.287,2,Jalan Taman Citarum
3269364726_10173603863_STOP576,0.2852,0.0116,0.0044,0.5599,0.0251,0.3544,3,Jalan Citarum
3269364726_25778195_STOP806,0.4061,0.0123,0.0027,0.4536,0.0736,0.3471,1,Jalan Cilaki
3269381709_7715326202_STOP576,0.2404,0.0347,0.0318,0.5416,0.0296,0.3461,4,Jalan Ciliwung
3269381709_7715326215_STOP665,0.3332,0.0018,0.0562,0.4684,0.0813,0.3361,1,Jalan Cibeunying Selatan
3269381712_10101152064_STOP665,0.1711,0.0008,0.0184,0.5778,0.004,0.3389,1,Jalan Cihapit
3269381712_5369325245_STOP665,0.1711,0.0008,0.0184,0.5778,0.004,0.3389,1,Jalan Cibeunying Selatan
3269421784_3269421786_STOP172,0.4158,0.0168,0.0297,0.3878,0.105,0.3331,1,
3269421784_7715289717_STOP172,0.4158,0.0168,0.0297,0.3878,0.105,0.3331,1,Jalan Cilaki
3269421786_3269421787_STOP172,0.2194,0.1088,0.0023,0.5646,0.0049,0.364,1,
3269421787_10171865531_STOP172,0.4148,0.0178,0.0238,0.3782,0.0963,0.329,1,Jalan Ciliwung
3269421787_3269421789_STOP172,0.4148,0.0178,0.0238,0.3782,0.0963,0.329,1,
3269421789_1855697097_STOP172,0.4244,0.0056,0.0358,0.4908,0.0001,0.3355,1,
3269421791_12862489543_STOP172,0.0601,0.1605,0.7121,0.0,0.0,0.0813,1,
3269421791_9834956696_STOP172,0.0601,0.1605,0.7121,0.0,0.0,0.0813,1,Jalan Bengawan
3269421803_1855697149_STOP284,0.268,0.0172,0.0295,0.5384,0.026,0.3438,2,Jalan Bengawan
3269421803_9834956696_STOP172,0.3014,0.0127,0.0451,0.48,0.0165,0.3241,5,Jalan Bengawan
3269462129_1666714153_STOP555,0.3528,0.0419,0.0438,0.2971,0.2016,0.3266,2,Jalan Brigjend. Katamso
3269462129_1849960371_STOP53,0.3262,0.0276,0.1533,0.2845,0.1163,0.2796,10,Jalan Brigjend. Katamso
3269462129_2325451810_STOP51,0.3615,0.0331,0.0393,0.389,0.133,0.3368,1,Jalan Brigjend. Katamso
3270228962_29354375_STOP678,0.2871,0.0104,0.2232,0.1726,0.1516,0.237,2,
3270228962_29354379_STOP678,0.2015,0.0101,0.5,0.0427,0.0538,0.1234,2,
3270416565_5332863119_STOP395,0.0941,0.099,0.6458,0.0697,0.0,0.1032,1,
3270416565_6637693193_STOP395,0.0941,0.099,0.6458,0.0697,0.0,0.1032,1,Jalan Terusan Jakarta
3270416567_3270416565_STOP395,0.1874,0.0263,0.3526,0.086,0.1188,0.1766,4,Jalan Terusan Jakarta
3270416567_5392239245_STOP503,0.1879,0.0254,0.093,0.3039,0.1988,0.3008,1,Jalan Terusan Jakarta
3270416574_2519403293_STOP505,0.2718,0.0259,0.1913,0.1667,0.2089,0.2559,11,Jalan Purwakarta
3270416574_302246829_STOP504,0.352,0.0105,0.0765,0.3106,0.1487,0.3062,1,Jalan Purwakarta
3270416574_3270416567_STOP503,0.2092,0.0335,0.0848,0.3875,0.1143,0.3097,14,Jalan Terusan Jakarta
3270422962_5392239252_STOP219,0.3332,0.0012,0.0378,0.2167,0.2627,0.3086,1,Jalan H. Ibrahim Adjie
3270422962_6637693188_STOP219,0.3332,0.0012,0.0378,0.2167,0.2627,0.3086,1,Jalan Terusan Jakarta
3270434503_2519403290_STOP505,0.2967,0.0132,0.1534,0.2806,0.1215,0.2739,1,Jalan Subang
3270434503_2519403293_STOP505,0.2645,0.0234,0.1969,0.2867,0.1063,0.2642,9,Jalan Subang
3270434503_3270416574_STOP504,0.2071,0.0299,0.0707,0.4124,0.114,0.3183,9,Jalan Terusan Jakarta
3270445561_11735248699_STOP637,0.058,0.0937,0.5696,0.0021,0.1173,0.1191,1,Jalan Cibatu
3270445561_3270445564_STOP637,0.056,0.0622,0.5063,0.001,0.1584,0.132,2,Jalan Terusan Jakarta
3270445562_11419915998_STOP90,0.3876,0.0123,0.0073,0.1517,0.312,0.3136,1,Jalan Golf Barat
3270445562_3270445564_STOP637,0.3089,0.0195,0.1492,0.2016,0.2137,0.2763,4,Jalan Terusan Jakarta
3270445564_11735248699_STOP637,0.3004,0.0263,0.2085,0.136,0.2146,0.2485,2,Jalan Terusan Jakarta
3270445564_3270445562_STOP637,0.3232,0.023,0.1896,0.1198,0.2543,0.258,4,Jalan Terusan Jakarta
3270445568_2519395099_STOP90,0.2525,0.0432,0.1884,0.2339,0.1638,0.2667,9,Jalan Kuningan
3270445568_2519398522_STOP90,0.3665,0.0225,0.0844,0.2458,0.1755,0.2961,1,Jalan Kuningan
3270445568_5394983543_STOP505,0.2376,0.0097,0.0665,0.3858,0.1554,0.3203,4,Jalan Terusan Jakarta
3270489611_11419915997_STOP90,0.3124,0.0695,0.1855,0.1351,0.2447,0.269,6,Jalan Terusan Jakarta
3270489611_3270489660_STOP90,0.3733,0.0197,0.1423,0.1205,0.3041,0.2821,3,
3270489638_2519395099_STOP90,0.2718,0.0328,0.1991,0.0972,0.2658,0.2495,3,Jalan Kuningan
3270489638_2519403309_STOP451,0.2394,0.0317,0.1779,0.1717,0.2351,0.2639,25,"['Jalan Cibodas Raya', 'Jalan Kuningan']"
3270489638_5395315581_STOP90,0.1726,0.0498,0.2814,0.1394,0.2062,0.2284,4,Jalan Cibatu
3270489660_3270489611_STOP90,0.3877,0.0066,0.089,0.1374,0.3097,0.2954,3,
3271894417_2325451308_STOP626,0.2179,0.0508,0.1998,0.4118,0.0197,0.2805,2,Jalan Jenderal Ahmad Yani
3271894417_2493372404_STOP207,0.2138,0.0645,0.1755,0.3601,0.0776,0.2854,9,Jalan Jenderal Ahmad Yani
3272226044_1667742500_STOP200,0.0766,0.0202,0.0222,0.4268,0.1455,0.3228,15,Jalan Sekejati
3272226044_6615831437_STOP215,0.1107,0.1597,0.1014,0.4474,0.062,0.3275,10,Jalan Soekarno-Hatta
3272242233_5447158315_STOP20,0.3582,0.039,0.0513,0.1334,0.3274,0.3078,1,Jalan Terusan Kiara Condong
3272299563_1108674456_STOP460,0.2172,0.0298,0.212,0.1406,0.2346,0.2467,8,"['Jalan Jati Indah Raya', 'Jalan Rajamantri Kidul', 'Jalan Batu Kencana']"
3272299563_8123313717_STOP20,0.0923,0.1011,0.2065,0.216,0.2115,0.2661,13,Jalan Soekarno-Hatta
3272299574_1914135257_STOP468,0.2649,0.0229,0.1474,0.311,0.1293,0.2846,18,Jalan Cijagra
3272299574_3272643957_STOP333,0.1821,0.0922,0.0802,0.4204,0.0495,0.3131,17,Jalan Soekarno-Hatta
3272299574_5825176142_STOP595,0.2293,0.0309,0.0897,0.1587,0.2578,0.2777,1,Jalan Waas
3272344712_2500902327_STOP595,0.2902,0.0106,0.246,0.0974,0.2242,0.2295,4,Jalan Waas
3272344712_5825176142_STOP595,0.2922,0.0495,0.0286,0.3005,0.1962,0.324,3,Jalan Waas
3272350517_3272360369_STOP319,0.249,0.0202,0.2217,0.1308,0.2419,0.2454,7,Jalan Soekarno-Hatta
3272360369_389137494_STOP256,0.2551,0.0445,0.1478,0.2253,0.2029,0.2805,24,Jalan Sriwijaya
3272360369_6619012655_STOP461,0.2039,0.0223,0.1102,0.2858,0.177,0.2883,6,Jalan Soekarno-Hatta
3272371131_2325414603_STOP185,0.1947,0.0472,0.2888,0.0862,0.2764,0.2305,1,Jalan Soekarno-Hatta
3272371131_3272371137_STOP275,0.2112,0.03,0.2121,0.124,0.2559,0.2464,2,
3272371137_2325414603_STOP275,0.2277,0.0129,0.1354,0.1617,0.2354,0.2624,1,Jalan Mohammad Toha
3272371137_3110265322_STOP310,0.2993,0.0292,0.2144,0.2106,0.1506,0.2544,10,Jalan Mohammad Toha
3272371137_3272350517_STOP185,0.2605,0.0175,0.1826,0.0949,0.2832,0.2514,2,
3272376483_2325414606_STOP185,0.0214,0.0012,0.1079,0.0357,0.3937,0.2453,1,Jalan Soekarno-Hatta
3272376483_3272376486_STOP185,0.0214,0.0012,0.1079,0.0357,0.3937,0.2453,1,
3272376486_2325414606_STOP185,0.3904,0.0198,0.0572,0.3269,0.1336,0.3159,1,Jalan Mohammad Toha
3272376486_6428110632_STOP186,0.2933,0.0341,0.1159,0.2692,0.1612,0.2898,15,Jalan Mohammad Toha
3272376486_9973785684_STOP185,0.2765,0.0268,0.062,0.226,0.2228,0.2972,2,
3272382561_10134513808_STOP121,0.2388,0.0558,0.3518,0.0264,0.3066,0.2168,2,Jalan Soekarno-Hatta
3272382561_3272382565_STOP121,0.1707,0.0758,0.4338,0.0978,0.183,0.1922,2,
3272382565_5862690001_STOP157,0.294,0.0617,0.1325,0.2834,0.1378,0.2914,12,Jalan Leuwi Panjang
3272382566_10125575435_STOP121,0.1872,0.0325,0.1924,0.2277,0.1329,0.2479,1,Jalan Leuwi Panjang
3272382566_3272382569_STOP121,0.1872,0.0325,0.1924,0.2277,0.1329,0.2479,1,
3272382569_10043935231_STOP121,0.2732,0.0107,0.2558,0.0516,0.2418,0.217,2,Jalan Soekarno-Hatta
3272384461_10134513809_STOP121,0.2181,0.0035,0.1901,0.0261,0.2023,0.2024,1,Jalan Raya Cibaduyut
3272384461_10816174969_STOP121,0.2181,0.0035,0.1901,0.0261,0.2023,0.2024,1,
3272539236_2325452885_STOP343,0.2401,0.0029,0.4377,0.0892,0.1162,0.1647,1,Jalan Terusan Pasir Koja
3272539236_3272539241_STOP382,0.2554,0.042,0.2374,0.1506,0.209,0.2457,2,
3272539241_5862588301_STOP383,0.3067,0.0516,0.1028,0.1992,0.2468,0.297,17,Jalan Soekarno-Hatta
3272542984_11369837179_STOP108,0.4013,0.015,0.0473,0.3815,0.1099,0.328,1,Jalan Kyai Haji Wahid Hasyim
3272542984_5355765057_STOP271,0.3271,0.0247,0.1232,0.2623,0.1511,0.2856,21,Jalan Kyai Haji Wahid Hasyim
3272542989_10186688804_STOP108,0.241,0.0201,0.4602,0.0886,0.0698,0.1531,2,Jalan Soekarno-Hatta
3272542990_11369837181_STOP108,0.1093,0.003,0.4623,0.0666,0.0083,0.1142,1,Jalan Soekarno-Hatta
3272542990_11369837186_STOP108,0.1093,0.003,0.4623,0.0666,0.0083,0.1142,1,
3272563961_2325452883_STOP343,0.228,0.1008,0.0412,0.1773,0.3177,0.3194,1,Jalan Soekarno-Hatta
3272563961_3272563966_STOP343,0.2106,0.0594,0.0631,0.3352,0.1588,0.3137,2,
3272563966_5348422779_STOP314,0.2268,0.0455,0.1582,0.3079,0.1181,0.2799,22,Jalan Terusan Pasir Koja
3272566403_11181449057_STOP270,0.2646,0.1096,0.0104,0.5092,0.0294,0.3569,1,Jalan Peta
3272566403_3272566410_STOP270,0.2646,0.1096,0.0104,0.5092,0.0294,0.3569,1,
3272566410_5355897677_STOP258,0.2646,0.0282,0.0186,0.4956,0.0359,0.337,1,Jalan Mohammad Toha
3272569143_7713266582_STOP226,0.2534,0.0481,0.0105,0.3254,0.1962,0.33,4,Jalan Peta
3272574294_6618370830_STOP131,0.3034,0.0621,0.1002,0.4132,0.0589,0.3164,3,Jalan Pelajar Pejuang 45
3272575990_1777901448_STOP412,0.2811,0.0382,0.1591,0.3366,0.0739,0.2813,13,Jalan Buah Batu
3272578338_10184467579_STOP131,0.3811,0.0086,0.0457,0.308,0.1878,0.3223,1,
3272578338_10239511223_STOP131,0.3811,0.0086,0.0457,0.308,0.1878,0.3223,1,Jalan Pelajar Pejuang 45
3272588432_12986852699_STOP748,0.2157,0.0438,0.2256,0.251,0.094,0.2453,7,Jalan Lodaya
3272588432_8979186743_STOP746,0.2507,0.0017,0.1377,0.2236,0.1873,0.2687,1,Jalan Lodaya
3272589082_3272599105_STOP254,0.3141,0.0234,0.0542,0.448,0.0722,0.3304,6,Jalan Pelajar Pejuang 45
3272599105_11181448954_STOP254,0.2148,0.0056,0.0295,0.3007,0.1912,0.3062,1,Jalan Pelajar Pejuang 45
3272599105_3272599108_STOP254,0.2148,0.0056,0.0295,0.3007,0.1912,0.3062,1,
3272599108_11181448954_STOP254,0.0532,0.1712,0.5549,0.019,0.1283,0.1441,1,Jalan Talaga Bodas
3272599108_2607816746_STOP580,0.086,0.1408,0.2739,0.3189,0.0681,0.2584,8,Jalan Talaga Bodas
3272599108_3272604915_STOP254,0.0532,0.1712,0.5549,0.019,0.1283,0.1441,1,
3272604915_9832971270_STOP435,0.3256,0.0273,0.0752,0.3463,0.1448,0.3168,7,Jalan Pelajar Pejuang 45
3272643957_2614138810_STOP333,0.0054,0.2021,0.1287,0.1231,0.1277,0.2405,1,
3272643957_8123304890_STOP333,0.0054,0.2021,0.1287,0.1231,0.1277,0.2405,1,Jalan Soekarno-Hatta
3272653270_8123304890_STOP229,0.397,0.0063,0.1179,0.012,0.394,0.2754,1,Jalan Buah Batu
3272653270_8123304891_STOP229,0.397,0.0063,0.1179,0.012,0.394,0.2754,1,Jalan Soekarno-Hatta
3272660513_3272660519_STOP363,0.0927,0.0286,0.0347,0.5455,0.0135,0.3268,1,
3272660513_3272660524_STOP363,0.0927,0.0286,0.0347,0.5455,0.0135,0.3268,1,Jalan Soekarno-Hatta
3272660519_7709492203_STOP442,0.1821,0.0185,0.0416,0.3957,0.1142,0.3129,3,Jalan Soekarno-Hatta
3272660524_5406559329_STOP363,0.2813,0.0165,0.0705,0.3765,0.1464,0.3204,1,
3272660524_7673681627_STOP148,0.2307,0.083,0.0885,0.2654,0.2112,0.3088,17,Jalan Soekarno-Hatta
3272670869_3272670870_STOP362,0.2462,0.0245,0.0307,0.4804,0.0088,0.3212,1,
3272670869_3272670872_STOP142,0.2908,0.018,0.0671,0.4537,0.0197,0.3136,4,Jalan Soekarno-Hatta
3272670870_3272670871_STOP142,0.1666,0.039,0.0676,0.4237,0.0542,0.305,4,Jalan Soekarno-Hatta
3272670871_2325453481_STOP363,0.1887,0.02,0.052,0.4059,0.0969,0.3111,6,Jalan Soekarno-Hatta
3272670871_3272670872_STOP142,0.0313,0.0292,0.0438,0.5056,0.0219,0.3096,1,
3272670872_1856650991_STOP142,0.2936,0.0034,0.083,0.4326,0.0268,0.3041,2,Jalan Soekarno-Hatta
3272680714_3272680717_STOP362,0.324,0.012,0.0312,0.2396,0.272,0.32,2,Jalan Venus Raya
3272680714_3272680726_STOP451,0.3506,0.0069,0.0395,0.1553,0.333,0.3104,1,Jalan Soekarno-Hatta
3272680717_3862534575_STOP362,0.3371,0.0496,0.0271,0.2431,0.2698,0.3299,1,Bunderan Metro
3272680725_3272680717_STOP362,0.3115,0.043,0.0585,0.2796,0.2451,0.3261,1,Bunderan Metro
3272680725_3272680726_STOP362,0.296,0.03,0.0424,0.303,0.2105,0.3228,2,Jalan Venus Raya
3272680726_3272670869_STOP362,0.3251,0.0254,0.0606,0.3551,0.1192,0.3148,2,Jalan Soekarno-Hatta
3272708317_3244221167_STOP827,0.181,0.01,0.1251,0.4309,0.0324,0.2887,1,Jalan Soekarno-Hatta
3272708317_3272708318_STOP827,0.181,0.01,0.1251,0.4309,0.0324,0.2887,1,
3272708318_3272725787_STOP240,0.3183,0.044,0.1095,0.288,0.1444,0.2967,3,Jalan Soekarno-Hatta
3272718018_1664487744_STOP604,0.2349,0.0334,0.1605,0.2062,0.1985,0.2676,14,Jalan Cipamokolan
3272718018_7673353744_STOP359,0.1846,0.0102,0.0749,0.4156,0.0599,0.2989,4,Jalan Soekarno-Hatta
3272722525_12013198365_STOP403,0.2406,0.0191,0.0856,0.1987,0.2471,0.2864,1,Jalan Soekarno-Hatta
3272722527_3272722528_STOP403,0.3001,0.1035,0.0973,0.2656,0.1746,0.3094,1,Jalan Gedebage Selatan
3272722527_6640711589_STOP141,0.2727,0.0454,0.1524,0.2192,0.2006,0.2794,12,Jalan Gedebage Selatan
3272722528_11549667668_STOP403,0.2964,0.0465,0.0721,0.1415,0.2775,0.29,2,Jalan Gedebage Selatan
3272722528_8456621393_STOP403,0.3094,0.0549,0.0657,0.1785,0.2728,0.3038,2,
3272725787_3272725789_STOP240,0.2547,0.0941,0.0467,0.294,0.1823,0.321,6,Jalan Soekarno-Hatta
3272725787_9327097034_STOP240,0.2748,0.0809,0.0243,0.4146,0.0719,0.3324,1,
3272725789_8456621396_STOP240,0.2154,0.0633,0.6117,0.0526,0.0146,0.1119,1,Jalan Soekarno-Hatta
3272727739_6380243449_STOP358,0.3671,0.0172,0.0351,0.3955,0.1076,0.3305,3,Jalan Soekarno-Hatta
3272727739_6380244014_STOP358,0.4161,0.0212,0.0209,0.2596,0.2479,0.3326,1,
3272727747_9544806499_STOP357,0.2778,0.0226,0.0357,0.4866,0.0376,0.3323,9,Jalan Soekarno-Hatta
3272727747_9544806503_STOP357,0.3615,0.0212,0.0488,0.3673,0.1139,0.3217,1,
3272727748_3272727747_STOP357,0.3482,0.0314,0.0322,0.3658,0.1294,0.3284,2,Jalan Soekarno-Hatta
3272727748_6640792414_STOP267,0.2462,0.0327,0.1266,0.3037,0.1663,0.2948,25,"['Jalan Cimincrang', 'Jalan Rancanumpang']"
3272728568_6615995650_STOP403,0.1953,0.0904,0.1553,0.3373,0.1143,0.2941,3,Jalan Soekarno-Hatta
3274608590_12819917454_STOP54,0.1009,0.1076,0.05,0.1092,0.3644,0.298,1,Jalan Cikutra Barat
3274608590_30236624_STOP639,0.095,0.0569,0.3575,0.1147,0.2281,0.2087,5,Jalan Cikutra Barat
3274608591_12819917454_STOP54,0.3275,0.0329,0.0485,0.2219,0.2649,0.3148,1,Jalan Cikutra
3274608591_30236636_STOP638,0.1407,0.0489,0.2546,0.1932,0.1826,0.2393,20,Jalan Cikutra
3274608591_5374108596_STOP527,0.2581,0.0271,0.0181,0.4403,0.0921,0.3336,12,Jalan Pahlawan
3274678437_2325451298_STOP627,0.2948,0.0313,0.2704,0.1372,0.1774,0.2307,1,
3274678437_2325451308_STOP626,0.3084,0.0296,0.2184,0.1402,0.2286,0.2532,2,Jalan Jenderal Ahmad Yani
3277353718_3277353721_STOP411,0.0,0.0837,0.0527,0.4394,0.0004,0.2908,1,Jalan Gurame
3277353718_3277353722_STOP411,0.0,0.0837,0.0527,0.4394,0.0004,0.2908,1,Jalan Mochammad Ramdhan
3277353721_389140807_STOP544,0.3393,0.0365,0.0846,0.4277,0.0206,0.312,3,Jalan Karapitan
3277353722_1777901379_STOP411,0.2918,0.0671,0.1227,0.3547,0.0711,0.2984,3,Jalan Mochammad Ramdhan
3277353722_1777901457_STOP411,0.2656,0.0204,0.2326,0.2602,0.1246,0.255,2,Jalan Cilentah
3277363480_12606352975_STOP620,0.2453,0.0621,0.1778,0.4088,0.0406,0.2931,2,Jalan Lengkong Kecil
3277363480_1849525974_STOP144,0.1405,0.0739,0.3046,0.2514,0.0656,0.225,11,Jalan Lengkong Kecil
3277363480_3277363483_STOP299,0.1807,0.0873,0.1857,0.3114,0.081,0.2713,4,Jalan Kaca Kaca Wetan
3277363483_3374033502_STOP144,0.1219,0.1755,0.223,0.2957,0.0765,0.2717,11,Jalan Asia Afrika
3277416899_2746818986_STOP256,0.1965,0.0771,0.1224,0.3963,0.0308,0.2933,4,Jalan BKR
3277416899_3277416907_STOP256,0.1372,0.0465,0.3081,0.1741,0.1473,0.2159,6,Jalan Sripohaci
3277416899_389137494_STOP256,0.135,0.0013,0.0,0.3524,0.0297,0.2769,1,Jalan Sriwijaya
3277416907_2746818952_STOP256,0.2871,0.079,0.1343,0.3644,0.0601,0.2987,4,Jalan Mochammad Ramdhan
3277416907_3252963731_STOP256,0.2638,0.0612,0.2665,0.2574,0.0476,0.2378,6,Jalan Mochammad Ramdhan
3277416907_3277416899_STOP256,0.1792,0.0418,0.2796,0.1604,0.1744,0.2261,6,Jalan Sripohaci
3277449482_2439053883_STOP63,0.156,0.1061,0.0342,0.3593,0.2526,0.3526,1,Jalan Tamansari
3277449482_3376669072_STOP63,0.156,0.1061,0.0342,0.3593,0.2526,0.3526,1,Jalan Wastukancana
3277469066_13648191536_STOP163,0.289,0.0518,0.137,0.4058,0.0388,0.3002,2,
3277469066_1857160790_STOP160,0.3013,0.0704,0.064,0.4777,0.0093,0.3302,7,Jalan Dipatiukur
3277871561_2520759347_STOP147,0.3928,0.0074,0.1678,0.1696,0.181,0.2617,2,Jalan L.L. RE. Martadinata
3277871564_25432860_STOP147,0.1952,0.1271,0.0612,0.3597,0.1316,0.3266,1,Jalan Jenderal Ahmad Yani
3277871564_3277871561_STOP147,0.2838,0.0666,0.0904,0.2797,0.1641,0.3031,2,
3277871565_25435152_STOP147,0.2907,0.0744,0.0669,0.3965,0.0826,0.3235,3,Jalan Laswi
3277871566_3277871565_STOP249,0.1737,0.1064,0.0482,0.4898,0.0164,0.3325,1,
3277871566_5391666890_STOP249,0.1737,0.1064,0.0482,0.4898,0.0164,0.3325,1,Jalan Jenderal Ahmad Yani
3277871570_5391666891_STOP147,0.2583,0.0256,0.0487,0.3084,0.2833,0.337,1,Jalan Laswi
3277871570_5391666897_STOP147,0.2583,0.0256,0.0487,0.3084,0.2833,0.337,1,
3277871574_2325452126_STOP147,0.2107,0.0993,0.1617,0.2349,0.139,0.2719,1,Jalan L.L. RE. Martadinata
3277871574_5391666889_STOP147,0.2107,0.0993,0.1617,0.2349,0.139,0.2719,1,
3277871582_1849525950_STOP89,0.0254,0.1696,0.0564,0.6075,0.0,0.3602,2,Jalan Jenderal Ahmad Yani
3277871582_7642312005_STOP89,0.0266,0.1699,0.0993,0.5385,0.0,0.3333,1,
3277874415_10167417684_STOP253,0.3905,0.005,0.0895,0.2822,0.1776,0.3057,1,Jalan Layang Laswi - Pelajar Pejuang 45
3277874415_3277874431_STOP252,0.29,0.0157,0.0689,0.2043,0.2468,0.2948,4,Jalan Laswi
3277874424_8418013666_STOP253,0.266,0.0586,0.1993,0.2423,0.1382,0.2657,5,Jalan Laswi
3277874425_11181354932_STOP435,0.3354,0.0794,0.1268,0.2576,0.1542,0.2962,1,Jalan Pelajar Pejuang 45
3277874425_3277874427_STOP435,0.3354,0.0794,0.1268,0.2576,0.1542,0.2962,1,
3277874427_2325452552_STOP435,0.2128,0.0145,0.2297,0.0167,0.2976,0.2191,1,Jalan Jenderal Gatot Subroto
3277874428_11181354936_STOP252,0.0046,0.0561,0.1013,0.2004,0.2058,0.2581,1,Jalan Jenderal Gatot Subroto
3277874428_3277874430_STOP252,0.0046,0.0561,0.1013,0.2004,0.2058,0.2581,1,
3277874430_9832971266_STOP435,0.3,0.0087,0.0821,0.1557,0.2775,0.2855,5,Jalan Pelajar Pejuang 45
3277874431_11181354935_STOP252,0.2596,0.0,0.0576,0.1418,0.4242,0.3159,1,Jalan Laswi
3277874431_3277874434_STOP252,0.2596,0.0,0.0576,0.1418,0.4242,0.3159,1,
3277874434_5395151866_STOP557,0.2193,0.0765,0.2698,0.1932,0.1038,0.2307,21,Jalan Jenderal Gatot Subroto
3277883741_1837401655_STOP111,0.2546,0.0203,0.2506,0.1665,0.1378,0.2263,10,Jalan Astana Anyar
3277883745_10771913957_STOP21,0.0967,0.0039,0.039,0.3201,0.1641,0.2917,1,
3277883745_11181449059_STOP21,0.0967,0.0039,0.039,0.3201,0.1641,0.2917,1,Jalan BKR
3277891124_1837401667_STOP500,0.1747,0.0649,0.1166,0.3879,0.0734,0.2977,1,Jalan Peta
3277891124_7540370583_STOP500,0.1747,0.0649,0.1166,0.3879,0.0734,0.2977,1,
3278000648_10288977250_STOP831,0.1946,0.0202,0.2827,0.0368,0.2691,0.2094,3,Jalan Jenderal Gatot Subroto
3278000648_3376282078_STOP831,0.3652,0.0015,0.0922,0.0765,0.3398,0.2809,1,Jalan H. Ibrahim Adjie
3278023496_11041545702_STOP449,0.3731,0.0204,0.0263,0.2587,0.2401,0.3251,1,Jalan Layang Kiaracondong
3278023496_3278023523_STOP35,0.332,0.0072,0.0628,0.14,0.3939,0.3157,23,Jalan Layang Kiaracondong
3278023496_5392239227_STOP218,0.3566,0.0166,0.0512,0.2495,0.2278,0.3131,2,Jalan Letnan Jenderal Ibrahim Adjie
3278023523_3278023496_STOP449,0.3343,0.0064,0.0651,0.1391,0.3959,0.3156,23,Jalan Layang Kiaracondong
3278023523_7698632127_STOP35,0.3819,0.0079,0.2425,0.0539,0.2566,0.2337,1,Jalan Layang Kiaracondong
3278058148_10173744442_STOP562,0.4144,0.0081,0.2172,0.1874,0.1221,0.2472,1,Jalan Ambon
3278058148_12809507139_STOP562,0.4144,0.0081,0.2172,0.1874,0.1221,0.2472,1,Jalan Madura
3278058148_1849525862_STOP155,0.0918,0.0706,0.1482,0.5164,0.023,0.3117,6,Jalan Ambon
3278061603_29434777_STOP796,0.3423,0.0343,0.2245,0.2005,0.1711,0.2603,1,Jalan Sadakeling
3278061603_6470065668_STOP797,0.2373,0.0453,0.1885,0.2324,0.1608,0.2644,5,Jalan Sadakeling
3278061604_12806120213_STOP794,0.2575,0.0426,0.3961,0.1427,0.0681,0.1847,6,Jalan Cikawao
3278061604_5360355190_STOP545,0.2536,0.0158,0.4238,0.0216,0.1256,0.1528,2,Jalan Cikawao
3359249111_2519403309_STOP451,0.1167,0.0419,0.395,0.1498,0.1597,0.1957,56,"['Randu Sari Raya', 'Jalan Pratista Timur', 'Jalan Randu Sari Raya', 'Jalan Pratista Barat', 'Jalan Babakansari', 'Jalan Babakan Sari 1', 'Jalan Babakan Sari', 'Jalan Babakansari I']"
3359249111_7137977722_STOP214,0.2443,0.0361,0.3119,0.1419,0.1417,0.2129,1,Jalan Babakan Sari 1
3359249111_7631660258_STOP211,0.2503,0.0423,0.2636,0.2476,0.0626,0.2339,3,Jalan H. Ibrahim Adjie
3374026391_1849525906_STOP31,0.328,0.0259,0.0989,0.252,0.1816,0.2942,2,Jalan Diponegoro
3374026391_1849526022_STOP372,0.3397,0.0163,0.0806,0.3483,0.0922,0.3027,6,Jalan Ir. H. Djuanda
3374026391_2036066796_STOP236,0.3998,0.0045,0.0587,0.1586,0.2869,0.3014,1,Jalan Sulanjana
3374033494_5334486782_STOP683,0.2566,0.01,0.1046,0.352,0.1266,0.2992,1,Jalan Kalimantan
3374033494_5360090928_STOP683,0.2566,0.01,0.1046,0.352,0.1266,0.2992,1,Jalan Aceh
3374033499_12096324721_STOP341,0.2889,0.0394,0.198,0.2616,0.0761,0.2546,3,Jalan Tamblong
3374033499_3375103669_STOP339,0.2378,0.0344,0.1531,0.3805,0.042,0.2823,13,Jalan Veteran
3374033502_1849525885_STOP144,0.2347,0.0776,0.3449,0.1022,0.0916,0.1908,5,Jalan Asia Afrika
3374033502_1849525974_STOP144,0.3072,0.059,0.1985,0.1597,0.1648,0.2519,3,Jalan Lengkong Besar
3375103669_2325452463_STOP297,0.2486,0.0492,0.4213,0.077,0.1045,0.1707,5,Jalan Veteran
3375103669_25433463_STOP659,0.3107,0.0259,0.1091,0.2716,0.1339,0.2848,11,Jalan Sunda
3376282077_2325451810_STOP555,0.2874,0.0146,0.0486,0.3013,0.167,0.3065,1,Jalan Brigjend. Katamso
3376282077_6445031498_STOP73,0.2124,0.0247,0.101,0.4534,0.0327,0.3052,6,Jalan Supratman
3376282078_5825223577_STOP831,0.3228,0.004,0.1729,0.083,0.2868,0.2537,1,Jalan Jenderal Gatot Subroto
3376282078_7698632126_STOP35,0.2928,0.0658,0.2425,0.1188,0.1929,0.2399,5,Jalan H. Ibrahim Adjie
3376669072_2439053889_STOP63,0.3984,0.0071,0.0317,0.1809,0.3112,0.3186,1,Jalan Wastukancana
3376669092_1900221438_STOP64,0.2803,0.0517,0.2255,0.2877,0.0325,0.249,18,Jalan Cihampelas
3376669092_29358830_STOP170,0.1494,0.0628,0.0426,0.5744,0.0485,0.3555,4,Jalan Lamping
3376673094_3376669092_STOP170,0.2883,0.0605,0.1482,0.2223,0.1547,0.2741,7,Jalan Cihampelas
3376673108_6627215624_STOP473,0.2958,0.0202,0.0908,0.3358,0.0992,0.2955,16,Jalan Dr. Setiabudi
3380407826_2518040289_STOP402,0.2446,0.0361,0.0955,0.3688,0.1251,0.3093,24,Jalan Rumah Sakit
3380407826_3007950794_STOP205,0.1147,0.0362,0.2075,0.3282,0.1324,0.2692,37,"['Jalan Panghegar', 'Jalan Pangaritan']"
3380407826_4191858105_STOP532,0.1157,0.0505,0.1004,0.3464,0.1755,0.3044,19,Jalan Cinambo
3380407826_6382216825_STOP240,0.2755,0.0278,0.0455,0.4722,0.0636,0.3338,28,Jalan Rumah Sakit
3383341287_6485352110_STOP381,0.3416,0.0417,0.0688,0.1839,0.2578,0.3018,3,Jalan Soekarno-Hatta
3383341288_25446374_STOP338,0.3429,0.0324,0.0889,0.1164,0.3124,0.2905,3,Jalan Soekarno-Hatta
3383341288_3383341287_STOP381,0.3723,0.0074,0.0871,0.0659,0.356,0.2844,1,
3419778702_1857160470_STOP537,0.3045,0.0064,0.0158,0.4412,0.0585,0.3264,2,Jalan Dipatiukur
3419778702_1857160826_STOP140,0.3197,0.0048,0.0177,0.4152,0.0848,0.326,5,Jalan Dipatiukur
3445438782_29380518_STOP802,0.313,0.0352,0.0344,0.4147,0.1021,0.3331,12,Jalan Holis
3445438782_3115501961_STOP498,0.2634,0.0491,0.1594,0.1927,0.2085,0.2722,18,Jalan Holis
3445438782_5342143067_STOP803,0.2879,0.0024,0.0755,0.2406,0.1984,0.2897,3,
3445469505_2604179154_STOP813,0.2383,0.06,0.1077,0.3011,0.1556,0.2989,12,"['Jalan Rajawali Barat', 'Jalan Jend. H. Amir Machmud']"
3445469505_29377395_STOP136,0.1283,0.0167,0.1695,0.3195,0.1957,0.2855,22,"['Jalan Maleber Utara', 'Jalan Paledang']"
3445484564_9167350228_STOP282,0.3326,0.0084,0.1844,0.3326,0.0586,0.2717,2,Jalan Jendral Sudirman
3445557996_2628296773_STOP773,0.1429,0.113,0.1031,0.097,0.3017,0.276,1,"['Jalan Maleber Utara', 'Jalan Garuda']"
3445557996_29377395_STOP136,0.0814,0.0255,0.0711,0.3044,0.2736,0.3123,18,Jalan Maleber Utara
3448592238_1982777430_STOP642,0.2136,0.0458,0.1022,0.3502,0.1079,0.2972,10,Jalan Soekarno-Hatta
3472154933_5458564731_STOP324,0.3075,0.014,0.0372,0.3746,0.143,0.3261,1,
3472154933_6411839583_STOP330,0.3005,0.0249,0.0632,0.34,0.1549,0.3163,9,Jalan Buah Batu
35131375_4427752883_STOP230,0.1887,0.0836,0.0984,0.2227,0.2303,0.2952,4,Jalan Raya Cibiru
35131598_2634710039_STOP230,0.217,0.0893,0.2918,0.2013,0.124,0.2372,2,Jalan Abdul Haris Nasution
35131598_665709306_STOP425,0.1587,0.0647,0.3112,0.1004,0.2068,0.2139,10,Jalan Abdul Haris Nasution
35135537_12806309258_STOP640,0.2833,0.0418,0.1904,0.181,0.1883,0.2595,26,Jalan Abdul Haris Nasution
35135537_2477126866_STOP93,0.1455,0.0669,0.4339,0.0281,0.1628,0.162,5,Jalan Abdul Haris Nasution
35136034_11594016904_STOP16,0.2698,0.041,0.254,0.1375,0.1797,0.2333,6,Jalan Jenderal Ahmad Yani
35136034_303034652_STOP380,0.246,0.0316,0.1859,0.1998,0.1883,0.2601,31,Jalan Abdul Haris Nasution
35137788_6412357745_STOP540,0.0699,0.0346,0.2544,0.3126,0.1283,0.2516,15,Jalan Saturnus Utara
35137789_35137788_STOP540,0.3204,0.0311,0.287,0.111,0.1893,0.2258,1,
35137789_6412357738_STOP540,0.3204,0.0311,0.287,0.111,0.1893,0.2258,1,Jalan Saturnus Utara XV
35137789_9379377313_STOP117,0.2408,0.0333,0.1934,0.1781,0.2426,0.2658,29,"['Jalan Saturnus Utara XV', 'Jalan Saturnus Tengah', 'Jalan Saturnus Selatan', 'Jalan Saturnus Utara XVII', 'Jalan Pluto Raya']"
35138338_6411536102_STOP331,0.3259,0.0288,0.0461,0.2932,0.2091,0.3217,8,Jalan Buah Batu
35138415_35138416_STOP117,0.2362,0.0518,0.1621,0.3995,0.0537,0.293,2,Jalan Pluto Raya
35138416_12692226647_STOP117,0.2498,0.0432,0.0293,0.5204,0.0322,0.3434,2,Jalan Marga Cinta
35138416_35138723_STOP715,0.1704,0.0487,0.258,0.1436,0.2122,0.2342,29,"['Jalan Marga Cinta', 'Marga Cinta']"
35138723_12813271265_STOP715,0.1804,0.0647,0.1329,0.3197,0.1365,0.2911,9,Jalan Derwati
35138723_35138416_STOP117,0.1892,0.0553,0.241,0.1367,0.2169,0.2391,29,"['Jalan Marga Cinta', 'Marga Cinta']"
35138922_35138923_STOP371,0.2702,0.0018,0.0106,0.1358,0.3793,0.3114,1,Jalan Gedebage Selatan
35138922_5460962097_STOP371,0.2734,0.0296,0.0768,0.3755,0.1285,0.3165,14,Jalan Gedebage Selatan
35138923_12339301139_STOP371,0.1801,0.0715,0.0237,0.4236,0.1043,0.3319,3,Jalan Gedebage Raya
35138923_35138922_STOP371,0.2183,0.0224,0.0386,0.4685,0.0709,0.3288,1,Jalan Gedebage Selatan
35138923_5355867147_STOP141,0.2262,0.0533,0.1922,0.2237,0.1834,0.2674,23,Jalan Gedebage Selatan
364328701_11028882122_STOP786,0.2432,0.0082,0.2377,0.1582,0.1738,0.2312,2,Jalan HOS. Cokroaminoto
364328701_6673594562_STOP785,0.1911,0.0343,0.1012,0.2665,0.1848,0.2869,3,Jalan HOS. Cokroaminoto
364363786_11176912846_STOP193,0.1983,0.1362,0.178,0.291,0.0988,0.2823,2,Jalan Kebon Jukut
364363786_1916791843_STOP832,0.2471,0.0475,0.1431,0.3769,0.031,0.2836,10,"['Jalan Otto Iskandardinata', 'Jalan Kebon Jukut']"
364364130_2325451300_STOP483,0.3646,0.004,0.0713,0.3355,0.1335,0.3106,1,
364364130_25433677_STOP483,0.3646,0.004,0.0713,0.3355,0.1335,0.3106,1,Jalan Raden Adipati Aria Wiranatakusumah
364365251_2325451853_STOP485,0.2461,0.0757,0.0586,0.3651,0.13,0.323,3,Jalan Wastukancana
364365279_364365251_STOP485,0.2719,0.0179,0.121,0.3839,0.0712,0.2956,1,Jalan Purnawarman
364365279_364365320_STOP485,0.2719,0.0179,0.121,0.3839,0.0712,0.2956,1,Jalan Purnawarman
364365320_2439053868_STOP485,0.303,0.039,0.1043,0.2142,0.2322,0.2948,2,Jalan Wastukancana
364365320_364365251_STOP485,0.326,0.0382,0.0738,0.2305,0.2168,0.3025,1,Jalan Wastukancana
364365556_2439023829_STOP292,0.344,0.0329,0.3608,0.0122,0.1482,0.1776,1,Jalan Lembong
364365556_5358212417_STOP292,0.344,0.0329,0.3608,0.0122,0.1482,0.1776,1,Jalan Braga
364365905_3977886808_STOP549,0.3418,0.0402,0.0076,0.4094,0.0998,0.3389,2,Jalan Merdeka
364365905_6442968672_STOP192,0.3063,0.0572,0.0094,0.5253,0.021,0.3535,4,Jalan Perintis Kemerdekaan
3862534572_3272680725_STOP362,0.3464,0.0011,0.0455,0.1049,0.3816,0.3049,1,Bunderan Metro
3862534575_3862534572_STOP362,0.2049,0.0001,0.1222,0.1533,0.2644,0.2643,1,Bunderan Metro
3862534575_3869649891_STOP362,0.2253,0.0407,0.1634,0.3121,0.1178,0.2793,6,Jalan Venus Raya
3869649891_3862534572_STOP362,0.2573,0.0263,0.1823,0.2554,0.1405,0.2654,6,Jalan Venus Raya
3869649891_6412357745_STOP540,0.2665,0.0177,0.2027,0.2023,0.1676,0.2524,16,Jalan Tata Surya
389137494_3248886992_STOP256,0.2244,0.0072,0.0485,0.435,0.1427,0.3328,8,Jalan BKR
389137494_3272360369_STOP319,0.2661,0.047,0.1367,0.2361,0.1863,0.2829,24,Jalan Sriwijaya
389137494_3277416899_STOP256,0.3033,0.001,0.0816,0.3429,0.0951,0.2949,1,Jalan Sriwijaya
389140807_30602861_STOP796,0.31,0.0366,0.1289,0.377,0.0431,0.2928,3,Jalan Karapitan
389140807_3110090805_STOP60,0.2786,0.0557,0.1116,0.4097,0.0695,0.3125,3,Jalan Lauk Emas
3977886808_29352423_STOP549,0.1789,0.0218,0.0713,0.3182,0.1395,0.2918,2,Jalan Jawa
3977886808_3977886810_STOP549,0.2861,0.0216,0.0047,0.3115,0.193,0.3239,1,Jalan Merdeka
3977886810_10793101435_STOP292,0.2032,0.0367,0.0784,0.3435,0.1273,0.3008,5,Jalan Merdeka
4118981192_4123953208_STOP532,0.2048,0.0591,0.2184,0.1785,0.2054,0.2544,22,Jalan Cisaranten Kulon
4118981192_7284124068_STOP453,0.1022,0.0715,0.0737,0.4515,0.0784,0.3185,7,Soekarno Hatta Frontage Boulevard
4123941899_4123941917_STOP828,0.2399,0.0114,0.1094,0.3953,0.1391,0.3133,11,Jalan Cikajang Raya
4123941899_5395315581_STOP90,0.17,0.0313,0.2439,0.2435,0.1747,0.2534,18,Jalan Cikajang Raya
4123941899_6395246196_STOP90,0.2003,0.0259,0.1171,0.3482,0.1772,0.3064,7,Jalan Arcamanik Endah
4123941917_4123941899_STOP90,0.2531,0.0121,0.0721,0.4209,0.1383,0.3277,11,Jalan Cikajang Raya
4123941917_4123953208_STOP532,0.1039,0.0573,0.288,0.1543,0.2089,0.2272,22,Jalan Cingised
4123941917_4123957908_STOP451,0.1072,0.0612,0.2745,0.0907,0.2472,0.2208,7,
4123953208_4118981192_STOP606,0.2027,0.0614,0.2311,0.1653,0.2132,0.2508,22,Jalan Cisaranten Kulon
4123953208_4123941917_STOP828,0.1081,0.0578,0.276,0.1891,0.2015,0.2381,22,Jalan Cingised
4123953208_5348482654_STOP532,0.1978,0.0579,0.2645,0.1158,0.2136,0.2298,14,Jalan Cisaranten Kulon
4123957908_2519403309_STOP451,0.2025,0.0576,0.3872,0.0254,0.1959,0.1803,7,Jalan Parakan Saat
4123957908_4123941917_STOP828,0.0878,0.0777,0.3016,0.244,0.1609,0.2425,7,
4123957908_4123963983_STOP148,0.2224,0.0227,0.2917,0.1162,0.2,0.2178,28,
4123963983_4123957908_STOP451,0.216,0.0262,0.256,0.1594,0.1998,0.2362,28,
4123963983_7132452340_STOP828,0.1234,0.0592,0.077,0.4502,0.0797,0.3176,5,Jalan Soekarno-Hatta
4140347904_4141587843_STOP324,0.0586,0.0266,0.3975,0.1563,0.1319,0.1814,11,Jalan Ciparay
4140347904_5458564731_STOP324,0.3131,0.0362,0.069,0.2275,0.2402,0.3065,5,Jalan Buah Batu
4141587843_12813271261_STOP5,0.1761,0.0244,0.2559,0.2199,0.1567,0.2392,12,Jalan Logam
4141587843_4140347904_STOP324,0.0409,0.0535,0.4537,0.1695,0.1172,0.1769,11,Jalan Ciparay
4146694789_1107494473_STOP740,0.2574,0.0263,0.1417,0.3231,0.1501,0.2942,18,"['Jalan Salendro', 'Jalan R.A.A. Martanegara']"
4146694789_29489323_STOP570,0.2322,0.0848,0.1255,0.3633,0.0661,0.2969,3,Jalan R.A.A. Martanegara
4146694789_29489330_STOP50,0.2742,0.0683,0.0861,0.3678,0.0937,0.3119,16,Jalan Turangga
4169236625_29356964_STOP337,0.3762,0.0234,0.0206,0.5158,0.0007,0.3441,1,Jalan Bungur
4169236625_7298267086_STOP337,0.2679,0.0694,0.0568,0.5055,0.0089,0.336,5,"['Jalan Simpang Sukaresmi', 'Jalan Lembah Sukaresmi']"
4183530883_4183530886_STOP720,0.221,0.0278,0.1344,0.3574,0.1261,0.2962,26,Jalan Golf Raya
4183530883_4191858105_STOP532,0.1584,0.043,0.0799,0.2563,0.2016,0.2897,1,Jalan Cinambo
4183530883_5348482654_STOP532,0.0946,0.0348,0.3449,0.1199,0.2262,0.2072,10,Jalan Cinambo
4183530886_11310497696_STOP720,0.2595,0.0312,0.0753,0.3637,0.1413,0.3153,5,Jalan Golf Raya
4183530886_2477132808_STOP533,0.1551,0.0673,0.1825,0.3311,0.1168,0.2801,23,Jalan Golf I
4183530886_4183530883_STOP532,0.2278,0.0262,0.1582,0.3501,0.1277,0.2912,26,Jalan Golf Raya
4191858105_3380407826_STOP422,0.0845,0.0614,0.1164,0.3152,0.1825,0.2935,19,Jalan Cinambo
4191858105_4183530883_STOP532,0.2014,0.0452,0.2207,0.2725,0.1831,0.2736,1,Jalan Cinambo
4191858105_4191858159_STOP826,0.2172,0.035,0.1195,0.3313,0.1282,0.2923,29,Jalan Cisaranten Wetan
4191858159_4191858105_STOP532,0.217,0.0342,0.1197,0.3325,0.1237,0.2913,29,Jalan Cisaranten Wetan
4191858159_7132472251_STOP827,0.2442,0.0326,0.0944,0.4575,0.0934,0.3274,2,Soekarno Hatta Frontage Boulevard
4258557080_1108653643_STOP501,0.0803,0.0539,0.1903,0.4985,0.0,0.2898,2,Jalan Jenderal Gatot Subroto
4258557080_25435214_STOP703,0.1602,0.0118,0.1562,0.4356,0.0,0.2756,1,Jalan Jenderal Gatot Subroto
4262068495_320093962_STOP150,0.2109,0.1155,0.1997,0.2598,0.1251,0.2735,3,Jalan Dr. Setiabudi
4262068495_320094027_STOP150,0.2565,0.0643,0.0363,0.3993,0.1208,0.333,3,Jalan Dokter Setiabudi
4375366198_29356737_STOP592,0.2485,0.0666,0.0882,0.3609,0.0843,0.3043,9,Jalan Dr. Djunjunan
4375366198_29377839_STOP630,0.2253,0.0341,0.0824,0.5137,0.0564,0.3352,3,Jalan Suka Mulya
4376716070_1837401675_STOP199,0.1326,0.1038,0.4505,0.1103,0.0797,0.1695,9,Jalan Jendral Sudirman
4376877443_1658919899_STOP353,0.26,0.0663,0.3951,0.1091,0.0076,0.1646,9,Jalan Cihampelas
4376877443_1900221414_STOP482,0.1562,0.0785,0.2751,0.2344,0.0853,0.2317,4,Jalan Profesor Christiaan Eijkman
4427752879_35131375_STOP424,0.1846,0.0726,0.2042,0.2084,0.2062,0.2664,4,Jalan Raya Cibiru
4427752879_4427752883_STOP230,0.2538,0.0229,0.1389,0.4384,0.0476,0.3025,1,
4427752883_12806516351_STOP230,0.2659,0.0438,0.0017,0.3168,0.2374,0.3395,2,Jalan Raya Cibiru
4434330182_1837401665_STOP301,0.2711,0.0259,0.3123,0.2004,0.1291,0.2278,1,Jalan Jendral Sudirman
4434330182_4434330186_STOP301,0.2986,0.018,0.2568,0.1252,0.1976,0.2319,2,
4434330186_5354169655_STOP841,0.2973,0.0217,0.1267,0.2552,0.2153,0.2955,7,Jalan Jamika
4434330589_3277883741_STOP224,0.4022,0.0023,0.1343,0.1683,0.2133,0.2744,1,Jalan Otto Iskandardinata
4434330589_6443280179_STOP224,0.4022,0.0023,0.1343,0.1683,0.2133,0.2744,1,Jalan Otto Iskandardinata
4620173045_12806309251_STOP93,0.1219,0.0786,0.3604,0.2055,0.113,0.2137,10,Jalan Abdul Haris Nasution
4620173045_2477130409_STOP380,0.2206,0.059,0.1079,0.2895,0.1224,0.2851,2,Jalan Pacuan Kuda
4620173045_303034652_STOP380,0.0371,0.0862,0.1574,0.2599,0.1069,0.252,1,Jalan Abdul Haris Nasution
479733030_319706490_STOP19,0.2504,0.0427,0.22,0.1664,0.1898,0.248,2,Jalan Ciumbuleuit
4854744076_2325451719_STOP84,0.3182,0.0377,0.2443,0.1195,0.1876,0.2355,1,Jalan Pajajaran
5042411985_2500902317_STOP334,0.2894,0.0177,0.214,0.1726,0.2396,0.2621,1,Bunderan Raya-4
5042411985_3115157727_STOP334,0.1417,0.0079,0.1505,0.3283,0.1697,0.2841,3,Jalan Batununggal Indah Raya
5205570048_29489421_STOP57,0.2375,0.0202,0.2001,0.1697,0.2049,0.2499,20,Jalan Cikutra
5205570048_5205570053_STOP621,0.1745,0.0076,0.3541,0.0635,0.1696,0.1773,2,Jalan Jenderal Ahmad Yani
5205570048_5408954334_STOP621,0.2689,0.0019,0.1923,0.0765,0.3015,0.2468,1,Jalan Cikutra
5205570053_2477161772_STOP625,0.2518,0.0358,0.2295,0.2979,0.0522,0.2503,12,Jalan Jenderal Ahmad Yani
5205570053_5408954334_STOP621,0.2408,0.0493,0.367,0.0554,0.1406,0.1806,2,Jalan Jenderal Ahmad Yani
5269229741_3272299563_STOP368,0.317,0.0446,0.1526,0.0769,0.3204,0.2709,1,Jalan Soekarno-Hatta
5269229741_5444644720_STOP460,0.1829,0.022,0.2207,0.2404,0.2433,0.2725,5,Jalan Batu Api
5278840351_2012498697_STOP78,0.3484,0.0286,0.1258,0.2482,0.1566,0.2853,2,Jalan HOS. Cokroaminoto
5278840351_25433686_STOP474,0.3615,0.0266,0.1009,0.2783,0.1466,0.2965,3,Jalan HOS. Cokroaminoto
5293711619_13713992504_STOP805,0.1916,0.0984,0.0078,0.5159,0.0204,0.3475,2,Jalan Hayam Wuruk
5293711619_7190149301_STOP669,0.3569,0.0146,0.0068,0.4568,0.0407,0.3348,1,Jalan Banda
5293786192_2519917284_STOP575,0.174,0.1513,0.061,0.4755,0.0001,0.3312,1,Jalan Diponegoro
5330289517_5447158246_STOP118,0.3399,0.0222,0.0205,0.269,0.2223,0.3216,1,Jalan Marga Cinta
5330289517_6609265322_STOP118,0.3399,0.0222,0.0205,0.269,0.2223,0.3216,1,Jalan Buah Batu
5332863119_12633822765_STOP395,0.353,0.0114,0.1501,0.0862,0.2729,0.2592,2,Jalan H. Ibrahim Adjie
5332863130_1849960008_STOP216,0.0926,0.067,0.1801,0.455,0.03,0.2897,10,Jalan Jakarta
5334388842_25433686_STOP475,0.2399,0.0175,0.1792,0.3872,0.0312,0.2746,8,Jalan dr. Rajiman
5334388842_25447004_STOP242,0.2519,0.0684,0.1531,0.3609,0.0789,0.2939,1,Jalan dr. Rajiman
5334388857_1108586472_STOP373,0.1369,0.1187,0.0159,0.5012,0.0378,0.3448,2,Jalan Saung Galing
5334388857_1849528721_STOP373,0.0862,0.077,0.1126,0.3883,0.085,0.2948,2,Jalan Rangga Gadang
5334388861_1658919856_STOP353,0.13,0.0084,0.2023,0.206,0.2581,0.2607,4,Jalan Layang Professor Mochtar Kusumaatmadja
5334486782_32042327_STOP340,0.2133,0.044,0.0475,0.3881,0.0374,0.2988,4,Jalan Kalimantan
5334558654_1108586472_STOP373,0.2788,0.0183,0.0652,0.4878,0.0226,0.3238,6,Jalan Rangga Malela
5334558654_29359719_STOP578,0.2409,0.0001,0.0492,0.4137,0.0862,0.3124,1,Jalan Rangga Malela
5334558654_9755546377_STOP578,0.2409,0.0001,0.0492,0.4137,0.0862,0.3124,1,Jalan Saung Galing
5340138155_1658976883_STOP353,0.2425,0.0095,0.102,0.2485,0.2715,0.3033,3,Jalan Pasteur
5340138155_2012565708_STOP353,0.3064,0.0,0.0135,0.3652,0.3035,0.364,1,Jalan Raden Adipati Aria Wiranatakusumah
5344074236_3445484564_STOP282,0.2111,0.1099,0.3798,0.1946,0.0343,0.2031,1,
5344074236_9167350227_STOP282,0.2249,0.0802,0.3389,0.1827,0.0478,0.2045,2,Jalan Jendral Sudirman
5344074239_3245886198_STOP281,0.1699,0.0928,0.5028,0.0672,0.1508,0.168,1,Jalan Raya Cijerah
5344074239_9167367930_STOP281,0.188,0.0659,0.362,0.0676,0.1845,0.1941,2,Jalan Jendral Sudirman
5346161426_13239081325_STOP90,0.2045,0.0476,0.2009,0.0921,0.2914,0.2503,1,
5346161426_2477130742_STOP90,0.1751,0.0562,0.2441,0.1559,0.1939,0.2374,10,Jalan Golf Barat
5346593290_1911634996_STOP375,0.1064,0.1624,0.1752,0.3389,0.0681,0.2856,7,Jalan Jendral Sudirman
5346593290_5495698458_STOP280,0.2778,0.0576,0.1911,0.3108,0.0645,0.27,4,Jalan Jendral Sudirman
5348422777_5354169652_STOP841,0.3237,0.0236,0.0804,0.3163,0.1854,0.3163,10,Jalan Jamika
5348422779_2325452720_STOP314,0.3503,0.0574,0.0649,0.4555,0.0378,0.3329,1,Jalan Terusan Pasir Koja
5348422779_5348422777_STOP314,0.3471,0.0386,0.0744,0.2999,0.1825,0.3168,2,
5348482654_2477132814_STOP533,0.2354,0.0372,0.1318,0.2949,0.1564,0.2888,12,Jalan Cisaranten Kulon
5348482654_4123953208_STOP532,0.2019,0.0723,0.1579,0.214,0.2063,0.2767,14,Jalan Cisaranten Kulon
5348482654_4183530883_STOP532,0.1309,0.061,0.3305,0.1213,0.1972,0.2114,10,Jalan Cinambo
5348638990_3252877763_STOP384,0.1584,0.0125,0.1022,0.1748,0.287,0.2772,2,Jalan Soekarno-Hatta
5348639847_10125360885_STOP108,0.2064,0.1126,0.146,0.2384,0.1338,0.2762,2,Jalan Soekarno-Hatta
5348639876_29489290_STOP135,0.3762,0.0387,0.0339,0.1767,0.3082,0.3203,1,Jalan Kopo Sayati
5348639876_5487734505_STOP135,0.3762,0.0387,0.0339,0.1767,0.3082,0.3203,1,Jalan Akses Tol Kopo
5348748819_5348748820_STOP271,0.2876,0.0136,0.1435,0.2299,0.1644,0.27,1,
5348748819_5862690000_STOP157,0.2917,0.0735,0.1027,0.306,0.1333,0.3036,5,Jalan Leuwi Panjang
5348748820_5348748819_STOP271,0.2997,0.0742,0.2707,0.1747,0.1323,0.2397,1,
5348748820_5862690014_STOP271,0.3158,0.0353,0.1243,0.2912,0.1368,0.2916,3,Jalan Leuwi Panjang
5348770323_1014722257_STOP593,0.3028,0.0299,0.0721,0.3246,0.1521,0.3108,6,Jalan Mohammad Toha
5348770323_10771913958_STOP270,0.2649,0.0589,0.0822,0.2597,0.1798,0.2988,2,Jalan Mohammad Toha
5348770388_6619012656_STOP461,0.3095,0.0479,0.0515,0.2675,0.217,0.3173,11,Jalan Soekarno-Hatta
5348770388_6631082518_STOP389,0.285,0.0043,0.1001,0.2571,0.1835,0.2874,1,
5353615188_1658919856_STOP72,0.214,0.0075,0.0682,0.1902,0.3497,0.3072,12,Jalan Layang Professor Mochtar Kusumaatmadja
5353724829_5340138155_STOP353,0.2333,0.012,0.166,0.3321,0.1162,0.2795,3,Jalan Pasteur
5353724829_7111571825_STOP353,0.2907,0.0057,0.1471,0.3335,0.1411,0.2935,1,
5353894751_6380244015_STOP535,0.3252,0.0444,0.0619,0.2812,0.1863,0.313,1,
5353894751_7284403249_STOP535,0.3042,0.0218,0.039,0.4166,0.0967,0.3281,6,Jalan Soekarno-Hatta
5353900365_3115157726_STOP335,0.2791,0.0119,0.0412,0.3266,0.1844,0.3182,15,Jalan Batununggal Indah II
5353900365_5458167263_STOP335,0.3645,0.0028,0.0269,0.1004,0.3936,0.3115,1,
5353900365_5847788420_STOP335,0.3645,0.0028,0.0269,0.1004,0.3936,0.3115,1,
5353900965_5353901420_STOP461,0.2581,0.0139,0.1253,0.4151,0.0628,0.3,12,Jalan Pasirluyu Timur
5353900965_5360254305_STOP644,0.2276,0.0153,0.0813,0.4712,0.0497,0.3174,1,Jalan BKR
5353901420_5353900965_STOP644,0.2783,0.013,0.1442,0.3733,0.0756,0.2897,12,Jalan Pasirluyu Timur
5353901420_5360254305_STOP644,0.2466,0.0192,0.1222,0.3966,0.0833,0.3,15,"['Jalan Pasirluyu Timur', 'Jalan Pasirluyu Barat']"
5353901420_5397556729_STOP120,0.1484,0.0382,0.2895,0.2767,0.0907,0.2348,13,Jalan Pasir Salam
5353901439_10187187001_STOP120,0.3122,0.0302,0.0538,0.2382,0.2654,0.317,1,Jalan Soekarno-Hatta
5353901439_5482193900_STOP120,0.2956,0.0192,0.1096,0.2324,0.2419,0.2972,2,Jalan Pasir Salam
5353902321_10166777280_STOP139,0.2168,0.053,0.3452,0.1536,0.0841,0.1976,4,Jalan Haji Tatang Sumantri
5353902321_5353902328_STOP139,0.1922,0.0049,0.2444,0.0594,0.2328,0.2096,2,Jalan Mekar Agung
5353902327_5353902321_STOP139,0.171,0.0697,0.5038,0.0266,0.0726,0.1316,2,Jalan Mekar Utama
5353902328_5353902327_STOP139,0.3494,0.011,0.2065,0.0797,0.2541,0.2436,1,Jalan Mekar Agung
5353902328_5490125457_STOP139,0.2288,0.0074,0.139,0.2233,0.1907,0.2681,5,Jalan Mekar Utama
5353902572_13413840425_STOP463,0.1618,0.0357,0.1403,0.1693,0.2521,0.2661,3,Jalan Mekar Laksana
5353902572_5490125456_STOP139,0.1782,0.0428,0.3783,0.1346,0.1304,0.1926,8,"['Jalan Mekar Utama', 'Jalan Mekar Laksana']"
5353902840_5353902843_STOP198,0.2202,0.057,0.2258,0.2392,0.157,0.2606,4,Jalan Mekar Puspita
5353902840_5487599496_STOP198,0.1296,0.023,0.3109,0.4531,0.0,0.2569,1,Jalan Raden Rangga Kencana
5353902843_5487650882_STOP198,0.2351,0.0228,0.16,0.1799,0.267,0.2748,1,
5353902843_9253047317_STOP198,0.2648,0.0103,0.1313,0.2566,0.198,0.2853,3,Jalan Mekar Puspita
5353902926_29489276_STOP385,0.172,0.0268,0.475,0.0684,0.1488,0.159,4,Jalan Indrayasa
5353902926_6468977370_STOP198,0.1095,0.1242,0.4225,0.1051,0.0874,0.1758,7,Jalan Indrayasa
5353902941_1014722675_STOP607,0.1969,0.0601,0.2264,0.1891,0.2038,0.2554,7,Jalan Inhoftank
5353902941_3110265315_STOP593,0.2768,0.0228,0.0715,0.45,0.0622,0.322,6,Jalan Inhoftank
5354169648_1911634983_STOP375,0.0902,0.0648,0.2773,0.3631,0.0614,0.2546,12,"['Jalan Situ', 'Jalan Pagarsih Barat']"
5354169648_7624564242_STOP841,0.2583,0.0311,0.1584,0.4241,0.0,0.2855,1,Jalan Pagarsih Barat
5354169650_6475102309_STOP279,0.3262,0.0533,0.1886,0.2041,0.1889,0.2734,7,Jalan Jamika
5354169652_2325452491_STOP841,0.3704,0.012,0.0112,0.4109,0.1328,0.3442,1,Jalan Jamika
5354169652_5354169648_STOP841,0.3704,0.012,0.0112,0.4109,0.1328,0.3442,1,
5354169655_2325452490_STOP841,0.2833,0.0136,0.2081,0.2197,0.2306,0.2734,1,Jalan Jamika
5354169655_5354169657_STOP841,0.2833,0.0136,0.2081,0.2197,0.2306,0.2734,1,
5354169657_1911634930_STOP109,0.1411,0.0407,0.4328,0.0954,0.1097,0.1634,28,Jalan Pagarsih Barat
5354169657_7624564243_STOP841,0.2306,0.005,0.3966,0.1781,0.0877,0.1899,1,Jalan Pagarsih Barat
5354169659_5354191264_STOP314,0.3304,0.0311,0.1018,0.1952,0.2426,0.2932,10,Jalan Jamika
5354191258_2325452855_STOP158,0.2678,0.0268,0.1102,0.2959,0.1318,0.2873,5,Jalan Peta
5354191261_2325452722_STOP314,0.3348,0.0021,0.1389,0.1368,0.2409,0.2643,1,Jalan Pasir Koja
5354191261_5354191258_STOP314,0.3348,0.0021,0.1389,0.1368,0.2409,0.2643,1,
5354191262_2325452718_STOP314,0.2242,0.0882,0.3194,0.12,0.1698,0.2206,2,Jalan Pasir Koja
5354191264_2325452719_STOP314,0.2334,0.0084,0.1162,0.0921,0.2988,0.2599,1,Jalan Jamika
5354191264_5354191262_STOP314,0.2334,0.0084,0.1162,0.0921,0.2988,0.2599,1,
5354191266_2325453511_STOP384,0.1843,0.0348,0.3298,0.1032,0.2094,0.2092,39,"['Jalan Situgunting Timur', 'Jalan Babakan Ciparay']"
5354191266_5354191267_STOP314,0.3086,0.0226,0.0353,0.3057,0.2035,0.3227,1,Jalan Situgunting Timur
5354191267_2325452724_STOP314,0.25,0.0239,0.1267,0.1561,0.2612,0.2729,1,Jalan Situgunting Timur
5354191267_5354191266_STOP314,0.25,0.0239,0.1267,0.1561,0.2612,0.2729,1,Jalan Situgunting Timur
5354191267_5354191270_STOP314,0.25,0.0239,0.1267,0.1561,0.2612,0.2729,1,
5354191268_2325452724_STOP314,0.1678,0.0359,0.128,0.1193,0.2234,0.2464,1,Jalan Peta
5354191268_5354191266_STOP314,0.1678,0.0359,0.128,0.1193,0.2234,0.2464,1,
5354191270_3272539236_STOP343,0.2536,0.0801,0.1052,0.2395,0.1852,0.2938,21,Jalan Terusan Pasir Koja
5354200473_6384640702_STOP101,0.277,0.0791,0.1359,0.2399,0.1716,0.288,1,Jalan Alun-Alun Barat
5354200473_6384640713_STOP101,0.1961,0.0406,0.2334,0.1719,0.1979,0.2438,5,Jalan Abdul Haris Nasution
5355765055_2614138774_STOP271,0.1927,0.0077,0.0883,0.2085,0.2379,0.2796,1,Jalan Peta
5355765055_5355765057_STOP271,0.1927,0.0077,0.0883,0.2085,0.2379,0.2796,1,
5355765057_2614138774_STOP271,0.3708,0.0218,0.1245,0.1932,0.1994,0.2806,1,Jalan Kyai Haji Wahid Hasyim
5355765057_3272542984_STOP108,0.3347,0.0313,0.1233,0.2702,0.1379,0.2868,21,Jalan Kyai Haji Wahid Hasyim
5355765057_5355765064_STOP271,0.3708,0.0218,0.1245,0.1932,0.1994,0.2806,1,
5355765058_2325416263_STOP311,0.1557,0.0312,0.0916,0.4724,0.0331,0.3081,5,Jalan Peta
5355765064_2325453234_STOP312,0.1614,0.0329,0.0633,0.4407,0.1752,0.3392,8,Jalan Peta
5355823339_2325452725_STOP436,0.3254,0.0244,0.0947,0.3481,0.1089,0.3049,8,Jalan Astana Anyar
5355823339_5355823341_STOP272,0.2486,0.0153,0.0718,0.3974,0.0878,0.3083,1,Jalan Panjunan
5355823341_2325452881_STOP272,0.0539,0.0708,0.4039,0.0996,0.1216,0.1693,8,Jalan Panjunan
5355866271_11369837187_STOP108,0.1882,0.1323,0.301,0.0786,0.2238,0.2297,2,
5355866271_25446327_STOP108,0.2051,0.0259,0.3878,0.0013,0.2411,0.1782,1,Jalan Soekarno-Hatta
5355867147_35138923_STOP371,0.2386,0.0357,0.1606,0.2716,0.1644,0.2795,23,Jalan Gedebage Selatan
5355867147_6640711589_STOP141,0.2026,0.0158,0.0767,0.4395,0.2204,0.3489,1,Jalan Gedebage Selatan
5355897677_1014722585_STOP842,0.3648,0.0239,0.0384,0.4536,0.0508,0.3343,12,Jalan Mohammad Toha
5355897677_6621910323_STOP258,0.3249,0.0394,0.0,0.51,0.0192,0.3482,1,Jalan Mohammad Toha
5355955155_1930140493_STOP256,0.3181,0.0529,0.0353,0.3903,0.1503,0.3418,1,
5355955155_5369202740_STOP256,0.3181,0.0529,0.0353,0.3903,0.1503,0.3418,1,Jalan Sawah Kurung Raya
5356356848_7669581282_STOP305,0.2273,0.0371,0.1126,0.4957,0.027,0.3187,7,Jalan Sultan Agung
5356356914_1847944841_STOP670,0.3144,0.0069,0.003,0.4716,0.0288,0.331,2,Jalan Trunojoyo
5356356914_1849525979_STOP671,0.2732,0.0502,0.0909,0.4418,0.013,0.3095,6,Jalan Trunojoyo
5356356914_5356356915_STOP687,0.2806,0.0069,0.0234,0.4627,0.0352,0.3236,2,
5356356915_1847944841_STOP670,0.2622,0.0756,0.0608,0.4286,0.1074,0.3376,2,Jalan Diponegoro
5356356915_29427263_STOP687,0.2161,0.0572,0.0777,0.37,0.1117,0.3104,2,Jalan Diponegoro
5356356915_5356356914_STOP687,0.277,0.0326,0.056,0.3901,0.1144,0.3214,2,
5358055095_10793008254_STOP306,0.3155,0.0198,0.1019,0.3986,0.0315,0.2977,1,Jalan L.L. RE. Martadinata
5358055095_2520649169_STOP548,0.2542,0.0252,0.1374,0.3092,0.0488,0.2648,5,Jalan L.L. RE. Martadinata
5358055095_25433364_STOP304,0.3087,0.0373,0.1283,0.3059,0.0796,0.2808,7,Jalan Merdeka
5358055836_2439053883_STOP103,0.2535,0.0152,0.0546,0.5183,0.0024,0.3263,5,Jalan Tamansari
5358055836_7857883000_STOP103,0.3023,0.0612,0.0169,0.5151,0.0036,0.3454,1,Jalan Tamansari
5358208113_11294966882_STOP673,0.429,0.0218,0.0961,0.2692,0.1406,0.2988,1,Jalan Sumatra
5358208113_5358208117_STOP673,0.429,0.0218,0.0961,0.2692,0.1406,0.2988,1,Jalan Sumatra
5358208117_11294966882_STOP673,0.1513,0.041,0.1172,0.3462,0.0388,0.2693,2,Jalan Aceh
5358208117_25433364_STOP304,0.2942,0.0856,0.1722,0.3552,0.0011,0.2775,4,Jalan Aceh
5358212370_1849525974_STOP144,0.1656,0.0548,0.2064,0.2785,0.0722,0.2482,10,Jalan Dalem Kaum
5358212370_6443246208_STOP790,0.1614,0.0201,0.2458,0.2456,0.1132,0.2352,10,Jalan Balonggede
5358212386_11176912847_STOP677,0.3173,0.0328,0.0454,0.2258,0.271,0.3169,2,Jalan Perintis Kemerdekaan
5358212386_29354380_STOP678,0.2677,0.0065,0.0446,0.4045,0.1231,0.3235,2,Jalan Suniaraja
5358212417_11176912866_STOP677,0.1823,0.0499,0.5201,0.0642,0.0884,0.1416,4,Jalan Suniaraja
5358394743_7713266581_STOP226,0.2009,0.1,0.0122,0.5039,0.0401,0.3495,3,Jalan Peta
5358394745_2325453369_STOP309,0.2693,0.0199,0.0859,0.337,0.0912,0.2919,1,Jalan Otto Iskandardinata
5358394745_5358394743_STOP309,0.2693,0.0199,0.0859,0.337,0.0912,0.2919,1,
5360090928_11382627919_STOP340,0.1665,0.006,0.0396,0.3607,0.1098,0.2976,2,Jalan Aceh
5360090928_5334486782_STOP683,0.2278,0.0005,0.0732,0.3373,0.0899,0.2856,1,Jalan Kalimantan
5360090932_11382627918_STOP340,0.2748,0.0014,0.0145,0.5136,0.0256,0.3361,1,Jalan Seram
5360090932_11382627919_STOP340,0.2748,0.0014,0.0145,0.5136,0.0256,0.3361,1,Jalan Aceh
5360090932_25433301_STOP340,0.2748,0.0014,0.0145,0.5136,0.0256,0.3361,1,Jalan Aceh
5360090966_1658919998_STOP72,0.3005,0.0268,0.0419,0.2281,0.2899,0.32,20,Jalan Layang Professor Mochtar Kusumaatmadja
5360090966_1660260881_STOP723,0.3399,0.0074,0.0831,0.1277,0.2937,0.2847,1,Jalan Prabudimuntur
5360254305_389137494_STOP256,0.2186,0.0207,0.1239,0.3612,0.1289,0.298,8,Jalan BKR
5360254305_5353901420_STOP461,0.2676,0.0142,0.1589,0.3631,0.0951,0.2885,15,"['Jalan Pasirluyu Timur', 'Jalan Pasirluyu Barat']"
5360340202_3272574294_STOP138,0.3825,0.0004,0.0756,0.2462,0.2045,0.302,1,
5360340202_3272575990_STOP138,0.3825,0.0004,0.0756,0.2462,0.2045,0.302,1,Jalan Buah Batu
5360355190_240791836_STOP546,0.3484,0.025,0.1369,0.3505,0.0594,0.2893,9,Jalan Karapitan
5360355190_3278061603_STOP796,0.2467,0.0899,0.254,0.2626,0.0868,0.255,2,Jalan Sadakeling
5369202740_1930140493_STOP256,0.2995,0.0483,0.1348,0.2018,0.1841,0.276,1,Jalan Sawah Kurung Raya
5369202740_2034444650_STOP256,0.3143,0.0332,0.138,0.2567,0.1433,0.2802,2,Jalan Sawah Kurung Raya
5369274905_5369274909_STOP221,0.2603,0.0207,0.098,0.4065,0.0461,0.299,3,Jalan Pajajaran
5369274905_8582835480_STOP812,0.3451,0.0386,0.2051,0.2322,0.0904,0.2537,3,Jalan Pajajaran
5369274909_2012498686_STOP780,0.254,0.0422,0.1685,0.3361,0.0669,0.2761,7,Jalan Pajajaran
5369274909_25433768_STOP221,0.1927,0.0628,0.0377,0.506,0.031,0.3357,2,Jalan Arjuna
5369274909_5369274905_STOP221,0.163,0.1083,0.1339,0.3717,0.0833,0.3002,3,Jalan Pajajaran
5369325245_3269381709_STOP665,0.3494,0.0016,0.0265,0.477,0.0203,0.3295,1,Jalan Cibeunying Selatan
5369337988_3270489611_STOP90,0.3541,0.0172,0.0862,0.1733,0.3268,0.3096,2,
5369337988_3270489660_STOP90,0.3052,0.0,0.0053,0.3006,0.301,0.3451,2,
5369368116_5369369331_STOP576,0.4211,0.0014,0.0147,0.333,0.1921,0.3381,1,
5369369331_10173603859_STOP576,0.4211,0.0014,0.0147,0.333,0.1921,0.3381,1,Jalan Ciliwung
5369369331_5369369333_STOP576,0.4211,0.0014,0.0147,0.333,0.1921,0.3381,1,
5369369333_3269364717_STOP576,0.3684,0.0453,0.0575,0.2321,0.2532,0.3202,1,
5369482496_2519917312_STOP177,0.2164,0.026,0.1411,0.4627,0.0475,0.3064,6,Jalan Supratman
5369482497_1849960685_STOP513,0.0956,0.0803,0.0541,0.5088,0.0287,0.3273,9,Jalan Cisadea
5369482497_5369482496_STOP11,0.2505,0.0827,0.0094,0.5377,0.0024,0.3521,1,Jalan Cisadea
5369882289_25501378_STOP724,0.3415,0.0096,0.0262,0.4925,0.0065,0.3315,1,
5369882289_7345830954_STOP724,0.3415,0.0096,0.0262,0.4925,0.0065,0.3315,1,Jalan Tamansari
5369882298_29359719_STOP578,0.1394,0.1221,0.1086,0.4033,0.049,0.3053,3,Jalan Sulanjana
5369882298_5369882299_STOP724,0.3974,0.0228,0.0232,0.4441,0.0353,0.3329,1,Jalan Tamansari
5369882299_1849528744_STOP724,0.1995,0.0296,0.0524,0.4299,0.091,0.3197,2,Jalan Tamansari
5369882299_5369882289_STOP724,0.1509,0.0555,0.0442,0.4899,0.072,0.3345,1,Jalan Tamansari
5374108596_12819917454_STOP54,0.3175,0.0127,0.0043,0.406,0.1214,0.3358,12,Jalan Pahlawan
5374108596_1849960227_STOP55,0.2842,0.0462,0.0829,0.386,0.0802,0.3111,8,Jalan PH. H. Mustofa
5374108596_1849960655_STOP52,0.312,0.0338,0.0767,0.3117,0.1473,0.3068,10,Jalan Pahlawan
5374108596_25773425_STOP79,0.1511,0.0627,0.1725,0.329,0.0675,0.2673,17,Jalan Surapati
5374108596_3274608590_STOP54,0.2834,0.0396,0.0363,0.4514,0.0509,0.3289,12,Jalan Pahlawan
5391571111_1681303075_STOP145,0.2156,0.0474,0.325,0.032,0.2338,0.2003,6,Jalan Jenderal Ahmad Yani
5391571114_1681348740_STOP146,0.1718,0.0771,0.2426,0.2307,0.116,0.2444,2,Jalan PH. H. Mustofa
5391571114_295556217_STOP344,0.2747,0.0378,0.1546,0.3483,0.0962,0.2904,7,Jalan PH. H. Mustofa
5391666889_5391666896_STOP249,0.2607,0.0571,0.1838,0.3242,0.0449,0.2684,3,Jalan Jenderal Ahmad Yani
5391666890_3277871565_STOP147,0.3675,0.01,0.103,0.1249,0.2935,0.2841,1,Jalan Laswi
5391666890_5391666891_STOP147,0.3675,0.01,0.103,0.1249,0.2935,0.2841,1,Jalan Jenderal Ahmad Yani
5391666891_25432860_STOP147,0.3777,0.0107,0.0836,0.134,0.3094,0.2949,1,Jalan Laswi
5391666891_5391666897_STOP147,0.3777,0.0107,0.0836,0.134,0.3094,0.2949,1,Jalan Jenderal Ahmad Yani
5391666896_2520649239_STOP248,0.2093,0.011,0.1262,0.2911,0.1151,0.2703,6,Jalan Jenderal Ahmad Yani
5391666896_3277871566_STOP249,0.2078,0.0196,0.1168,0.3756,0.0856,0.2912,3,Jalan Jenderal Ahmad Yani
5391666897_5391666898_STOP147,0.2609,0.0106,0.0821,0.2636,0.1827,0.2906,2,Jalan Jenderal Ahmad Yani
5391666898_3277871564_STOP147,0.2058,0.0766,0.1369,0.3063,0.0776,0.2766,2,Jalan Jenderal Ahmad Yani
5391666898_5391666913_STOP143,0.2803,0.0598,0.1529,0.3282,0.0765,0.2846,4,Jalan Jenderal Ahmad Yani
5391666899_25435162_STOP585,0.2151,0.0477,0.0998,0.4141,0.0913,0.3131,9,"['Jalan Kembang Sapatu', 'Jalan Terate', 'Jalan Samoja Dalam']"
5391666899_7201253642_STOP97,0.2421,0.0538,0.1451,0.1304,0.2542,0.2659,2,Jalan Jenderal Ahmad Yani
5391666904_1849525950_STOP89,0.359,0.056,0.1475,0.2604,0.1335,0.2865,1,Jalan Gudang Utara
5391666904_7642312005_STOP89,0.2688,0.0595,0.1138,0.3574,0.0668,0.2956,2,Jalan Jenderal Ahmad Yani
5391666913_5391666898_STOP143,0.2268,0.0935,0.2204,0.2863,0.0691,0.2615,4,Jalan Jenderal Ahmad Yani
5391666913_5391666904_STOP89,0.028,0.139,0.3418,0.26,0.0,0.2073,1,Jalan Jenderal Ahmad Yani
5392237806_3270422962_STOP219,0.385,0.0329,0.2007,0.0426,0.2884,0.2499,1,Jalan Terusan Jakarta
5392237806_6637693198_STOP219,0.385,0.0329,0.2007,0.0426,0.2884,0.2499,1,Jalan Jakarta
5392239227_11041579711_STOP218,0.3226,0.0042,0.0391,0.231,0.2558,0.3105,1,Jalan H. Ibrahim Adjie
5392239227_3278023496_STOP218,0.3326,0.004,0.0818,0.1911,0.2498,0.2916,2,Jalan Letnan Jenderal Ibrahim Adjie
5392239229_5392239231_STOP395,0.3445,0.0482,0.1065,0.1982,0.2237,0.2935,1,Jalan H. Ibrahim Adjie
5392239229_5392239244_STOP219,0.3169,0.0326,0.3824,0.1032,0.1118,0.1897,2,
5392239230_5392239229_STOP395,0.3778,0.0236,0.0885,0.2184,0.2173,0.299,2,Jalan H. Ibrahim Adjie
5392239231_5392237806_STOP219,0.3623,0.012,0.3381,0.0995,0.0803,0.1878,1,Jalan H. Ibrahim Adjie
5392239231_5392239244_STOP219,0.3623,0.012,0.3381,0.0995,0.0803,0.1878,1,Jalan Jakarta
5392239235_2520649218_STOP219,0.2136,0.0411,0.0679,0.2362,0.2048,0.2915,2,Jalan H. Ibrahim Adjie
5392239235_7850209633_STOP632,0.233,0.0822,0.1106,0.1955,0.2375,0.2912,1,Jalan H. Ibrahim Adjie
5392239244_5332863130_STOP612,0.2406,0.0144,0.487,0.0974,0.0783,0.1526,4,Jalan Jakarta
5392239245_3229412583_STOP503,0.2833,0.0223,0.111,0.1265,0.2916,0.277,1,"['Jalan Layang Jaksa Agung R. Soeprapto', 'Jalan Terusan Jakarta']"
5392239245_5332863130_STOP612,0.2141,0.0068,0.2146,0.1322,0.2458,0.2417,8,"['Jalan Layang Jaksa Agung R. Soeprapto', 'Jalan Terusan Jakarta']"
5392239252_5332863119_STOP219,0.3427,0.0136,0.4499,0.0631,0.0327,0.1466,1,Jalan H. Ibrahim Adjie
5392239252_5392239231_STOP219,0.3427,0.0136,0.4499,0.0631,0.0327,0.1466,1,Jalan Terusan Jakarta
5394983542_2477140738_STOP505,0.1924,0.0794,0.1147,0.4462,0.0167,0.306,2,Jalan Terusan Jakarta
5394983542_5394983543_STOP505,0.2003,0.1105,0.1696,0.3827,0.0333,0.2898,1,
5394983543_3270434503_STOP505,0.1931,0.0321,0.0249,0.4586,0.124,0.3406,8,Jalan Terusan Jakarta
5394983543_5394983542_STOP505,0.2697,0.0342,0.0522,0.3606,0.1847,0.3303,1,
5394983544_3270445561_STOP637,0.0982,0.0645,0.2594,0.2492,0.0739,0.227,2,Jalan Terusan Jakarta
5394983544_5394983545_STOP637,0.1017,0.0801,0.314,0.2025,0.097,0.2141,1,
5394983545_5394983544_STOP637,0.3129,0.0296,0.2104,0.07,0.2436,0.2376,1,
5394983545_6395644073_STOP90,0.2157,0.021,0.1502,0.3234,0.1024,0.2759,8,Jalan Terusan Jakarta
5395151832_25435174_STOP705,0.2696,0.0524,0.0478,0.4128,0.0827,0.3248,2,Jalan Malabar
5395151832_5395152111_STOP433,0.3476,0.0151,0.0774,0.4124,0.0316,0.3078,2,Jalan Malabar
5395151866_10825681737_STOP597,0.2683,0.0613,0.3004,0.1743,0.1078,0.2233,13,Jalan Jenderal Gatot Subroto
5395151866_29489330_STOP50,0.3644,0.0116,0.398,0.1284,0.0376,0.177,2,Jalan Jenderal Gatot Subroto
5395152109_1107865398_STOP433,0.2767,0.0104,0.0421,0.4,0.1152,0.3222,1,
5395152109_240789108_STOP656,0.2358,0.0353,0.0357,0.5009,0.0403,0.3356,3,Jalan Malabar
5395152111_5395151832_STOP705,0.3496,0.0438,0.1352,0.3264,0.0915,0.2942,2,Jalan Malabar
5395152111_5395152109_STOP433,0.3665,0.0476,0.0766,0.3736,0.1048,0.323,1,
5395152126_11181354934_STOP435,0.1739,0.1301,0.529,0.0368,0.0412,0.1354,1,Jalan Jenderal Gatot Subroto
5395152126_3277874424_STOP435,0.1739,0.1301,0.529,0.0368,0.0412,0.1354,1,
5395315581_11735248699_STOP90,0.2025,0.0677,0.2176,0.2396,0.123,0.2538,6,Jalan Cibatu
5395315581_3270489638_STOP90,0.1176,0.0472,0.4482,0.0557,0.1526,0.1588,4,Jalan Cibatu
5395315581_4123941899_STOP90,0.1847,0.0245,0.2372,0.2063,0.1921,0.2477,18,Jalan Cikajang Raya
5397556729_5353901420_STOP461,0.1306,0.0563,0.3059,0.2564,0.071,0.2231,13,Jalan Pasir Salam
5397556729_5482193900_STOP120,0.3117,0.0234,0.0616,0.3813,0.0996,0.3159,9,Jalan Pasir Salam
5397556729_6436250308_STOP579,0.2278,0.0564,0.1309,0.3325,0.1216,0.2946,7,Jalan Suryalaya
5397822748_5397822942_STOP447,0.2772,0.0488,0.0604,0.3378,0.1462,0.3163,17,Jalan H. Ibrahim Adjie
5397822748_9198770125_STOP444,0.2887,0.063,0.1703,0.1354,0.236,0.2655,1,
5397822942_2325453226_STOP447,0.3209,0.0458,0.114,0.2332,0.1795,0.289,1,
5397822942_3278000648_STOP831,0.2765,0.0564,0.1194,0.2722,0.1606,0.2928,7,Jalan H. Ibrahim Adjie
5406559329_7673681628_STOP148,0.1541,0.0776,0.1898,0.2757,0.1603,0.2752,16,Jalan Soekarno-Hatta
5408954334_2519873343_STOP621,0.2699,0.0371,0.2364,0.0558,0.2546,0.2294,3,"['Jalan Jenderal Ahmad Yani', 'Jalan H. Ibrahim Adjie']"
5408954334_5205570048_STOP621,0.2874,0.0,0.1339,0.1192,0.2884,0.2665,1,Jalan Cikutra
5408954335_10173744448_STOP567,0.2782,0.059,0.0298,0.4559,0.0428,0.3326,2,Jalan Citarum
5408954335_2520649152_STOP562,0.1694,0.11,0.2046,0.3652,0.013,0.271,5,Jalan L.L. RE. Martadinata
5408954335_6639564151_STOP567,0.2143,0.0772,0.0167,0.4748,0.0315,0.3347,1,Jalan L.L. RE. Martadinata
5444615172_1708607132_STOP618,0.1953,0.0317,0.1814,0.3262,0.0608,0.2617,7,Jalan Cisitu Indah
5444644720_1107494497_STOP460,0.1849,0.0039,0.3505,0.227,0.1907,0.2325,1,Jalan Batu Api
5444644720_5269229741_STOP368,0.1926,0.0046,0.3356,0.1263,0.2508,0.2205,5,Jalan Batu Api
5444644746_3115137890_STOP334,0.3155,0.0184,0.1042,0.2291,0.2083,0.2904,1,Bunderan Elok
5444644746_5444644749_STOP334,0.2582,0.0542,0.1196,0.2738,0.1777,0.2953,6,Jalan Batununggal Indah I
5444644749_5847788403_STOP334,0.3252,0.0127,0.0525,0.1595,0.3527,0.3132,1,Bunderan Raya-1
5444644826_5825176142_STOP595,0.3585,0.0589,0.033,0.1994,0.2922,0.3255,1,Jalan Soekarno-Hatta
5444644826_5825182245_STOP595,0.3426,0.0635,0.0502,0.2304,0.2458,0.32,2,
5447158246_12633822764_STOP719,0.0993,0.0631,0.429,0.0245,0.2527,0.1788,3,Jalan Marga Cinta
5447158246_6609265322_STOP118,0.0271,0.0598,0.4725,0.0128,0.2365,0.1568,1,Jalan Marga Cinta
5447158308_5447158315_STOP20,0.2722,0.038,0.1185,0.2623,0.181,0.291,18,Jalan Terusan Kiara Condong
5447158308_5458215975_STOP717,0.3115,0.0325,0.2276,0.0159,0.3409,0.2435,1,
5447158309_12633822764_STOP719,0.2757,0.0168,0.2167,0.0442,0.3427,0.2474,1,
5447158315_5447158308_STOP717,0.2774,0.032,0.1091,0.2848,0.1635,0.2941,18,Jalan Terusan Kiara Condong
5447158315_5447158421_STOP20,0.369,0.0015,0.0474,0.2522,0.2134,0.3091,1,Jalan Terusan Kiara Condong
5447158318_8123304854_STOP36,0.3976,0.0115,0.0862,0.1293,0.2816,0.2883,1,Jalan Letnan Jenderal Ibrahim Adjie
5447158318_8390730117_STOP36,0.3976,0.0115,0.0862,0.1293,0.2816,0.2883,1,Jalan Soekarno-Hatta
5447158320_8123304882_STOP460,0.2832,0.0439,0.0936,0.0928,0.3281,0.2829,17,Jalan Soekarno-Hatta
5447158421_5447158320_STOP20,0.1877,0.0125,0.0434,0.0823,0.3996,0.2894,1,
5447158421_8123304860_STOP20,0.1877,0.0125,0.0434,0.0823,0.3996,0.2894,1,Jalan Terusan Kiara Condong
5455661685_1390997943_STOP404,0.1876,0.0354,0.2102,0.2097,0.1574,0.2466,19,Jalan Cipedes Atas
5455661685_1654067462_STOP352,0.2457,0.0636,0.0704,0.4526,0.0154,0.3164,15,Jalan Prof. Dr. Ir. Sutami
5455661685_5461446959_STOP352,0.1993,0.0267,0.1522,0.3451,0.1082,0.283,21,"['Jalan Cipedes Tengah', 'Jalan Setra Indah', 'Jalan Setra Indah Barat', 'Jalan Suka Mulya']"
5455661685_7298267086_STOP337,0.2211,0.0425,0.1639,0.3768,0.0422,0.2796,7,Jalan Sindang Sirna
5455694139_11199413656_STOP387,0.2401,0.0191,0.1058,0.3175,0.1832,0.303,35,Jalan Rancanumpang
5455694139_6640792413_STOP267,0.1987,0.0737,0.0228,0.1024,0.4167,0.3161,9,
5455694139_6640792414_STOP267,0.3223,0.0143,0.0553,0.037,0.4276,0.2948,1,Jalan Rancanumpang
5458167261_5458167281_STOP329,0.1954,0.0112,0.0114,0.3337,0.2207,0.3254,9,Jalan Batununggal Indah IX
5458167262_5458167261_STOP335,0.2562,0.0011,0.0855,0.4793,0.0093,0.3091,1,Bunderan Pasar Modern Batununggal
5458167262_5458167305_STOP595,0.2407,0.0588,0.071,0.3989,0.0909,0.3176,7,
5458167263_5353900365_STOP335,0.1945,0.0045,0.0561,0.0951,0.4035,0.2913,1,
5458167263_5458167262_STOP335,0.2174,0.0466,0.1049,0.2971,0.1585,0.2941,7,Jalan Batununggal Indah II
5458167274_5458167300_STOP595,0.2837,0.0296,0.1461,0.1083,0.2336,0.2533,1,Bunderan 1-8
5458167274_7227417913_STOP334,0.2891,0.0245,0.0689,0.2952,0.1688,0.3042,6,Jalan Batununggal Indah I
5458167277_5458167300_STOP595,0.3046,0.0326,0.0379,0.3177,0.1867,0.3233,6,Jalan Batununggal Indah I
5458167277_7227417913_STOP334,0.3512,0.0185,0.0366,0.169,0.3082,0.3111,1,Bunderan Elok
5458167281_2500902333_STOP335,0.3866,0.002,0.006,0.3449,0.1707,0.3343,1,Bunderan Pasar Modern Batununggal
5458167298_5458167261_STOP335,0.309,0.0276,0.0304,0.3761,0.1389,0.3294,7,
5458167298_5458167305_STOP595,0.3813,0.0108,0.1156,0.1497,0.2551,0.2816,1,Bunderan 1-8
5458167300_5458167298_STOP595,0.3347,0.0175,0.1303,0.2361,0.1755,0.2821,1,Bunderan 1-8
5458167305_5458167274_STOP595,0.3989,0.0071,0.1341,0.0783,0.2815,0.2651,1,Bunderan 1-8
5458168297_12806516351_STOP230,0.2304,0.0043,0.0544,0.3326,0.194,0.3141,2,Bunderan Cibiru
5458168297_4427752879_STOP230,0.2618,0.0084,0.1338,0.2426,0.1919,0.2786,2,Jalan Raya Cibiru
5458169147_7284403242_STOP423,0.0761,0.1378,0.0643,0.4398,0.1205,0.3376,5,Jalan Soekarno-Hatta
5458169147_9443702028_STOP423,0.0991,0.1341,0.035,0.4009,0.2997,0.3767,1,
5458169530_11106971273_STOP356,0.2087,0.0263,0.0319,0.4419,0.0866,0.3256,7,Jalan Soekarno-Hatta
5458169530_11106971279_STOP356,0.3502,0.0163,0.0362,0.3578,0.1465,0.3268,8,Jalan Soekarno-Hatta
5458169533_2634710039_STOP230,0.4134,0.0118,0.0484,0.1666,0.2933,0.3097,1,Bunderan Cibiru
5458169533_35131598_STOP230,0.39,0.0323,0.1272,0.0833,0.3173,0.2806,2,Jalan Abdul Haris Nasution
5458215975_5447158309_STOP719,0.3115,0.0325,0.2276,0.0159,0.3409,0.2435,1,
5458215975_9626125965_STOP719,0.3115,0.0325,0.2276,0.0159,0.3409,0.2435,1,Jalan Marga Cinta
5458564731_2746819080_STOP329,0.3501,0.0236,0.0617,0.2262,0.2137,0.3017,3,Jalan Buah Batu
5458564731_3472154933_STOP324,0.3307,0.0,0.0477,0.222,0.2325,0.3006,1,
5460926047_1658956030_STOP630,0.1353,0.0338,0.2016,0.3014,0.096,0.2545,13,Jalan Sukawarna
5460926047_1773328595_STOP241,0.2088,0.079,0.164,0.2552,0.1536,0.277,2,Jalan Dr. Djunjunan
5460926051_1658426557_STOP352,0.3347,0.0431,0.089,0.3608,0.0722,0.305,21,Jalan Prof. Dr. Surya Soemantri
5460962097_13141223516_STOP114,0.2743,0.0319,0.1291,0.2424,0.1804,0.2823,21,Jalan Gedebage Selatan
5460962097_35138922_STOP371,0.277,0.0311,0.1113,0.3238,0.1414,0.2997,14,Jalan Gedebage Selatan
5460962097_5848061348_STOP371,0.3584,0.0292,0.1094,0.2525,0.183,0.2968,1,Jalan Magna Raya
5461446468_2315712822_STOP3,0.2188,0.0037,0.0054,0.3785,0.2381,0.3449,1,
5461446470_5461446468_STOP3,0.1752,0.0187,0.0283,0.4491,0.2399,0.3617,1,
5461446470_5461446930_STOP3,0.2413,0.0135,0.0106,0.4709,0.1675,0.3584,3,Jalan Suka Mulya
5461446930_29377839_STOP630,0.2367,0.0319,0.1462,0.2812,0.1578,0.2819,13,Jalan Suka Mulya
5461446930_5461446468_STOP3,0.3016,0.0149,0.0054,0.3725,0.194,0.3426,3,Jalan Suka Mulya
5461446959_2315712821_STOP3,0.1905,0.0364,0.0896,0.4096,0.1161,0.3148,5,Jalan Suka Mulya
5461446959_5455661685_STOP337,0.1885,0.0297,0.1617,0.3799,0.1005,0.2896,21,"['Jalan Cipedes Tengah', 'Jalan Setra Indah', 'Jalan Setra Indah Barat', 'Jalan Suka Mulya']"
5463399920_312086670_STOP233,0.1866,0.0416,0.0962,0.46,0.076,0.3196,9,Jalan Sangkuriang
5463596824_25448881_STOP519,0.0969,0.0095,0.1017,0.4368,0.0342,0.2859,1,Jalan Sumur Bandung
5463596824_5463596826_STOP519,0.0969,0.0095,0.1017,0.4368,0.0342,0.2859,1,Jalan Sumur Bandung
5463596826_25448881_STOP519,0.3277,0.042,0.0014,0.531,0.0085,0.3524,1,Jalan Tamansari
5463596826_29359329_STOP519,0.3277,0.042,0.0014,0.531,0.0085,0.3524,1,Jalan Tamansari
5463827264_1662376584_STOP591,0.0,0.0042,0.5349,0.3713,0.0001,0.182,2,Jalan Dago Asri Raya
5463827264_1708607132_STOP618,0.1596,0.027,0.2764,0.2714,0.0859,0.2328,10,"['Jalan Alpina', 'Jalan Dago Asri Raya', 'Jalan Cisitu Lama VIII', 'Jalan Dago Asri IV']"
5463988176_13648191536_STOP163,0.4257,0.0336,0.0387,0.197,0.2606,0.3177,1,Jalan Surapati
5463988176_5825261665_STOP163,0.4257,0.0336,0.0387,0.197,0.2606,0.3177,1,Jalan Ir. H. Djuanda
5465992318_1663274762_STOP600,0.3581,0.0489,0.0304,0.2949,0.1965,0.3286,1,
5465992318_1663274768_STOP268,0.3581,0.0407,0.0138,0.4167,0.1019,0.3424,4,Jalan Ir. H. Djuanda
5465992888_10261582621_STOP600,0.212,0.0218,0.2585,0.2753,0.0727,0.2376,1,Jalan Dipatiukur
5465992888_1857160826_STOP140,0.2523,0.0189,0.2787,0.1114,0.1715,0.2135,5,Jalan Dipatiukur
5465993094_1663274762_STOP268,0.3316,0.0511,0.0034,0.4512,0.0579,0.3427,4,Jalan Ir. H. Djuanda
5465993094_1663274768_STOP268,0.3299,0.0554,0.0105,0.456,0.0374,0.3386,1,Jalan Dayang Sumbi
5479191291_2518074025_STOP823,0.4008,0.0017,0.0089,0.2234,0.2958,0.3301,1,Jalan Pintu Masuk GBLA
5479191291_5479194193_STOP825,0.3154,0.0766,0.0041,0.332,0.1983,0.3454,20,
5479194191_11136401953_STOP821,0.3795,0.0014,0.0045,0.0902,0.4257,0.321,1,Jalan Pintu Masuk GBLA
5479194191_6408095332_STOP822,0.1029,0.2482,0.008,0.1826,0.38,0.3585,20,Jalan Viking
5479194191_8408170536_STOP821,0.2,0.1534,0.0063,0.1523,0.3696,0.3378,2,
5479194193_9729638579_STOP267,0.1909,0.1785,0.0091,0.162,0.396,0.351,8,
5479194193_9729638593_STOP825,0.3534,0.0591,0.004,0.1504,0.3755,0.3356,1,
5482193683_5348770388_STOP389,0.3314,0.0204,0.0769,0.252,0.2156,0.3052,5,Jalan Soekarno-Hatta
5482193683_5847788420_STOP335,0.1899,0.0209,0.273,0.2278,0.1505,0.2382,24,Jalan Sukaati
5482193900_10187187001_STOP120,0.3555,0.0288,0.0738,0.2568,0.2444,0.3184,2,Jalan Pasir Salam
5482193900_5397556729_STOP120,0.3309,0.0138,0.0744,0.374,0.1081,0.3139,9,Jalan Pasir Salam
5487599496_5489991816_STOP198,0.0347,0.2961,0.306,0.0891,0.1559,0.2325,1,Jalan Raden Rangga Kencana
5487650882_5353902843_STOP198,0.2807,0.0438,0.119,0.138,0.2778,0.2798,1,
5487650882_5487599496_STOP198,0.1926,0.101,0.1954,0.1365,0.2193,0.2559,4,Jalan Mekar Puspita
5487734495_5487734496_STOP135,0.4044,0.0396,0.0351,0.2088,0.2827,0.3264,1,Jalan Kopo Sayati
5487734496_29489290_STOP135,0.4141,0.0126,0.0169,0.1687,0.3354,0.3259,1,
5487734496_5487734500_STOP135,0.4063,0.0135,0.0655,0.0988,0.3663,0.3047,3,Jalan Kopo Sayati
5487734497_13010031522_STOP135,0.2799,0.0316,0.1659,0.1881,0.2033,0.2666,8,Jalan Kopo Sayati
5487734497_5487734495_STOP135,0.3982,0.0215,0.0621,0.2828,0.2086,0.3218,2,Jalan Kopo Sayati
5487734500_5348639876_STOP135,0.2952,0.0265,0.0732,0.0966,0.3397,0.2877,3,Jalan Kopo Sayati
5487734501_5487734497_STOP135,0.3093,0.0934,0.1099,0.2171,0.2216,0.3036,2,Jalan Kopo Sayati
5487734504_5487734501_STOP135,0.1682,0.0,0.0106,0.3685,0.1144,0.3044,1,Jalan Akses Tol Kopo
5488117167_5488117175_STOP198,0.253,0.014,0.2182,0.0684,0.2927,0.2391,1,
5488117168_5353902840_STOP198,0.2051,0.025,0.4135,0.1903,0.1135,0.1989,1,Jalan Raden Rangga Kencana
5488117168_5488117167_STOP198,0.2051,0.025,0.4135,0.1903,0.1135,0.1989,1,
5488117175_5353902926_STOP385,0.1273,0.0026,0.1337,0.1466,0.3278,0.2691,7,Jalan Indrayasa
5488117175_6468977370_STOP198,0.2967,0.0014,0.089,0.1252,0.3383,0.2887,1,
5489855947_3383341287_STOP381,0.339,0.041,0.077,0.0979,0.3353,0.2937,5,Jalan Soekarno-Hatta
5489977551_13413840425_STOP198,0.2922,0.0144,0.2473,0.059,0.2688,0.2299,1,Jalan Mekar Laksana
5489977551_5489991827_STOP198,0.0882,0.0098,0.1652,0.2643,0.1974,0.2646,6,Jalan Raden Rangga Kencana
5489991814_13413840424_STOP198,0.1631,0.072,0.355,0.0862,0.1424,0.1889,6,Jalan Raden Rangga Kencana
5489991814_5489991827_STOP198,0.0554,0.1672,0.3903,0.1785,0.0746,0.2026,1,
5489991816_13413660892_STOP198,0.0913,0.1085,0.2887,0.2691,0.0959,0.2422,3,Jalan Raden Rangga Kencana
5489991816_5489991817_STOP198,0.0204,0.2161,0.3388,0.1818,0.0233,0.2048,1,
5489991817_5488117167_STOP198,0.1885,0.0068,0.1538,0.3682,0.2316,0.3155,2,Jalan Raden Rangga Kencana
5489991817_5489991816_STOP198,0.3061,0.0097,0.1299,0.3193,0.1906,0.3065,1,
5489991827_13413660891_STOP198,0.1116,0.0046,0.143,0.1755,0.2734,0.2617,2,Jalan Raden Rangga Kencana
5489991827_5489991814_STOP198,0.1709,0.0031,0.1196,0.1762,0.3102,0.2802,1,
5490125456_5353902327_STOP139,0.1954,0.0679,0.4834,0.0681,0.0694,0.1484,5,Jalan Mekar Utama
5490125456_5490125457_STOP139,0.2842,0.0202,0.6039,0.0,0.0034,0.0927,1,
5490125457_5353902572_STOP463,0.1587,0.0164,0.1829,0.1708,0.2014,0.2433,8,"['Jalan Mekar Utama', 'Jalan Mekar Laksana']"
5490125457_5490125456_STOP139,0.3352,0.0604,0.3404,0.0015,0.2299,0.2025,1,
5493008236_1666231704_STOP18,0.2106,0.0221,0.2486,0.0623,0.3468,0.2436,2,Jalan Jend. H. Amir Machmud
5495698458_11458642953_STOP280,0.3711,0.0231,0.0974,0.289,0.116,0.2928,1,Jalan Jendral Sudirman
5495698458_6616544863_STOP280,0.3711,0.0231,0.0974,0.289,0.116,0.2928,1,Jalan Jendral Sudirman
5495700165_5344074236_STOP282,0.2346,0.0531,0.2958,0.2277,0.053,0.2212,3,Jalan Jendral Sudirman
5504142700_3445484564_STOP282,0.2263,0.0701,0.1721,0.3884,0.0482,0.2894,3,Jalan Jendral Sudirman
5504142700_5495700165_STOP491,0.1903,0.1937,0.161,0.3202,0.1034,0.3055,1,
5504449389_2551351402_STOP179,0.3468,0.0355,0.0672,0.1379,0.3679,0.315,1,Jalan Layang Cimindi
5504449389_5493008236_STOP18,0.2381,0.1075,0.2171,0.0982,0.274,0.2607,4,Jalan Jend. H. Amir Machmud
5504454497_5504449389_STOP179,0.3283,0.0293,0.0949,0.1651,0.29,0.2965,6,Jalan Jend. H. Amir Machmud
5504859191_9372965562_STOP180,0.2486,0.0284,0.1896,0.1392,0.2192,0.2487,1,Jalan Jend. H. Amir Machmud
5509853099_5504859191_STOP180,0.2238,0.0602,0.165,0.2163,0.1897,0.272,11,Jalan Jend. H. Amir Machmud
5639373300_2325438077_STOP479,0.3179,0.0007,0.1002,0.2904,0.2356,0.3129,1,Jalan Sukajadi
5639373300_5639373305_STOP479,0.3179,0.0007,0.1002,0.2904,0.2356,0.3129,1,
5639373305_29358836_STOP478,0.271,0.04,0.1566,0.1301,0.225,0.2568,2,Jalan Dr. Setiabudi
5639376031_10177320000_STOP489,0.1353,0.0011,0.252,0.4484,0.0845,0.2816,2,Jalan Cibogo
5639376031_1658431511_STOP489,0.1151,0.1525,0.1716,0.3566,0.0926,0.2964,6,Jalan Cibogo
5639376089_5353615188_STOP353,0.2191,0.0151,0.0889,0.3913,0.1515,0.3168,11,
5639376089_5826215870_STOP81,0.2708,0.0202,0.0863,0.2592,0.2218,0.3014,4,Jalan Pasir Kaliki
5646605222_1083569114_STOP391,0.2268,0.0455,0.1266,0.3348,0.0961,0.2872,6,Jalan Perintis
5646605222_13097895693_STOP128,0.2155,0.0645,0.2441,0.2993,0.0449,0.2488,12,"['Jalan Sariasih', 'Jalan Sari Rasa']"
5646605222_29356722_STOP352,0.292,0.0664,0.0876,0.376,0.0747,0.3108,8,Jalan Terusan Prof. Dr. Ir. Sutami
5648629181_11740333992_STOP766,0.3518,0.0569,0.0163,0.2069,0.2588,0.3209,1,Jalan Layang Ciroyom
5648629181_29377042_STOP86,0.3054,0.0428,0.1567,0.2024,0.1645,0.2675,4,Jalan Arjuna
5648631891_5504142700_STOP491,0.2778,0.0222,0.0921,0.3833,0.1077,0.3103,1,Jalan Jendral Sudirman
5648631891_9167367930_STOP491,0.2778,0.0222,0.0921,0.3833,0.1077,0.3103,1,
5825176142_3272299574_STOP595,0.3081,0.0047,0.0561,0.1114,0.3595,0.2966,1,Jalan Waas
5825176142_5482193683_STOP120,0.3174,0.0266,0.0448,0.2837,0.215,0.3192,11,Jalan Soekarno-Hatta
5825176142_5825182245_STOP595,0.3081,0.0047,0.0561,0.1114,0.3595,0.2966,1,Jalan Waas
5825182245_3272344712_STOP595,0.3315,0.0466,0.052,0.3,0.1874,0.3215,3,Jalan Waas
5825223577_1667742500_STOP200,0.2249,0.039,0.1979,0.2883,0.1311,0.2699,24,"['Jalan Papanggungan', 'Jalan Jenderal Gatot Subroto']"
5825223577_2325453226_STOP447,0.2454,0.0311,0.0792,0.2711,0.199,0.3,7,Jalan H. Ibrahim Adjie
5825223577_3376282078_STOP831,0.2673,0.0023,0.1931,0.0828,0.2585,0.2377,1,Jalan Jenderal Gatot Subroto
5825261665_2958252668_STOP31,0.3223,0.0098,0.247,0.2128,0.0447,0.2222,1,Jalan Cikapayang
5825261665_3374026391_STOP31,0.2592,0.0316,0.1145,0.2667,0.1286,0.2772,3,Jalan Ir. H. Djuanda
5825261667_10654541237_STOP165,0.3246,0.0302,0.041,0.3567,0.1195,0.3192,9,Jalan Ir. H. Djuanda
5825261667_1663274712_STOP236,0.3469,0.012,0.1539,0.2093,0.1411,0.2621,1,Jalan Dipatiukur
5825261667_5463988176_STOP236,0.3469,0.012,0.1539,0.2093,0.1411,0.2621,1,Jalan Cikapayang
5825278971_10151612729_STOP265,0.3018,0.0137,0.0958,0.2866,0.1408,0.2897,7,Jalan Ir. H. Djuanda
5825278971_10703340256_STOP265,0.3474,0.0102,0.0933,0.1051,0.2679,0.2713,1,Jalan Dipatiukur
5826215870_2958261185_STOP81,0.1322,0.0046,0.1112,0.19,0.3998,0.3044,1,Jalan Pasteur
5826215870_2958261186_STOP81,0.1322,0.0046,0.1112,0.19,0.3998,0.3044,1,Jalan Pasteur
5826263864_1658920028_STOP123,0.2856,0.0675,0.2222,0.1838,0.0824,0.2345,1,Jalan Pasteur
5832175149_1660290286_STOP393,0.3823,0.0218,0.0104,0.427,0.0691,0.3364,1,
5832175149_2039584375_STOP39,0.3491,0.0159,0.0085,0.464,0.0538,0.3395,3,Jalan Sentot Alibasyah
5832181364_10173705732_STOP575,0.3169,0.0792,0.0088,0.5125,0.0,0.35,1,Jalan Citarum
5832181364_10173705737_STOP575,0.3169,0.0793,0.0083,0.5129,0.0,0.3502,1,Jalan Diponegoro
5841953280_1849525810_STOP682,0.307,0.0244,0.0268,0.4818,0.0467,0.3378,4,Jalan Sumatra
5841953280_25433457_STOP699,0.1499,0.0537,0.0242,0.551,0.0208,0.3426,4,Jalan Jawa
5841953280_29352423_STOP674,0.2148,0.0218,0.0655,0.4918,0.0288,0.3207,8,Jalan Jawa
5841953280_3374033499_STOP293,0.3126,0.021,0.0481,0.4338,0.0773,0.3277,8,Jalan Sumatra
5841989830_2519917309_STOP11,0.3926,0.0232,0.0363,0.4449,0.0201,0.327,1,Jalan Lapang Supratman
5841989830_5842012228_STOP175,0.2202,0.0933,0.0126,0.5514,0.016,0.3582,4,Jalan Lapang Supratman
5842007853_2519917308_STOP174,0.2922,0.0751,0.0362,0.359,0.095,0.3203,1,Jalan Lapang Supratman
5842007853_2519917309_STOP11,0.2855,0.0601,0.0215,0.4582,0.0464,0.3364,3,Jalan Supratman
5842012228_1849907113_STOP175,0.2532,0.0395,0.0,0.6684,0.0082,0.3858,1,Jalan Cendana
5842012228_5842012229_STOP175,0.2532,0.0395,0.0,0.6684,0.0082,0.3858,1,Jalan Lapang Supratman
5842012229_1849907162_STOP174,0.2002,0.063,0.0068,0.5174,0.0549,0.3506,2,Jalan Lapang Supratman
5847788388_2500902328_STOP334,0.1174,0.0809,0.1531,0.2143,0.2767,0.2884,7,Jalan Batununggal Indah Raya
5847788388_5847788389_STOP335,0.2597,0.0001,0.1127,0.1512,0.2761,0.2735,1,Jalan Batununggal Indah II
5847788389_3115157726_STOP335,0.4079,0.0,0.1095,0.0691,0.339,0.2798,1,Jalan Batununggal Indah Raya
5847788389_5458167263_STOP335,0.3031,0.0251,0.0297,0.3805,0.1521,0.333,15,Jalan Batununggal Indah II
5847788396_2500902327_STOP595,0.3155,0.0538,0.063,0.2002,0.2819,0.3134,6,Jalan Batununggal Indah I
5847788396_5847788406_STOP334,0.3121,0.0163,0.0466,0.2701,0.2917,0.3314,1,Bunderan Raya-1
5847788399_2500902317_STOP334,0.2717,0.0727,0.2806,0.0603,0.2143,0.2213,3,Jalan Batununggal Indah Raya
5847788399_3115157727_STOP334,0.3841,0.0065,0.0765,0.1545,0.3333,0.3079,1,Bunderan Raya-1
5847788403_2500902328_STOP334,0.3252,0.0127,0.0525,0.1595,0.3527,0.3132,1,Bunderan Raya-1
5847788403_5847788389_STOP335,0.2149,0.0345,0.0279,0.3714,0.1575,0.325,7,Jalan Batununggal Indah Raya
5847788406_5847788399_STOP334,0.3841,0.0065,0.0765,0.1545,0.3333,0.3079,1,Bunderan Raya-1
5847788408_3115137890_STOP334,0.2746,0.0247,0.0405,0.3504,0.1999,0.3314,6,Jalan Batununggal Indah I
5847788408_5444644749_STOP334,0.3078,0.007,0.1004,0.1511,0.3432,0.2982,1,Bunderan Raya-1
5847788419_6609292783_STOP334,0.2907,0.0171,0.2739,0.1382,0.1191,0.2126,1,Bunderan Raya-4
5847788419_6609356524_STOP596,0.18,0.1216,0.4506,0.0385,0.0762,0.1553,6,Jalan Batununggal Indah Raya
5847788420_5353900365_STOP335,0.3726,0.0109,0.0963,0.2667,0.2195,0.3099,1,
5847788420_5482193683_STOP120,0.1935,0.0194,0.2619,0.2331,0.1484,0.241,24,Jalan Sukaati
5848060882_6608982110_STOP818,0.3036,0.0132,0.0251,0.1858,0.3991,0.3348,1,Bunderan Bulevar Utama
5848061291_5848060882_STOP819,0.327,0.0089,0.0238,0.1424,0.3647,0.3147,4,Bulevar Utama
5848061292_5848061291_STOP819,0.365,0.0048,0.0481,0.1186,0.3637,0.3067,1,Bulevar Utama
5848061292_6608982092_STOP819,0.365,0.0048,0.0481,0.1186,0.3637,0.3067,1,
5848061297_6608965030_STOP647,0.3828,0.0156,0.0002,0.0966,0.4118,0.3233,1,Jalan Akasia
5848061297_7216077730_STOP647,0.34,0.0147,0.0002,0.2469,0.2924,0.3341,4,Bulevar Barat
5848061330_7216077534_STOP371,0.3957,0.0169,0.008,0.1528,0.3625,0.3282,1,Jalan Magna Raya
5848061348_5460962097_STOP371,0.1761,0.182,0.3126,0.0566,0.1837,0.22,1,Jalan Magna Raya
5848061348_7144511425_STOP371,0.113,0.1473,0.1881,0.1945,0.2305,0.2785,6,Jalan Magna Raya
5851048279_5358208113_STOP683,0.254,0.006,0.0293,0.5155,0.0088,0.329,6,Jalan Sumatra
5852700917_3256092261_STOP7,0.2826,0.0651,0.4764,0.0445,0.0603,0.1482,2,Jalan Asia Afrika
5853120063_25435214_STOP703,0.2557,0.0477,0.095,0.3688,0.0888,0.3036,2,
5853120063_4258557080_STOP703,0.2557,0.0477,0.095,0.3688,0.0888,0.3036,2,Jalan Burangrang
5853120075_240791836_STOP546,0.2054,0.0206,0.3401,0.164,0.1021,0.1984,6,Jalan Emong
5853120075_5853120077_STOP753,0.1723,0.0043,0.2391,0.2198,0.1622,0.2387,1,
5853120075_7210854542_STOP798,0.2442,0.0234,0.1372,0.2692,0.1524,0.2774,2,Jalan Emong
5853120077_5853120075_STOP753,0.3079,0.0023,0.0329,0.2494,0.2595,0.316,1,
5853120077_6469933728_STOP797,0.2877,0.0254,0.0575,0.3858,0.0977,0.3154,7,Jalan Burangrang
5853120077_7210854542_STOP798,0.3338,0.0036,0.0292,0.2822,0.2212,0.3196,2,Jalan Burangrang
5862588301_2325453511_STOP384,0.2479,0.0443,0.1355,0.1488,0.2432,0.2688,17,Jalan Soekarno-Hatta
5862588301_5862588302_STOP342,0.29,0.0343,0.0484,0.2584,0.231,0.3139,1,
5862588302_5862588301_STOP342,0.3638,0.0138,0.028,0.174,0.3173,0.3165,1,
5862588302_6485352111_STOP381,0.3488,0.02,0.062,0.1305,0.3238,0.2997,26,Jalan Soekarno-Hatta
5862690000_3272382566_STOP121,0.2751,0.0813,0.1174,0.2746,0.1556,0.2974,11,Jalan Leuwi Panjang
5862690000_5862690001_STOP157,0.3031,0.1311,0.0267,0.36,0.1384,0.3451,1,
5862690001_5348748820_STOP157,0.2236,0.0926,0.1133,0.3537,0.1075,0.3069,5,Jalan Leuwi Panjang
5862690001_5862690000_STOP157,0.2729,0.1072,0.0218,0.3812,0.1196,0.3397,1,
5862690013_5348748819_STOP271,0.3145,0.0337,0.1093,0.2578,0.1742,0.2927,3,Jalan Leuwi Panjang
5862690013_5862690014_STOP271,0.2321,0.0639,0.079,0.2876,0.1567,0.2996,1,
5862690014_2325416265_STOP311,0.2377,0.0305,0.182,0.2105,0.1744,0.2593,3,Jalan Leuwi Panjang
5862690014_5862690013_STOP271,0.2587,0.0029,0.0669,0.2872,0.1688,0.2948,1,
5862744483_11181449053_STOP256,0.1012,0.0669,0.0859,0.3598,0.1107,0.2962,1,Jalan Mochammad Ramdhan
5862744483_2325453378_STOP256,0.1012,0.0669,0.0859,0.3598,0.1107,0.2962,1,
5865212130_5394983544_STOP637,0.0855,0.0742,0.3534,0.2686,0.059,0.2157,8,Jalan Terusan Jakarta
5865212130_6395644073_STOP90,0.0829,0.1483,0.4546,0.2528,0.0017,0.196,1,
5865367998_11106971279_STOP356,0.2124,0.0386,0.0631,0.2139,0.2697,0.3011,1,
5865367998_5867096767_STOP357,0.1404,0.0226,0.0224,0.4937,0.0553,0.3272,14,Jalan Soekarno-Hatta
5867096767_9443702027_STOP357,0.22,0.0119,0.044,0.3576,0.1903,0.3226,1,
5867096767_9544806503_STOP357,0.1932,0.017,0.0559,0.4421,0.0722,0.315,3,Jalan Soekarno-Hatta
5867096768_5867096767_STOP357,0.2954,0.0513,0.1842,0.4594,0.0078,0.3019,1,
5867096768_9443702028_STOP423,0.2974,0.045,0.0686,0.373,0.1588,0.3301,4,Jalan Soekarno-Hatta
588189886_5487734495_STOP135,0.3579,0.0051,0.0133,0.1979,0.2884,0.3163,1,
588189886_5487734501_STOP135,0.3579,0.0051,0.0133,0.1979,0.2884,0.3163,1,Jalan Kopo Sayati
5993042008_2518053983_STOP114,0.2827,0.0581,0.0238,0.3231,0.2341,0.3418,1,Jalan Gedebage Selatan
5993042008_6380049252_STOP114,0.2827,0.0581,0.0239,0.3232,0.2342,0.3418,1,Jalan Gedebage Selatan
5993042021_5993042022_STOP114,0.3163,0.0,0.0004,0.1699,0.4201,0.3376,1,
5993042021_6380049255_STOP114,0.2489,0.0505,0.01,0.2896,0.2305,0.328,11,Jalan Pendamping SOR GBLA
5993042022_5993042021_STOP114,0.0,0.0,0.0246,0.3889,0.286,0.3345,1,
5993042022_6377275639_STOP387,0.109,0.059,0.0476,0.5316,0.1201,0.355,23,Jalan Pendamping SOR GBLA
5993042057_2518073283_STOP387,0.3453,0.0261,0.033,0.4847,0.0224,0.3358,1,
5993042057_6377275638_STOP387,0.2856,0.0215,0.0257,0.4976,0.0225,0.3339,5,Jalan Pendamping SOR GBLA
6352261923_11180921761_STOP72,0.2079,0.0133,0.0367,0.5096,0.0098,0.3233,1,
6352261923_9767043233_STOP71,0.2688,0.0317,0.0993,0.4005,0.0764,0.3076,2,
6377275638_5993042021_STOP114,0.3028,0.0382,0.0205,0.3972,0.1614,0.3443,23,Jalan Pendamping SOR GBLA
6377275638_6377275639_STOP387,0.2881,0.0146,0.0238,0.5132,0.0024,0.3327,1,
6377275639_2518073283_STOP387,0.0696,0.1116,0.0401,0.5858,0.0019,0.3495,5,Jalan Pendamping SOR GBLA
6377275639_6377275638_STOP387,0.0028,0.0358,0.034,0.626,0.0078,0.3421,1,
6377290514_6408095332_STOP822,0.3796,0.0588,0.0106,0.0732,0.4206,0.3252,1,
6377290514_9803456823_STOP822,0.3796,0.0588,0.0106,0.0732,0.4206,0.3252,1,Jalan Viking
6377290515_5479191291_STOP823,0.3121,0.0699,0.0057,0.3189,0.2283,0.3471,13,
6377290515_6377290514_STOP822,0.4299,0.0069,0.0088,0.1115,0.381,0.3218,1,Jalan Viking
6380049252_5993042008_STOP114,0.3159,0.0244,0.0653,0.1825,0.3142,0.31,1,Jalan Gedebage Selatan
6380049255_5993042008_STOP114,0.3309,0.0002,0.0077,0.219,0.2823,0.3182,1,Jalan Pendamping SOR GBLA
6380049255_6380049252_STOP114,0.3309,0.0002,0.0077,0.219,0.2823,0.3182,1,
6380243449_3272722525_STOP403,0.3369,0.0243,0.0217,0.4603,0.0572,0.3377,7,Jalan Soekarno-Hatta
6380243450_3272722525_STOP403,0.1849,0.0309,0.0425,0.4544,0.0695,0.322,8,Jalan Soekarno-Hatta
6380243450_6380243449_STOP358,0.0853,0.0314,0.1052,0.4342,0.0353,0.2881,1,
6380244012_6380244013_STOP535,0.2576,0.0674,0.0032,0.2507,0.2621,0.3295,1,
6380244012_6380244014_STOP535,0.1117,0.0315,0.0313,0.451,0.0959,0.322,5,Jalan Soekarno-Hatta
6380244013_7284403248_STOP535,0.3137,0.0759,0.0143,0.392,0.1444,0.3481,1,Jalan Soekarno-Hatta
6380244014_3272727739_STOP358,0.4109,0.0108,0.0255,0.1871,0.3143,0.3241,1,
6380244014_6380243450_STOP358,0.2397,0.0283,0.0416,0.303,0.1965,0.3134,2,Jalan Soekarno-Hatta
6380244014_6380244015_STOP358,0.4109,0.0108,0.0255,0.1871,0.3143,0.3241,1,
6380244015_5353894751_STOP535,0.3491,0.0278,0.0452,0.2536,0.211,0.3125,1,
6380244015_6380244013_STOP535,0.2882,0.0175,0.0567,0.3541,0.1394,0.3149,5,Jalan Soekarno-Hatta
6380244015_6380244014_STOP535,0.3491,0.0278,0.0452,0.2536,0.211,0.3125,1,
6382216824_6382216825_STOP403,0.344,0.0087,0.0034,0.2752,0.2829,0.3389,1,Jalan Rumah Sakit
6382216825_3380407826_STOP422,0.2878,0.0243,0.0512,0.4463,0.085,0.3311,28,Jalan Rumah Sakit
6382216825_6382216826_STOP240,0.356,0.0134,0.083,0.1856,0.2921,0.3045,1,Jalan Rumah Sakit
6382216826_11549683570_STOP403,0.3276,0.0167,0.0113,0.2214,0.3176,0.3302,1,Jalan Rumah Sakit
6382216826_3272728568_STOP403,0.2692,0.0678,0.0536,0.2767,0.214,0.3189,2,
6384640702_2518040289_STOP402,0.2434,0.0302,0.224,0.0809,0.2684,0.2382,4,Jalan Abdul Haris Nasution
6384640702_5354200473_STOP101,0.2721,0.0211,0.1245,0.2782,0.1343,0.2798,1,Jalan Alun-Alun Barat
6384640713_2858054060_STOP426,0.3294,0.0237,0.1575,0.1513,0.2509,0.2722,30,Jalan Abdul Haris Nasution
6384640713_6384640702_STOP101,0.2104,0.0381,0.2767,0.0958,0.2119,0.2189,5,Jalan Abdul Haris Nasution
6395246195_2477130742_STOP90,0.1691,0.0694,0.1166,0.3731,0.1383,0.3098,7,Jalan Arcamanik Endah
6395246195_6395246191_STOP90,0.1094,0.0249,0.144,0.2205,0.2446,0.2716,1,
6395246195_6395246196_STOP90,0.1346,0.0183,0.0734,0.4486,0.186,0.3372,2,Jalan Arcamanik Endah
6395246196_4123941899_STOP90,0.2213,0.0327,0.1115,0.2901,0.2219,0.3045,7,Jalan Arcamanik Endah
6395246196_6395246195_STOP90,0.2548,0.0276,0.0131,0.3508,0.3057,0.3607,2,Jalan Arcamanik Endah
6395246199_6395246196_STOP90,0.2615,0.0106,0.0027,0.1884,0.3915,0.3323,1,
6395644073_3270445568_STOP90,0.2298,0.0703,0.0836,0.3286,0.1173,0.3024,4,Jalan Terusan Jakarta
6395644073_5865212130_STOP90,0.2442,0.0035,0.1152,0.1856,0.2044,0.2646,1,
6408095332_7284309851_STOP822,0.3796,0.0588,0.0106,0.0732,0.4206,0.3252,1,Jalan Pendamping SOR GBLA
6411536102_7310779096_STOP323,0.2111,0.0942,0.0428,0.3158,0.1405,0.3134,1,Jalan Batu Nunggal
6411536102_7513405158_STOP323,0.2111,0.0942,0.0428,0.3158,0.1405,0.3134,1,Jalan Buah Batu
6411839582_4140347904_STOP324,0.3506,0.0272,0.0766,0.2933,0.1541,0.3055,4,Jalan Buah Batu
6411839583_35138338_STOP330,0.3598,0.0432,0.0653,0.3425,0.1357,0.3215,1,Jalan Buah Batu
6411839583_6411839582_STOP330,0.3598,0.0432,0.0653,0.3425,0.1357,0.3215,1,
6412131569_6609908292_STOP363,0.0937,0.1089,0.1832,0.0946,0.2849,0.2533,1,Jalan Taman Jupiter
6412131569_9503919891_STOP363,0.0704,0.0732,0.1626,0.1007,0.1821,0.2231,2,
6412357738_35137789_STOP540,0.0251,0.0155,0.5008,0.2648,0.074,0.1784,4,
6412357745_35137788_STOP540,0.2194,0.0847,0.2945,0.0748,0.225,0.2234,1,Jalan Tata Surya
6412357745_3869649891_STOP362,0.2666,0.0406,0.2055,0.2102,0.1738,0.2605,16,Jalan Tata Surya
6412357745_6412357738_STOP540,0.2194,0.0847,0.2945,0.0748,0.225,0.2234,1,
6413894757_1664487744_STOP604,0.1614,0.0304,0.0882,0.4977,0.114,0.3368,15,
6413894757_7673353742_STOP361,0.265,0.0374,0.0275,0.2587,0.2381,0.317,4,Jalan Soekarno-Hatta
6425545180_29380398_STOP496,0.3055,0.0111,0.0161,0.4122,0.1497,0.3414,9,Jalan Raya Cijerah
6425545180_3115112874_STOP498,0.2433,0.0613,0.2926,0.1313,0.1711,0.2249,22,Jalan Cigondewah Kaler
6428110632_10166777277_STOP139,0.3063,0.0104,0.1426,0.1181,0.2593,0.2616,1,Jalan Haji Tatang Sumantri
6428110632_1982778316_STOP139,0.3063,0.0104,0.1426,0.1181,0.2593,0.2616,1,Jalan Mohammad Toha
6428110632_3272376486_STOP185,0.283,0.04,0.1177,0.2445,0.1737,0.2854,15,Jalan Mohammad Toha
6428110634_1982778316_STOP139,0.32,0.036,0.1401,0.1246,0.2698,0.273,4,Jalan Mohammad Toha
6431352726_2255977904_STOP540,0.2355,0.021,0.1577,0.1792,0.3095,0.2852,2,Jalan Andromeda Raya
6431352726_6431352726_STOP540,0.2017,0.0134,0.1262,0.3966,0.1704,0.3155,8,Jalan Andromeda Tengah IV
6431352730_2255977904_STOP540,0.2453,0.0058,0.0641,0.049,0.3598,0.2707,2,
6431352730_6609908292_STOP363,0.2096,0.0577,0.2546,0.1682,0.2119,0.2478,19,"['Jalan Taman Jupiter', 'Jalan Margahayu Raya Bar.']"
6435730317_1777901409_STOP644,0.2388,0.0301,0.1445,0.3654,0.0847,0.289,9,Jalan Kancra
6436250308_10184467588_STOP466,0.2056,0.0216,0.2079,0.2292,0.1742,0.256,12,Jalan Mutumanikam
6436250308_1914135386_STOP467,0.148,0.0312,0.1819,0.3424,0.099,0.2712,8,Jalan Suryalaya
6436250308_5397556729_STOP120,0.1913,0.0485,0.2139,0.2565,0.1517,0.2616,7,Jalan Suryalaya
6437394512_35138338_STOP330,0.3074,0.0747,0.0824,0.2801,0.1825,0.313,1,
6437394512_6411839582_STOP330,0.3074,0.0747,0.0824,0.2801,0.1825,0.313,1,Jalan Buah Batu
6438800742_1849525979_STOP686,0.322,0.0059,0.0248,0.3985,0.0769,0.3184,3,Jalan Trunojoyo
6438800742_25434517_STOP686,0.3753,0.015,0.0148,0.4995,0.0274,0.345,1,Jalan Trunojoyo
6438800742_5356356848_STOP686,0.3753,0.015,0.0148,0.4995,0.0274,0.345,1,Jalan Sultan Agung
6442486339_13123360943_STOP84,0.2099,0.0461,0.2169,0.2756,0.0893,0.2527,13,Jalan Abdul Rahman Saleh
6442486339_1666277222_STOP775,0.2425,0.0546,0.1343,0.1719,0.2227,0.2723,11,Jalan Layang Nurtanio
6442486339_2628296766_STOP774,0.2641,0.0338,0.1775,0.2621,0.1187,0.2648,3,Jalan Abdul Rahman Saleh
6442819831_1849525880_STOP13,0.2195,0.0213,0.0092,0.5356,0.0036,0.3364,1,Jalan Sumatra
6442819831_5851048279_STOP13,0.2195,0.0213,0.0092,0.5356,0.0036,0.3364,1,Jalan Belitung
6442840898_1911634983_STOP375,0.1315,0.0393,0.355,0.1197,0.1748,0.1974,19,"['Jalan Holis', 'Jalan Nana Rohana', 'Jalan Suryani Dalam']"
6442840898_5489855947_STOP398,0.2379,0.0302,0.282,0.0457,0.2929,0.2245,1,Jalan Holis
6442968670_364365556_STOP292,0.3378,0.041,0.14,0.2533,0.1562,0.286,5,Jalan Braga
6442968671_2439053851_STOP192,0.211,0.1187,0.1794,0.34,0.0166,0.2741,1,Jalan Perintis Kemerdekaan
6442968671_6442968670_STOP192,0.211,0.1187,0.1794,0.34,0.0166,0.2741,1,Jalan Perintis Kemerdekaan
6442968672_2439053851_STOP192,0.1429,0.2192,0.0247,0.5329,0.0,0.3643,1,Jalan Perintis Kemerdekaan
6442968672_6442968670_STOP192,0.1429,0.2192,0.0247,0.5329,0.0,0.3643,1,Jalan Perintis Kemerdekaan
6443246208_1014722265_STOP197,0.2291,0.0245,0.1075,0.3811,0.0789,0.2957,4,Jalan Balonggede
6443280179_6443280180_STOP224,0.4032,0.0121,0.0658,0.236,0.2356,0.3126,1,
6443280179_6621856655_STOP309,0.3996,0.0122,0.0794,0.2302,0.2239,0.3056,2,Jalan Otto Iskandardinata
6443280180_3277883741_STOP224,0.4032,0.0121,0.0658,0.236,0.2356,0.3126,1,Jalan Otto Iskandardinata
6443280180_6443280179_STOP224,0.4032,0.0121,0.0658,0.236,0.2356,0.3126,1,
6445031497_2325451810_STOP555,0.1979,0.039,0.0991,0.4928,0.005,0.3119,6,Jalan Supratman
6445031497_6445031498_STOP74,0.2012,0.0999,0.0369,0.5379,0.0009,0.3462,1,Jalan Ciliwung
6445031498_10171865536_STOP172,0.299,0.0093,0.0258,0.473,0.0757,0.3387,4,Jalan Ciliwung
6445031498_11707030830_STOP73,0.3602,0.0078,0.0139,0.4419,0.0737,0.3365,1,Jalan Supratman
6445381505_25778222_STOP690,0.2623,0.013,0.0305,0.4906,0.0663,0.338,4,Jalan Citarum
6445381505_6445381506_STOP575,0.3386,0.0043,0.0764,0.3877,0.1033,0.3154,1,
6445381506_1666747516_STOP575,0.2682,0.0384,0.0726,0.4392,0.0529,0.3186,2,Jalan Citarum
6445381506_6445381505_STOP575,0.2887,0.0534,0.0636,0.4462,0.0694,0.3312,1,
6445776283_10173744453_STOP667,0.2571,0.0241,0.0737,0.4758,0.0173,0.3165,3,Jalan Cisanggarung
6445776283_6445776985_STOP667,0.2847,0.0032,0.0115,0.551,0.0,0.3427,1,Jalan Hayam Wuruk
6445776985_11771489565_STOP667,0.2719,0.0104,0.0276,0.4668,0.0269,0.3219,2,Jalan Hayam Wuruk
6445776985_1849526010_STOP667,0.3545,0.007,0.0444,0.4175,0.0538,0.3189,1,Jalan Cisanggarung
6445776991_13713992504_STOP805,0.1815,0.01,0.0266,0.5854,0.0,0.3418,1,
6445776991_7190149301_STOP805,0.1923,0.0242,0.0146,0.599,0.0008,0.3518,2,Jalan Hayam Wuruk
6445776996_2520649113_STOP669,0.3144,0.0079,0.0136,0.5718,0.0,0.3525,1,Jalan Banda
6445776996_6445776997_STOP669,0.3144,0.0079,0.0136,0.5718,0.0,0.3525,1,Jalan Cilamaya
6445776997_6445777001_STOP669,0.1927,0.0073,0.0011,0.4407,0.0491,0.315,1,Jalan Cilamaya
6445777001_10173705729_STOP669,0.2859,0.0454,0.0238,0.5362,0.0123,0.348,1,
6445777001_6445777003_STOP669,0.2719,0.0209,0.0199,0.4781,0.082,0.3423,4,Jalan Cilamaya
6445777003_1847944841_STOP670,0.174,0.0489,0.0645,0.5255,0.0629,0.3409,3,Jalan Diponegoro
6445777003_1849525905_STOP669,0.0,0.0,0.015,0.8124,0.0149,0.3952,1,Jalan Diponegoro
6455291974_2518070484_STOP356,0.3067,0.0464,0.0383,0.2248,0.2827,0.3223,1,Jalan Pertamina
6455291974_2634710028_STOP230,0.2851,0.046,0.1059,0.3451,0.1233,0.3062,8,Jalan Soekarno-Hatta
6461589822_10171739080_STOP665,0.4236,0.009,0.0288,0.4147,0.0677,0.3312,1,Jalan Taman Cibeunying Utara
6461589822_3269381709_STOP665,0.3742,0.0184,0.0988,0.4233,0.0421,0.3138,2,Jalan Ciliwung
6461589822_3269381712_STOP665,0.2974,0.0049,0.0236,0.4962,0.0358,0.335,2,Jalan Cihapit
6461589858_12809507137_STOP61,0.1081,0.1081,0.1002,0.3766,0.0821,0.3009,5,Jalan Aceh
6461589858_1849525899_STOP696,0.279,0.0396,0.0362,0.434,0.0634,0.3264,5,Jalan Menado
6461589858_2520790639_STOP662,0.1096,0.1447,0.0485,0.4692,0.0041,0.3244,1,Jalan Aceh
6468977370_5488117168_STOP198,0.237,0.0188,0.3621,0.0488,0.217,0.192,1,
6469653354_1107865397_STOP580,0.1571,0.0516,0.1236,0.3707,0.0739,0.2872,6,Jalan Talaga Bodas
6469653354_6469933730_STOP797,0.2125,0.0236,0.1667,0.3962,0.0958,0.2938,2,Jalan Talaga Bodas
6469933723_11347520098_STOP732,0.3311,0.0427,0.0938,0.3596,0.0834,0.3063,3,Jalan Lodaya
6469933723_29434775_STOP797,0.3558,0.0126,0.048,0.2896,0.1644,0.3088,2,Jalan Lodaya
6469933728_5853120077_STOP752,0.291,0.0274,0.0837,0.3701,0.0861,0.3046,7,Jalan Burangrang
6469933728_6470065672_STOP797,0.3368,0.0343,0.0369,0.4367,0.0262,0.3226,2,Jalan Burangrang
6469933730_29434775_STOP797,0.1964,0.0193,0.0512,0.3006,0.1578,0.2954,1,Jalan Talaga Bodas
6469933730_6469933723_STOP733,0.2628,0.031,0.0655,0.3166,0.1574,0.307,2,Jalan Lodaya
6470065668_3278061603_STOP796,0.267,0.0739,0.2128,0.1621,0.1891,0.2555,5,Jalan Sadakeling
6470065668_6470065671_STOP797,0.1903,0.0642,0.1052,0.3156,0.177,0.305,2,Jalan Sadakeling
6470065671_6469933728_STOP797,0.3067,0.0189,0.1164,0.4125,0.0273,0.2975,2,Jalan Burangrang
6470065671_6470065672_STOP797,0.284,0.0278,0.0632,0.4497,0.0386,0.319,1,Jalan Talaga Bodas
6470065672_6469653354_STOP733,0.1732,0.0373,0.1632,0.2931,0.0366,0.2474,2,Jalan Talaga Bodas
6470065672_6469933730_STOP797,0.3079,0.043,0.0277,0.3914,0.05,0.3152,1,Jalan Burangrang
6470450609_25435162_STOP585,0.3234,0.029,0.1193,0.2961,0.1369,0.2933,5,Jalan Malabar
6470450609_6470450610_STOP657,0.3728,0.0238,0.1512,0.3345,0.0485,0.2818,1,Jalan Malabar
6470450610_6470450611_STOP657,0.3708,0.039,0.0538,0.4502,0.0331,0.3301,1,Jalan Malabar
6470450610_6470450617_STOP838,0.2156,0.0986,0.0672,0.4252,0.0578,0.3232,2,Jalan Jenderal Gatot Subroto
6470450611_25435174_STOP705,0.2834,0.024,0.0607,0.3145,0.1557,0.3073,1,Jalan Jenderal Gatot Subroto
6470450611_5395151832_STOP705,0.3052,0.032,0.048,0.3994,0.0796,0.3194,2,Jalan Malabar
6470450615_6470450609_STOP657,0.2675,0.0935,0.1649,0.4026,0.0002,0.2915,1,Jalan Malabar
6470450615_6470450610_STOP657,0.2675,0.0935,0.1649,0.4026,0.0002,0.2915,1,Jalan Jenderal Gatot Subroto
6470450617_2325452552_STOP434,0.1674,0.0234,0.2007,0.2576,0.0816,0.239,5,Jalan Jenderal Gatot Subroto
6470450617_6470450611_STOP705,0.1484,0.0328,0.062,0.47,0.002,0.3036,2,Jalan Jenderal Gatot Subroto
6470450620_1108653643_STOP501,0.237,0.0503,0.2085,0.3677,0.0248,0.269,9,Jalan Jenderal Gatot Subroto
6470450620_6470450615_STOP657,0.1498,0.0414,0.2934,0.3164,0.0068,0.2258,2,Jalan Jenderal Gatot Subroto
6475102309_3252879876_STOP279,0.3194,0.0315,0.4195,0.0206,0.1306,0.1641,4,Jalan Jendral Sudirman
6485352110_3272563961_STOP343,0.3144,0.0652,0.0821,0.1396,0.298,0.2986,8,Jalan Soekarno-Hatta
6485352110_6485352111_STOP381,0.3462,0.0641,0.1461,0.123,0.274,0.2809,1,
6485352111_3383341288_STOP381,0.3185,0.025,0.1036,0.0876,0.3517,0.2855,3,Jalan Soekarno-Hatta
6485661075_2317306738_STOP485,0.3288,0.041,0.0547,0.2508,0.212,0.3112,4,Jalan Wastukancana
6485661075_2439053889_STOP63,0.3853,0.0407,0.0221,0.3281,0.1307,0.3245,1,
6608965027_7216077587_STOP371,0.3227,0.0016,0.0501,0.3623,0.1826,0.3294,4,
6608965029_11278632590_STOP647,0.3585,0.0068,0.0028,0.1402,0.4013,0.3291,8,Bulevar Barat
6608965029_9824987335_STOP647,0.4259,0.0005,0.0,0.0826,0.4212,0.3228,1,Jalan Akasia
6608965030_10968637160_STOP819,0.3007,0.0052,0.0078,0.2622,0.2785,0.3282,6,Jalan Akasia
6608965030_6608965029_STOP647,0.4415,0.0026,0.0,0.063,0.4403,0.3236,1,Bulevar Barat
6608965044_6608965046_STOP819,0.342,0.0005,0.0191,0.2012,0.3015,0.3172,1,Bunderan Akasia
6608965044_7561564769_STOP819,0.2903,0.0049,0.0068,0.365,0.2104,0.341,4,Jalan Akasia
6608965046_6608965044_STOP819,0.3796,0.0016,0.0367,0.1356,0.36,0.3134,2,Bunderan Akasia
6608965073_6608965046_STOP819,0.3042,0.0152,0.0075,0.3882,0.2189,0.3535,4,Jalan Akasia
6608965073_7561564769_STOP819,0.404,0.0254,0.0,0.2253,0.2898,0.3355,1,Jalan Akasia
6608982087_6608965030_STOP647,0.3842,0.003,0.0039,0.1811,0.3556,0.3316,5,Bulevar Barat
6608982089_6608982087_STOP261,0.3304,0.0858,0.0094,0.0771,0.407,0.3237,1,
6608982089_7216028474_STOP261,0.3303,0.0856,0.0094,0.077,0.407,0.3236,1,Bulevar Utama
6608982092_6608982089_STOP647,0.3262,0.0276,0.077,0.1647,0.3127,0.3042,4,Bulevar Utama
6608982106_5848060882_STOP819,0.3027,0.0473,0.0139,0.17,0.3843,0.3347,1,Bunderan Bulevar Utama
6608982106_7216077733_STOP819,0.3403,0.0195,0.0342,0.121,0.3762,0.3132,4,Bulevar Utama
6608982110_6608982115_STOP818,0.2882,0.0029,0.0229,0.2095,0.4014,0.3392,1,Bunderan Bulevar Utama
6608982110_9787694583_STOP386,0.1899,0.0217,0.1069,0.3111,0.2568,0.3148,11,Bulevar Selatan
6608982115_6608982106_STOP819,0.2893,0.0317,0.0752,0.091,0.3696,0.2937,3,Bunderan Bulevar Utama
6609192452_1849525810_STOP682,0.2918,0.0464,0.0438,0.3575,0.1071,0.3159,1,Jalan Sumatra
6609192452_2035792342_STOP682,0.2918,0.0464,0.0438,0.3575,0.1071,0.3159,1,
6609192455_1849525880_STOP682,0.3397,0.0056,0.0379,0.4533,0.037,0.3246,1,
6609192455_5851048279_STOP682,0.3397,0.0056,0.0379,0.4533,0.037,0.3246,1,Jalan Sumatra
6609199259_5369482496_STOP11,0.1817,0.0521,0.0031,0.6068,0.0036,0.3611,1,Jalan Supratman
6609199259_5369482497_STOP11,0.1817,0.0521,0.0031,0.6068,0.0036,0.3611,1,Jalan Cisadea
6609222555_2520649220_STOP44,0.414,0.0112,0.0638,0.2036,0.2675,0.312,1,Jalan Jakarta
6609222555_8123220090_STOP44,0.414,0.0112,0.0638,0.2036,0.2675,0.312,1,Jalan Jenderal Ahmad Yani
6609222555_8123220109_STOP44,0.414,0.0112,0.0638,0.2036,0.2675,0.312,1,Jalan Jenderal Ahmad Yani
6609222558_2520649239_STOP634,0.2753,0.0084,0.0374,0.4566,0.0401,0.3206,1,Jalan Jenderal Ahmad Yani
6609222558_6609222560_STOP634,0.2753,0.0084,0.0374,0.4566,0.0401,0.3206,1,Jalan Bengawan
6609222560_1849907155_STOP177,0.2497,0.0443,0.0983,0.4316,0.053,0.3118,11,Jalan Bengawan
6609222560_6609222558_STOP634,0.3425,0.0544,0.0191,0.5267,0.0,0.3503,1,Jalan Bengawan
6609222560_8123220091_STOP187,0.3326,0.0328,0.1023,0.3028,0.0945,0.2889,3,Jalan Jenderal Ahmad Yani
6609245572_2325453614_STOP332,0.293,0.0288,0.1425,0.278,0.1296,0.2795,8,Jalan Buah Batu
6609245572_6609245573_STOP322,0.3267,0.0341,0.0211,0.341,0.1446,0.3248,1,
6609245573_2614138789_STOP229,0.2939,0.0247,0.0776,0.2188,0.215,0.2921,5,Jalan Buah Batu
6609245573_6609245572_STOP322,0.333,0.0068,0.0517,0.1921,0.2666,0.3012,1,
6609265322_6437394512_STOP330,0.3322,0.019,0.0437,0.2911,0.2064,0.3194,6,Jalan Buah Batu
6609292743_6609292759_STOP332,0.3045,0.0054,0.049,0.1838,0.2806,0.2995,1,Bunderan Raya-6
6609292753_3115159440_STOP718,0.2196,0.0708,0.2362,0.0992,0.2233,0.2363,7,Jalan Batununggal Indah Raya
6609292753_6609292743_STOP332,0.1037,0.0035,0.1977,0.1604,0.2895,0.2519,1,Bunderan Raya-6
6609292758_6609292753_STOP332,0.2124,0.0146,0.2107,0.1559,0.1947,0.238,1,Bunderan Raya-6
6609292759_6609292758_STOP332,0.3615,0.0095,0.071,0.2119,0.2814,0.3113,1,Bunderan Raya-6
6609292759_6609356522_STOP596,0.1837,0.0268,0.0776,0.2885,0.2462,0.3102,7,Jalan Batununggal Indah Raya
6609292783_5042411985_STOP334,0.3832,0.004,0.219,0.067,0.2679,0.2433,1,Bunderan Raya-4
6609356522_6609356529_STOP596,0.3653,0.0059,0.1122,0.1047,0.3312,0.2851,1,Bunderan Raya-5
6609356524_6609356536_STOP596,0.3755,0.014,0.1107,0.0899,0.296,0.2747,1,Bunderan Raya-5
6609356529_6609292783_STOP334,0.1858,0.011,0.1505,0.2112,0.2334,0.2699,6,Jalan Batununggal Indah Raya
6609356529_6609356524_STOP596,0.3453,0.0095,0.1507,0.1185,0.3106,0.277,1,Bunderan Raya-5
6609356536_6609292758_STOP332,0.1745,0.009,0.2176,0.1545,0.1965,0.2321,7,Jalan Batununggal Indah Raya
6609356536_6609356522_STOP596,0.3755,0.014,0.1107,0.0899,0.296,0.2747,1,Bunderan Raya-5
6609908292_6412131569_STOP363,0.0937,0.1089,0.1832,0.0946,0.2849,0.2533,1,Jalan Taman Jupiter
6609908292_6431352730_STOP540,0.1978,0.0541,0.2652,0.1727,0.1869,0.2393,19,"['Jalan Taman Jupiter', 'Jalan Margahayu Raya Bar.']"
6610022881_6610022882_STOP452,0.1752,0.0213,0.028,0.3351,0.2615,0.3335,1,
6610022881_7673353743_STOP359,0.1329,0.0093,0.0524,0.4388,0.093,0.3122,7,Jalan Soekarno-Hatta
6610022882_3272718018_STOP452,0.2028,0.014,0.0762,0.3374,0.153,0.3011,2,Soekarno Hatta Frontage Boulevard
6610025538_6610022881_STOP360,0.213,0.0224,0.043,0.4052,0.1078,0.3178,20,Jalan Soekarno-Hatta
6610025538_6610025539_STOP827,0.3352,0.0207,0.0596,0.4605,0.0273,0.3237,1,
6610025539_6610022882_STOP452,0.2904,0.0329,0.0439,0.3613,0.1387,0.3221,21,"['Jalan Soekarno-Hatta', 'Soekarno Hatta Frontage Boulevard']"
6615747773_29377716_STOP489,0.0014,0.0,0.0,0.6662,0.0,0.35,1,Kapten Tata Natanegara
6615824168_6615867400_STOP442,0.2911,0.043,0.0942,0.3279,0.128,0.304,6,Jalan Soekarno-Hatta
6615824169_6615824168_STOP37,0.0954,0.0886,0.0681,0.4552,0.0001,0.3036,1,
6615824169_6615867401_STOP442,0.1349,0.0488,0.1849,0.2999,0.1247,0.2667,6,Jalan Soekarno-Hatta
6615831436_6615824168_STOP37,0.2111,0.0681,0.0666,0.4402,0.0639,0.3228,6,Jalan Soekarno-Hatta
6615831436_6615831437_STOP215,0.2894,0.0686,0.006,0.3484,0.1979,0.3458,1,
6615831437_6615824169_STOP454,0.1405,0.1019,0.0881,0.4553,0.0679,0.3247,5,Jalan Soekarno-Hatta
6615832573_3272226044_STOP366,0.1756,0.1066,0.1006,0.4108,0.0699,0.3145,8,Jalan Soekarno-Hatta
6615832573_6615860878_STOP830,0.2927,0.0081,0.0002,0.6453,0.0,0.3744,1,
6615860878_6615831436_STOP215,0.2365,0.0729,0.0837,0.4147,0.0832,0.3209,18,Jalan Soekarno-Hatta
6615860878_6615832573_STOP830,0.2927,0.0081,0.0002,0.6453,0.0,0.3744,1,
6615862315_3272670870_STOP362,0.0482,0.0204,0.0762,0.4284,0.0564,0.2901,4,Jalan Soekarno-Hatta
6615862315_6615862316_STOP451,0.0543,0.0346,0.0447,0.4208,0.0819,0.3024,1,
6615862316_3272680714_STOP451,0.3039,0.0138,0.0161,0.4522,0.0648,0.3326,1,Jalan Soekarno-Hatta
6615867400_3272660513_STOP442,0.287,0.0658,0.0659,0.4148,0.0802,0.3264,2,Jalan Soekarno-Hatta
6615867401_5406559329_STOP363,0.1368,0.0602,0.1044,0.5287,0.014,0.3222,3,Jalan Soekarno-Hatta
6615867401_6615867400_STOP442,0.1377,0.0515,0.1838,0.305,0.0415,0.2484,1,
6615877057_3272708317_STOP827,0.2639,0.0083,0.0359,0.5152,0.0191,0.332,3,Jalan Soekarno-Hatta
6615877058_6610025539_STOP827,0.3308,0.0258,0.0519,0.4348,0.0472,0.3227,6,"['Jalan Soekarno-Hatta', 'Soekarno Hatta Frontage Boulevard']"
6615877058_6615877057_STOP240,0.3107,0.0493,0.0297,0.4735,0.0102,0.3311,1,
6615995650_5353894751_STOP535,0.239,0.0724,0.0653,0.4679,0.0574,0.3333,7,Jalan Soekarno-Hatta
6615995650_9340090484_STOP403,0.1965,0.0995,0.0373,0.4172,0.0831,0.3299,1,
6616389060_11369837185_STOP108,0.4137,0.0154,0.1369,0.0368,0.3324,0.2681,1,Jalan Kyai Haji Wahid Hasyim
6616389060_29489287_STOP108,0.3709,0.0318,0.177,0.0905,0.2731,0.2623,3,Jalan Kyai Haji Wahid Hasyim
6616440046_6616440053_STOP448,0.2164,0.0008,0.5174,0.0297,0.0835,0.124,1,Jalan H. Ibrahim Adjie
6616440049_6616440046_STOP448,0.2251,0.098,0.4398,0.0318,0.0669,0.1524,1,
6616440049_7190369535_STOP448,0.2251,0.098,0.4398,0.0318,0.0669,0.1524,1,Jalan H. Ibrahim Adjie
6616440050_6616440049_STOP448,0.2275,0.0221,0.3956,0.0509,0.1178,0.1626,1,Jalan H. Ibrahim Adjie
6616440053_6616440050_STOP448,0.2517,0.0021,0.3775,0.0091,0.1323,0.1548,1,
6616440053_7698632127_STOP35,0.2595,0.0174,0.2746,0.1087,0.2235,0.2268,7,Jalan H. Ibrahim Adjie
6616544861_5346593290_STOP280,0.1488,0.1456,0.216,0.3248,0.0716,0.2769,4,Jalan Jendral Sudirman
6616544861_6616544863_STOP280,0.3778,0.0382,0.1104,0.3799,0.0746,0.3115,1,Jalan Garuda
6616544863_11458642953_STOP280,0.1717,0.0206,0.2024,0.3248,0.0659,0.2548,1,
6616544863_11711275765_STOP280,0.0991,0.0792,0.2572,0.1868,0.1117,0.2211,5,Jalan Jendral Sudirman
6616756437_3445469505_STOP136,0.252,0.0515,0.0478,0.3273,0.177,0.3208,4,Jalan Jend. H. Amir Machmud
6616855143_5509853099_STOP14,0.2331,0.0596,0.228,0.1527,0.1771,0.2411,5,Jalan Jend. H. Amir Machmud
6618370830_2325453232_STOP184,0.2268,0.1241,0.1421,0.4301,0.0076,0.3071,4,Jalan Pelajar Pejuang 45
6618370830_6618370831_STOP131,0.2131,0.185,0.1646,0.3952,0.0129,0.3054,1,
6618370831_3272578338_STOP131,0.373,0.0137,0.071,0.3018,0.1562,0.309,3,Jalan Pelajar Pejuang 45
6618370831_6618370830_STOP131,0.3697,0.0206,0.1073,0.2583,0.144,0.2885,1,
6619012655_6619012656_STOP461,0.0844,0.1381,0.0384,0.5423,0.045,0.3542,1,
6619012655_6631082518_STOP389,0.1217,0.1087,0.1161,0.3791,0.1272,0.312,11,Jalan Soekarno-Hatta
6619012656_3272376483_STOP185,0.2703,0.0427,0.108,0.1856,0.2563,0.2891,12,Jalan Soekarno-Hatta
6619012656_6619012655_STOP461,0.2515,0.0048,0.0011,0.2043,0.3152,0.316,1,
6621856655_5358394745_STOP309,0.3679,0.0173,0.0343,0.3784,0.1144,0.3273,2,Jalan Otto Iskandardinata
6621856655_6621856656_STOP309,0.3572,0.0112,0.0322,0.4004,0.0994,0.3281,1,
6621856656_6443280180_STOP224,0.3772,0.0082,0.0632,0.2906,0.1782,0.3116,2,Jalan Otto Iskandardinata
6621856656_6621856655_STOP309,0.3572,0.0112,0.0322,0.4004,0.0994,0.3281,1,
6621910323_10771913956_STOP258,0.3177,0.0128,0.0096,0.4386,0.0968,0.3387,1,
6621910323_11181449058_STOP258,0.3177,0.0128,0.0096,0.4386,0.0968,0.3387,1,Jalan Mohammad Toha
6621969574_29356961_STOP477,0.2618,0.0192,0.0442,0.5107,0.0429,0.3373,10,"['Jalan Bungur', 'Jalan Karang Tineung']"
6621969574_29356964_STOP337,0.2822,0.0078,0.0528,0.5793,0.0,0.3456,2,Jalan Bungur
6622030454_6622030455_STOP305,0.3441,0.0298,0.0565,0.4787,0.0028,0.3262,1,
6622030454_7669581282_STOP305,0.2958,0.0335,0.0779,0.4719,0.0356,0.3251,3,Jalan Ir. H. Djuanda
6622030455_1663283377_STOP672,0.3268,0.0152,0.144,0.3312,0.0412,0.2738,2,Jalan Ir. H. Djuanda
6622030455_6622030454_STOP305,0.3012,0.0244,0.1844,0.3008,0.047,0.2593,1,
6622058663_1916791843_STOP832,0.0988,0.0808,0.0192,0.325,0.1116,0.2986,2,Jalan Aceh
6622058663_25434270_STOP832,0.069,0.0577,0.0179,0.3404,0.0805,0.288,1,Jalan Kebon Kawung
6622058664_25434270_STOP245,0.308,0.0352,0.0266,0.3119,0.1406,0.3126,1,Jalan Cicendo
6622058664_6622058663_STOP245,0.308,0.0352,0.0266,0.3119,0.1406,0.3126,1,Jalan Cicendo
6622103719_6622058664_STOP245,0.3331,0.0393,0.1178,0.3051,0.1227,0.2957,12,Jalan Cicendo
6622103728_6622103719_STOP243,0.1102,0.1548,0.2435,0.3134,0.0734,0.2678,1,Jalan Pajajaran
6622103728_6622103730_STOP243,0.1102,0.1548,0.2435,0.3134,0.0734,0.2678,1,Jalan Pajajaran
6622103729_6622103719_STOP244,0.3923,0.0133,0.1376,0.2469,0.1032,0.2711,1,Jalan Pajajaran
6622103729_6622103730_STOP244,0.3923,0.0133,0.1376,0.2469,0.1032,0.2711,1,Jalan Pajajaran
6622103730_2962096536_STOP483,0.3112,0.0436,0.1157,0.2803,0.1327,0.2898,6,Jalan Cihampelas
6622409111_5648629181_STOP766,0.1939,0.0163,0.0365,0.2557,0.325,0.3251,1,Jalan Arjuna
6622409111_7300869689_STOP766,0.1939,0.0163,0.0365,0.2557,0.325,0.3251,1,Jalan Arjuna
6622409115_13261248357_STOP762,0.2055,0.0316,0.1749,0.3504,0.0906,0.2784,8,Jalan Arjuna
6622409115_6622409111_STOP766,0.3353,0.0136,0.0636,0.1646,0.2981,0.3006,1,Jalan Arjuna
6622409117_2477710340_STOP774,0.1294,0.0606,0.2082,0.3183,0.1052,0.2656,23,Jalan Komodor Udara Supadio
6622409117_25434098_STOP765,0.3559,0.0234,0.045,0.1697,0.356,0.3234,1,Jalan Arjuna
6622500668_319706149_STOP19,0.1597,0.0307,0.1523,0.4375,0.0559,0.2945,16,Jalan Rereongan Sarupi
6622500668_479733030_STOP19,0.1917,0.0184,0.1547,0.4396,0.052,0.2946,4,Jalan Rereongan Sarupi
6627215624_13136294320_STOP473,0.3935,0.0099,0.0508,0.2742,0.1551,0.3047,3,Jalan Dr. Setiabudi
6627215624_3376673108_STOP538,0.312,0.0109,0.0761,0.3505,0.0947,0.3008,16,Jalan Dr. Setiabudi
6631082518_5348770388_STOP389,0.3326,0.0256,0.0944,0.1179,0.2951,0.2834,1,
6631082518_5353901439_STOP120,0.2165,0.0739,0.1136,0.2828,0.1532,0.2925,4,Jalan Soekarno-Hatta
6637693188_2520649232_STOP219,0.0771,0.0876,0.3126,0.4157,0.0156,0.257,1,Jalan Terusan Jakarta
6637693193_5392239252_STOP219,0.2788,0.053,0.5905,0.0346,0.0003,0.1104,1,Jalan Terusan Jakarta
6637693193_6637693188_STOP219,0.2788,0.053,0.5905,0.0346,0.0003,0.1104,1,
6637693198_5332863130_STOP612,0.0575,0.0772,0.3939,0.1566,0.0936,0.1825,4,Jalan Jakarta
6637693198_5392239244_STOP219,0.119,0.1306,0.2465,0.1942,0.1608,0.2495,1,
6637726062_1660264881_STOP393,0.1672,0.0289,0.2106,0.2783,0.0938,0.2479,16,Jalan Surapati
6637726062_25773425_STOP524,0.1078,0.0007,0.1268,0.1058,0.2704,0.2412,1,Jalan Surapati
6639564151_10101152065_STOP154,0.287,0.0364,0.0672,0.3992,0.0902,0.3182,6,Jalan L.L. RE. Martadinata
6639564151_5408954335_STOP567,0.2177,0.0453,0.0005,0.4501,0.0585,0.3304,1,Jalan L.L. RE. Martadinata
6639564151_7211100688_STOP567,0.2177,0.0453,0.0005,0.4501,0.0585,0.3304,1,Jalan Lombok
6639639832_25448847_STOP514,0.2736,0.1055,0.0175,0.3551,0.1335,0.3357,3,Jalan Ir. H. Djuanda
6639639832_6639639833_STOP600,0.2787,0.1038,0.0092,0.3977,0.0985,0.3412,1,
6639639833_11303467321_STOP600,0.2863,0.0755,0.0261,0.4899,0.0583,0.3514,3,Jalan Ir. H. Djuanda
6640711589_11910120724_STOP141,0.1114,0.0965,0.2181,0.0838,0.2989,0.2476,3,Jalan Gedebage Utama
6640711589_3272722527_STOP403,0.2684,0.0517,0.1576,0.1875,0.227,0.2765,12,Jalan Gedebage Selatan
6640792413_10995135976_STOP388,0.2616,0.0154,0.011,0.182,0.4441,0.3432,5,
6640792413_6640792414_STOP267,0.0823,0.0792,0.0149,0.2003,0.4002,0.332,9,
6640792414_3272727748_STOP357,0.2336,0.0252,0.1383,0.3204,0.151,0.2915,25,"['Jalan Cimincrang', 'Jalan Rancanumpang']"
6640792414_9729638580_STOP267,0.1307,0.0086,0.0418,0.2161,0.3883,0.3204,9,
665709306_2858054060_STOP426,0.1461,0.0303,0.3457,0.1388,0.171,0.2032,87,"['Jalan Cilengkrang II', 'Jalan Desa Cipadung']"
665709306_3007950794_STOP205,0.257,0.0616,0.1385,0.2543,0.1946,0.2922,13,Jalan Abdul Haris Nasution
665709306_35131598_STOP379,0.2066,0.0567,0.2478,0.0963,0.2315,0.2316,10,Jalan Abdul Haris Nasution
6673594562_2628264119_STOP785,0.223,0.0127,0.0879,0.2936,0.156,0.2887,3,Jalan HOS. Cokroaminoto
6673594562_364328701_STOP786,0.2499,0.0255,0.0514,0.2182,0.2465,0.2995,3,Jalan HOS. Cokroaminoto
6715130339_1914135257_STOP468,0.313,0.042,0.1143,0.3788,0.0543,0.2997,2,Jalan Buah Batu
6715130339_6715130340_STOP468,0.362,0.0042,0.0721,0.3862,0.0762,0.3111,1,Jalan Kliningan
6715130340_10184462928_STOP711,0.287,0.0472,0.1618,0.2571,0.1418,0.2765,8,Jalan Buah Batu
6715130340_1980677025_STOP651,0.2781,0.0406,0.1412,0.3309,0.1071,0.2908,9,Jalan Kliningan
6715130346_10696379242_STOP583,0.243,0.0405,0.1687,0.2819,0.106,0.2682,6,Jalan Buah Batu
6715130346_1980602387_STOP652,0.2147,0.045,0.2014,0.3392,0.0581,0.2666,6,Jalan Solontongan
700728686_1083569114_STOP391,0.1862,0.0476,0.1753,0.4543,0.0007,0.2883,2,
700728686_13097895692_STOP129,0.0974,0.0955,0.3022,0.359,0.0384,0.2508,4,Jalan Sariwangi
700728686_306334264_STOP391,0.0945,0.1162,0.2716,0.4185,0.0043,0.2686,3,Jalan Sariwangi
7111571825_11295049620_STOP123,0.258,0.0208,0.404,0.1499,0.0,0.1644,5,Jalan Pasteur
7111571825_5353724829_STOP353,0.1609,0.0042,0.2867,0.2519,0.0,0.1995,1,
7132443584_7132473285_STOP361,0.3306,0.0156,0.1322,0.2441,0.2292,0.2969,1,
7132443584_7284143550_STOP453,0.1993,0.0924,0.0578,0.3257,0.1788,0.3221,14,Jalan Soekarno-Hatta
7132452340_7132473285_STOP361,0.1395,0.0846,0.1555,0.3314,0.1058,0.2834,5,Jalan Soekarno-Hatta
7132472250_3244221166_STOP827,0.3004,0.0608,0.0728,0.4487,0.0588,0.3306,4,Jalan Soekarno-Hatta
7132472251_7132472250_STOP827,0.2429,0.0159,0.0442,0.6613,0.0,0.3692,1,
7132472251_9327097034_STOP240,0.2312,0.0359,0.1127,0.4098,0.1108,0.314,7,"['Jalan Soekarno-Hatta', 'Soekarno Hatta Frontage Boulevard']"
7132473285_4118981192_STOP359,0.0906,0.0684,0.1383,0.387,0.0809,0.2883,6,Jalan Soekarno-Hatta
7137977722_11041545702_STOP218,0.2648,0.0523,0.17,0.2238,0.1314,0.2614,6,Jalan H. Ibrahim Adjie
7137977722_3359249111_STOP214,0.2659,0.0092,0.3243,0.2363,0.0,0.2007,1,Jalan Babakan Sari 1
7144511425_7216077542_STOP371,0.403,0.0291,0.0007,0.126,0.3897,0.3312,1,Jalan Magna Raya
7179028071_7179028076_STOP834,0.0932,0.0806,0.4534,0.3428,0.0,0.2103,1,Jalan Jenderal Gatot Subroto
7179028071_7179028083_STOP834,0.0932,0.0806,0.4534,0.3428,0.0,0.2103,1,
7179028072_3277363483_STOP658,0.1683,0.0758,0.1253,0.5096,0.0,0.3161,1,Jalan Asia Afrika
7179028074_1849525794_STOP658,0.3144,0.0628,0.2444,0.1076,0.2272,0.2464,2,Jalan Sunda
7179028075_7179028074_STOP658,0.0165,0.2421,0.6079,0.0056,0.0643,0.1266,1,
7179028075_7179028083_STOP658,0.0165,0.2421,0.6079,0.0056,0.0643,0.1266,1,Jalan Jenderal Ahmad Yani
7179028075_7179048891_STOP834,0.0704,0.1754,0.4845,0.1571,0.0322,0.1746,2,
7179028076_7179028072_STOP658,0.3276,0.0185,0.2512,0.035,0.2858,0.2307,1,Jalan Jenderal Gatot Subroto
7179028076_7179028078_STOP658,0.3276,0.0185,0.2512,0.035,0.2858,0.2307,1,Jalan Sunda
7179028078_10158095824_STOP658,0.2592,0.0201,0.2987,0.0326,0.204,0.1959,1,Jalan Sunda
7179028078_7179028072_STOP658,0.2592,0.0201,0.2987,0.0326,0.204,0.1959,1,Jalan Jenderal Ahmad Yani
7179028083_10158095824_STOP658,0.3872,0.0153,0.3077,0.028,0.2315,0.2119,1,
7179028083_7179028078_STOP658,0.3872,0.0153,0.3077,0.028,0.2315,0.2119,1,Jalan Jenderal Ahmad Yani
7179048891_25435214_STOP703,0.1755,0.0358,0.4254,0.1348,0.0574,0.1657,4,Jalan Jenderal Gatot Subroto
7179048891_7179028071_STOP834,0.1243,0.1087,0.3611,0.3087,0.0,0.2226,1,Jalan Jenderal Gatot Subroto
7190149301_11727886518_STOP564,0.2785,0.0193,0.0721,0.4763,0.0227,0.3195,7,Jalan Banda
7190149301_6445776996_STOP805,0.3357,0.0033,0.0157,0.5093,0.0262,0.3412,1,Jalan Cilamaya
7190369535_7631660261_STOP840,0.2556,0.0099,0.2367,0.1539,0.197,0.2375,6,Jalan H. Ibrahim Adjie
7190369536_6616440046_STOP448,0.2045,0.0073,0.4963,0.0599,0.0001,0.1155,1,Jalan H. Ibrahim Adjie
7190369536_7190369535_STOP448,0.2045,0.0073,0.4963,0.0599,0.0001,0.1155,1,
7201253639_1849525878_STOP97,0.0896,0.0624,0.2872,0.2588,0.0809,0.2262,3,Jalan Jenderal Ahmad Yani
7201253642_25435163_STOP97,0.1272,0.02,0.608,0.0,0.0666,0.0922,1,Jalan Jenderal Ahmad Yani
7201253642_7201253639_STOP97,0.1272,0.02,0.608,0.0,0.0666,0.0922,1,Jalan Malabar
7210854542_240791856_STOP798,0.3502,0.0051,0.0344,0.3662,0.1425,0.3264,1,Jalan Burangrang
7210854542_5853120075_STOP798,0.2878,0.0531,0.0422,0.4268,0.0712,0.3289,2,Jalan Emong
7210854542_5853120077_STOP798,0.304,0.0034,0.0286,0.3692,0.1632,0.3284,2,Jalan Burangrang
7211100688_10173744442_STOP562,0.234,0.0562,0.1144,0.4141,0.0401,0.3017,5,Jalan Lombok
7211100688_5408954335_STOP567,0.2467,0.021,0.0074,0.3952,0.0933,0.3196,1,Jalan Lombok
7211115101_2520649113_STOP669,0.1927,0.0073,0.0011,0.4407,0.0491,0.315,1,Jalan Cilamaya
7211115101_6445776997_STOP669,0.1927,0.0073,0.0011,0.4407,0.0491,0.315,1,
7216028473_7216028474_STOP261,0.4115,0.0098,0.0125,0.0708,0.4429,0.3232,1,
7216028473_7216077666_STOP261,0.4115,0.0098,0.0125,0.0708,0.4429,0.3232,1,Bulevar Utama
7216028474_6608982087_STOP261,0.428,0.0081,0.001,0.055,0.4635,0.3266,1,Bulevar Barat
7216028474_7216028475_STOP261,0.428,0.0081,0.001,0.055,0.4635,0.3266,1,Bulevar Utama
7216028475_7216077674_STOP261,0.419,0.0057,0.0128,0.0737,0.43,0.3207,1,Bulevar Utama
7216028475_7216077729_STOP261,0.419,0.0057,0.0128,0.0737,0.43,0.3207,1,
7216077534_5848061348_STOP371,0.149,0.0487,0.0825,0.3695,0.2511,0.3359,6,Jalan Magna Raya
7216077534_7144511425_STOP371,0.3446,0.0678,0.0049,0.1156,0.4057,0.3334,1,
7216077542_5848061330_STOP371,0.3218,0.0284,0.0,0.2324,0.2967,0.3318,1,
7216077542_7287159351_STOP647,0.2749,0.0033,0.0219,0.221,0.3318,0.3241,12,Jalan Magna Raya
7216077543_5848061330_STOP371,0.2453,0.0042,0.0177,0.4674,0.1572,0.3522,2,Jalan Magna Raya
7216077577_7287159347_STOP647,0.3798,0.0318,0.0821,0.1572,0.3133,0.3075,3,Bundaran Bulevar Barat
7216077587_7144511425_STOP371,0.2525,0.0205,0.0232,0.384,0.1958,0.34,4,
7216077587_7216077542_STOP371,0.2824,0.0198,0.022,0.3981,0.1576,0.3377,4,
7216077611_10596847110_STOP386,0.4458,0.0054,0.0698,0.0114,0.4147,0.2923,1,Bulevar Raya
7216077611_11199413648_STOP387,0.3584,0.0144,0.0325,0.1161,0.3876,0.3156,8,Bulevar Raya
7216077612_10596741996_STOP386,0.3795,0.0371,0.0594,0.0416,0.3998,0.2989,1,Bulevar Selatan
7216077612_10596847027_STOP386,0.3795,0.0371,0.0594,0.0416,0.3998,0.2989,1,Bulevar Raya
7216077612_11373181571_STOP820,0.12,0.0153,0.0702,0.1683,0.3137,0.2834,7,"['Bulevar Selatan', 'Jembatan Cisaranten Baru']"
7216077613_6608982115_STOP818,0.1575,0.0017,0.0708,0.2451,0.3923,0.3271,11,Bulevar Selatan
7216077613_9787694583_STOP386,0.4241,0.0051,0.1062,0.08,0.3517,0.2894,1,
7216077614_10596741996_STOP386,0.2722,0.0179,0.2002,0.2662,0.1397,0.2656,5,Bulevar Selatan
7216077614_9800628721_STOP386,0.3118,0.014,0.1484,0.257,0.2218,0.2943,1,
7216077664_7216077665_STOP285,0.4295,0.0014,0.1085,0.0553,0.3532,0.2818,1,
7216077664_7216077669_STOP261,0.3262,0.0189,0.0347,0.2441,0.2872,0.3262,7,Grand Bulevar
7216077665_7216077664_STOP285,0.1849,0.0201,0.1404,0.3573,0.159,0.2984,1,
7216077665_7216077723_STOP285,0.1757,0.0372,0.1423,0.1864,0.2524,0.2727,5,Grand Bulevar
7216077666_5848061292_STOP819,0.3421,0.01,0.0349,0.142,0.3633,0.3144,4,Bulevar Utama
7216077669_7216028473_STOP261,0.326,0.0088,0.0008,0.3561,0.2181,0.3456,1,Grand Bulevar
7216077669_7216077666_STOP261,0.326,0.0088,0.0008,0.3561,0.2181,0.3456,1,
7216077670_7216077665_STOP285,0.0931,0.037,0.0928,0.4362,0.1037,0.3096,7,Grand Bulevar
7216077673_7216077670_STOP261,0.3591,0.0495,0.0153,0.0466,0.4284,0.3146,1,
7216077673_7216077729_STOP261,0.3591,0.0495,0.0153,0.0466,0.4284,0.3146,1,Bulevar Utama
7216077674_11270910342_STOP261,0.3209,0.0126,0.0237,0.1691,0.3718,0.3247,3,Bulevar Utama
7216077701_10596741983_STOP388,0.3526,0.0014,0.0014,0.0547,0.4509,0.3145,3,Bulevar Utama
7216077701_7290653024_STOP388,0.4156,0.0013,0.0,0.0491,0.4455,0.3179,1,
7216077704_7216077701_STOP388,0.3877,0.0031,0.0,0.0932,0.4239,0.3233,3,Bulevar Utama
7216077704_7216077742_STOP388,0.4038,0.007,0.0,0.0808,0.4402,0.3261,1,
7216077722_7216077664_STOP285,0.3084,0.0077,0.0478,0.102,0.3748,0.2995,5,Grand Bulevar
7216077722_7216077723_STOP285,0.19,0.0019,0.0008,0.057,0.4562,0.3004,1,Bunderan Grand Bulevar
7216077723_9807780224_STOP285,0.3381,0.0077,0.0003,0.0994,0.4428,0.3258,1,Bunderan Grand Bulevar
7216077729_7216028473_STOP261,0.3777,0.018,0.0146,0.0825,0.4301,0.3215,1,Bulevar Utama
7216077729_7216077670_STOP261,0.3777,0.018,0.0146,0.0825,0.4301,0.3215,1,Grand Bulevar
7216077730_7216028475_STOP647,0.3249,0.0009,0.0077,0.1572,0.3699,0.3212,1,Bulevar Barat
7216077730_7216077674_STOP647,0.3249,0.0009,0.0077,0.1572,0.3699,0.3212,1,
7216077733_5848061291_STOP819,0.347,0.0671,0.0849,0.0589,0.3696,0.2955,1,
7216077733_6608982092_STOP819,0.347,0.0671,0.0849,0.0589,0.3696,0.2955,1,Bulevar Utama
7216077735_11270910344_STOP261,0.3261,0.0867,0.1104,0.0718,0.3297,0.2874,1,Bulevar Utama
7216077735_13539499879_STOP261,0.3261,0.0867,0.1104,0.0718,0.3297,0.2874,1,
7216077742_7216077704_STOP388,0.3483,0.0108,0.0,0.0803,0.4544,0.3247,1,
7216077742_7216077735_STOP261,0.3508,0.0159,0.0397,0.089,0.3989,0.3088,6,Bulevar Utama
7219072027_2500902327_STOP595,0.3066,0.0219,0.151,0.0054,0.2796,0.2339,1,Jalan Waas
7219072027_5847788406_STOP334,0.2974,0.0402,0.0834,0.2363,0.2109,0.2989,6,Jalan Batununggal Indah I
7227417913_5444644746_STOP334,0.3595,0.0288,0.0667,0.1571,0.3006,0.304,1,Bunderan Elok
7262996419_1849907113_STOP175,0.3148,0.0433,0.056,0.432,0.0654,0.3277,5,Jalan Cendana
7262996419_1849907130_STOP554,0.3438,0.0206,0.0066,0.489,0.0507,0.3469,1,Jalan Cendana
7265367233_6622500668_STOP19,0.1968,0.0223,0.2373,0.2695,0.1432,0.2552,4,Jalan Rereongan Sarupi
7284124068_4191858159_STOP826,0.1273,0.0531,0.1201,0.4584,0.0891,0.3151,13,"['Jalan Soekarno-Hatta', 'Soekarno Hatta Frontage Boulevard']"
7284124068_7284143550_STOP453,0.0608,0.0158,0.0002,0.5414,0.0085,0.3238,1,
7284143550_7132472250_STOP827,0.3092,0.0401,0.0691,0.3199,0.1925,0.3227,14,Jalan Soekarno-Hatta
7284309851_11027050165_STOP387,0.2422,0.0848,0.0099,0.2788,0.2205,0.3285,9,Jalan Pendamping SOR GBLA
7284309851_6377290515_STOP822,0.4299,0.0069,0.0088,0.1115,0.381,0.3218,1,
7284403241_11259520257_STOP356,0.2919,0.0456,0.0372,0.4442,0.0909,0.3387,6,Jalan Soekarno-Hatta
7284403242_2518070484_STOP356,0.092,0.1123,0.0444,0.6244,0.0202,0.3674,6,Jalan Soekarno-Hatta
7284403242_7284403241_STOP423,0.0022,0.0537,0.0203,0.6398,0.0342,0.3584,1,
7284403244_7284403245_STOP535,0.2981,0.0604,0.1081,0.2875,0.1619,0.3024,1,
7284403244_9544624433_STOP357,0.304,0.0459,0.055,0.3691,0.1211,0.3223,5,Jalan Soekarno-Hatta
7284403245_7284403244_STOP535,0.2536,0.0144,0.1854,0.1762,0.2176,0.2577,1,
7284403245_9544624434_STOP357,0.1551,0.0944,0.0866,0.4327,0.0775,0.3206,5,Jalan Soekarno-Hatta
7284403246_6380244012_STOP535,0.0564,0.0319,0.0274,0.522,0.0655,0.3309,2,Jalan Soekarno-Hatta
7284403247_3272727739_STOP535,0.2992,0.0201,0.0138,0.4536,0.0929,0.3412,7,Jalan Soekarno-Hatta
7284403247_7284403246_STOP535,0.3528,0.0025,0.0056,0.3673,0.1797,0.3401,1,
7284403248_7284403244_STOP535,0.3243,0.0437,0.055,0.3817,0.1199,0.3274,5,Jalan Soekarno-Hatta
7284403248_7284403249_STOP535,0.3428,0.0486,0.0269,0.3991,0.1468,0.3464,1,
7284403249_7284403245_STOP535,0.2286,0.0957,0.087,0.3536,0.1202,0.3151,4,Jalan Soekarno-Hatta
7287159347_11278632590_STOP647,0.356,0.0,0.0137,0.0596,0.4417,0.3118,2,Bundaran Bulevar Barat
7287159347_9824987335_STOP647,0.1911,0.0277,0.016,0.3946,0.2262,0.3472,8,Bulevar Barat
7287159351_9584171464_STOP647,0.4398,0.001,0.0083,0.0488,0.4411,0.3178,2,Bundaran Bulevar Barat
7290653024_7216077701_STOP388,0.292,0.0033,0.0006,0.1544,0.3673,0.3179,1,
7290653024_7216077742_STOP388,0.2984,0.0068,0.0002,0.1321,0.4007,0.321,3,Bulevar Utama
7298267086_11366943120_STOP337,0.1595,0.0181,0.3376,0.2154,0.1143,0.2121,1,Jalan Sindang Sirna
7298267086_5455661685_STOP337,0.1766,0.0379,0.1981,0.3714,0.0466,0.2686,7,Jalan Sindang Sirna
7300869689_6622409117_STOP766,0.3559,0.0234,0.045,0.1697,0.356,0.3234,1,Jalan Arjuna
7310779096_3115159440_STOP718,0.2119,0.0432,0.2429,0.2222,0.1813,0.2554,8,"['Jalan Batununggal', 'Jalan Batununggal Indah Raya']"
7310779096_7513405158_STOP323,0.1776,0.1775,0.0258,0.535,0.0182,0.3644,1,Jalan Batununggal
7345830954_12813237929_STOP724,0.3717,0.0133,0.0799,0.434,0.0,0.308,1,Jalan Tamansari
7345830954_5369882298_STOP724,0.3717,0.0133,0.0799,0.434,0.0,0.308,1,Jalan Tamansari
7345830961_12813237929_STOP72,0.2098,0.0142,0.125,0.2847,0.1118,0.2684,2,Jalan Tamansari
7345830961_2325449629_STOP72,0.235,0.022,0.1455,0.281,0.0898,0.2629,2,
7345830961_2958252669_STOP72,0.2115,0.0434,0.0971,0.3536,0.0582,0.286,2,Jalan Tamansari
7513405158_2325453616_STOP323,0.3375,0.0429,0.1059,0.2344,0.1934,0.2951,4,Jalan Buah Batu
7540370583_1837401667_STOP311,0.326,0.0145,0.2709,0.0747,0.2165,0.2214,1,Jalan Kyai Haji Wahid Hasyim
7540370583_2325452881_STOP272,0.3076,0.0239,0.1743,0.2438,0.1347,0.2662,17,Jalan Kyai Haji Wahid Hasyim
7540370583_5355765058_STOP311,0.326,0.0145,0.2709,0.0747,0.2165,0.2214,1,
7561564769_10968637156_STOP819,0.404,0.0254,0.0,0.2253,0.2898,0.3355,1,Jalan Akasia
7561564769_6608965073_STOP819,0.404,0.0254,0.0,0.2253,0.2898,0.3355,1,Jalan Akasia
7624564242_2325452491_STOP841,0.1139,0.0098,0.0393,0.5346,0.0,0.3178,1,Jalan Pagarsih Barat
7624564242_5354169648_STOP841,0.1139,0.0098,0.0393,0.5346,0.0,0.3178,1,Jalan Pagarsih Barat
7624564242_5354169650_STOP841,0.1139,0.0098,0.0393,0.5346,0.0,0.3178,1,
7624564243_2325452490_STOP841,0.3149,0.0267,0.1264,0.4581,0.0,0.3053,1,Jalan Pagarsih Barat
7624564243_5354169657_STOP841,0.3149,0.0267,0.1264,0.4581,0.0,0.3053,1,Jalan Pagarsih Barat
7624564243_5354169659_STOP841,0.3149,0.0267,0.1264,0.4581,0.0,0.3053,1,
7631660258_7631660259_STOP211,0.2555,0.0567,0.3191,0.2125,0.0121,0.2058,1,
7631660258_7631660260_STOP839,0.236,0.033,0.3006,0.2387,0.0512,0.2195,3,Jalan H. Ibrahim Adjie
7631660259_7137977722_STOP214,0.3182,0.0027,0.14,0.1849,0.288,0.2888,3,Jalan H. Ibrahim Adjie
7631660259_7631660258_STOP211,0.3489,0.0003,0.0692,0.1032,0.4417,0.316,1,
7631660260_7190369536_STOP448,0.2472,0.0104,0.2193,0.1532,0.1932,0.2381,6,Jalan H. Ibrahim Adjie
7631660260_7631660261_STOP839,0.2621,0.0226,0.2713,0.148,0.1548,0.2231,1,
7631660261_7631660259_STOP211,0.2444,0.0225,0.2728,0.2296,0.0618,0.2224,3,Jalan H. Ibrahim Adjie
7631660261_7631660260_STOP840,0.3069,0.0325,0.2108,0.2024,0.1198,0.2462,1,
7642312005_3277871582_STOP89,0.1512,0.2244,0.1062,0.4041,0.0512,0.3281,1,
7642312005_5391666899_STOP97,0.1757,0.1696,0.1206,0.3699,0.0568,0.3086,5,Jalan Jenderal Ahmad Yani
7643243807_1849907130_STOP554,0.0723,0.0475,0.1458,0.6014,0.0,0.3253,1,Jalan Bengawan
7643243807_1855697149_STOP284,0.226,0.0616,0.1551,0.3335,0.1107,0.2894,4,Jalan Bengawan
7643243807_7262996419_STOP554,0.0723,0.0475,0.1458,0.6014,0.0,0.3253,1,Jalan Cendana
7669230599_10793008258_STOP800,0.3144,0.015,0.025,0.5311,0.0229,0.3458,5,Jalan Seram
7669230599_1849525862_STOP155,0.2422,0.0265,0.0758,0.455,0.0359,0.3136,9,Jalan Ambon
7669230602_5334388857_STOP373,0.2216,0.0762,0.0134,0.494,0.0376,0.343,2,Jalan Rangga Gadang
7669230602_7669230603_STOP373,0.354,0.0232,0.0127,0.4813,0.0368,0.3418,2,Jalan Ir. H. Djuanda
7669230603_2036066796_STOP236,0.329,0.0431,0.0918,0.3785,0.0757,0.3102,6,Jalan Ir. H. Djuanda
7669581282_5358055095_STOP306,0.2492,0.0503,0.0956,0.3718,0.0649,0.2984,3,Jalan Ir. H. Djuanda
7673353740_6615862315_STOP451,0.1202,0.0101,0.0459,0.4476,0.0803,0.3115,10,Jalan Soekarno-Hatta
7673353740_7673353741_STOP828,0.1748,0.0003,0.0155,0.3838,0.1003,0.3054,1,
7673353741_6615862316_STOP451,0.2894,0.0334,0.0347,0.3333,0.1634,0.3212,10,Jalan Soekarno-Hatta
7673353742_7673353741_STOP828,0.2209,0.0296,0.0293,0.3461,0.143,0.3132,2,Jalan Soekarno-Hatta
7673353743_3255889295_STOP361,0.1958,0.0113,0.0436,0.3989,0.1028,0.3107,7,Jalan Soekarno-Hatta
7673353744_6413894757_STOP361,0.2447,0.0071,0.0476,0.3983,0.0926,0.3114,4,"['Jalan Soekarno-Hatta', 'Soekarno Hatta Frontage Boulevard']"
7673353744_7673353743_STOP359,0.1694,0.0018,0.0512,0.4862,0.019,0.3102,1,
7673681627_3255889293_STOP828,0.2101,0.0863,0.068,0.3432,0.1574,0.3204,8,Jalan Soekarno-Hatta
7673681628_4123963983_STOP148,0.1335,0.099,0.2334,0.3954,0.0446,0.2779,4,Jalan Soekarno-Hatta
7673681628_7673681627_STOP148,0.02,0.23,0.0514,0.525,0.0038,0.3487,1,
7687331829_364365905_STOP549,0.3137,0.0278,0.0665,0.3894,0.063,0.3095,9,Jalan Merdeka
7698632126_3278023523_STOP35,0.3218,0.0801,0.1871,0.1709,0.1928,0.2696,1,Jalan Layang Kiaracondong
7698632126_6616440050_STOP448,0.2673,0.0575,0.2348,0.2366,0.1408,0.2592,7,Jalan H. Ibrahim Adjie
7698632127_5825223577_STOP831,0.3338,0.0226,0.1914,0.0949,0.2505,0.2503,5,Jalan H. Ibrahim Adjie
7698884005_11041545704_STOP218,0.2705,0.044,0.1114,0.3922,0.0578,0.3012,6,Jalan H. Ibrahim Adjie
7698884005_11041579717_STOP450,0.2968,0.061,0.197,0.3142,0.059,0.2713,1,
7699079503_5392239230_STOP611,0.3573,0.0167,0.0365,0.3829,0.1164,0.3276,5,Jalan H. Ibrahim Adjie
7699079503_7699079504_STOP450,0.3653,0.0273,0.0256,0.4198,0.119,0.3438,1,
7699079504_5392239230_STOP611,0.3105,0.0209,0.0367,0.4409,0.0646,0.3281,5,Jalan H. Ibrahim Adjie
7699079504_7699079503_STOP450,0.2685,0.0202,0.0047,0.5278,0.0331,0.3468,1,
7709492203_11224280874_STOP442,0.0899,0.0167,0.0605,0.5069,0.0,0.3053,1,
7709492203_7715425663_STOP365,0.0659,0.0296,0.0698,0.3788,0.11,0.2932,10,Jalan Soekarno-Hatta
7713266581_3272566403_STOP270,0.2121,0.138,0.0046,0.4203,0.128,0.3562,4,Jalan Peta
7713266581_7713266582_STOP226,0.2629,0.1174,0.0085,0.3406,0.1962,0.3497,1,
7713266582_2325453374_STOP226,0.2238,0.0407,0.0177,0.4129,0.1234,0.3325,3,Jalan Peta
7713266582_7713266581_STOP226,0.324,0.0471,0.0256,0.2647,0.2533,0.3307,1,
7715289717_3269364726_STOP690,0.1564,0.0355,0.025,0.5525,0.0055,0.3361,9,Jalan Cilaki
7715326201_10198287484_STOP665,0.1243,0.0497,0.029,0.5055,0.0116,0.3225,3,Jalan Ciliwung
7715326201_7715326202_STOP576,0.1666,0.0269,0.0395,0.4686,0.0298,0.3141,1,
7715326202_10173603868_STOP576,0.1297,0.12,0.0012,0.5672,0.0,0.357,2,Jalan Ciliwung
7715326202_7715326201_STOP576,0.1515,0.0578,0.0005,0.5602,0.0,0.3447,1,
7715326208_10198287485_STOP665,0.2354,0.143,0.0567,0.4915,0.0,0.3411,1,Jalan Ciliwung
7715326208_6461589822_STOP665,0.2354,0.143,0.0567,0.4915,0.0,0.3411,1,Jalan Taman Cibeunying Utara
7715326213_12862489542_STOP172,0.2521,0.0592,0.0566,0.4025,0.0604,0.3144,3,Jalan Ciliwung
7715326213_1855697067_STOP172,0.2112,0.1354,0.0451,0.4205,0.0343,0.3262,1,
7715326215_7715326208_STOP665,0.3087,0.0159,0.1124,0.4603,0.0361,0.3143,2,Jalan Ciliwung
7715327378_1849907125_STOP177,0.2981,0.0134,0.0424,0.4777,0.0333,0.3278,6,Jalan Supratman
7715397583_1855697067_STOP172,0.1781,0.0512,0.0359,0.563,0.0414,0.352,2,Jalan Ciliwung
7715425660_8390722310_STOP36,0.2412,0.0152,0.0439,0.376,0.1108,0.3111,29,Jalan Soekarno-Hatta
7715425661_7715425660_STOP829,0.0433,0.0202,0.0165,0.3905,0.1707,0.3157,1,
7715425661_8390722310_STOP36,0.0633,0.0155,0.0599,0.4362,0.0663,0.2979,30,Jalan Soekarno-Hatta
7715425662_7715425660_STOP829,0.3201,0.0058,0.0219,0.2991,0.2018,0.3201,5,Jalan Soekarno-Hatta
7715425662_7715425663_STOP365,0.3536,0.0082,0.0284,0.166,0.3508,0.3202,1,
7715425663_7715425661_STOP829,0.0564,0.017,0.0431,0.475,0.0546,0.3087,4,Jalan Soekarno-Hatta
7724450410_1849528744_STOP724,0.2584,0.0459,0.0597,0.5093,0.0,0.3289,1,Jalan Sawunggaling
7724450410_1849528769_STOP724,0.2853,0.0365,0.0691,0.5094,0.0015,0.3287,3,Jalan Sawunggaling
7850209633_5392237806_STOP219,0.2119,0.1365,0.0878,0.3136,0.1505,0.317,1,Jalan H. Ibrahim Adjie
7850209633_6637693198_STOP219,0.2119,0.1365,0.0878,0.3136,0.1505,0.317,1,
7856163870_1013421522_STOP239,0.3285,0.0102,0.0955,0.3537,0.0658,0.2931,3,Jalan Dalem Kaum
7856163871_7856163870_STOP239,0.3359,0.0455,0.2217,0.2222,0.0875,0.248,2,"['Jalan Dewi Sartika', 'Jalan Dalem Kaum']"
7856163871_7856163872_STOP318,0.3509,0.0409,0.2703,0.2337,0.021,0.2281,1,
7856163872_7856163870_STOP239,0.3456,0.0342,0.2344,0.1901,0.1032,0.239,2,Jalan Dewi Sartika
7856163872_7856163871_STOP318,0.3509,0.0409,0.2703,0.2337,0.021,0.2281,1,
7857882999_5358055836_STOP103,0.1166,0.0293,0.1115,0.4262,0.0015,0.279,1,Jalan Harian Banga
7857882999_7857883000_STOP103,0.1166,0.0293,0.1115,0.4262,0.0015,0.279,1,
7857883000_1849528731_STOP724,0.2665,0.0178,0.0889,0.4735,0.0008,0.3091,7,Jalan Tamansari
7983673000_12809082542_STOP327,0.2216,0.0091,0.0405,0.3652,0.0704,0.2951,1,Jalan Sederhana
7983673000_29379232_STOP327,0.2608,0.0184,0.0645,0.3346,0.1042,0.2966,2,Jalan Sederhana
7983673000_5639376089_STOP80,0.2797,0.0164,0.1003,0.3061,0.1112,0.2858,6,Jalan Pasir Kaliki
7990471529_2250555721_STOP815,0.3104,0.0189,0.3599,0.0308,0.1745,0.1837,2,Jalan Otto Iskandardinata
8123220088_2520649249_STOP44,0.0507,0.0069,0.0201,0.6108,0.022,0.3422,1,Jalan Sukabumi
8123220088_8123220089_STOP44,0.0507,0.0069,0.0201,0.6108,0.022,0.3422,1,Jalan Jakarta
8123220089_8123220090_STOP44,0.2047,0.0278,0.591,0.0252,0.1168,0.1242,2,Jalan Jakarta
8123220090_6609222558_STOP634,0.2529,0.0207,0.1178,0.3275,0.1206,0.2902,3,Jalan Jenderal Ahmad Yani
8123220091_10154700107_STOP187,0.4133,0.0038,0.278,0.2214,0.0384,0.2264,1,Jalan Supratman
8123220091_2520649220_STOP187,0.4133,0.0038,0.278,0.2214,0.0384,0.2264,1,Jalan Jenderal Ahmad Yani
8123220109_1849960732_STOP251,0.3294,0.0148,0.1918,0.2188,0.1204,0.2529,7,Jalan Jenderal Ahmad Yani
8123304854_3272242233_STOP36,0.4317,0.0014,0.1007,0.0396,0.3633,0.281,1,Jalan Terusan Kiara Condong
8123304854_8123304860_STOP36,0.4317,0.0014,0.1007,0.0396,0.3633,0.281,1,Jalan Soekarno-Hatta
8123304860_5447158320_STOP20,0.3914,0.0009,0.1037,0.055,0.3596,0.2802,1,Jalan Soekarno-Hatta
8123304860_8123304864_STOP20,0.3914,0.0009,0.1037,0.055,0.3596,0.2802,1,Jalan Letnan Jenderal Ibrahim Adjie
8123304864_5447158318_STOP36,0.3287,0.0156,0.0517,0.1502,0.339,0.308,1,Jalan Soekarno-Hatta
8123304864_8123313718_STOP443,0.3178,0.0301,0.0982,0.1973,0.2527,0.2954,2,Jalan H. Ibrahim Adjie
8123304870_2614138808_STOP229,0.261,0.0264,0.1798,0.0117,0.334,0.2414,1,Jalan Soekarno-Hatta
8123304870_8123304884_STOP229,0.261,0.0264,0.1798,0.0117,0.334,0.2414,1,Jalan Buah Batu
8123304882_2614138804_STOP229,0.2856,0.0982,0.0683,0.391,0.114,0.3338,3,
8123304882_8123304883_STOP229,0.2907,0.068,0.1486,0.0674,0.3488,0.2779,2,Jalan Soekarno-Hatta
8123304883_2614138794_STOP229,0.3958,0.0437,0.1067,0.0812,0.3625,0.2973,1,
8123304883_8123304884_STOP229,0.3958,0.0437,0.1067,0.0812,0.3625,0.2973,1,Jalan Soekarno-Hatta
8123304884_2614138794_STOP229,0.3483,0.013,0.1043,0.0292,0.3764,0.2746,1,Jalan Buah Batu
8123304884_3272653270_STOP229,0.3483,0.013,0.1043,0.0292,0.3764,0.2746,1,Jalan Soekarno-Hatta
8123304890_2614138810_STOP229,0.3401,0.0013,0.1184,0.0127,0.3912,0.2681,1,Jalan Buah Batu
8123304890_8123304870_STOP229,0.3401,0.0013,0.1184,0.0127,0.3912,0.2681,1,Jalan Soekarno-Hatta
8123304891_5444644826_STOP595,0.2912,0.068,0.0513,0.2848,0.1951,0.3192,16,Jalan Soekarno-Hatta
8123313717_8123304864_STOP36,0.2216,0.0864,0.1228,0.2098,0.2424,0.2946,2,Jalan Soekarno-Hatta
8123313717_8123313718_STOP443,0.1459,0.1634,0.1383,0.2922,0.1233,0.2951,2,
8123313718_5397822748_STOP444,0.3019,0.0527,0.1256,0.2618,0.157,0.2896,7,Jalan H. Ibrahim Adjie
8123313737_9462969629_STOP830,0.2357,0.0533,0.131,0.3351,0.1007,0.2903,11,Jalan Soekarno-Hatta
8123313737_9462969630_STOP830,0.1755,0.089,0.1711,0.3172,0.0935,0.2782,11,Jalan Soekarno-Hatta
8390722310_8390730124_STOP36,0.2091,0.0,0.0738,0.4734,0.0049,0.3031,1,Jalan Soekarno-Hatta
8390730117_8123313737_STOP36,0.2022,0.0178,0.2484,0.0802,0.2712,0.2284,1,Jalan Soekarno-Hatta
8390730122_5447158318_STOP443,0.2155,0.0466,0.1027,0.1735,0.2538,0.281,1,Jalan H. Ibrahim Adjie
8390730122_8390730117_STOP36,0.2088,0.0322,0.1756,0.1268,0.2625,0.2547,2,
8390730124_3272242233_STOP36,0.1599,0.0031,0.0652,0.0934,0.3658,0.2763,2,
8390730124_8123304854_STOP36,0.21,0.0004,0.0981,0.0934,0.3362,0.2684,2,Jalan Soekarno-Hatta
8408170536_5479194191_STOP821,0.2579,0.0272,0.0894,0.1936,0.3032,0.3017,2,
8418013666_13551225788_STOP46,0.2511,0.0262,0.0844,0.4053,0.0724,0.3074,12,Jalan Laswi
8456621393_6615877057_STOP240,0.2578,0.0158,0.0414,0.4138,0.0801,0.3169,7,Jalan Soekarno-Hatta
8456621393_6615877058_STOP240,0.3421,0.0316,0.0468,0.3779,0.0948,0.3206,6,Soekarno Hatta Frontage Boulevard
8456621395_3272728568_STOP403,0.0345,0.006,0.0512,0.6404,0.1797,0.384,1,Jalan Soekarno-Hatta
8456621395_9340090484_STOP403,0.1123,0.0563,0.1341,0.3875,0.1412,0.3039,5,Jalan Soekarno-Hatta
8456621396_11549683569_STOP240,0.1794,0.0119,0.562,0.0,0.0468,0.0977,1,Jalan Soekarno-Hatta
8456621396_6382216824_STOP403,0.1983,0.0456,0.2891,0.2134,0.1188,0.2293,2,
8499551926_3115041391_STOP465,0.3172,0.0134,0.1142,0.228,0.2059,0.2871,7,Jalan Soekarno-Hatta
8499551926_8499551927_STOP464,0.3518,0.0119,0.0974,0.3622,0.1015,0.307,1,
8499551927_3272371131_STOP185,0.1972,0.0321,0.1365,0.3547,0.0931,0.2854,8,Jalan Soekarno-Hatta
8499551927_8499551926_STOP464,0.1559,0.0413,0.1373,0.3824,0.1186,0.2976,1,
8582835480_11138593390_STOP84,0.2751,0.0211,0.172,0.282,0.1092,0.2678,8,Jalan Pajajaran
8582835480_5369274905_STOP812,0.3455,0.0333,0.2079,0.2152,0.1129,0.2528,3,Jalan Pajajaran
8841514869_3115157722_STOP122,0.3727,0.0007,0.0688,0.1954,0.278,0.3052,1,Jalan Bantununggal Asih Lll
8913742090_29427236_STOP723,0.2438,0.0356,0.0406,0.4138,0.1116,0.3274,2,Jalan Aria Jipang
8913742090_5360090966_STOP723,0.3044,0.008,0.0726,0.1827,0.2584,0.2905,2,Jalan Surapati
8979178865_11181448973_STOP706,0.208,0.025,0.0608,0.4307,0.0504,0.3085,1,Jalan R.A.A. Martanegara
8979178865_11181448979_STOP706,0.208,0.025,0.0608,0.4307,0.0504,0.3085,1,
8979186743_11181448974_STOP746,0.1605,0.0775,0.4177,0.0708,0.0908,0.1628,1,Jalan Lodaya
8979186743_3272589082_STOP706,0.2488,0.0456,0.2758,0.1517,0.1303,0.2207,2,
9152581660_10043935232_STOP121,0.2188,0.023,0.3607,0.1607,0.1046,0.1967,6,Jalan Soekarno-Hatta
9152581660_5348638990_STOP384,0.318,0.0132,0.0567,0.1389,0.3713,0.3104,32,"['Jalan Soekarno-Hatta', 'Jalan Layang Kopo']"
9167350227_2604179154_STOP376,0.2822,0.0572,0.2681,0.2037,0.103,0.2363,4,Jalan Jendral Sudirman
9167350228_9167350227_STOP282,0.3861,0.0277,0.1602,0.3462,0.0523,0.2871,1,
9167367930_5495700165_STOP281,0.2536,0.1318,0.2153,0.1862,0.1723,0.2684,1,Jalan Jendral Sudirman
9167367930_5648631891_STOP281,0.2536,0.1318,0.2153,0.1862,0.1723,0.2684,1,
9198770125_8390730122_STOP443,0.313,0.0146,0.0689,0.2901,0.1834,0.3068,7,Jalan H. Ibrahim Adjie
9253047317_3115041391_STOP465,0.1605,0.0113,0.1888,0.2011,0.1113,0.2282,15,"['Jalan Karasak Barat', 'Jalan Mekar Wangi', 'Jalan Mekar Puspita']"
9253047317_5487650882_STOP198,0.237,0.0192,0.0796,0.2395,0.2377,0.2969,3,Jalan Mekar Puspita
9327097034_3272725789_STOP240,0.2409,0.0637,0.0679,0.2954,0.1981,0.3148,6,Soekarno Hatta Frontage Boulevard
9336983410_29358934_STOP628,0.3222,0.0396,0.0298,0.452,0.0735,0.3397,2,Jalan Karangsari
9336983410_29358935_STOP628,0.3808,0.0177,0.0932,0.3446,0.0762,0.3001,2,
9336983410_29379986_STOP628,0.1992,0.0203,0.1079,0.4328,0.0812,0.3079,3,Jalan Karangsari
9340090484_6380244015_STOP358,0.2359,0.0751,0.0849,0.3557,0.1381,0.3171,6,Jalan Soekarno-Hatta
9372965562_6616756437_STOP602,0.2589,0.0469,0.0424,0.3396,0.1617,0.3212,6,Jalan Jend. H. Amir Machmud
9379377310_35138415_STOP117,0.1761,0.0307,0.3564,0.2158,0.0777,0.2045,1,Jalan Pluto Raya
9379377310_9379377313_STOP117,0.1761,0.0307,0.3564,0.2158,0.0777,0.2045,1,Jalan Pluto Raya
9379377313_35137789_STOP540,0.2174,0.0488,0.1844,0.193,0.233,0.27,29,"['Jalan Saturnus Utara XV', 'Jalan Saturnus Tengah', 'Jalan Saturnus Selatan', 'Jalan Saturnus Utara XVII', 'Jalan Pluto Raya']"
9379377313_35138415_STOP117,0.2682,0.0163,0.1131,0.0813,0.3275,0.2694,1,Jalan Pluto Raya
9443702027_3272727748_STOP357,0.348,0.0343,0.0162,0.4148,0.0946,0.3373,2,Jalan Soekarno-Hatta
9443702028_5458169147_STOP423,0.2397,0.0482,0.005,0.4269,0.2129,0.3642,1,
9443702028_7284403241_STOP423,0.2763,0.0436,0.0313,0.4105,0.1267,0.3365,5,Jalan Soekarno-Hatta
9462969629_6615860878_STOP830,0.3002,0.0505,0.0774,0.3694,0.1172,0.3186,4,Jalan Soekarno-Hatta
9462969629_9462969630_STOP830,0.302,0.0495,0.0153,0.3669,0.1644,0.339,1,
9462969630_6615832573_STOP830,0.3002,0.0505,0.0774,0.3694,0.1172,0.3186,4,Jalan Soekarno-Hatta
9462969630_9462969629_STOP830,0.302,0.0495,0.0153,0.3669,0.1644,0.339,1,
9462999285_3245886198_STOP281,0.2621,0.0484,0.2266,0.2034,0.1309,0.2457,5,Jalan Jendral Sudirman
9462999285_9471344359_STOP281,0.3011,0.0071,0.0879,0.3382,0.079,0.2896,1,
9471344359_5344074239_STOP281,0.1736,0.0525,0.2433,0.2114,0.1251,0.2361,4,Jalan Jendral Sudirman
9471344359_9462999285_STOP281,0.1518,0.0127,0.1719,0.3591,0.0233,0.2555,1,
9503884773_12813271264_STOP117,0.2554,0.0295,0.1537,0.2328,0.1799,0.2732,39,Jalan Rancabolang
9503884773_1856651006_STOP363,0.2804,0.0096,0.0543,0.2947,0.2081,0.3122,1,Jalan Rancabolang
9503884773_9503919892_STOP363,0.2804,0.0096,0.0543,0.2947,0.2081,0.3122,1,
9503919891_1856651006_STOP363,0.0388,0.0808,0.0019,0.8045,0.0188,0.4158,1,
9503919891_9503919892_STOP363,0.0388,0.0808,0.0019,0.8045,0.0188,0.4158,1,
9503919892_6609908292_STOP363,0.0194,0.053,0.282,0.5268,0.0345,0.2869,2,
9503919892_9503919891_STOP363,0.0388,0.0808,0.0019,0.8045,0.0188,0.4158,1,
9532363495_29380518_STOP802,0.2602,0.0637,0.1591,0.2272,0.1672,0.2748,8,Jalan Holis
9532363495_9532363497_STOP338,0.2763,0.0752,0.1493,0.2614,0.1737,0.2921,1,Jalan Holis
9532363497_11711275766_STOP280,0.3257,0.0433,0.1032,0.12,0.3105,0.2894,16,Jalan Soekarno-Hatta
9532363497_9532363495_STOP338,0.326,0.033,0.1133,0.0421,0.3775,0.2792,1,Jalan Holis
9544624433_5867096768_STOP357,0.273,0.0342,0.0996,0.316,0.1601,0.304,9,Jalan Soekarno-Hatta
9544624434_5458169147_STOP423,0.1363,0.1178,0.1517,0.3663,0.1252,0.3056,13,Jalan Soekarno-Hatta
9544624434_9544624433_STOP357,0.0633,0.2063,0.1836,0.4097,0.0556,0.3069,1,
9544806498_7284403246_STOP535,0.0792,0.0308,0.0315,0.4044,0.1527,0.3189,5,Jalan Soekarno-Hatta
9544806499_7284403247_STOP535,0.2998,0.038,0.0276,0.5019,0.0331,0.3423,5,Jalan Soekarno-Hatta
9544806499_9544806498_STOP357,0.1014,0.0951,0.006,0.595,0.0017,0.3572,1,
9544806503_3272727747_STOP357,0.2071,0.0228,0.083,0.4436,0.0221,0.3014,1,
9544806503_9544806498_STOP357,0.186,0.0201,0.051,0.5013,0.019,0.3201,10,Jalan Soekarno-Hatta
9584171464_10995250561_STOP647,0.3571,0.0012,0.0035,0.1259,0.3932,0.3215,2,Jalan Gedebage Raya
9584171464_7216077577_STOP647,0.4363,0.0062,0.0132,0.0812,0.4296,0.3246,2,Bundaran Bulevar Barat
9626125965_12813271261_STOP5,0.0816,0.0365,0.4937,0.0307,0.2209,0.1558,8,Jalan Marga Cinta
9626125965_5447158309_STOP5,0.146,0.0614,0.272,0.0315,0.3588,0.2352,1,Jalan Marga Cinta
9642166986_13257407280_STOP773,0.1508,0.1339,0.157,0.0235,0.3398,0.2603,1,
9642166986_3445557996_STOP773,0.1508,0.1339,0.157,0.0235,0.3398,0.2603,1,Jalan Garuda
9713565227_29489276_STOP385,0.2708,0.0383,0.1813,0.2167,0.1565,0.2617,24,Jalan Raya Cibaduyut
9729638579_5455694139_STOP267,0.0553,0.2835,0.042,0.1376,0.4142,0.3508,9,
9729638579_9729638580_STOP267,0.0295,0.3079,0.0183,0.1765,0.4353,0.3736,1,
9729638580_9729638579_STOP267,0.0378,0.022,0.013,0.0784,0.4346,0.2884,1,
9729638580_9729638593_STOP825,0.1638,0.0527,0.0097,0.1453,0.3827,0.3148,8,
9729638593_2518074025_STOP823,0.3398,0.0644,0.0043,0.2878,0.2327,0.3407,20,
9729638593_5479194193_STOP825,0.3608,0.0374,0.0138,0.0256,0.4685,0.3163,1,
9749128082_1662376584_STOP591,0.3934,0.0185,0.0441,0.2922,0.171,0.3168,1,Jalan Ir. H. Djuanda
9749128082_5463827264_STOP591,0.1967,0.0092,0.2978,0.2538,0.1175,0.2324,2,Jalan Dago Asri Raya
9755546377_2036066796_STOP236,0.1903,0.0964,0.1695,0.3134,0.0476,0.2688,5,Jalan Sulanjana
9755546377_29359719_STOP578,0.2253,0.0164,0.3477,0.2296,0.0494,0.2049,1,Jalan Sulanjana
9755546377_5334558654_STOP578,0.2253,0.0164,0.3477,0.2296,0.0494,0.2049,1,Jalan Saung Galing
9762128207_2041502893_STOP409,0.309,0.0172,0.0445,0.4868,0.0196,0.3286,4,Jalan Sumbawa
9762128207_25433301_STOP340,0.3091,0.0215,0.0118,0.4619,0.0556,0.3359,1,Jalan Sumbawa
9767043233_11180921757_STOP71,0.3143,0.0533,0.0697,0.4527,0.0141,0.321,1,Jalan Tamansari
9767043233_11262097537_STOP70,0.2716,0.0656,0.0219,0.4888,0.0168,0.3378,9,Jalan Tamansari
9787694583_7216077614_STOP386,0.3025,0.0182,0.1557,0.2597,0.1985,0.2881,1,Bulevar Selatan
9800628721_7216077613_STOP386,0.3643,0.0018,0.0884,0.0798,0.3623,0.288,1,Bulevar Selatan
9803456823_11136401953_STOP821,0.16,0.0333,0.005,0.3318,0.3162,0.3505,19,Jalan Viking
9803456826_6377290514_STOP822,0.3496,0.0664,0.0005,0.1657,0.3409,0.3331,1,
9803456826_9803456823_STOP822,0.3496,0.0664,0.0005,0.1657,0.3409,0.3331,1,
9807780220_10596847016_STOP285,0.334,0.0006,0.0015,0.0894,0.448,0.3222,2,Bunderan Grand Bulevar
9807780224_11270931757_STOP285,0.3608,0.0051,0.0,0.1523,0.4284,0.3399,1,Bulevar Teknopolis
9807780224_9807780220_STOP285,0.3608,0.0051,0.0,0.1523,0.4284,0.3399,1,Bunderan Grand Bulevar
9824987335_5848061297_STOP647,0.358,0.0,0.0,0.1349,0.3971,0.3255,1,Bulevar Barat
9832971266_11181448955_STOP255,0.3651,0.0229,0.0621,0.3002,0.1803,0.3169,7,Jalan Pelajar Pejuang 45
9832971267_10167417684_STOP253,0.3038,0.0043,0.0989,0.1306,0.334,0.2891,8,Jalan Layang Laswi - Pelajar Pejuang 45
9832971267_9832971266_STOP435,0.3727,0.0198,0.0774,0.1345,0.2976,0.2944,2,Jalan Layang Laswi - Pelajar Pejuang 45
9832971270_3277874425_STOP435,0.2617,0.0875,0.1635,0.1518,0.195,0.2634,5,Jalan Pelajar Pejuang 45
9832971270_9832971267_STOP435,0.3828,0.0257,0.0842,0.112,0.3215,0.2948,2,Jalan Layang Laswi - Pelajar Pejuang 45
9834915546_3277871582_STOP212,0.0762,0.0952,0.2587,0.3302,0.0001,0.237,3,Jalan Jenderal Ahmad Yani
9834915547_1849525877_STOP212,0.2338,0.0418,0.0421,0.4423,0.0601,0.3232,4,Jalan Gandapura
9834915547_9834915546_STOP212,0.2188,0.0899,0.0073,0.3968,0.0156,0.3117,1,Jalan Gandapura
9834956696_3269421791_STOP172,0.2867,0.0038,0.021,0.3318,0.1635,0.3167,1,Jalan Bengawan
9834956696_3269421803_STOP554,0.2999,0.0243,0.0977,0.4272,0.0449,0.3096,5,Jalan Bengawan
9834956696_7715397583_STOP172,0.2867,0.0038,0.021,0.3318,0.1635,0.3167,1,
9857713262_11382060932_STOP550,0.279,0.0086,0.1036,0.284,0.1308,0.282,5,Jalan Pasir Kaliki
9895279782_1663274703_STOP163,0.1586,0.0883,0.1086,0.4446,0.0152,0.3044,2,
9895279782_5825261665_STOP31,0.1558,0.0284,0.1832,0.3526,0.0174,0.2539,1,Jalan Prabu Dimuntur
9973785684_8499551926_STOP464,0.2598,0.0129,0.0762,0.3222,0.1436,0.2997,8,Jalan Soekarno-Hatta
