tas_nit_id,sentiment_score,avg_rating,n_reviews_total,n_places,positive_ratio,negative_ratio,categories,street_name
10043935231_3448592238_STOP121,0.625,2.5,8,2,0.375,0.625,kesehatan;komersial,Jalan Soekarno-Hatta
10043935231_3448592238_STOP198,0.75,3.5,8,3,0.625,0.375,kesehatan;lainnya;komersial,Jalan Soekarno-Hatta
10043935232_10043935231_STOP121,0.65,4,8,3,0.75,0.25,kesehatan;komersial,Jalan Tanpa Nama
10043935232_10816174967_STOP121,0.65,4,8,3,0.75,0.25,kesehatan;komersial,Jalan Soekarno-Hatta
10101152064_10101152065_STOP154,0.875,4.88,8,3,1,0,katering;lainnya,Jalan Cihapit
10101152064_10101152065_STOP665,0.875,4.75,8,3,1,0,katering,Jalan Cihapit
10101152064_10101152065_STOP692,0.85,4.88,8,3,1,0,katering,Jalan Cihapit
10101152064_5369325245_STOP665,0.875,4.75,8,3,1,0,katering,Jalan Cihapit
10101152065_10101152064_STOP154,0.875,4.88,8,3,1,0,katering;lainnya,Jalan Cihapit
10101152065_10101152064_STOP664,0.8125,4.38,8,3,0.875,0,katering;lainnya,Jalan Cihapit
10101152065_10101152064_STOP665,0.85,4.88,8,3,1,0,katering,Jalan Cihapit
10101152065_10101152064_STOP692,0.875,4.88,8,3,1,0,katering;lainnya,Jalan Cihapit
10101152065_1849525943_STOP41,0.9375,5,8,3,1,0,kesehatan;komersial;katering,Jalan L.L. RE. Martadinata
10101152065_1849525943_STOP510,0.8125,4.63,8,3,0.875,0.125,lainnya;kesehatan,Jalan L.L. RE. Martadinata
10101152065_1849525943_STOP560,0.6875,4.63,8,4,0.875,0.125,kesehatan;lainnya,Jalan L.L. RE. Martadinata
10101152065_1849525943_STOP561,0.8125,4.25,8,3,0.75,0.25,lainnya;kesehatan,Jalan L.L. RE. Martadinata
10101152065_1849525943_STOP566,0.8125,4.63,8,3,0.875,0.125,lainnya;kesehatan,Jalan L.L. RE. Martadinata
10101152065_1849525943_STOP664,0.8125,4.38,8,3,0.875,0,katering;lainnya,Jalan L.L. RE. Martadinata
10101152065_2520790639_STOP663,0.8125,4.88,8,3,1,0,komersial;lainnya;kesehatan,Jalan Cihapit
10101152065_2520790639_STOP664,0.8125,4.38,8,3,0.875,0,lainnya;katering;komersial,Jalan Cihapit
10101152065_2520790639_STOP693,0.8125,4.88,8,3,1,0,lainnya;komersial,Jalan Cihapit
10101152065_2520790639_STOP694,0.8125,4.75,8,3,1,0,komersial;lainnya,Jalan Cihapit
10101152065_6639564151_STOP154,0.75,4,8,3,0.75,0.125,lainnya;katering,Jalan L.L. RE. Martadinata
10101152065_6639564151_STOP508,0.75,4,8,3,0.75,0.125,lainnya;katering,Jalan L.L. RE. Martadinata
10101152065_6639564151_STOP509,0.75,3.5,8,3,0.625,0.25,lainnya,Jalan L.L. RE. Martadinata
10101152065_6639564151_STOP664,0.8125,4.38,8,3,0.875,0,katering;lainnya,Jalan L.L. RE. Martadinata
10125360884_10125360885_STOP108,0.5104,3.25,8,2,0.625,0.375,lainnya,Jalan Tanpa Nama
10125360884_3272542990_STOP108,0.5104,3.25,8,2,0.625,0.375,lainnya,Jalan Soekarno-Hatta
10125360885_11369316680_STOP108,0.5521,1.75,8,2,0.25,0.75,lainnya;katering,Jalan Soekarno-Hatta
10125360885_11369316680_STOP121,0.75,3.75,8,2,0.625,0.25,lainnya;finansial,Jalan Soekarno-Hatta
10125360885_11369316680_STOP385,0.75,3.75,8,2,0.625,0.25,finansial;lainnya,Jalan Soekarno-Hatta
10125575435_12135879793_STOP121,0.65,4,8,3,0.75,0.25,kesehatan;komersial,Jalan Leuwi Panjang
10125575435_3272382569_STOP121,0.65,4,8,3,0.75,0.25,kesehatan;komersial,Jalan Soekarno-Hatta
1013421522_5358212370_STOP239,0.6875,5,8,3,1,0,rekreasi;katering;komersial,Jalan Dalem Kaum
1013421522_5852700917_STOP239,0.6875,5,8,3,1,0,rekreasi;katering;komersial,"['Jalan Alun-alun Timur', 'Jalan Asia Afrika']"
1013421522_5852700917_STOP7,0.6,4.38,8,3,0.875,0.125,lainnya;rekreasi,"['Jalan Alun-alun Timur', 'Jalan Asia Afrika']"
1013421522_5852700917_STOP788,0.6,4.38,8,3,0.875,0.125,rekreasi;lainnya,"['Jalan Alun-alun Timur', 'Jalan Asia Afrika']"
1013431926_7856163871_STOP318,0.8125,4.88,8,2,1,0,komersial;katering,Jalan Dewi Sartika
1013431926_7990471529_STOP307,0.6625,3.63,8,3,0.5,0.25,komersial;finansial,Jalan Kepatihan
1013431926_7990471529_STOP318,0.875,4.75,8,3,1,0,komersial;katering,Jalan Kepatihan
1013431927_7856163872_STOP307,0.725,3.88,8,3,0.625,0.25,komersial;finansial,Jalan Kepatihan
1013431927_7856163872_STOP318,0.75,3.75,8,3,0.75,0.25,komersial;katering,Jalan Kepatihan
1013431927_7990471529_STOP307,0.725,3.63,8,3,0.625,0.375,komersial;finansial,Jalan Otto Iskandardinata
10134513808_10125575435_STOP121,0.65,4,8,3,0.75,0.25,kesehatan;komersial,Jalan Soekarno-Hatta
10134513808_3272382565_STOP121,0.65,4,8,3,0.75,0.25,kesehatan;komersial,Jalan Leuwi Panjang
10134513809_10134513808_STOP121,0.65,4,8,3,0.75,0.25,kesehatan;komersial,Jalan Raya Cibaduyut
10134513809_10816174969_STOP121,0.65,4,8,3,0.75,0.25,kesehatan;komersial,Jalan Soekarno-Hatta
1014721714_1014722257_STOP22,0.8333,5,8,4,1,0,kesehatan;komersial;lainnya,Jalan Pelindung Hewan
1014721714_1014722257_STOP593,0.75,5,8,3,1,0,komersial;lainnya,Jalan Pelindung Hewan
1014721714_5353902941_STOP22,0.8125,5,8,4,1,0,komersial;lainnya;kesehatan,Jalan Tanpa Nama
1014722257_3110265322_STOP310,0.875,4.63,8,2,1,0,komersial;lainnya,Jalan Mohammad Toha
1014722257_3110265322_STOP593,0.6875,4.5,8,2,0.875,0.125,kesehatan;komersial,Jalan Mohammad Toha
1014722257_5348770323_STOP22,0.8333,4.88,8,3,1,0,kesehatan;komersial;lainnya,Jalan Mohammad Toha
1014722257_5348770323_STOP227,0.6667,4.5,8,3,0.875,0,lainnya;kesehatan;komersial,Jalan Mohammad Toha
1014722257_5348770323_STOP593,0.9375,4.5,8,2,0.875,0.125,komersial;finansial,Jalan Mohammad Toha
1014722265_11380591251_STOP30,0.8125,3.75,8,2,0.625,0.25,komersial,Jalan Pungkur
1014722265_1831360476_STOP29,0.7083,3.63,8,3,0.625,0.375,komersial;lainnya,Jalan Pungkur
1014722265_1831360476_STOP30,0.75,3.75,8,3,0.625,0.25,lainnya;komersial,Jalan Pungkur
1014722265_1831360476_STOP470,0.8125,4,8,2,0.75,0.25,finansial;lainnya,Jalan Pungkur
1014722585_1014722265_STOP30,0.8125,4.25,8,3,0.75,0.125,komersial,Jalan Mohammad Toha
1014722585_1014722265_STOP369,0.6875,2.38,8,4,0.25,0.625,lainnya;komersial,Jalan Mohammad Toha
1014722585_29489136_STOP269,0.8125,4,8,3,0.75,0.25,komersial;lainnya,Jalan Ibu Inggit Ganarsih
1014722585_29489136_STOP369,0.8125,4,8,3,0.75,0.25,lainnya;komersial,Jalan Ibu Inggit Ganarsih
1014722585_29489138_STOP29,0.7083,3.63,8,3,0.625,0.375,komersial;lainnya,Jalan Ibu Inggit Ganarsih
1014722585_29489138_STOP369,0.8125,4,8,3,0.75,0.25,lainnya;komersial,Jalan Ibu Inggit Ganarsih
1014722585_29489138_STOP842,0.8125,4,8,3,0.75,0.25,lainnya;komersial,Jalan Ibu Inggit Ganarsih
1014722585_5355897677_STOP257,0.6563,2.25,8,3,0.25,0.625,lainnya;katering;komersial,Jalan Mohammad Toha
1014722585_5355897677_STOP258,0.6875,2.75,8,2,0.375,0.5,komersial;lainnya,Jalan Mohammad Toha
1014722585_5355897677_STOP369,0.8125,4,8,3,0.75,0.25,lainnya;komersial,Jalan Mohammad Toha
1014722585_5355897677_STOP842,0.7813,3.5,8,4,0.625,0.375,katering;komersial;lainnya,Jalan Mohammad Toha
1014722675_1014721714_STOP22,0.7708,5,8,4,1,0,komersial;lainnya;kesehatan,Jalan Pelindung Hewan
1014722675_1014721714_STOP226,0.75,5,8,3,1,0,komersial;lainnya,Jalan Pelindung Hewan
1014722675_11953687707_STOP226,0.75,5,8,3,1,0,lainnya;komersial,Jalan Inhoftank
1014722675_11953687707_STOP607,0.75,5,8,3,1,0,lainnya;komersial,Jalan Inhoftank
1014722675_5353902941_STOP22,0.8125,5,8,4,1,0,komersial;lainnya;kesehatan,Jalan Inhoftank
1014722675_5353902941_STOP226,0.6875,5,8,4,1,0,komersial;lainnya,Jalan Inhoftank
1014722675_5353902941_STOP607,0.75,5,8,3,1,0,komersial;lainnya,Jalan Inhoftank
10151612728_10151612729_STOP265,0.6875,3,8,2,0.5,0.5,katering;lainnya,Jalan Tanpa Nama
10151612728_12692455340_STOP265,0.5833,2,8,3,0.25,0.75,lainnya;katering,Jalan Ir. H. Djuanda
10151612729_10151612728_STOP265,0.6875,3,8,2,0.5,0.5,katering;lainnya,Jalan Tanpa Nama
10151612729_1662376718_STOP265,0.6875,3,8,2,0.5,0.5,katering;lainnya,Jalan Ir. H. Djuanda
10151612729_1662376718_STOP591,0.8125,4.5,8,3,0.875,0.125,katering;lainnya;komersial,Jalan Ir. H. Djuanda
10154700107_7715327378_STOP187,0.7857,3.5,8,3,0.625,0.375,kesehatan;lainnya,Jalan Supratman
10154700107_7715327378_STOP512,0.6875,4,8,4,0.75,0.25,lainnya;kesehatan,Jalan Supratman
10154700107_7715327378_STOP633,0.625,4.5,8,3,0.875,0.125,lainnya;komersial,Jalan Supratman
10154700114_10154700107_STOP44,0.8482,3.88,8,3,0.75,0.25,kesehatan;lainnya;katering,Jalan Tanpa Nama
10154700114_2520649220_STOP44,0.8482,3.88,8,3,0.75,0.25,kesehatan;lainnya;katering,Jalan Supratman
10158095824_7179028074_STOP658,0.8333,4.25,8,2,0.75,0.125,kesehatan;katering,Jalan Sunda
10166777277_10166777280_STOP139,0.75,3.75,8,3,0.625,0.25,lainnya,Jalan Haji Tatang Sumantri
10166777277_6428110632_STOP139,0.75,3.75,8,3,0.625,0.25,lainnya,Jalan Haji Tatang Sumantri
10166777280_10166777277_STOP139,0.75,3.75,8,3,0.625,0.25,lainnya,Jalan Haji Tatang Sumantri
10166777280_5353902321_STOP139,0.6875,1,8,2,0,1,lainnya,Jalan Haji Tatang Sumantri
10167417684_8418013666_STOP253,0.5938,3,8,5,0.5,0.5,katering;lainnya;pendidikan;komersial,Jalan Layang Laswi - Pelajar Pejuang 45
10167417684_9832971267_STOP252,0.625,2.63,8,4,0.375,0.625,lainnya;pendidikan,Jalan Layang Laswi - Pelajar Pejuang 45
10167417684_9832971267_STOP253,0.5729,2.5,8,4,0.375,0.625,lainnya;katering;pendidikan,Jalan Layang Laswi - Pelajar Pejuang 45
10167417684_9832971267_STOP435,0.75,3.13,8,4,0.5,0.5,lainnya;pendidikan,Jalan Layang Laswi - Pelajar Pejuang 45
10171739080_3269421803_STOP284,0.85,4.38,8,4,0.875,0.125,kesehatan;katering;lainnya;komersial,Jalan Taman Cibeunying Utara
10171739080_3269421803_STOP665,0.75,4.5,8,3,0.875,0.125,katering;komersial,Jalan Taman Cibeunying Utara
10171739080_3269421803_STOP692,0.75,5,8,3,1,0,katering;komersial,Jalan Taman Cibeunying Utara
10171739085_10171739080_STOP665,0.75,4.5,8,3,0.875,0.125,katering;komersial,Jalan Tanpa Nama
10171739085_6461589822_STOP665,0.75,4.5,8,3,0.875,0.125,katering;komersial,Jalan Ciliwung
10171865526_10171865531_STOP172,0.7708,5,8,2,1,0,katering,Jalan Tanpa Nama
10171865526_3269421786_STOP172,0.7708,5,8,2,1,0,katering,Jalan Cisangkuy
10171865526_7715289717_STOP172,0.7708,5,8,2,1,0,katering,Jalan Tanpa Nama
10171865531_11707030830_STOP172,0.7708,5,8,2,1,0,katering,Jalan Ciliwung
10171865531_11707030830_STOP73,0.7708,4.75,8,3,0.875,0,katering;lainnya;kesehatan,Jalan Ciliwung
10171865532_1849907162_STOP172,0.7708,5,8,2,1,0,katering,Jalan Cilaki
10171865532_1849907162_STOP174,0.625,3.75,8,3,0.625,0.25,lainnya;rekreasi,Jalan Cilaki
10171865532_1849907162_STOP555,0.725,3.5,8,3,0.5,0.25,lainnya,Jalan Cilaki
10171865532_1849907162_STOP73,0.7708,4.75,8,3,0.875,0,lainnya;katering,Jalan Cilaki
10171865532_1855697097_STOP172,0.7708,5,8,2,1,0,katering,Jalan Cilaki
10171865536_10171865532_STOP172,0.7708,5,8,2,1,0,katering,Jalan Tanpa Nama
10171865536_3269421789_STOP172,0.7708,5,8,2,1,0,katering,Jalan Ciliwung
10173603853_25778195_STOP576,0.8646,4.25,8,3,0.75,0.125,lainnya;katering,Jalan Citarum
10173603853_25778195_STOP806,0.8646,4.25,8,3,0.75,0.125,lainnya;katering,Jalan Citarum
10173603857_11382550192_STOP576,0.7917,4,8,3,0.625,0.25,lainnya;kesehatan;katering,Jalan Taman Citarum
10173603857_1666747518_STOP576,0.7917,4,8,3,0.625,0.25,lainnya;kesehatan;katering,Jalan Tanpa Nama
10173603859_7715326201_STOP576,0.8646,4.25,8,3,0.75,0.125,lainnya;katering,Jalan Ciliwung
10173603863_10173603859_STOP576,0.8646,4.25,8,3,0.75,0.125,lainnya;katering,Jalan Tanpa Nama
10173603863_5369368116_STOP576,0.8646,4.25,8,3,0.75,0.125,lainnya;katering,Jalan Citarum
10173603868_1666747518_STOP576,0.8646,4.25,8,3,0.75,0.125,lainnya;katering,Jalan Tanpa Nama
10173603868_5369369333_STOP576,0.8646,4.25,8,3,0.75,0.125,lainnya;katering,Jalan Ciliwung
10173705729_7211115101_STOP669,0.875,5,8,3,1,0,katering;lainnya;komersial,Jalan Cilamaya
10173705732_6445381505_STOP575,0.8125,4.13,8,4,0.75,0.25,katering;kesehatan;komersial,Jalan Citarum
10173705736_10173705732_STOP575,0.75,4.88,8,4,1,0,katering;pendidikan;kesehatan,Jalan Tanpa Nama
10173705736_5832181364_STOP575,0.75,4.88,8,4,1,0,katering;pendidikan;kesehatan,Jalan Diponegoro
10173705737_2519917288_STOP575,0.8125,4.63,8,4,0.875,0.125,katering;kesehatan;pendidikan,Jalan Diponegoro
10173705737_5293786192_STOP575,0.8125,4.63,8,4,0.875,0.125,katering;kesehatan;pendidikan,Jalan Citarum
10173744438_11564259401_STOP556,0.7875,4.75,8,4,1,0,lainnya;pendidikan,Jalan Bangka
10173744438_1849525812_STOP506,0.7917,4.63,8,3,1,0,pendidikan;lainnya,Jalan Bangka
10173744438_1849525812_STOP556,0.7875,4.75,8,4,1,0,lainnya;pendidikan,Jalan Bangka
10173744438_1849525812_STOP661,0.7667,4.63,8,3,1,0,lainnya;pendidikan,Jalan Bangka
10173744438_1849525812_STOP697,0.8125,4.38,8,3,0.875,0.125,lainnya;kesehatan;finansial,Jalan Bangka
10173744441_10173744438_STOP556,0.725,4.63,8,4,1,0,lainnya;pendidikan;komersial,Jalan Tanpa Nama
10173744441_11564259401_STOP556,0.725,4.63,8,4,1,0,lainnya;pendidikan;komersial,Jalan Belitung
10173744441_1849525986_STOP556,0.725,4.63,8,4,1,0,lainnya;pendidikan;komersial,Jalan Belitung
10173744441_1849525986_STOP661,0.725,4.63,8,4,1,0,lainnya;pendidikan;komersial,Jalan Belitung
10173744441_1849525986_STOP696,0.725,4.5,8,3,1,0,lainnya;komersial,Jalan Belitung
10173744442_12809507139_STOP562,0.8594,3.75,8,3,0.625,0.375,kesehatan;lainnya,Jalan Lombok
10173744442_3278058148_STOP562,0.8594,3.75,8,3,0.625,0.375,kesehatan;lainnya,Jalan Ambon
10173744442_7211100688_STOP562,0.8594,3.75,8,3,0.625,0.375,kesehatan;lainnya,Jalan Lombok
10173744442_7211100688_STOP567,0.875,4.13,8,3,0.75,0.25,kesehatan;lainnya,Jalan Lombok
10173744443_6639564151_STOP509,0.6094,3,8,4,0.5,0.5,lainnya;katering,Jalan Citarum
10173744448_10173744443_STOP567,0.8125,3.63,8,4,0.625,0.25,lainnya;katering;kesehatan,Jalan Tanpa Nama
10173744448_1666747506_STOP567,0.8125,3.63,8,4,0.625,0.25,lainnya;katering;kesehatan,Jalan Citarum
10173744449_6445776985_STOP667,0.7208,3.88,8,3,0.625,0.25,lainnya;kesehatan,Jalan Cisanggarung
10173744453_10173744449_STOP667,0.7208,3.88,8,3,0.625,0.25,kesehatan;lainnya,Jalan Tanpa Nama
10173744453_3269364722_STOP667,0.7208,3.88,8,3,0.625,0.25,kesehatan;lainnya,Jalan Cisanggarung
10173744458_6445776991_STOP668,0.8125,4.88,8,3,1,0,lainnya;katering,Jalan Hayam Wuruk
10173744458_6445776991_STOP805,0.875,5,8,3,1,0,lainnya;katering;komersial,Jalan Hayam Wuruk
10173744459_10173744458_STOP668,0.8125,4.88,8,3,1,0,lainnya;katering,Jalan Tanpa Nama
10173744459_11771489566_STOP668,0.75,4.38,8,3,0.875,0.125,lainnya,Jalan Hayam Wuruk
10176052060_1107494497_STOP460,0.625,5,8,2,1,0,komersial;lainnya,Jalan Guntursari Wetan
10176052060_1107494497_STOP469,0.6875,4.5,8,4,0.875,0.125,komersial;lainnya;finansial;katering,Jalan Guntursari Wetan
10176052060_1107494497_STOP712,0.625,4.5,8,2,0.875,0.125,komersial,Jalan Guntursari Wetan
10176052060_2614138805_STOP229,0.5759,2.75,8,2,0.375,0.5,komersial;lainnya,Jalan Buah Batu
10176052060_2614138805_STOP469,0.75,4.5,8,3,0.875,0.125,lainnya;komersial;katering,Jalan Buah Batu
10177320000_1870759840_STOP489,0.6,3.75,8,3,0.625,0.25,lainnya;kesehatan;komersial,Jalan Cibogo
10177320000_5639376031_STOP489,0.6625,3.75,8,3,0.625,0.25,lainnya;kesehatan,Jalan Cibogo
1017853007_1013431926_STOP318,0.8187,3.38,8,2,0.625,0.375,komersial;katering,Jalan Dewi Sartika
1017853007_1013431926_STOP471,0.8125,4,8,3,0.75,0.25,pendidikan;lainnya,Jalan Dewi Sartika
1017853007_6443246208_STOP471,0.6875,3.38,8,4,0.625,0.375,lainnya;katering;pendidikan,Jalan Kautamaan Istri
10184462928_10176052060_STOP650,0.75,4.75,8,4,0.875,0,finansial;komersial;lainnya,Jalan Buah Batu
10184462928_10176052060_STOP711,0.8125,3.75,8,4,0.625,0.25,lainnya;komersial;katering;finansial,Jalan Buah Batu
10184462928_10176052060_STOP712,0.6875,4.5,8,4,0.875,0.125,komersial;finansial;lainnya;katering,Jalan Buah Batu
10184462928_14053088734_STOP711,0.8125,3.75,8,4,0.625,0.25,katering;lainnya;komersial;finansial,Jalan Tanpa Nama
10184467579_6715130346_STOP138,0.75,3.13,8,4,0.5,0.5,katering;kesehatan;lainnya,Jalan Buah Batu
10184467579_6715130346_STOP466,0.8125,4.88,8,3,1,0,finansial;lainnya;kesehatan,Jalan Buah Batu
10184467588_10184467593_STOP138,0.75,3.13,8,4,0.5,0.5,katering;kesehatan;lainnya,Jalan Buah Batu
10184467588_10184467593_STOP466,0.8125,4.38,8,4,0.875,0.125,katering;kesehatan;finansial;lainnya,Jalan Buah Batu
10184467588_6436250308_STOP466,0.875,4.88,8,3,1,0,finansial;kesehatan;lainnya,Jalan Mutumanikam
10184467593_11181449012_STOP138,0.75,3.5,8,4,0.625,0.375,kesehatan;katering;lainnya,Jalan Buah Batu
10184467593_11181449018_STOP138,0.75,3.5,8,4,0.625,0.375,kesehatan;katering;lainnya,Jalan Tanpa Nama
10186688804_5348638990_STOP108,0.5104,3.25,8,3,0.625,0.375,lainnya,Jalan Soekarno-Hatta
10186688804_5348638990_STOP384,0.75,4.38,8,2,0.875,0.125,katering,Jalan Soekarno-Hatta
10186688804_5348638990_STOP396,0.75,4.38,8,2,0.875,0.125,katering,Jalan Soekarno-Hatta
10186688809_10186688804_STOP108,0.5104,3.25,8,3,0.625,0.375,lainnya,Jalan Tanpa Nama
10186688809_5355866271_STOP108,0.5104,3.25,8,3,0.625,0.375,lainnya,Jalan Soekarno-Hatta
10187187001_3272299574_STOP120,0.9375,5,8,2,1,0,komersial;lainnya,Jalan Soekarno-Hatta
10187187001_3272299574_STOP122,0.9375,5,8,2,1,0,komersial;lainnya,Jalan Soekarno-Hatta
10187187001_3272299574_STOP320,0.7708,4.5,8,3,0.875,0.125,lainnya,Jalan Soekarno-Hatta
10187187001_3272299574_STOP335,0.7708,4.5,8,3,0.875,0.125,lainnya;komersial,Jalan Soekarno-Hatta
10198287484_3269381708_STOP665,0.975,5,8,2,1,0,katering,Jalan Tanpa Nama
10198287484_7715326215_STOP665,0.975,5,8,2,1,0,katering,Jalan Ciliwung
10198287485_7715326213_STOP172,0.75,4.5,8,3,0.875,0.125,katering;komersial,Jalan Ciliwung
10198287485_7715326213_STOP665,0.75,4.5,8,3,0.875,0.125,katering;komersial,Jalan Ciliwung
10198287489_10198287485_STOP665,0.7875,4.5,8,2,0.875,0.125,katering,Jalan Tanpa Nama
10239511223_10184467579_STOP138,0.75,3.5,8,4,0.625,0.375,kesehatan;lainnya;katering,Jalan Buah Batu
10239511223_11181449012_STOP138,0.75,3.5,8,4,0.625,0.375,kesehatan;lainnya;katering,Jalan Pelajar Pejuang 45
10239511223_11222647213_STOP138,0.75,3.5,8,4,0.625,0.375,kesehatan;lainnya;katering,Jalan Buah Batu
10261582621_1857160520_STOP162,0.875,4.5,8,3,0.875,0.125,katering;finansial;lainnya,Jalan Dipatiukur
10261582621_1857160520_STOP265,0.5625,1.75,8,3,0.125,0.75,lainnya,Jalan Dipatiukur
10261582621_1857160520_STOP268,0.75,3,8,3,0.5,0.5,katering;finansial;pendidikan,Jalan Dipatiukur
10261582621_1857160520_STOP600,0.8125,4.25,8,2,0.75,0.125,komersial;katering,Jalan Dipatiukur
10261582621_5465992888_STOP600,0.6875,2.88,8,2,0.375,0.375,katering,Jalan Dipatiukur
10288977250_10825681738_STOP597,0.6875,3.5,8,3,0.5,0.25,komersial;katering;lainnya,Jalan Jenderal Gatot Subroto
10288977250_10825681738_STOP831,0.6875,3.5,8,3,0.5,0.25,lainnya;komersial;katering,Jalan Jenderal Gatot Subroto
10288977250_3376282078_STOP831,0.6875,3.75,8,3,0.625,0.25,lainnya;katering;komersial,Jalan Jenderal Gatot Subroto
10596741969_10596741983_STOP388,0.6,4.8,5,1,1,0,rekreasi,Jalan Tanpa Nama
10596741969_7290653024_STOP388,0.75,5,8,2,1,0,rekreasi;lainnya,Bulevar Utama
10596741981_10596847102_STOP388,0.875,5,8,3,1,0,komersial;katering,Bulevar Teknopolis
10596741981_11270910340_STOP261,0.8125,5,8,3,1,0,katering;lainnya,Jalan Sentra Raya Selatan
10596741981_11270910340_STOP388,0.7917,4.63,8,3,0.875,0.125,komersial;katering,Jalan Sentra Raya Selatan
10596741983_10596741969_STOP388,0.6,4.8,5,1,1,0,rekreasi,Jalan Tanpa Nama
10596741996_10596742004_STOP285,0.9375,5,8,2,1,0,kesehatan;komersial,Bulevar Raya
10596741996_10596742004_STOP386,0.875,5,8,2,1,0,komersial;katering,Bulevar Raya
10596741996_10596742004_STOP820,0.875,4.5,8,3,0.875,0.125,lainnya;komersial;katering,Bulevar Raya
10596741996_7216077612_STOP386,0.875,5,8,2,1,0,katering;komersial,Bulevar Selatan
10596742004_7216077722_STOP285,0.9375,5,8,2,1,0,kesehatan;komersial,Bunderan Grand Bulevar
10596847016_10596742004_STOP285,0.9375,5,8,2,1,0,kesehatan;komersial,Bunderan Grand Bulevar
10596847016_7216077612_STOP285,0.9375,5,8,2,1,0,kesehatan;komersial,Bulevar Raya
10596847016_7216077612_STOP386,0.875,5,8,2,1,0,katering;komersial,Bulevar Raya
10596847016_7216077612_STOP820,0.875,4.5,8,3,0.875,0.125,lainnya;komersial;katering,Bulevar Raya
10596847027_10596847110_STOP386,0.875,5,8,2,1,0,katering;komersial,Bulevar Selatan
10596847027_11373181570_STOP386,0.875,5,8,2,1,0,katering;komersial,"['Bulevar Selatan', 'Jembatan Cisaranten Baru']"
10596847027_11373181570_STOP820,0.875,4.5,8,3,0.875,0.125,lainnya;katering;komersial,"['Bulevar Selatan', 'Jembatan Cisaranten Baru']"
10596847027_7216077611_STOP386,0.875,5,8,2,1,0,katering;komersial,Bulevar Raya
10596847102_12705240852_STOP388,0.8125,5,8,3,1,0,katering,"['Bulevar Teknopolis', 'Jalan Sentra Raya Selatan']"
10596847110_10596741996_STOP386,0.875,5,8,2,1,0,katering;komersial,Bulevar Raya
10596847110_10596847027_STOP386,0.875,5,8,2,1,0,katering;komersial,Bulevar Selatan
10596847110_9800628721_STOP386,0.875,5,8,2,1,0,komersial;katering,Bulevar Selatan
10628427188_25433891_STOP84,0.7708,4.13,8,3,0.75,0.25,finansial;kesehatan;lainnya,Kapten Tata Natanegara
10654541236_10654541237_STOP10,0.7625,4.63,8,2,0.875,0.125,kesehatan,Jalan Hasanudin
10654541236_11553388875_STOP10,0.7625,4.63,8,2,0.875,0.125,kesehatan,Jalan Ir. H. Djuanda
10654541236_11553388875_STOP163,0.875,5,8,3,1,0,komersial;finansial,Jalan Ir. H. Djuanda
10654541236_11553388875_STOP165,0.8125,5,8,2,1,0,lainnya;kesehatan,Jalan Ir. H. Djuanda
10654541236_11553388875_STOP234,0.8875,4.5,8,3,0.875,0.125,lainnya;katering;olahraga,Jalan Ir. H. Djuanda
10654541236_11553388875_STOP235,0.825,5,8,3,1,0,katering;finansial;komersial,Jalan Ir. H. Djuanda
10654541236_1857160470_STOP1,0.6208,2.75,8,3,0.5,0.5,lainnya;komersial;kesehatan,Jalan Hasanudin
10654541236_1857160470_STOP10,0.7625,4.63,8,2,0.875,0.125,kesehatan,Jalan Hasanudin
10654541236_1857160470_STOP399,0.8083,4.75,8,3,1,0,lainnya;komersial,Jalan Hasanudin
10654541236_1857160470_STOP536,0.9375,4.5,8,2,0.875,0.125,kesehatan;lainnya,Jalan Hasanudin
10654541237_10654541236_STOP10,0.7625,4.63,8,2,0.875,0.125,kesehatan,Jalan Hasanudin
10654541237_11104669201_STOP10,0.7625,4.63,8,2,0.875,0.125,kesehatan,Jalan Ir. H. Djuanda
10654541237_11104669201_STOP161,0.7625,4.63,8,2,0.875,0.125,kesehatan,Jalan Ir. H. Djuanda
10680268006_1837401657_STOP0,0.5417,2.5,8,3,0.375,0.625,lainnya,Jalan Rajawali Timur
10680268006_1837401657_STOP286,0.5938,4,8,2,0.75,0.25,lainnya;katering,Jalan Rajawali Timur
10680268006_1837401657_STOP799,0.5729,2.5,8,3,0.375,0.625,lainnya;katering,Jalan Rajawali Timur
10696379242_1914135257_STOP468,0.75,4,8,5,0.75,0.25,komersial;lainnya;finansial,Jalan Cijagra
10696379242_6715130340_STOP468,0.75,4,8,5,0.75,0.25,komersial;lainnya;finansial,Jalan Buah Batu
10703340254_2034531645_STOP265,0.5625,1.75,8,3,0.125,0.75,lainnya,Jalan Siliwangi
10703340254_2034531645_STOP519,0.5938,2.13,8,3,0.25,0.625,lainnya,Jalan Siliwangi
10703340254_5825278971_STOP265,0.5625,1.75,8,3,0.125,0.75,lainnya,Jalan Ir. H. Djuanda
10703340255_10703340254_STOP265,0.5625,1.75,8,3,0.125,0.75,lainnya,Jalan Siliwangi
10703340255_5465993094_STOP265,0.5313,2.13,8,3,0.25,0.625,lainnya,Jalan Ir. H. Djuanda
10703340256_10703340255_STOP265,0.5625,1.75,8,3,0.125,0.75,lainnya,Jalan Ir. H. Djuanda
10703340256_1857160520_STOP265,0.5625,1.75,8,3,0.125,0.75,lainnya,Jalan Dipatiukur
10771913956_11181449054_STOP21,0.7083,4.25,8,2,0.875,0.125,kesehatan;lainnya,Jalan BKR
10771913956_11181449054_STOP431,0.75,4.13,8,2,0.75,0.125,kesehatan;komersial,Jalan BKR
10771913956_11181449054_STOP59,0.75,4.63,8,2,0.875,0,komersial;katering,Jalan BKR
10771913957_5348770323_STOP21,0.7083,4.5,8,2,0.875,0,komersial;lainnya,Jalan Mohammad Toha
10771913957_5348770323_STOP227,0.7083,4.5,8,2,0.875,0,komersial;lainnya,Jalan Mohammad Toha
10771913958_11181449060_STOP270,0.7083,4.5,8,2,0.875,0,komersial;lainnya,Jalan Mohammad Toha
10771913958_3272569143_STOP270,0.7083,4.5,8,2,0.875,0,komersial;lainnya,Jalan Tanpa Nama
10778288301_5358212370_STOP7,0.6,4.38,8,3,0.875,0.125,lainnya;rekreasi,Jalan Alun-alun Timur
10778288301_5358212370_STOP788,0.6,4.38,8,3,0.875,0.125,rekreasi;lainnya,Jalan Alun-alun Timur
10778288301_5852700917_STOP7,0.6375,3.63,8,3,0.75,0.25,lainnya;rekreasi;finansial,Jalan Asia Afrika
10793008254_10793008429_STOP190,0.875,4.5,8,4,0.875,0.125,katering;finansial;lainnya;komersial,Jalan Merdeka
10793008254_10793008429_STOP304,0.75,4.38,8,3,0.875,0.125,katering;lainnya,Jalan Merdeka
10793008254_10793008429_STOP306,0.7708,4.5,8,3,0.875,0.125,kesehatan;lainnya;finansial,Jalan Merdeka
10793008254_5358055095_STOP306,0.7083,4.5,8,3,0.875,0.125,kesehatan;lainnya;finansial,Jalan L.L. RE. Martadinata
10793008254_6622030455_STOP305,0.75,4,8,3,0.75,0.25,finansial;katering;komersial,Jalan Ir. H. Djuanda
10793008254_6622030455_STOP306,0.7083,4.5,8,3,0.875,0.125,kesehatan;lainnya;finansial,Jalan Ir. H. Djuanda
10793008258_11727886518_STOP283,0.7396,3,8,3,0.375,0.5,kesehatan;pendidikan;komersial,Jalan L.L. RE. Martadinata
10793008258_11727886518_STOP558,0.8438,3.88,8,3,0.625,0.25,kesehatan;komersial,Jalan L.L. RE. Martadinata
10793008258_11727886518_STOP564,0.875,4.5,8,3,0.875,0.125,finansial;pendidikan;lainnya,Jalan L.L. RE. Martadinata
10793008258_11727886518_STOP800,0.875,4.25,8,5,0.75,0.125,komersial;lainnya;kesehatan,Jalan L.L. RE. Martadinata
10793008258_2520649169_STOP800,0.9375,4.75,8,4,0.875,0,komersial;lainnya;katering,Jalan L.L. RE. Martadinata
10793008394_2962096312_STOP483,0.9688,4.88,8,4,1,0,lainnya;katering,"['Jalan Wastukencana', 'Jalan Wastukancana']"
10793008397_10793008394_STOP483,0.9688,4.88,8,4,1,0,lainnya;katering,Jalan Abdul Rivai
10793008397_2962096518_STOP483,0.9688,4.88,8,4,1,0,lainnya;katering,Jalan Cihampelas
10793008429_25433364_STOP304,0.75,4.38,8,3,0.875,0.125,katering;lainnya,Jalan Aceh
10793008429_7687331829_STOP304,0.75,4.38,8,3,0.875,0.125,katering;lainnya,Jalan Merdeka
10793101435_1849525851_STOP292,0.9375,4.5,8,3,0.875,0.125,lainnya;katering,Jalan Lembong
10793101435_1849525851_STOP414,0.8958,5,8,2,1,0,lainnya;katering,Jalan Lembong
10793585087_2439023829_STOP292,0.9375,4.5,8,3,0.875,0.125,finansial;katering,Jalan Lembong
10793585087_5358212417_STOP292,0.9375,4.5,8,3,0.875,0.125,finansial;katering,Jalan Braga
10816174967_12135879793_STOP121,0.65,4,8,3,0.75,0.25,kesehatan;komersial,Jalan Soekarno-Hatta
10816174967_2614138771_STOP121,0.65,4,8,3,0.75,0.25,kesehatan;komersial,Jalan Tanpa Nama
10816174969_11369316679_STOP121,0.65,3.88,8,3,0.75,0.25,kesehatan;komersial;lainnya,Jalan Soekarno-Hatta
10825681737_10825681738_STOP597,0.6875,3.5,8,3,0.5,0.25,komersial;katering;lainnya,Jalan Jenderal Gatot Subroto
10825681737_5395151866_STOP557,0.875,4.5,8,3,0.875,0.125,komersial;pendidikan;finansial,Jalan Jenderal Gatot Subroto
10825681737_5395151866_STOP597,0.6806,3.38,8,3,0.625,0.375,lainnya;katering,Jalan Jenderal Gatot Subroto
10825681738_10288977250_STOP597,0.6875,3.5,8,3,0.5,0.25,komersial;katering;lainnya,Jalan Jenderal Gatot Subroto
10825681738_10288977250_STOP831,0.6875,3.5,8,3,0.5,0.25,lainnya;komersial;katering,Jalan Jenderal Gatot Subroto
10825681738_10825681737_STOP597,0.6875,3.5,8,3,0.5,0.25,komersial;katering;lainnya,Jalan Jenderal Gatot Subroto
1083569114_1575311287_STOP128,0.8438,3.75,8,3,0.625,0.25,komersial,Jalan Sarimanah
1083569114_1575311287_STOP391,0.6375,3,8,3,0.375,0.5,katering;komersial,Jalan Sarimanah
1083569114_1575311287_STOP629,0.625,4,8,3,0.75,0.25,komersial;lainnya,Jalan Sarimanah
1083569114_2019234455_STOP129,0.525,2.5,8,3,0.375,0.625,lainnya;komersial;katering,Jalan Perintis
1083569114_2019234455_STOP391,0.65,3.75,8,3,0.625,0.25,komersial;katering,Jalan Perintis
1083569114_5646605222_STOP350,0.7813,4.75,8,2,1,0,komersial;lainnya,Jalan Perintis
1083569114_5646605222_STOP351,0.8438,4.75,8,2,0.875,0,katering;komersial,Jalan Perintis
1083569114_5646605222_STOP391,0.65,3.75,8,3,0.625,0.25,katering;komersial,Jalan Perintis
1083569114_700728686_STOP391,0.65,3.75,8,3,0.625,0.25,komersial;katering,Jalan Tanpa Nama
10968637156_10968637160_STOP819,0.8125,4.13,8,3,0.75,0.25,kesehatan;lainnya;finansial,Jalan Akasia
10968637156_6608965029_STOP647,0.7917,4,8,3,0.75,0.25,katering;lainnya;finansial,Jalan Akasia
10968637156_6608965029_STOP819,0.8125,4.13,8,3,0.75,0.25,kesehatan;lainnya;finansial,Jalan Akasia
10968637160_10968637156_STOP819,0.8125,4.13,8,3,0.75,0.25,kesehatan;lainnya;finansial,Jalan Akasia
10968637160_6608965073_STOP819,0.8125,4.13,8,3,0.75,0.25,kesehatan;lainnya;finansial,Jalan Akasia
10995250540_6608965027_STOP371,0.6667,4.5,8,3,0.875,0.125,rekreasi;lainnya;katering,Jalan Tanpa Nama
10995250540_6608965027_STOP647,0.7292,4.88,8,2,1,0,rekreasi;katering,Jalan Tanpa Nama
10995250561_10995250540_STOP647,0.6,4.8,5,1,1,0,rekreasi,Jalan Tanpa Nama
11027050165_11499132689_STOP387,0.6667,5,3,1,1,0,lainnya,Jalan Pendamping SOR GBLA
11028882122_11207093319_STOP786,0.8542,4.88,8,4,1,0,lainnya;kesehatan,Jalan Tanpa Nama
11028882122_12606431204_STOP113,0.9167,4.38,8,4,0.875,0.125,lainnya,Jalan HOS. Cokroaminoto
11028882122_12606431204_STOP786,0.8542,4.88,8,4,1,0,lainnya;kesehatan,Jalan HOS. Cokroaminoto
11041545701_3278023496_STOP449,0.8125,3.75,8,2,0.625,0.25,katering;lainnya,Jalan Layang Kiaracondong
11041545701_3359249111_STOP214,0.7292,3.63,8,4,0.625,0.25,lainnya;komersial;finansial,Jalan H. Ibrahim Adjie
11041545701_3359249111_STOP449,0.75,3.13,8,3,0.5,0.375,lainnya;katering,Jalan H. Ibrahim Adjie
11041545702_11041545703_STOP218,0.8125,3.75,8,2,0.625,0.25,katering;lainnya,Jalan H. Ibrahim Adjie
11041545703_11041579711_STOP218,0.8125,3.75,8,2,0.625,0.25,lainnya;katering,Jalan H. Ibrahim Adjie
11041545703_7699079504_STOP218,0.8125,3.75,8,2,0.625,0.25,lainnya;katering,Jalan H. Ibrahim Adjie
11041545703_7699079504_STOP450,0.625,2,8,3,0.125,0.625,komersial;lainnya,Jalan H. Ibrahim Adjie
11041545704_11041545701_STOP218,0.8125,3.75,8,2,0.625,0.25,katering;lainnya,Jalan H. Ibrahim Adjie
11041545704_11041545701_STOP449,0.8125,3.75,8,2,0.625,0.25,katering;lainnya,Jalan H. Ibrahim Adjie
11041579711_7699079503_STOP218,0.8125,3.75,8,2,0.625,0.25,lainnya;katering,Jalan H. Ibrahim Adjie
11041579711_7699079503_STOP450,0.625,2.13,8,3,0.125,0.625,komersial;katering,Jalan H. Ibrahim Adjie
11041579712_11041545704_STOP218,0.8125,3.75,8,2,0.625,0.25,lainnya;katering,Jalan H. Ibrahim Adjie
11041579712_5392239227_STOP218,0.8125,3.75,8,2,0.625,0.25,lainnya;katering,Jalan H. Ibrahim Adjie
11041579717_11041579712_STOP218,0.8125,3.75,8,2,0.625,0.25,lainnya;katering,Jalan H. Ibrahim Adjie
11041579717_11041579712_STOP450,0.625,2.13,8,3,0.125,0.625,komersial;katering,Jalan H. Ibrahim Adjie
11041579717_7698884005_STOP450,0.65,1.88,8,2,0.125,0.75,komersial;katering,Jalan Tanpa Nama
1107494473_1108674456_STOP460,0.6875,4.88,8,3,1,0,lainnya,Jalan Rajamantri Wetan
1107494473_1108674456_STOP712,0.8125,4.38,8,3,0.875,0.125,lainnya;komersial,Jalan Rajamantri Wetan
1107494473_1108674456_STOP740,0.8333,4.5,8,4,0.875,0.125,lainnya;komersial;katering,Jalan Rajamantri Wetan
1107494473_3068325990_STOP710,0.6875,4,8,3,0.75,0.25,lainnya;komersial,Jalan Karawitan
1107494473_3068325990_STOP740,0.8125,4.5,8,3,0.875,0.125,lainnya;komersial,Jalan Karawitan
1107494473_4146694789_STOP737,0.7083,4.38,8,3,0.875,0.125,lainnya;komersial;katering,"['Jalan Salendro', 'Jalan R.A.A. Martanegara']"
1107494473_4146694789_STOP738,0.6833,4.25,8,3,0.875,0.125,lainnya;komersial,"['Jalan Salendro', 'Jalan R.A.A. Martanegara']"
1107494473_4146694789_STOP739,0.8333,4.5,8,5,0.875,0.125,katering;komersial;lainnya,"['Jalan Salendro', 'Jalan R.A.A. Martanegara']"
1107494473_4146694789_STOP740,0.8333,4.5,8,4,0.875,0.125,komersial;katering;lainnya,"['Jalan Salendro', 'Jalan R.A.A. Martanegara']"
1107494497_10176052060_STOP460,0.625,5,8,2,1,0,komersial;lainnya,Jalan Guntursari Wetan
1107494497_10176052060_STOP469,0.6875,4.5,8,4,0.875,0.125,komersial;lainnya;finansial;katering,Jalan Guntursari Wetan
1107494497_10176052060_STOP712,0.625,4.5,8,2,0.875,0.125,komersial,Jalan Guntursari Wetan
1107494497_1108674456_STOP460,0.5625,4.38,8,3,0.875,0.125,lainnya;komersial,Jalan Rajamantri Wetan
1107865374_1107865397_STOP580,0.7562,4.75,8,4,1,0,katering;kesehatan;lainnya,Jalan Malabar
1107865374_1107865397_STOP655,0.7562,4.25,8,4,0.75,0.125,lainnya;katering;kesehatan,Jalan Malabar
1107865374_1107865397_STOP656,0.7562,4.25,8,3,0.75,0.125,katering;lainnya,Jalan Malabar
1107865374_1107865398_STOP656,0.7562,3.75,8,3,0.625,0.25,katering;lainnya,Jalan Malabar
1107865397_1107865374_STOP580,0.875,4.75,8,3,1,0,katering;kesehatan;lainnya,Jalan Malabar
1107865397_1107865374_STOP655,0.7562,4.25,8,4,0.75,0.125,lainnya;katering;kesehatan,Jalan Malabar
1107865397_2607816746_STOP580,0.875,4.75,8,3,1,0,katering;kesehatan;lainnya,Jalan Talaga Bodas
1107865397_6469653354_STOP580,0.875,4.75,8,2,1,0,lainnya;katering,Jalan Talaga Bodas
1107865397_6469653354_STOP733,0.7292,4.5,8,3,0.875,0.125,lainnya;katering;finansial,Jalan Talaga Bodas
1107865398_5395152111_STOP433,0.875,4.5,8,2,0.875,0.125,lainnya;katering,Jalan Tanpa Nama
1108586472_5334558654_STOP238,0.8333,4.63,8,4,0.875,0.125,lainnya;katering,Jalan Rangga Malela
1108586472_5334558654_STOP373,1,5,8,3,1,0,finansial;lainnya,Jalan Rangga Malela
1108586472_5334558654_STOP578,0.75,3.5,8,3,0.625,0.375,lainnya;komersial;katering,Jalan Rangga Malela
1108586472_7669230603_STOP373,1,5,8,4,1,0,finansial;lainnya,Jalan Saung Galing
1108653589_1980735013_STOP654,0.7083,4.5,8,4,0.875,0.125,lainnya;kesehatan;katering,Jalan R.A.A. Martanegara
1108653589_1980735013_STOP706,0.7083,4.5,8,3,0.875,0.125,kesehatan;lainnya;katering,Jalan R.A.A. Martanegara
1108653589_8979178865_STOP706,0.7083,4.5,8,3,0.875,0.125,kesehatan;lainnya;katering,Jalan R.A.A. Martanegara
1108653643_240791856_STOP501,0.75,4.5,8,4,0.875,0.125,lainnya;komersial,Jalan Burangrang
1108653643_240791856_STOP798,0.6875,4,8,4,0.75,0.25,komersial;lainnya,Jalan Burangrang
1108653643_4258557080_STOP501,0.8125,4.63,8,3,0.875,0,komersial;lainnya,Jalan Jenderal Gatot Subroto
1108653643_4258557080_STOP703,0.6875,4.25,8,3,0.75,0.125,komersial;lainnya,Jalan Jenderal Gatot Subroto
1108653643_6470450620_STOP501,0.8125,4.63,8,3,0.875,0,komersial;lainnya,Jalan Jenderal Gatot Subroto
1108653643_6470450620_STOP568,0.75,3.5,8,3,0.625,0.375,komersial;kesehatan,Jalan Jenderal Gatot Subroto
1108653643_6470450620_STOP657,0.7083,4,8,3,0.75,0.25,lainnya,Jalan Jenderal Gatot Subroto
1108653643_6470450620_STOP704,0.8125,4,8,3,0.75,0.25,komersial;lainnya,Jalan Jenderal Gatot Subroto
1108653643_6470450620_STOP835,0.875,4.25,8,2,0.75,0.125,katering;komersial,Jalan Jenderal Gatot Subroto
1108653643_6470450620_STOP836,0.7708,3.75,8,2,0.625,0.25,lainnya;katering,Jalan Jenderal Gatot Subroto
1108674456_1107494473_STOP460,0.6875,4.88,8,3,1,0,lainnya,Jalan Rajamantri Wetan
1108674456_1107494473_STOP740,0.8333,4.5,8,4,0.875,0.125,lainnya;komersial;katering,Jalan Rajamantri Wetan
1108674456_1107494497_STOP460,0.625,4.38,8,3,0.875,0.125,lainnya,Jalan Rajamantri Wetan
1108674456_3272299563_STOP368,0.625,4.38,8,3,0.875,0.125,lainnya,"['Jalan Jati Indah Raya', 'Jalan Rajamantri Kidul', 'Jalan Batu Kencana']"
1108674456_3272299563_STOP460,0.5625,4.38,8,3,0.875,0.125,lainnya;komersial,"['Jalan Jati Indah Raya', 'Jalan Rajamantri Kidul', 'Jalan Batu Kencana']"
11104669201_11104669202_STOP161,0.7625,4.63,8,2,0.875,0.125,kesehatan,Jalan Ganesha
11104669201_11262097537_STOP102,0.6563,4.75,8,4,1,0,lainnya;rekreasi,Jalan Ganesha
11104669201_11262097537_STOP161,0.7625,4.63,8,2,0.875,0.125,kesehatan,Jalan Ganesha
11104669201_11262097537_STOP514,0.75,5,8,3,1,0,kesehatan;lainnya,Jalan Ganesha
11104669201_11262097537_STOP515,0.8438,5,8,3,1,0,lainnya;kesehatan,Jalan Ganesha
11104669201_11262097537_STOP516,0.6875,4.75,8,5,1,0,lainnya;rekreasi,Jalan Ganesha
11104669201_11262097537_STOP517,0.6667,4,8,5,0.75,0.25,lainnya;finansial;rekreasi,Jalan Ganesha
11104669201_11262097537_STOP587,0.6667,4,8,5,0.75,0.25,finansial;lainnya;rekreasi,Jalan Ganesha
11104669201_1663274645_STOP161,0.7625,4.63,8,2,0.875,0.125,kesehatan,Jalan Ir. H. Djuanda
11104669201_1663274645_STOP514,0.825,4,8,3,0.75,0.25,katering;kesehatan,Jalan Ir. H. Djuanda
11104669202_10654541236_STOP10,0.7625,4.63,8,2,0.875,0.125,kesehatan,Jalan Ir. H. Djuanda
11104669202_10654541236_STOP161,0.7625,4.63,8,2,0.875,0.125,kesehatan,Jalan Ir. H. Djuanda
11104669202_11104669201_STOP161,0.7625,4.63,8,2,0.875,0.125,kesehatan,Jalan Ganesha
11104754744_11149984612_STOP483,0.7143,4,8,4,0.75,0.125,katering;lainnya,Jalan Doktor Louis Otten
11104754744_2325451311_STOP483,0.7143,4,8,4,0.75,0.125,katering;lainnya,Bundaran Rajiman
11106971273_5865367998_STOP356,0.7813,4.63,8,3,0.875,0.125,lainnya;komersial,Jalan Soekarno-Hatta
11106971273_6455291974_STOP356,0.7813,4.63,8,3,0.875,0.125,lainnya;komersial,Jalan Pertamina
11106971279_9443702027_STOP356,0.7188,4.25,8,3,0.75,0.125,komersial;lainnya,Jalan Soekarno-Hatta
11106971279_9443702027_STOP357,0.7917,3.25,8,3,0.5,0.375,katering;kesehatan,Jalan Soekarno-Hatta
11106971279_9443702027_STOP423,0.7188,4.13,8,3,0.75,0.25,pendidikan;komersial;lainnya,Jalan Soekarno-Hatta
11107827260_1849525794_STOP543,0.8125,3.88,8,2,0.75,0.25,katering;finansial,Jalan Naripan
11107827260_1849525794_STOP658,1,5,8,2,1,0,kesehatan;katering,Jalan Naripan
11107827260_1849525794_STOP701,0.7708,3,8,2,0.5,0.5,finansial;lainnya,Jalan Naripan
11107827260_1849525794_STOP713,0.7917,3,8,3,0.5,0.5,finansial;lainnya,Jalan Naripan
11107827260_25435318_STOP713,0.7917,3.5,8,2,0.625,0.375,lainnya;finansial,Jalan Naripan
11107827260_25435318_STOP787,0.7813,4.88,8,2,1,0,katering;lainnya,Jalan Naripan
11107827260_3374033502_STOP144,0.7292,2.75,8,3,0.375,0.5,finansial;lainnya,Jalan Tamblong
11107827260_3374033502_STOP713,0.7917,3,8,2,0.5,0.5,finansial;lainnya,Jalan Tamblong
11118207003_11132665439_STOP241,0.7813,3.88,8,2,0.75,0.25,lainnya,Jalan Prof. Dr. Surya Soemantri
11124688730_2325451280_STOP474,0.8125,4.38,8,3,0.875,0.125,finansial;katering,Jalan HOS. Cokroaminoto
11124688730_2325451280_STOP475,0.75,3.88,8,3,0.75,0.25,katering;finansial,Jalan HOS. Cokroaminoto
11124688730_2325451280_STOP82,0.7813,4.38,8,4,0.875,0.125,pendidikan;katering,Jalan HOS. Cokroaminoto
11124688730_2325451280_STOP83,0.7813,4.25,8,3,0.875,0.125,katering;pendidikan;lainnya,Jalan HOS. Cokroaminoto
11124688730_25433686_STOP474,0.8125,5,8,3,1,0,finansial;komersial;katering,Jalan HOS. Cokroaminoto
11125489871_2476972396_STOP176,0.8125,4.88,8,2,1,0,katering;komersial,Jalan Pajajaran
11125489871_2476972396_STOP774,0.8125,4.88,8,2,1,0,katering;komersial,Jalan Pajajaran
11125489871_25433891_STOP176,0.8958,4.5,8,3,0.875,0.125,kesehatan;komersial;katering,Jalan Pajajaran
11125489871_25433891_STOP84,0.7708,4.13,8,3,0.75,0.25,finansial;kesehatan;lainnya,Jalan Pajajaran
11132403120_11513213943_STOP141,0.7083,3.38,8,3,0.625,0.375,katering;komersial,Bulevar Utama
11132622841_3272722527_STOP403,0.6875,4,8,5,0.75,0.25,katering;lainnya;komersial,Jalan Gedebage Selatan
11132665439_11132665441_STOP241,0.7813,3.88,8,2,0.75,0.25,lainnya,Jalan Dr. Djunjunan
11132665439_1666786347_STOP241,0.7813,3.88,8,2,0.75,0.25,lainnya,Jalan Prof. Dr. Surya Soemantri
11132665440_11118207003_STOP241,0.7813,3.88,8,2,0.75,0.25,lainnya,Jalan Dr. Djunjunan
11132665441_11132665440_STOP241,0.7813,3.88,8,2,0.75,0.25,lainnya,Jalan Prof. Dr. Surya Soemantri
11132665441_12809283848_STOP241,0.7813,3.88,8,2,0.75,0.25,lainnya,Jalan Dr. Djunjunan
11136401953_2518074025_STOP821,0.8125,5,8,4,1,0,katering;lainnya,Jalan Pintu Masuk GBLA
11136401953_2518074025_STOP822,0.6875,4.88,8,3,1,0,katering,Jalan Pintu Masuk GBLA
11136401953_2518074025_STOP823,0.625,4.38,8,3,0.875,0.125,katering,Jalan Pintu Masuk GBLA
11136401953_5479194191_STOP821,0.8125,5,8,4,1,0,katering;lainnya,Jalan Pintu Masuk GBLA
11138589127_11138589131_STOP88,0.75,4.5,8,5,0.875,0.125,katering;lainnya,Jalan Tanpa Nama
11138589127_2325451571_STOP88,0.75,4.5,8,5,0.875,0.125,katering;lainnya,Jalan dr. Cipto
11138589131_5278840351_STOP242,0.75,4.38,8,5,0.875,0.125,katering;lainnya,Jalan dr. Rum
11138589131_5278840351_STOP405,0.7813,4,8,4,0.75,0.25,lainnya;katering;kesehatan,Jalan dr. Rum
11138589131_5278840351_STOP77,0.875,4.88,8,4,1,0,lainnya;pendidikan;komersial;katering,Jalan dr. Rum
11138589131_5278840351_STOP78,0.8125,5,8,3,1,0,lainnya;komersial,Jalan dr. Rum
11138589131_5278840351_STOP88,0.75,4.5,8,5,0.875,0.125,katering;lainnya,Jalan dr. Rum
11138589132_11138589136_STOP88,0.8125,4.38,8,5,0.875,0.125,katering;lainnya,Jalan Dokter Gunawan Mangunkusumo
11138589132_2325451571_STOP88,0.8125,4.38,8,5,0.875,0.125,katering;lainnya,Jalan dr. Cipto
11138589136_11149984620_STOP88,0.7768,4.38,8,5,0.875,0.125,katering;lainnya,Jalan Dokter Gunawan Mangunkusumo
11138593390_11138593394_STOP84,0.6875,4,8,3,0.625,0.125,komersial;lainnya,Jalan Pajajaran
11138593390_11138593395_STOP84,0.6875,4,8,3,0.625,0.125,komersial;lainnya,Jalan Aruna
11138593392_11138593390_STOP84,0.6875,4,8,3,0.625,0.125,komersial;lainnya,Jalan Pajajaran
11138593392_8582835480_STOP812,0.75,4.75,8,3,0.875,0,kesehatan;finansial;komersial,Jalan Pajajaran
11138593392_8582835480_STOP84,0.8125,4,8,3,0.625,0.125,lainnya;komersial;finansial,Jalan Pajajaran
11138593393_11138593392_STOP84,0.6875,3.13,8,3,0.375,0.375,komersial;lainnya;finansial,Jalan Pajajaran
11138593393_4854744076_STOP84,0.6875,3.13,8,3,0.375,0.375,komersial;finansial;lainnya,Jalan Pajajaran
11138593394_11138593393_STOP84,0.6875,4,8,3,0.625,0.125,komersial;lainnya,Jalan Pajajaran
11138593394_13123360943_STOP84,0.6875,3.63,8,3,0.5,0.25,komersial;finansial;lainnya,Jalan Abdul Rahman Saleh
11138593395_11138593394_STOP84,0.6875,4,8,3,0.625,0.125,komersial;lainnya,Jalan Aruna
11138593395_25434098_STOP765,0.8125,4.5,8,3,0.875,0.125,katering;lainnya,Jalan Aruna
11138593395_25434098_STOP84,0.6875,4,8,3,0.625,0.125,lainnya;komersial,Jalan Aruna
11138593909_11138593910_STOP78,0.8854,4.38,8,5,0.875,0.125,lainnya;katering;kesehatan,Jalan Pajajaran
11138593909_2012498693_STOP78,0.8854,4.38,8,5,0.875,0.125,lainnya;katering;kesehatan,Jalan Pajajaran
11138593910_2012498686_STOP78,0.8854,4.38,8,5,0.875,0.125,katering;lainnya;kesehatan,Jalan Pajajaran
11138593910_2012498686_STOP780,0.925,5,8,2,1,0,lainnya;kesehatan,Jalan Pajajaran
11138593910_2012498711_STOP78,0.8854,4.38,8,5,0.875,0.125,katering;lainnya;kesehatan,Jalan HOS. Cokroaminoto
11138680823_12820446797_STOP393,0.8438,3.88,8,4,0.75,0.25,lainnya;katering,Jalan Sentot Alibasyah
11138680823_1660289601_STOP393,0.8438,3.88,8,4,0.75,0.25,lainnya;katering,Jalan Surapati
11138680825_11138680823_STOP393,0.8438,3.88,8,4,0.75,0.25,lainnya;katering,Jalan Sentot Alibasyah
11138680825_1660264881_STOP393,0.7813,3.38,8,4,0.625,0.375,lainnya;katering;komersial,Jalan Surapati
11149984611_25447004_STOP483,0.7143,4,8,4,0.75,0.125,katering;lainnya,Bundaran Rajiman
11149984611_5334388842_STOP483,0.7143,4,8,4,0.75,0.125,katering;lainnya,Jalan dr. Rajiman
11149984612_1900223767_STOP123,0.5938,3,8,4,0.5,0.5,katering;lainnya;finansial,Jalan Doktor Louis Otten
11149984612_1900223767_STOP475,0.7143,4,8,4,0.75,0.125,katering;lainnya,Jalan Doktor Louis Otten
11149984612_1900223767_STOP483,0.7143,4,8,4,0.75,0.125,katering;lainnya,Jalan Doktor Louis Otten
11149984614_2539986925_STOP483,0.7143,4,8,4,0.75,0.125,katering;lainnya,Bundaran Rajiman
11149984615_11149984614_STOP483,0.7143,4,8,4,0.75,0.125,lainnya;katering,Jalan Nyland
11149984615_2325451300_STOP483,0.7143,4,8,4,0.75,0.125,lainnya;katering;kesehatan,Jalan Nyland
11149984616_25433661_STOP483,0.7143,4,8,4,0.75,0.125,katering;lainnya,Jalan dr. Rajiman
11149984620_11149984616_STOP483,0.7143,4,8,4,0.75,0.125,katering;lainnya,Jalan Dokter Gunawan Mangunkusumo
11149984620_1706564149_STOP483,0.7143,4,8,4,0.75,0.125,katering;lainnya,Jalan Dokter Gunawan Mangunkusumo
11176912846_2325452068_STOP193,0.6667,3.25,8,3,0.625,0.375,lainnya,Jalan Perintis Kemerdekaan
11176912847_29354164_STOP193,0.7292,3.25,8,4,0.625,0.375,lainnya;komersial,Jalan Perintis Kemerdekaan
11176912847_29354164_STOP677,0.875,4.25,8,3,0.875,0.125,lainnya;komersial,Jalan Perintis Kemerdekaan
11176912866_2325452068_STOP193,0.8125,3.63,8,4,0.75,0.25,lainnya,Jalan Perintis Kemerdekaan
11176912866_2325452068_STOP677,0.9375,4.38,8,3,0.875,0.125,lainnya;finansial,Jalan Perintis Kemerdekaan
11176912866_5358212386_STOP677,0.9375,4.38,8,3,0.875,0.125,lainnya;finansial,Jalan Suniaraja
11180921757_11180921760_STOP354,0.75,4.38,8,3,0.875,0.125,komersial;lainnya;katering,Jalan Tanpa Nama
11180921757_9767043233_STOP354,0.75,4.38,8,3,0.875,0.125,komersial;lainnya;katering,Jalan Tamansari
11180921760_1660253697_STOP169,0.75,4,8,4,0.75,0.25,kesehatan;lainnya;komersial,Jalan Cikapayang
11180921760_1660253697_STOP354,0.6875,4,8,4,0.75,0.25,lainnya;pendidikan;komersial,Jalan Cikapayang
11180921761_11180921757_STOP354,0.6875,3.63,8,3,0.625,0.25,komersial;katering;pendidikan,Jalan Tamansari
11180921761_11180921760_STOP354,0.6875,3.63,8,3,0.625,0.25,komersial;katering;pendidikan,Jalan Cikapayang
11180921761_2958252669_STOP354,0.6875,3.63,8,3,0.625,0.25,komersial;katering;pendidikan,Jalan Tamansari
11181354932_11181354934_STOP435,0.5729,2.38,8,4,0.25,0.625,lainnya,Jalan Laswi
11181354932_3277874427_STOP435,0.5729,2.38,8,4,0.25,0.625,lainnya,Jalan Jenderal Gatot Subroto
11181354934_11181354935_STOP435,0.5729,2.38,8,4,0.25,0.625,lainnya,Jalan Jenderal Gatot Subroto
11181354934_3277874424_STOP435,0.5729,2.38,8,4,0.25,0.625,lainnya,Jalan Laswi
11181354935_11181354936_STOP435,0.5729,2.38,8,4,0.25,0.625,lainnya,Jalan Laswi
11181354935_3277874434_STOP435,0.5729,2.38,8,4,0.25,0.625,lainnya,Jalan Jenderal Gatot Subroto
11181354936_11181354932_STOP435,0.5729,2.38,8,4,0.25,0.625,lainnya,Jalan Jenderal Gatot Subroto
11181354936_3277874430_STOP435,0.5729,2.38,8,4,0.25,0.625,lainnya,Jalan Pelajar Pejuang 45
11181448954_11181448955_STOP254,0.75,3.13,8,4,0.5,0.5,lainnya;komersial,Jalan Talaga Bodas
11181448954_3272599108_STOP254,0.75,3.13,8,4,0.5,0.5,lainnya;komersial,Jalan Talaga Bodas
11181448954_3272604915_STOP254,0.75,3.13,8,4,0.5,0.5,lainnya;komersial,Jalan Pelajar Pejuang 45
11181448955_11181448954_STOP255,0.75,3.13,8,4,0.5,0.5,lainnya;komersial,Jalan Talaga Bodas
11181448955_11181448972_STOP255,0.75,3.13,8,3,0.5,0.5,lainnya;komersial,Jalan Pelajar Pejuang 45
11181448955_11181448972_STOP706,0.7708,4.5,8,3,0.875,0.125,katering;komersial;kesehatan,Jalan Pelajar Pejuang 45
11181448969_11181448974_STOP706,0.875,4.5,8,3,0.875,0.125,katering;komersial;lainnya,Jalan Pelajar Pejuang 45
11181448969_3272588432_STOP706,0.875,4.5,8,3,0.875,0.125,katering;komersial;lainnya,Jalan Lodaya
11181448969_3272588432_STOP746,0.875,4.38,8,3,0.875,0.125,komersial;katering,Jalan Lodaya
11181448972_1108653589_STOP706,0.7708,4.5,8,3,0.875,0.125,katering;kesehatan;lainnya,Jalan R.A.A. Martanegara
11181448972_11181448973_STOP706,0.7708,4.5,8,3,0.875,0.125,katering;komersial;kesehatan,Jalan Pelajar Pejuang 45
11181448973_11181448969_STOP706,0.875,4.5,8,3,0.875,0.125,katering;komersial;lainnya,Jalan R.A.A. Martanegara
11181448973_11181448979_STOP706,0.875,4.5,8,3,0.875,0.125,katering;komersial;lainnya,Jalan Pelajar Pejuang 45
11181448974_11181448972_STOP706,0.7708,4.5,8,3,0.875,0.125,katering;komersial;kesehatan,Jalan R.A.A. Martanegara
11181448974_3272589082_STOP706,0.7708,4.5,8,3,0.875,0.125,katering;komersial;kesehatan,Jalan Pelajar Pejuang 45
11181448979_2325453211_STOP706,0.8125,4.38,8,3,0.875,0.125,lainnya;katering,Jalan Pelajar Pejuang 45
11181449012_11181449013_STOP138,0.75,3.5,8,4,0.625,0.375,kesehatan;lainnya;katering,Jalan Buah Batu
11181449012_11181449018_STOP138,0.75,3.5,8,4,0.625,0.375,kesehatan;lainnya;katering,Jalan BKR
11181449013_11222647213_STOP138,0.7875,4,8,3,0.75,0.25,lainnya;kesehatan,Jalan Pelajar Pejuang 45
11181449013_5360340202_STOP138,0.7875,4,8,3,0.75,0.25,lainnya;kesehatan,Jalan Buah Batu
11181449017_11181449013_STOP138,0.7875,4,8,3,0.75,0.25,kesehatan;lainnya,Jalan BKR
11181449017_3272575990_STOP138,0.7875,4,8,3,0.75,0.25,kesehatan;lainnya,Jalan Tanpa Nama
11181449018_5353900965_STOP138,0.8937,5,8,3,1,0,komersial;lainnya,Jalan BKR
11181449018_5353900965_STOP645,0.77,5,5,1,1,0,komersial,Jalan BKR
11181449053_2325453378_STOP256,0.7708,4.63,8,2,0.875,0,katering;komersial,Jalan BKR
11181449053_2325453378_STOP59,0.75,4.63,8,2,0.875,0,komersial;katering,Jalan BKR
11181449053_3248886992_STOP59,0.75,4.63,8,2,0.875,0,komersial;katering,Jalan Mochammad Ramdhan
11181449054_11181449053_STOP59,0.75,4.63,8,2,0.875,0,komersial;katering,Jalan BKR
11181449054_2325453371_STOP256,0.7708,4.63,8,2,0.875,0,katering;komersial,Jalan Mochammad Ramdhan
11181449054_2325453371_STOP59,0.75,4.63,8,2,0.875,0,komersial;katering,Jalan Mochammad Ramdhan
11181449057_11181449058_STOP21,0.7083,4.5,8,2,0.875,0,komersial;lainnya,Jalan BKR
11181449057_3272566410_STOP21,0.7083,4.5,8,2,0.875,0,komersial;lainnya,Jalan Mohammad Toha
11181449058_10771913956_STOP21,0.7083,4.5,8,2,0.875,0,komersial;lainnya,Jalan BKR
11181449058_11181449059_STOP21,0.7083,4.5,8,2,0.875,0,komersial;lainnya,Jalan Mohammad Toha
11181449059_10771913957_STOP21,0.7083,4.5,8,2,0.875,0,komersial;lainnya,Jalan Mohammad Toha
11181449059_11181449060_STOP21,0.7083,4.5,8,2,0.875,0,komersial;lainnya,Jalan BKR
11181449060_11181449057_STOP21,0.7083,4.5,8,2,0.875,0,komersial;lainnya,Jalan Mohammad Toha
11181449060_3272569143_STOP21,0.7083,4.5,8,2,0.875,0,komersial;lainnya,Jalan Peta
11181664518_14003143457_STOP39,0.8125,4.88,8,3,1,0,rekreasi;lainnya,Jalan Sentot Alibasyah
11181664518_14003143457_STOP393,0.7813,3.88,8,4,0.75,0.25,rekreasi;lainnya;katering,Jalan Sentot Alibasyah
11181664518_1660290286_STOP39,0.8125,4.88,8,3,1,0,rekreasi;lainnya,Jalan Sentot Alibasyah
11181678841_10173603853_STOP576,0.7292,3.88,8,4,0.625,0.25,lainnya;kesehatan;katering,Jalan Tanpa Nama
11181678841_10173603857_STOP576,0.7292,3.88,8,4,0.625,0.25,lainnya;kesehatan;katering,Jalan Taman Citarum
11199413648_11199413656_STOP387,0.875,5,8,4,1,0,komersial;lainnya,Bulevar Raya
11199413648_7216077611_STOP386,0.7813,5,8,3,1,0,katering;lainnya;komersial,Bulevar Raya
11199413648_7216077611_STOP387,0.875,5,8,4,1,0,komersial;lainnya;katering,Bulevar Raya
11199413649_11199413648_STOP387,0.875,5,8,4,1,0,komersial;lainnya,Bulevar Raya
11199413649_11199413656_STOP387,0.875,5,8,4,1,0,komersial;lainnya,Jalan Rancanumpang
11199413649_2518075055_STOP387,0.875,5,8,4,1,0,komersial;lainnya,Jalan Rancanumpang
11199413656_11199413649_STOP387,0.875,5,8,4,1,0,komersial;lainnya,Jalan Rancanumpang
11199413656_5455694139_STOP267,0.5857,4.43,7,2,0.8571,0.1429,lainnya,Jalan Rancanumpang
11199413656_5455694139_STOP386,0.9375,4.5,8,4,0.875,0.125,komersial;katering;lainnya,Jalan Rancanumpang
11199413656_5455694139_STOP387,0.875,5,8,4,1,0,komersial;lainnya;katering,Jalan Rancanumpang
11199413656_5455694139_STOP820,0.5625,3.5,8,5,0.625,0.375,lainnya;finansial,Jalan Rancanumpang
11199413656_5455694139_STOP825,0.5857,4.43,7,2,0.8571,0.1429,lainnya,Jalan Rancanumpang
11207093319_11028882122_STOP786,0.8542,4.88,8,4,1,0,lainnya;kesehatan,Jalan Tanpa Nama
11207093319_364328701_STOP786,0.8542,4.88,8,4,1,0,lainnya;kesehatan,Jalan HOS. Cokroaminoto
11222647213_10239511223_STOP138,0.8125,4,8,3,0.75,0.25,lainnya;kesehatan,Jalan Buah Batu
11222647213_3272574294_STOP138,0.8125,4,8,3,0.75,0.25,lainnya;kesehatan,Jalan Pelajar Pejuang 45
11224280874_7715425662_STOP364,0.75,4.5,8,4,0.875,0.125,lainnya;finansial;kesehatan,Jalan Soekarno-Hatta
11224280874_7715425662_STOP365,0.8125,3.5,8,2,0.625,0.375,lainnya;komersial,Jalan Soekarno-Hatta
11224280874_7715425662_STOP37,0.6696,3.5,8,3,0.625,0.375,finansial;lainnya;kesehatan,Jalan Soekarno-Hatta
11224280874_7715425662_STOP454,0.8571,4,8,2,0.75,0.25,komersial;finansial,Jalan Soekarno-Hatta
11224280874_7715425662_STOP455,0.7708,5,8,2,1,0,kesehatan;komersial,Jalan Soekarno-Hatta
11235233277_11181449054_STOP59,0.75,4.63,8,2,0.875,0,komersial;katering,Jalan Mochammad Ramdhan
11235233277_3277883745_STOP21,0.7083,4.25,8,2,0.875,0.125,kesehatan;lainnya,Jalan BKR
11235233277_3277883745_STOP431,0.7083,4.25,8,2,0.875,0.125,kesehatan;lainnya,Jalan BKR
11235233277_3277883745_STOP59,0.75,4.63,8,2,0.875,0,komersial;katering,Jalan BKR
11259520257_5865367998_STOP356,0.7813,4.63,8,3,0.875,0.125,lainnya;komersial,Jalan Tanpa Nama
11259520257_6455291974_STOP356,0.7813,4.63,8,3,0.875,0.125,lainnya;komersial,Jalan Soekarno-Hatta
11262097537_11104669201_STOP102,0.7813,5,8,3,1,0,lainnya,Jalan Ganesha
11262097537_11104669201_STOP161,0.7625,4.63,8,2,0.875,0.125,kesehatan,Jalan Ganesha
11262097537_11104669201_STOP514,0.6875,5,8,3,1,0,lainnya;kesehatan,Jalan Ganesha
11262097537_11104669201_STOP515,0.7813,5,8,3,1,0,lainnya,Jalan Ganesha
11262097537_11104669201_STOP516,0.6875,4.75,8,5,1,0,lainnya;rekreasi,Jalan Ganesha
11262097537_11104669201_STOP517,0.6667,4,8,5,0.75,0.25,lainnya;finansial;rekreasi,Jalan Ganesha
11262097537_11104669201_STOP587,0.6667,4,8,5,0.75,0.25,finansial;lainnya;rekreasi,Jalan Ganesha
11262097537_1956899631_STOP166,0.6625,3,8,4,0.5,0.5,lainnya;pendidikan,Jalan Tamansari
11262097537_1956899631_STOP167,0.625,4.5,8,3,0.875,0.125,lainnya;komersial;pendidikan,Jalan Tamansari
11262097537_1956899631_STOP168,0.6667,4,8,5,0.75,0.25,lainnya;finansial,Jalan Tamansari
11262097537_1956899631_STOP231,0.625,2.63,8,3,0.375,0.625,lainnya;komersial,Jalan Tamansari
11262097537_1956899631_STOP232,0.625,4,8,3,0.75,0.25,komersial;lainnya,Jalan Tamansari
11262097537_1956899631_STOP552,0.7875,4.63,8,3,0.875,0.125,pendidikan;lainnya,Jalan Tamansari
11262097537_1956899631_STOP587,0.7917,4,8,4,0.75,0.25,finansial;lainnya;pendidikan,Jalan Tamansari
11262097537_1956899631_STOP619,0.625,4,8,3,0.75,0.25,komersial;lainnya,Jalan Tamansari
11262097537_9767043233_STOP587,0.7917,4,8,4,0.75,0.25,finansial;lainnya;pendidikan,Jalan Tamansari
11262097537_9767043233_STOP594,0.625,3,8,3,0.5,0.5,lainnya;komersial,Jalan Tamansari
11262097537_9767043233_STOP70,0.8542,4,8,3,0.75,0.25,finansial;lainnya;pendidikan,Jalan Tamansari
11262097537_9767043233_STOP71,0.75,4.5,8,4,0.875,0.125,komersial;lainnya,Jalan Tamansari
11262097537_9767043233_STOP725,0.7986,3.5,8,3,0.625,0.375,pendidikan;lainnya,Jalan Tamansari
11270910340_11270910342_STOP261,0.9063,5,8,3,1,0,katering;rekreasi,Jalan Sentra Raya Selatan
11270910340_7216077673_STOP261,0.8646,5,8,4,1,0,rekreasi;katering;lainnya,Bulevar Utama
11270910342_11270910343_STOP261,0.9063,5,8,3,1,0,rekreasi;katering,Bulevar Utama
11270910343_11270910344_STOP261,0.7813,5,8,3,1,0,rekreasi;katering;lainnya,Jalan Sentra Raya Selatan
11270910343_7216077704_STOP261,0.8125,5,8,2,1,0,lainnya,Bulevar Utama
11270910343_7216077704_STOP388,0.8125,5,8,2,1,0,lainnya,Bulevar Utama
11270910343_7216077704_STOP647,0.8125,5,8,2,1,0,lainnya,Bulevar Utama
11270910344_11270910340_STOP261,0.7813,5,8,3,1,0,katering;rekreasi;lainnya,Bulevar Utama
11270910344_13539499879_STOP261,0.7813,5,8,3,1,0,katering;rekreasi;lainnya,Jalan Sentra Raya Selatan
11270931757_11554687893_STOP285,0.9375,5,8,2,1,0,kesehatan;komersial,Bulevar Teknopolis
11270931757_9807780220_STOP285,0.9375,5,8,2,1,0,kesehatan;komersial,Bulevar Teknopolis
11278632590_7287159351_STOP647,0.7292,4.88,8,2,1,0,rekreasi;katering,Bundaran Bulevar Barat
11294966882_3374033494_STOP673,0.8438,4.88,8,3,1,0,lainnya;katering;rekreasi,Jalan Aceh
11294966882_3374033494_STOP683,0.875,4.88,8,4,1,0,rekreasi;lainnya;pendidikan,Jalan Aceh
11295049620_2958261187_STOP123,0.6875,3.75,8,3,0.75,0.25,lainnya;katering,Jalan Doktor Louis Otten
11295049620_5826263864_STOP123,0.6875,3.75,8,3,0.75,0.25,lainnya;katering,Jalan Pasteur
11303467321_11303467322_STOP600,0.9125,4.75,8,3,1,0,lainnya,Jalan Tanpa Nama
11303467321_5465992318_STOP600,0.9125,4.75,8,3,1,0,lainnya,Jalan Ir. H. Djuanda
11303467322_11303467321_STOP600,0.9125,4.75,8,3,1,0,lainnya,Jalan Tanpa Nama
11303467322_6639639832_STOP600,0.85,4.13,8,2,0.75,0.125,lainnya,Jalan Ir. H. Djuanda
11310046580_11546102144_STOP768,0.75,3.63,8,3,0.625,0.375,komersial;lainnya;finansial,Jalan Ciroyom
11310046580_29377182_STOP768,0.75,3.63,8,3,0.625,0.375,lainnya;komersial;finansial,Jalan Ciroyom
11310046580_29377182_STOP770,0.8125,4.88,8,3,1,0,katering;komersial;lainnya,Jalan Ciroyom
11310046583_11687490552_STOP810,0.6875,3.25,8,2,0.5,0.5,finansial;lainnya,Jalan Layang Ciroyom
11310046583_11740333992_STOP766,0.8125,3.88,8,4,0.75,0.25,lainnya,Jalan Layang Ciroyom
11310046583_11740333992_STOP810,0.6875,3.63,8,2,0.625,0.375,lainnya;finansial,Jalan Layang Ciroyom
11310046583_11740333992_STOP86,0.75,3.13,8,3,0.625,0.375,lainnya,Jalan Layang Ciroyom
11310497696_12806309258_STOP640,0.8125,3.88,8,3,0.75,0.25,komersial;kesehatan;lainnya,Jalan Abdul Haris Nasution
11310497696_12806309258_STOP720,0.8125,4.88,8,3,1,0,komersial;kesehatan,Jalan Abdul Haris Nasution
11310497696_2518040289_STOP402,0.875,3.63,8,3,0.625,0.375,kesehatan;lainnya,Jalan Abdul Haris Nasution
11310497696_2518040289_STOP720,0.825,4.63,8,3,0.875,0.125,komersial;lainnya;katering,Jalan Abdul Haris Nasution
11310497696_2518040289_STOP95,0.9375,5,8,3,1,0,katering;finansial;lainnya,Jalan Abdul Haris Nasution
11310497696_4183530886_STOP720,0.8125,5,8,3,1,0,komersial;lainnya,Jalan Golf Raya
11345662513_29357859_STOP476,0.875,4.13,8,2,0.75,0.125,kesehatan;lainnya,Jalan Sukamaju
11345662513_29379226_STOP17,0.8542,3.88,8,2,0.625,0.25,lainnya;komersial,Jalan Sukamaju
11345662513_29379226_STOP476,0.875,4.13,8,2,0.75,0.125,lainnya;kesehatan,Jalan Sukamaju
11347520098_29434769_STOP732,0.7875,4.63,8,3,0.875,0.125,lainnya;katering,Jalan Lodaya
11347520098_6469933723_STOP732,0.7875,4.63,8,3,0.875,0.125,lainnya;katering,Jalan Lodaya
11347520098_6469933723_STOP733,0.75,4.25,8,4,0.75,0.125,finansial;lainnya;komersial,Jalan Lodaya
11347520099_11347520098_STOP732,0.7875,4.63,8,3,0.875,0.125,lainnya;katering,Jalan Lodaya
11347520099_29434768_STOP413,0.75,5,8,4,1,0,lainnya,Jalan Sancang
11347520099_29434768_STOP732,0.7875,4.63,8,3,0.875,0.125,lainnya;katering,Jalan Sancang
11366943120_11366943122_STOP337,0.7024,4.13,8,3,0.75,0.125,lainnya;katering,Jalan Bungur
11366943120_29356944_STOP337,0.7024,4.13,8,3,0.75,0.125,lainnya;katering,Jalan Sindang Sirna
11366943122_4169236625_STOP337,0.7024,4.13,8,3,0.75,0.125,lainnya;katering,Jalan Bungur
11367517448_13551225788_STOP46,0.7813,4.5,8,2,0.875,0.125,komersial,Jalan Sukabumi
11367517448_3277874415_STOP253,0.6875,3,8,5,0.5,0.5,katering;komersial;pendidikan;lainnya,Jalan Laswi
11367517448_3277874415_STOP46,0.7813,4.5,8,2,0.875,0.125,komersial,Jalan Laswi
11367517448_3277874415_STOP726,0.5938,2.63,8,4,0.375,0.625,lainnya;komersial;katering,Jalan Laswi
11367517448_3277874415_STOP727,0.5938,2.63,8,4,0.375,0.625,lainnya;komersial;katering,Jalan Laswi
11367547338_29357275_STOP8,0.7188,4.75,8,3,0.875,0,komersial;lainnya;pendidikan,Jalan Sari Endah Baru
11367547341_11367547338_STOP8,0.7188,4.75,8,3,0.875,0,komersial;lainnya;pendidikan,Jalan Tanpa Nama
11367547341_29357239_STOP8,0.7188,4.75,8,3,0.875,0,komersial;lainnya;pendidikan,Jalan Geger Kalong Hilir
11369316679_10125360884_STOP108,0.5521,1.75,8,2,0.25,0.75,lainnya;katering,Jalan Soekarno-Hatta
11369316679_10125360884_STOP121,0.75,3.75,8,2,0.625,0.25,lainnya;finansial,Jalan Soekarno-Hatta
11369316679_10125360884_STOP385,0.6875,3.38,8,3,0.5,0.375,finansial;lainnya,Jalan Soekarno-Hatta
11369316680_11369316679_STOP121,0.75,3.63,8,3,0.625,0.25,lainnya;kesehatan;finansial,Jalan Tanpa Nama
11369316680_3272382561_STOP121,0.65,3.13,8,3,0.5,0.375,lainnya;kesehatan;komersial,Jalan Soekarno-Hatta
11369837179_11369837184_STOP108,0.5104,3.25,8,2,0.625,0.375,lainnya,Jalan Kyai Haji Wahid Hasyim
11369837179_5348639847_STOP108,0.5104,3.25,8,2,0.625,0.375,lainnya,Jalan Tanpa Nama
11369837181_11369837186_STOP108,0.5104,3.25,8,3,0.625,0.375,lainnya,Jalan Kyai Haji Wahid Hasyim
11369837181_2614138773_STOP108,0.5104,3.25,8,3,0.625,0.375,lainnya,Jalan Soekarno-Hatta
11369837184_11369837181_STOP108,0.5104,3.25,8,2,0.625,0.375,lainnya,Jalan Kyai Haji Wahid Hasyim
11369837184_5348639847_STOP108,0.5104,3.25,8,2,0.625,0.375,lainnya,Jalan Soekarno-Hatta
11369837185_2614138773_STOP108,0.5104,3.25,8,3,0.625,0.375,lainnya,Jalan Kyai Haji Wahid Hasyim
11369837185_3272542989_STOP108,0.5104,3.25,8,3,0.625,0.375,lainnya,Jalan Tanpa Nama
11369837186_6616389060_STOP108,0.5104,3.25,8,3,0.625,0.375,lainnya,Jalan Kyai Haji Wahid Hasyim
11369837187_3272542984_STOP108,0.5104,3.25,8,2,0.625,0.375,lainnya,Jalan Kyai Haji Wahid Hasyim
11373181570_10596847027_STOP386,0.875,5,8,2,1,0,katering;komersial,"['Jembatan Cisaranten Baru', 'Bulevar Selatan']"
11373181570_10596847027_STOP820,0.875,4.5,8,3,0.875,0.125,lainnya;katering;komersial,"['Jembatan Cisaranten Baru', 'Bulevar Selatan']"
11373181571_7216077612_STOP386,0.875,5,8,2,1,0,katering;komersial,"['Jembatan Cisaranten Baru', 'Bulevar Selatan']"
11373181571_7216077612_STOP820,0.875,4.5,8,3,0.875,0.125,lainnya;katering;komersial,"['Jembatan Cisaranten Baru', 'Bulevar Selatan']"
11380591251_1017853007_STOP197,0.75,3.25,8,2,0.5,0.375,lainnya;komersial,Jalan Dewi Sartika
11380591251_1017853007_STOP30,0.8125,4.25,8,3,0.75,0.125,komersial;lainnya,Jalan Dewi Sartika
11380591251_1837401646_STOP30,0.6875,4.25,8,3,0.75,0.125,lainnya;komersial,Jalan Pungkur
11380591251_1837401646_STOP308,0.8125,5,8,3,1,0,komersial;katering,Jalan Pungkur
11382060932_12809082542_STOP327,0.6042,3.63,8,3,0.625,0.375,kesehatan;komersial;katering,Jalan Pasir Kaliki
11382060932_7983673000_STOP327,0.6042,3.63,8,3,0.625,0.375,kesehatan;komersial;katering,Jalan Sederhana
11382550192_3269364718_STOP576,0.8021,4.25,8,3,0.75,0.125,lainnya;katering;kesehatan,Jalan Tanpa Nama
11382627918_7669230599_STOP684,0.8542,4.5,8,4,0.875,0.125,rekreasi;lainnya;katering,Jalan Seram
11382627919_11382627918_STOP340,0.7917,4.88,8,4,1,0,rekreasi;lainnya,Jalan Seram
11382627919_5360090928_STOP340,0.7292,5,8,3,1,0,rekreasi;lainnya,Jalan Aceh
11382627919_5360090932_STOP340,0.7917,4.88,8,4,1,0,rekreasi;lainnya,Jalan Aceh
11383843397_1849907134_STOP43,0.9375,4.5,8,2,0.875,0.125,katering;kesehatan,"['Jalan Anggrek', 'Jalan Kamuning']"
11383843402_11383843397_STOP43,0.9375,4.5,8,2,0.875,0.125,katering;kesehatan,Jalan Patrakomala
11383843402_1849907158_STOP43,0.9375,4.5,8,2,0.875,0.125,katering;kesehatan,Jalan Patrakomala
11419915997_11419915998_STOP90,0.6667,3.63,8,3,0.625,0.25,kesehatan;katering;komersial,Jalan Tanpa Nama
11419915997_3270445562_STOP90,0.6667,3.63,8,3,0.625,0.25,kesehatan;katering;komersial,Jalan Terusan Jakarta
11419915998_303034042_STOP90,0.6667,3.63,8,3,0.625,0.25,kesehatan;katering;komersial,Jalan Golf Barat
11458642953_11711275764_STOP280,0.8438,4,8,3,0.75,0.25,kesehatan;komersial,Jalan Jendral Sudirman
11499132688_11499132689_STOP387,0.75,5,8,2,1,0,lainnya,Jalan Tanpa Nama
11499132688_2518075049_STOP387,0.75,5,8,2,1,0,lainnya,Jalan Pendamping SOR GBLA
11499132689_11499132688_STOP387,0.75,5,8,2,1,0,lainnya,Jalan Tanpa Nama
11499132689_5993042057_STOP387,0.75,5,8,2,1,0,lainnya,Jalan Pendamping SOR GBLA
11513213940_11513213942_STOP141,0.7083,3.38,8,3,0.625,0.375,katering;komersial,Bulevar Utama
11513213940_11910120725_STOP141,0.7083,3.38,8,3,0.625,0.375,katering;komersial,Jalan Gedebage Utama
11513213942_11132403120_STOP141,0.7083,3.38,8,3,0.625,0.375,katering;komersial,Jalan Gedebage Utama
11513213943_11513213940_STOP141,0.7083,3.38,8,3,0.625,0.375,katering;komersial,Jalan Gedebage Utama
11520711530_11520711531_STOP63,0.8333,4.38,8,2,0.875,0.125,komersial;katering,Jalan Tanpa Nama
11520711530_6485661075_STOP63,0.8333,4.38,8,2,0.875,0.125,katering;komersial,Jalan Wastukancana
11520711531_11520711530_STOP63,0.8333,4.38,8,2,0.875,0.125,komersial;katering,Jalan Tanpa Nama
11520711531_3277449482_STOP63,0.8333,4.38,8,2,0.875,0.125,komersial;katering,Jalan Wastukancana
11546102144_11546102152_STOP767,0.75,3.63,8,3,0.625,0.375,finansial;komersial;lainnya,Jalan Ciroyom
11546102152_11310046583_STOP767,0.6875,3.25,8,2,0.5,0.5,finansial;lainnya,Jalan Layang Ciroyom
11546102152_29377063_STOP767,0.6875,3.25,8,2,0.5,0.5,finansial;lainnya,"['Jalan Arjuna', 'Jalan Ciroyom']"
11546102152_29377063_STOP810,0.6875,3.63,8,2,0.625,0.375,lainnya;finansial,"['Jalan Arjuna', 'Jalan Ciroyom']"
11546102152_29377063_STOP86,0.6875,3.38,8,2,0.625,0.25,lainnya,"['Jalan Arjuna', 'Jalan Ciroyom']"
11549667667_11132622841_STOP403,0.6875,4,8,5,0.75,0.25,katering;lainnya;komersial,Jalan Gedebage Selatan
11549667667_11549667668_STOP403,0.6875,4,8,5,0.75,0.25,katering;lainnya;komersial,Jalan Soekarno-Hatta
11549667668_11549683569_STOP403,0.6875,4,8,5,0.75,0.25,katering;lainnya;komersial,Jalan Tanpa Nama
11549667668_8456621393_STOP403,0.6875,4,8,5,0.75,0.25,katering;lainnya;komersial,Jalan Soekarno-Hatta
11549683569_11549683570_STOP403,0.6875,4,8,5,0.75,0.25,komersial;lainnya;katering,Jalan Soekarno-Hatta
11549683569_6382216824_STOP403,0.6875,4,8,5,0.75,0.25,komersial;lainnya;katering,Jalan Rumah Sakit
11549683570_11549667667_STOP403,0.625,3.5,8,5,0.625,0.375,komersial;lainnya;katering,Jalan Tanpa Nama
11549683570_8456621395_STOP403,0.625,3.5,8,5,0.625,0.375,komersial;lainnya;katering,Jalan Soekarno-Hatta
11553388875_1663274709_STOP163,0.875,5,8,3,1,0,komersial;finansial,Jalan Tanpa Nama
11553388875_1663274712_STOP163,0.875,5,8,3,1,0,komersial;finansial,Jalan Ir. H. Djuanda
11554687893_10596741981_STOP285,0.9375,5,8,2,1,0,komersial;kesehatan,Bulevar Teknopolis
11554687893_10596741981_STOP388,0.875,5,8,3,1,0,komersial;katering,Bulevar Teknopolis
11554687893_11270931757_STOP285,0.9375,5,8,2,1,0,kesehatan;komersial,Bulevar Teknopolis
11564259401_10173744438_STOP556,0.7875,4.75,8,4,1,0,lainnya;pendidikan,Jalan Bangka
11564259401_10173744441_STOP556,0.7875,4.75,8,4,1,0,lainnya;pendidikan,Jalan Belitung
11564259401_12809507137_STOP47,0.6875,4.25,8,3,0.875,0.125,komersial;katering;lainnya,Jalan Lombok
11564259401_12809507137_STOP507,0.7,4.13,8,3,0.75,0,lainnya;komersial,Jalan Lombok
11564259401_12809507137_STOP556,0.7875,4.75,8,4,1,0,lainnya;pendidikan,Jalan Lombok
11564259401_2037086792_STOP556,0.8438,5,8,4,1,0,pendidikan;lainnya;komersial,Jalan Belitung
11594016904_2325451295_STOP16,0.6563,1.75,8,2,0.125,0.75,lainnya,Jalan Jenderal Ahmad Yani
11594016904_2325451295_STOP213,0.8125,4.38,8,3,0.875,0.125,komersial;katering;kesehatan,Jalan Jenderal Ahmad Yani
11594016904_2325451295_STOP58,0.75,3.63,8,3,0.625,0.25,lainnya;komersial;katering,Jalan Jenderal Ahmad Yani
11594016904_2477140738_STOP16,0.6563,1.75,8,2,0.125,0.75,lainnya,Jalan Antapani
11594016904_2477140738_STOP213,0.6563,1.75,8,2,0.125,0.75,lainnya,Jalan Antapani
11594016904_2477140738_STOP505,0.625,4.5,8,3,0.875,0,finansial;kesehatan;lainnya,Jalan Antapani
11687490552_11687490560_STOP767,0.75,3.63,8,3,0.625,0.375,finansial;komersial;lainnya,Jalan Ciroyom
11687490560_11310046580_STOP767,0.75,3.63,8,3,0.625,0.375,finansial;komersial;lainnya,Jalan Ciroyom
11687490560_11546102144_STOP767,0.75,3.63,8,3,0.625,0.375,finansial;komersial;lainnya,Jalan Tanpa Nama
11707030830_11707030831_STOP73,0.7708,4.75,8,3,0.875,0,katering;lainnya,Jalan Ciliwung
11707030830_1666714175_STOP73,0.8333,5,8,2,1,0,katering;kesehatan,Jalan Supratman
11707030830_1666714175_STOP74,1,4.63,8,3,0.875,0.125,kesehatan;katering,Jalan Supratman
11707030831_6445031497_STOP74,0.7708,4.75,8,3,0.875,0,katering;lainnya,Jalan Supratman
11711275764_11711275765_STOP280,0.8438,4,8,2,0.75,0.25,komersial,Bunderan Cibeureum
11711275764_2604179165_STOP280,0.8438,4,8,2,0.75,0.25,komersial,Bunderan Cibeureum
11711275765_11711275764_STOP280,0.8438,4,8,2,0.75,0.25,komersial,Bunderan Cibeureum
11711275765_12393475052_STOP280,0.8438,4,8,2,0.75,0.25,komersial,Bunderan Cibeureum
11711275766_2604179165_STOP280,0.8438,4,8,2,0.75,0.25,komersial,Bunderan Cibeureum
11711275766_2604179177_STOP280,0.8438,4,8,2,0.75,0.25,komersial,Bunderan Cibeureum
11711275767_12393475052_STOP106,0.8438,4,8,2,0.75,0.25,komersial,Bunderan Cibeureum
11711275767_2604179170_STOP106,0.8438,4,8,2,0.75,0.25,komersial,Bunderan Cibeureum
11727886518_10793008258_STOP283,0.7396,3,8,3,0.375,0.5,kesehatan;pendidikan;komersial,Jalan L.L. RE. Martadinata
11727886518_10793008258_STOP558,0.8438,3.88,8,3,0.625,0.25,kesehatan;komersial,Jalan L.L. RE. Martadinata
11727886518_10793008258_STOP564,0.875,4.5,8,3,0.875,0.125,finansial;pendidikan;lainnya,Jalan L.L. RE. Martadinata
11727886518_10793008258_STOP800,0.875,4.25,8,5,0.75,0.125,komersial;lainnya;kesehatan,Jalan L.L. RE. Martadinata
11727886518_1849525862_STOP155,0.8958,4,8,3,0.75,0.25,komersial;lainnya,Jalan Banda
11727886518_1849525862_STOP564,0.875,4.5,8,3,0.875,0.125,finansial;pendidikan;lainnya,Jalan Banda
11727886518_2520649143_STOP564,0.875,4.5,8,3,0.875,0.125,finansial;pendidikan;lainnya,Jalan Banda
11727886518_2520649143_STOP805,0.7917,4.25,8,3,0.875,0.125,pendidikan;komersial;katering,Jalan Banda
11727886518_2520649152_STOP559,0.75,3.75,8,3,0.625,0.375,katering;lainnya;finansial,Jalan L.L. RE. Martadinata
11727886518_2520649152_STOP562,0.875,3.88,8,3,0.625,0.25,lainnya;katering,Jalan L.L. RE. Martadinata
11727886518_2520649152_STOP564,0.875,4.5,8,3,0.875,0.125,finansial;lainnya,Jalan L.L. RE. Martadinata
11727886518_2520649152_STOP565,0.75,3.75,8,3,0.625,0.375,lainnya;katering;finansial,Jalan L.L. RE. Martadinata
11735248696_2493372404_STOP207,0.8125,4.75,8,3,1,0,finansial;lainnya,Jalan Sulaksana
11735248696_2493372404_STOP209,0.875,3.88,8,3,0.75,0.25,finansial;komersial,Jalan Sulaksana
11735248696_2493372404_STOP625,0.8125,4.75,8,3,1,0,finansial;lainnya,Jalan Sulaksana
11735248696_2493372404_STOP87,0.875,4,8,3,0.75,0.25,lainnya;katering,Jalan Sulaksana
11735248696_302246829_STOP504,0.875,4,8,3,0.75,0.25,katering;lainnya,Jalan Terusan Jakarta
11735248696_302246829_STOP87,0.7411,3.38,8,2,0.625,0.375,katering,Jalan Terusan Jakarta
11735248699_3270445561_STOP637,0.875,4.13,8,3,0.75,0.125,komersial;pendidikan;katering,Jalan Cibatu
11735248699_5394983545_STOP637,0.875,4.13,8,4,0.75,0.125,pendidikan;komersial;katering,Jalan Terusan Jakarta
11735248699_5395315581_STOP637,0.875,4.13,8,3,0.75,0.125,komersial;pendidikan;katering,Jalan Cibatu
11735248699_5395315581_STOP90,0.875,4.13,8,3,0.75,0.125,pendidikan;komersial;katering,Jalan Cibatu
11739021643_1837401655_STOP111,0.8333,3.63,8,3,0.625,0.375,komersial,Jalan Ibu Inggit Ganarsih
11739021643_1837401655_STOP269,0.7708,3.13,8,3,0.5,0.5,komersial,Jalan Ibu Inggit Ganarsih
11739021643_29489136_STOP269,0.8125,4,8,3,0.75,0.25,komersial;lainnya,Jalan Ibu Inggit Ganarsih
11739021643_4434330589_STOP224,0.9375,5,8,2,1,0,komersial;lainnya,Jalan Otto Iskandardinata
11739021643_4434330589_STOP225,0.875,4.88,8,3,1,0,komersial;katering,Jalan Otto Iskandardinata
11739021643_4434330589_STOP269,0.8333,3.5,8,3,0.625,0.375,komersial;katering,Jalan Otto Iskandardinata
11739021643_4434330589_STOP589,0.7813,4,8,3,0.625,0.125,katering;komersial,Jalan Otto Iskandardinata
11740333992_11310046583_STOP766,0.8125,3.88,8,4,0.75,0.25,lainnya,Jalan Layang Ciroyom
11740333992_11310046583_STOP810,0.6875,3.63,8,2,0.625,0.375,lainnya;finansial,Jalan Layang Ciroyom
11740333992_11310046583_STOP86,0.6875,3.38,8,2,0.625,0.25,lainnya,Jalan Layang Ciroyom
11740333992_11740333994_STOP766,0.8125,3.88,8,4,0.75,0.25,lainnya,Jalan Layang Ciroyom
11740333993_11740333994_STOP766,0.8125,3.88,8,4,0.75,0.25,lainnya,Jalan Arjuna
11740333993_11740333994_STOP86,0.75,3.13,8,3,0.625,0.375,lainnya,Jalan Arjuna
11740333993_29377042_STOP86,0.6875,3.38,8,2,0.625,0.25,lainnya,Jalan Industri
11740333994_7300869689_STOP766,0.8125,3.88,8,4,0.75,0.25,lainnya,Jalan Arjuna
11771489565_10173744458_STOP668,0.75,4.38,8,3,0.875,0.125,lainnya,Jalan Hayam Wuruk
11771489565_11771489566_STOP668,0.75,4.38,8,3,0.875,0.125,lainnya,Jalan Tanpa Nama
11771489566_11771489565_STOP668,0.75,4.38,8,3,0.875,0.125,lainnya,Jalan Tanpa Nama
11771489566_1849526010_STOP667,0.7208,3.88,8,3,0.625,0.25,lainnya;kesehatan,Jalan Hayam Wuruk
11771489566_1849526010_STOP668,0.75,4.38,8,3,0.875,0.125,lainnya,Jalan Hayam Wuruk
11910120724_11513213942_STOP141,0.7083,3.38,8,3,0.625,0.375,katering;komersial,Jalan Gedebage Utama
11910120724_11910120725_STOP141,0.7083,3.38,8,3,0.625,0.375,katering;komersial,Jalan Tanpa Nama
11910120725_11910120724_STOP141,0.7083,3.38,8,3,0.625,0.375,katering;komersial,Jalan Tanpa Nama
11910120725_5355867147_STOP141,0.7083,3.38,8,3,0.625,0.375,katering;komersial,Jalan Gedebage Utama
11953687707_1014722675_STOP226,0.75,5,8,3,1,0,lainnya;komersial,Jalan Inhoftank
11953687707_1014722675_STOP607,0.75,5,8,3,1,0,lainnya;komersial,Jalan Inhoftank
11953687707_2150576370_STOP607,0.75,5,8,3,1,0,lainnya;komersial,Jalan Inhoftank
12013198365_11132622841_STOP403,0.625,3.5,8,5,0.625,0.375,katering;komersial;lainnya,Jalan Tanpa Nama
12013198365_11549667667_STOP403,0.625,3.5,8,5,0.625,0.375,komersial;katering;lainnya,Jalan Soekarno-Hatta
12028030824_1837401675_STOP199,0.9375,5,8,3,1,0,komersial;lainnya,Jalan Gardujati
12028030824_2325452148_STOP199,0.8125,4,8,3,0.75,0.25,lainnya;komersial,Jalan Gardujati
12028030824_2325452148_STOP290,0.8333,4,8,3,0.75,0.25,lainnya;komersial,Jalan Gardujati
12096324721_11107827260_STOP341,0.8125,4.5,8,3,0.875,0.125,lainnya;kesehatan,Jalan Tamblong
12135879793_10134513809_STOP121,0.65,4,8,3,0.75,0.25,kesehatan;komersial,Jalan Soekarno-Hatta
12135879793_2614138771_STOP121,0.65,4,8,3,0.75,0.25,kesehatan;komersial,Jalan Raya Cibaduyut
12393475052_10680268006_STOP0,0.5417,2.5,8,3,0.375,0.625,lainnya,Jalan Elang
12393475052_10680268006_STOP106,0.8438,4,8,2,0.75,0.25,komersial,Jalan Elang
12393475052_10680268006_STOP631,0.5417,2.5,8,3,0.375,0.625,lainnya,Jalan Elang
12393475052_11711275765_STOP106,0.8438,4,8,2,0.75,0.25,komersial,Bunderan Cibeureum
12393475052_11711275767_STOP106,0.8438,4,8,2,0.75,0.25,komersial,Bunderan Cibeureum
12606352972_12606352973_STOP620,0.7458,4.5,8,3,0.875,0.125,lainnya;komersial,"['Jalan Sunda', 'Jalan Karapitan']"
12606352972_12606352975_STOP620,0.7458,4.5,8,3,0.875,0.125,lainnya;komersial,Jalan Lengkong Kecil
12606352973_7179028076_STOP620,0.7458,4.5,8,3,0.875,0.125,lainnya;komersial,Jalan Sunda
12606352973_7179028076_STOP834,0.9375,4.88,8,2,1,0,lainnya;kesehatan,Jalan Sunda
12606352975_12606352973_STOP620,0.7458,4.5,8,3,0.875,0.125,lainnya;komersial,Jalan Lengkong Kecil
12606352975_3277363480_STOP620,0.6833,4.13,8,3,0.75,0.25,lainnya,Jalan Lengkong Kecil
12606431202_25434241_STOP153,0.875,4.75,8,3,0.875,0,kesehatan;komersial,Jalan Kebon Jati
12606431202_25434241_STOP290,0.8333,4,8,3,0.75,0.25,lainnya,Jalan Kebon Jati
12606431202_25434241_STOP291,0.9167,4.75,8,2,0.875,0,kesehatan;lainnya,Jalan Kebon Jati
12606431202_25434241_STOP601,0.8385,4.13,8,4,0.625,0.125,komersial;lainnya;kesehatan,Jalan Kebon Jati
12606431204_12606431202_STOP290,0.8333,4,8,3,0.75,0.25,lainnya,Jalan HOS. Cokroaminoto
12606431204_12806120205_STOP290,0.8333,4,8,3,0.75,0.25,lainnya,Jalan HOS. Cokroaminoto
12606431205_11207093319_STOP113,0.8958,4.38,8,3,0.875,0.125,lainnya,Jalan HOS. Cokroaminoto
12606431207_12606431205_STOP113,0.8333,4,8,3,0.75,0.25,lainnya,Jalan HOS. Cokroaminoto
12606431207_2325452148_STOP113,0.8333,4,8,3,0.75,0.25,lainnya,Jalan Kebon Jati
12633822764_5447158246_STOP118,0.6875,4.63,8,2,1,0,finansial;lainnya,Jalan Marga Cinta
12633822764_5447158246_STOP719,0.5625,4.13,8,3,0.875,0.125,kesehatan;komersial;lainnya,Jalan Marga Cinta
12633822764_5447158308_STOP719,0.5625,4.13,8,3,0.875,0.125,kesehatan;komersial;lainnya,Jalan Tanpa Nama
12633822765_11041579717_STOP395,0.9063,4.63,8,3,0.875,0.125,lainnya;finansial;katering,Jalan H. Ibrahim Adjie
12633822765_11041579717_STOP450,0.6292,2.13,8,2,0.125,0.625,katering;komersial,Jalan H. Ibrahim Adjie
12633822765_11041579717_STOP611,0.8375,3.88,8,2,0.625,0.25,lainnya;katering,Jalan H. Ibrahim Adjie
12633822765_7698884005_STOP395,0.9063,4.63,8,3,0.875,0.125,lainnya;finansial;katering,Jalan H. Ibrahim Adjie
12633822765_7698884005_STOP450,0.6292,2.13,8,2,0.125,0.625,katering;komersial,Jalan H. Ibrahim Adjie
12633822765_7698884005_STOP611,0.8375,3.88,8,2,0.625,0.25,lainnya;katering,Jalan H. Ibrahim Adjie
12634504454_2325438114_STOP67,0.6399,3.63,8,4,0.625,0.25,katering;lainnya,Jalan Sukajadi
12634504454_29356940_STOP67,0.7917,4,8,3,0.75,0.25,katering,Jalan Sindang Sirna
12634504454_29358938_STOP67,0.75,2.5,8,3,0.375,0.625,katering,Jalan Sukawangi
12637511228_29357929_STOP150,0.875,4.5,8,3,0.875,0.125,komersial;kesehatan,Jalan Cemara
12637511228_29357929_STOP92,0.6667,4,8,6,0.625,0.125,komersial;lainnya;katering,Jalan Cemara
12637511228_29379583_STOP92,0.6667,4,8,5,0.625,0.125,lainnya;komersial,Jalan Cemara
12692226647_12813271264_STOP117,0.8125,4.5,8,3,0.875,0.125,komersial;kesehatan,Jalan Marga Cinta
12692226647_35138416_STOP117,0.8125,4.5,8,3,0.875,0.125,komersial;kesehatan,Jalan Marga Cinta
12692226647_9379377310_STOP117,0.8125,4.5,8,3,0.875,0.125,komersial;kesehatan,Jalan Pluto Raya
12692455340_10703340256_STOP265,0.5625,1.75,8,3,0.125,0.75,lainnya,Jalan Ir. H. Djuanda
12692455340_30236623_STOP162,0.875,4.5,8,3,0.875,0.125,pendidikan;katering;finansial,"['Jalan Cikutra Barat', 'Jalan Sadang Serang', 'Jalan Tubagus Ismail']"
12692455340_30236623_STOP265,0.625,2,8,3,0.25,0.75,lainnya;katering,"['Jalan Cikutra Barat', 'Jalan Sadang Serang', 'Jalan Tubagus Ismail']"
12692455340_30236623_STOP808,0.875,5,8,2,1,0,lainnya,"['Jalan Cikutra Barat', 'Jalan Sadang Serang', 'Jalan Tubagus Ismail']"
12692455340_30236623_STOP91,0.7042,4.38,8,4,0.875,0.125,lainnya,"['Jalan Cikutra Barat', 'Jalan Sadang Serang', 'Jalan Tubagus Ismail']"
12705240852_10596741981_STOP388,0.875,5,8,3,1,0,katering;komersial,Jalan Sentra Raya Selatan
12705240852_11554687893_STOP388,0.875,5,8,3,1,0,katering;komersial,Bulevar Teknopolis
12806120205_12028030824_STOP199,0.8125,4,8,3,0.75,0.25,komersial;lainnya,Jalan Gardujati
12806120205_12028030824_STOP290,0.8333,4,8,3,0.75,0.25,lainnya;komersial,Jalan Gardujati
12806120205_12606431202_STOP290,0.8333,4,8,3,0.75,0.25,lainnya,Jalan Kebon Jati
12806120213_12806120214_STOP794,0.75,4.5,8,3,0.875,0,katering;komersial,Jalan Cikawao
12806120213_3278061604_STOP794,0.8125,4.63,8,3,0.875,0,katering;komersial,Jalan Cikawao
12806120213_3278061604_STOP795,0.875,4,8,3,0.75,0.25,komersial;lainnya,Jalan Cikawao
12806120214_1831360476_STOP28,0.9375,5,8,3,1,0,lainnya,Jalan Lengkong Besar
12806120214_1831360476_STOP29,0.7708,4,8,3,0.75,0.25,lainnya;komersial,Jalan Lengkong Besar
12806120214_1831360476_STOP794,0.6667,3.88,8,4,0.625,0.25,katering;lainnya;komersial,Jalan Lengkong Besar
12806309251_2477126866_STOP93,0.825,3.5,8,2,0.625,0.375,komersial;lainnya,Jalan Abdul Haris Nasution
12806309251_4620173045_STOP100,0.7833,3,8,3,0.5,0.5,lainnya,Jalan Abdul Haris Nasution
12806309251_4620173045_STOP380,0.8125,4,8,4,0.75,0.25,lainnya;kesehatan;komersial,Jalan Abdul Haris Nasution
12806309251_4620173045_STOP418,0.7833,3,8,2,0.5,0.5,lainnya,Jalan Abdul Haris Nasution
12806309251_4620173045_STOP93,0.7833,3,8,2,0.5,0.5,lainnya,Jalan Abdul Haris Nasution
12806309258_11310497696_STOP640,0.8125,3.88,8,3,0.75,0.25,komersial;kesehatan;lainnya,Jalan Abdul Haris Nasution
12806309258_11310497696_STOP720,0.8125,4.88,8,3,1,0,komersial;kesehatan,Jalan Abdul Haris Nasution
12806309258_35135537_STOP419,0.875,4.88,8,4,1,0,katering;lainnya;pendidikan,Jalan Abdul Haris Nasution
12806309258_35135537_STOP420,0.875,4.88,8,4,1,0,lainnya;katering;pendidikan,Jalan Abdul Haris Nasution
12806309258_35135537_STOP421,0.875,3.75,8,3,0.75,0.25,komersial;katering;lainnya,Jalan Abdul Haris Nasution
12806309258_35135537_STOP640,0.6667,3.38,8,3,0.625,0.375,lainnya;komersial,Jalan Abdul Haris Nasution
12806309258_35135537_STOP93,0.8875,3.38,8,3,0.625,0.375,finansial;komersial;lainnya,Jalan Abdul Haris Nasution
12806309258_35135537_STOP94,0.875,4.5,8,3,0.75,0,katering;lainnya,Jalan Abdul Haris Nasution
12806516351_5458169530_STOP230,0.75,3.5,8,3,0.625,0.375,lainnya;kesehatan;katering,Jalan Soekarno-Hatta
12806516351_5458169533_STOP230,0.75,3.5,8,3,0.625,0.375,katering;lainnya;kesehatan,Bunderan Cibiru
12806537959_12986852699_STOP428,0.875,5,8,4,1,0,komersial;katering,Jalan Palasari
12806537959_12986852699_STOP748,0.8125,4.88,8,4,1,0,lainnya;komersial,Jalan Palasari
12806537959_2325453232_STOP184,0.7,4.5,8,3,1,0,komersial;pendidikan;lainnya,Jalan Kyai Haji Ahmad Dahlan
12806537959_2325453232_STOP428,0.875,5,8,3,1,0,komersial;katering,Jalan Kyai Haji Ahmad Dahlan
12806717331_25446457_STOP112,0.8125,5,8,2,1,0,katering;komersial,Jalan Rajawali Timur
12809046288_1655728948_STOP404,0.75,2.88,8,3,0.5,0.5,katering;komersial,Jalan Dr. Setiabudi
12809046288_1675261401_STOP404,0.75,2.88,8,3,0.5,0.5,katering;komersial,Jalan Geger Kalong Hilir
12809046288_1675261406_STOP404,0.75,2.88,8,3,0.5,0.5,katering;komersial,Jalan Dr. Setiabudi
12809082542_29379447_STOP327,0.6667,3,8,3,0.5,0.5,katering;komersial,Jalan Sukajadi
12809082543_29357859_STOP126,0.875,5,8,3,1,0,komersial;lainnya;katering,Jalan Sukajadi
12809082543_29357859_STOP476,0.875,4.13,8,2,0.75,0.125,lainnya;kesehatan,Jalan Sukajadi
12809082543_29378887_STOP126,0.875,5,8,3,1,0,lainnya;komersial;katering,"['Jalan Sukagalih', 'Jalan Cipedes Selatan']"
12809082543_29378887_STOP3,0.625,3.13,8,2,0.5,0.5,finansial;komersial,"['Jalan Sukagalih', 'Jalan Cipedes Selatan']"
12809151235_29379393_STOP482,0.9375,4.5,8,3,0.875,0.125,katering;lainnya;finansial,Jalan Profesor Christiaan Eijkman
12809151235_29379476_STOP482,0.9375,4.5,8,4,0.875,0.125,katering;lainnya;finansial,Jalan Profesor Christiaan Eijkman
12809237529_2325451442_STOP483,0.8393,4,8,5,0.75,0.125,katering;lainnya,Jalan Abdul Rivai
12809237529_3269294963_STOP483,0.8393,4,8,5,0.75,0.125,katering;lainnya,Jalan Abdul Rivai
12809283839_1666231704_STOP18,0.8125,2.63,8,3,0.375,0.625,katering;lainnya,Jalan Gunung Batu
12809283839_1666231704_STOP486,0.9375,4.88,8,2,1,0,lainnya,Jalan Gunung Batu
12809283839_1870759840_STOP124,0.7625,4.25,8,3,0.75,0.125,lainnya;finansial;kesehatan,"['Jalan Dakota', 'Jalan Sukaraja II', 'Jalan Sukaraja', 'Jalan Gunung Batu']"
12809283839_1870759840_STOP486,0.875,4.88,8,3,1,0,lainnya,"['Jalan Dakota', 'Jalan Sukaraja II', 'Jalan Sukaraja', 'Jalan Gunung Batu']"
12809283839_1870759840_STOP487,0.75,4,8,3,0.75,0.25,lainnya;kesehatan,"['Jalan Dakota', 'Jalan Sukaraja II', 'Jalan Sukaraja', 'Jalan Gunung Batu']"
12809283839_1870759840_STOP488,0.8125,3.5,8,2,0.625,0.375,komersial;lainnya,"['Jalan Dakota', 'Jalan Sukaraja II', 'Jalan Sukaraja', 'Jalan Gunung Batu']"
12809283839_1870759840_STOP489,0.6625,3.75,8,3,0.625,0.25,kesehatan;lainnya,"['Jalan Dakota', 'Jalan Sukaraja II', 'Jalan Sukaraja', 'Jalan Gunung Batu']"
12809283839_1870759840_STOP721,0.5625,1.63,8,2,0.125,0.875,katering;lainnya,"['Jalan Dakota', 'Jalan Sukaraja II', 'Jalan Sukaraja', 'Jalan Gunung Batu']"
12809283848_4375366198_STOP125,0.8812,4.75,8,3,1,0,lainnya;katering,Jalan Dr. Djunjunan
12809283848_4375366198_STOP15,0.8333,4,8,3,0.75,0.25,komersial;lainnya;katering,Jalan Dr. Djunjunan
12809283848_4375366198_STOP378,0.9125,4.75,8,4,1,0,lainnya;katering;komersial,Jalan Dr. Djunjunan
12809283848_4375366198_STOP490,0.875,4,8,4,0.75,0.25,lainnya;katering,Jalan Dr. Djunjunan
12809283848_4375366198_STOP630,0.8646,4.13,8,3,0.75,0.125,katering;lainnya,Jalan Dr. Djunjunan
12809462426_11367517448_STOP274,0.7188,4.5,8,3,0.875,0.125,lainnya;komersial,Jalan Sukabumi
12809462426_11367517448_STOP502,0.7188,4.5,8,3,0.875,0.125,lainnya;komersial,Jalan Sukabumi
12809462426_1849960313_STOP502,0.75,5,8,3,1,0,lainnya;komersial,Jalan Sukabumi
12809462426_1849960313_STOP610,0.75,5,8,3,1,0,lainnya,Jalan Sukabumi
12809507137_11564259401_STOP47,0.6875,4.25,8,3,0.875,0.125,komersial;katering;lainnya,Jalan Lombok
12809507137_11564259401_STOP507,0.7,4.13,8,3,0.75,0,lainnya;komersial,Jalan Lombok
12809507137_11564259401_STOP577,0.7625,4.25,8,4,0.75,0,lainnya;kesehatan,Jalan Lombok
12809507137_12809507139_STOP577,0.7625,4.25,8,4,0.75,0,kesehatan;lainnya,Jalan Lombok
12809507137_1896207944_STOP577,0.7134,4.38,8,3,0.875,0,lainnya,Jalan Aceh
12809507137_6461589858_STOP507,0.7625,4.25,8,4,0.75,0,kesehatan;lainnya,Jalan Aceh
12809507137_6461589858_STOP577,0.7625,4.25,8,4,0.75,0,lainnya;kesehatan,Jalan Aceh
12809507137_6461589858_STOP61,0.7625,4.25,8,4,0.75,0,lainnya;kesehatan,Jalan Aceh
12809507137_6461589858_STOP662,0.7625,4.25,8,4,0.75,0,kesehatan;lainnya;komersial,Jalan Aceh
12809507139_10173744442_STOP577,1,4.63,8,3,0.875,0.125,kesehatan;lainnya,Jalan Lombok
12809507139_12809507137_STOP577,0.7625,4.25,8,4,0.75,0,kesehatan;lainnya,Jalan Lombok
12809507139_3278058148_STOP577,1,4.63,8,3,0.875,0.125,kesehatan;lainnya,Jalan Madura
12813237929_7345830954_STOP72,0.6875,3.63,8,2,0.625,0.25,katering;lainnya,Jalan Tamansari
12813237929_7345830961_STOP72,0.75,3.63,8,3,0.625,0.25,katering;lainnya;komersial,Jalan Tamansari
12813271261_12813271264_STOP116,0.9375,4.5,8,3,0.875,0.125,finansial;lainnya;kesehatan,Jalan Marga Cinta
12813271261_12813271264_STOP117,0.8125,4.5,8,3,0.875,0.125,komersial;kesehatan,Jalan Marga Cinta
12813271261_12813271264_STOP5,0.6979,4.63,8,3,0.875,0.125,lainnya;komersial;kesehatan,Jalan Marga Cinta
12813271261_12813271264_STOP520,0.7708,4.38,8,3,0.875,0.125,kesehatan;komersial;lainnya,Jalan Marga Cinta
12813271261_12813271264_STOP807,0.625,3,8,3,0.5,0.5,kesehatan;komersial,Jalan Marga Cinta
12813271261_4141587843_STOP324,0.5,5,5,1,1,0,lainnya,Jalan Logam
12813271261_4141587843_STOP330,0.6354,4.63,8,3,0.875,0.125,lainnya;komersial,Jalan Logam
12813271261_4141587843_STOP5,0.6979,4.63,8,3,0.875,0.125,lainnya;komersial;kesehatan,Jalan Logam
12813271261_9626125965_STOP5,0.6979,4.5,8,3,0.875,0.125,lainnya;kesehatan;komersial,Jalan Marga Cinta
12813271264_12692226647_STOP117,0.8125,4.5,8,3,0.875,0.125,komersial;kesehatan,Jalan Marga Cinta
12813271264_12813271261_STOP116,0.9375,4.5,8,3,0.875,0.125,finansial;lainnya;kesehatan,Jalan Marga Cinta
12813271264_12813271261_STOP117,0.8125,4.5,8,3,0.875,0.125,komersial;kesehatan,Jalan Marga Cinta
12813271264_12813271261_STOP5,0.6979,4.63,8,3,0.875,0.125,lainnya;komersial;kesehatan,Jalan Marga Cinta
12813271264_12813271261_STOP520,0.8542,4.38,8,3,0.875,0.125,kesehatan;komersial,Jalan Marga Cinta
12813271264_12813271261_STOP807,0.625,3,8,3,0.5,0.5,komersial;kesehatan,Jalan Marga Cinta
12813271264_9503884773_STOP117,0.8125,4.5,8,3,0.875,0.125,komersial;kesehatan,Jalan Rancabolang
12813271264_9503884773_STOP363,0.9375,4.88,8,2,1,0,lainnya;komersial,Jalan Rancabolang
12813271264_9503884773_STOP540,0.9375,4.75,8,3,1,0,pendidikan;katering;komersial,Jalan Rancabolang
12813271265_13141223516_STOP114,0.625,5,8,3,1,0,komersial;lainnya,Jalan Derwati
12813271265_13141223516_STOP115,0.875,4,8,3,0.75,0.25,lainnya;kesehatan,Jalan Derwati
12813271265_13141223516_STOP521,0.6875,2.5,8,3,0.375,0.625,finansial;komersial,Jalan Derwati
12813271265_13141223516_STOP715,0.9063,4.25,8,5,0.75,0.125,lainnya;rekreasi;katering;kesehatan,Jalan Derwati
12813271265_1664487744_STOP604,0.875,4.25,8,3,0.75,0.125,kesehatan;lainnya,Jalan Cipamokolan
12813271265_35138723_STOP715,0.5938,4.25,8,2,0.75,0.125,lainnya;rekreasi,Jalan Derwati
12816121757_28382767_STOP23,0.9375,4.38,8,3,0.75,0.125,lainnya;katering,Jalan Ir. H. Djuanda
12816121757_28382767_STOP24,0.875,4.63,8,3,0.875,0.125,katering;lainnya,Jalan Ir. H. Djuanda
12816121757_28382767_STOP25,0.9375,5,8,3,1,0,lainnya;katering,Jalan Ir. H. Djuanda
12816121757_312524188_STOP23,0.9375,4.38,8,3,0.75,0.125,lainnya;katering,Jalan Ir. H. Djuanda
12819917454_3274608590_STOP54,0.875,3.75,8,4,0.625,0.25,katering;komersial;lainnya,Jalan Cikutra Barat
12819917454_3274608591_STOP54,0.875,3.75,8,4,0.625,0.25,katering;komersial;lainnya,Jalan Cikutra
12819917454_5374108596_STOP346,0.6667,3.63,8,3,0.5,0.25,lainnya,Jalan Pahlawan
12819917454_5374108596_STOP527,0.7292,3.88,8,3,0.625,0.25,lainnya,Jalan Pahlawan
12819917454_5374108596_STOP54,0.875,3.75,8,4,0.625,0.25,katering;komersial;lainnya,Jalan Pahlawan
12819917454_5374108596_STOP542,0.6458,3,8,2,0.5,0.5,lainnya;katering,Jalan Pahlawan
12820446796_12820446797_STOP393,0.7813,3.88,8,4,0.75,0.25,lainnya;katering;rekreasi,Jalan Tanpa Nama
12820446796_14003143457_STOP393,0.7813,3.88,8,4,0.75,0.25,lainnya;katering;rekreasi,Jalan Tanpa Nama
12820446796_1660289601_STOP393,0.7813,3.88,8,4,0.75,0.25,lainnya;katering;rekreasi,Jalan Sentot Alibasyah
12820446797_12820446796_STOP393,0.7813,3.88,8,4,0.75,0.25,lainnya;katering;rekreasi,Jalan Tanpa Nama
12820446797_1660289595_STOP393,0.7813,3.88,8,4,0.75,0.25,lainnya;katering;rekreasi,Jalan Sentot Alibasyah
12862489542_3269421784_STOP172,0.8125,4.88,8,3,1,0,katering;komersial,Jalan Tanpa Nama
12862489543_12862489542_STOP172,0.8125,5,8,3,1,0,katering;komersial,Jalan Tanpa Nama
12862489543_7715397583_STOP172,0.8125,5,8,3,1,0,katering;komersial,Jalan Ciliwung
12986852699_12806537959_STOP428,0.875,5,8,4,1,0,komersial;katering,Jalan Palasari
12986852699_12806537959_STOP748,0.875,4.88,8,4,1,0,lainnya;komersial,Jalan Palasari
12986852699_2607816746_STOP48,0.9375,5,8,5,1,0,komersial;pendidikan;lainnya,Jalan Palasari
12986852699_2607816746_STOP571,0.875,4.75,8,4,1,0,pendidikan;lainnya;katering;komersial,Jalan Palasari
12986852699_2607816746_STOP580,0.8125,4.75,8,4,1,0,kesehatan;katering;pendidikan,Jalan Palasari
12986852699_2607816746_STOP748,0.875,4.88,8,4,1,0,lainnya;komersial,Jalan Palasari
12986852699_29434769_STOP48,0.875,5,8,4,1,0,lainnya;komersial,Jalan Lodaya
12986852699_29434769_STOP732,0.7875,4.63,8,3,0.875,0.125,katering;lainnya,Jalan Lodaya
12986852699_29434769_STOP748,0.875,4.88,8,4,1,0,lainnya;komersial,Jalan Lodaya
12986852699_29434769_STOP750,0.8125,4.75,8,5,0.875,0,lainnya;komersial;katering,Jalan Lodaya
12986852699_29434769_STOP751,0.7875,4.38,8,3,0.75,0.125,katering;lainnya,Jalan Lodaya
12986852699_3272588432_STOP746,0.7292,4,8,3,0.75,0.25,katering;lainnya;komersial,Jalan Lodaya
12986852699_3272588432_STOP747,0.5417,2.13,8,3,0.25,0.75,lainnya,Jalan Lodaya
12986852699_3272588432_STOP748,0.9375,4.88,8,3,1,0,lainnya;komersial,Jalan Lodaya
12986852699_3272588432_STOP749,0.875,4.88,8,2,1,0,lainnya,Jalan Lodaya
13010031522_2325453554_STOP401,0.8875,4.63,8,3,0.875,0,komersial;lainnya,Jalan Cibolerang
13010031522_29489287_STOP135,0.6875,3.5,8,4,0.625,0.375,lainnya;komersial,Jalan Kyai Haji Wahid Hasyim
13010031522_29489287_STOP396,0.75,3.5,8,4,0.625,0.375,kesehatan;lainnya;komersial,Jalan Kyai Haji Wahid Hasyim
13022549201_1896207944_STOP155,0.7425,5,8,3,1,0,lainnya;katering,Jalan Aceh
13022549201_1896207944_STOP577,0.7634,4.75,8,3,1,0,katering;lainnya,Jalan Aceh
13022549201_1896207944_STOP660,0.8229,5,8,3,1,0,lainnya;rekreasi;komersial,Jalan Aceh
13022549201_25433301_STOP660,0.8229,5,8,3,1,0,lainnya;rekreasi;komersial,Jalan Aceh
13022549201_9762128207_STOP660,0.8229,5,8,3,1,0,lainnya;rekreasi;komersial,Jalan Sumbawa
13097895692_2019234455_STOP129,0.625,3,8,4,0.5,0.5,lainnya;komersial;katering,"['Jalan Sariwangi', 'Jalan Perintis']"
13097895692_700728686_STOP129,0.525,2.5,8,3,0.375,0.625,katering;lainnya;komersial,Jalan Sariwangi
13097895692_700728686_STOP391,0.65,3.75,8,3,0.625,0.25,katering;komersial,Jalan Sariwangi
13097895693_1575311287_STOP128,0.625,3.63,8,3,0.625,0.375,lainnya;komersial,Jalan Sariasih
13097895693_1575311287_STOP629,0.625,4,8,3,0.75,0.25,komersial;lainnya,Jalan Sariasih
13097895693_29357277_STOP128,0.625,3.63,8,3,0.625,0.375,lainnya;komersial,Jalan Sarijadi Raya
13097895693_29357277_STOP629,0.625,3.63,8,3,0.625,0.375,komersial;lainnya,Jalan Sarijadi Raya
13097895693_5646605222_STOP128,0.75,3.38,8,3,0.5,0.375,komersial;lainnya,"['Jalan Sariasih', 'Jalan Sari Rasa']"
13097895693_5646605222_STOP350,0.8438,4.88,8,3,1,0,komersial;lainnya,"['Jalan Sariasih', 'Jalan Sari Rasa']"
13123360943_25433873_STOP84,0.6875,3.88,8,3,0.625,0.25,finansial;lainnya;komersial,Jalan Abdul Rahman Saleh
13123360943_6442486339_STOP176,0.9375,4.5,8,3,0.875,0.125,katering;komersial;kesehatan,Jalan Abdul Rahman Saleh
13123360943_6442486339_STOP84,0.6875,3.88,8,3,0.625,0.25,finansial;lainnya;komersial,Jalan Abdul Rahman Saleh
13136294320_1655728948_STOP220,0.7396,4.25,8,3,1,0,katering;lainnya,Jalan Dr. Setiabudi
13136294320_1655728948_STOP404,0.75,3,8,2,0.5,0.5,katering;komersial,Jalan Dr. Setiabudi
13136294320_1655728948_STOP472,0.6042,3.25,8,4,0.5,0.375,katering;pendidikan;lainnya,Jalan Dr. Setiabudi
13136294320_1655728948_STOP473,0.5417,3.25,8,3,0.5,0.375,lainnya;pendidikan;katering,Jalan Dr. Setiabudi
13136294320_1655728948_STOP68,0.7188,3.13,8,2,0.625,0.375,komersial;lainnya,Jalan Dr. Setiabudi
13136294320_1676070938_STOP473,0.5417,3.25,8,3,0.5,0.375,lainnya;pendidikan;katering,Jalan Dr. Setiabudi
13141223516_12813271265_STOP114,0.625,5,8,3,1,0,komersial;lainnya,Jalan Derwati
13141223516_12813271265_STOP115,0.875,4,8,3,0.75,0.25,lainnya;kesehatan,Jalan Derwati
13141223516_12813271265_STOP521,0.6875,2.5,8,3,0.375,0.625,finansial;komersial,Jalan Derwati
13141223516_12813271265_STOP715,0.9063,4.25,8,5,0.75,0.125,lainnya;rekreasi;katering;kesehatan,Jalan Derwati
13141223516_2518053983_STOP114,0.625,5,8,3,1,0,komersial;lainnya,Jalan Gedebage Selatan
13141223516_5460962097_STOP114,0.625,5,8,3,1,0,komersial;lainnya,Jalan Gedebage Selatan
13141223516_5460962097_STOP371,0.8125,3.75,8,3,0.625,0.25,katering;lainnya;finansial,Jalan Gedebage Selatan
13141223516_5460962097_STOP521,0.625,4.5,8,3,0.875,0.125,komersial;lainnya;finansial,Jalan Gedebage Selatan
13239081325_5369337988_STOP90,0.5667,3.8,5,1,0.6,0.2,kesehatan,Jalan Tanpa Nama
13257407280_1666277222_STOP773,0.6875,2.88,8,4,0.5,0.5,komersial;lainnya;finansial,Jalan Garuda
13257407280_1666277222_STOP775,0.75,3.38,8,4,0.625,0.375,lainnya;finansial;komersial,Jalan Garuda
13261248357_25433768_STOP12,0.5625,3.75,8,3,0.625,0.25,lainnya;komersial,Jalan Arjuna
13261248357_25433768_STOP221,0.4688,2.38,8,2,0.25,0.625,lainnya;komersial,Jalan Arjuna
13261248357_29376968_STOP12,0.5625,3.75,8,3,0.625,0.25,lainnya,"['Jalan Kesatriaan', 'Jalan Bima']"
13261248357_29376968_STOP302,0.7344,3.5,8,3,0.5,0.375,lainnya,"['Jalan Kesatriaan', 'Jalan Bima']"
13261248357_29376968_STOP759,0.6719,4.38,8,3,0.75,0.125,lainnya,"['Jalan Kesatriaan', 'Jalan Bima']"
13261248357_29376968_STOP760,0.875,5,8,2,1,0,lainnya,"['Jalan Kesatriaan', 'Jalan Bima']"
13261248357_29376968_STOP761,0.5625,4.38,8,3,0.75,0.125,lainnya;komersial,"['Jalan Kesatriaan', 'Jalan Bima']"
13261248357_29376968_STOP762,0.5,3.75,8,2,0.625,0.25,lainnya,"['Jalan Kesatriaan', 'Jalan Bima']"
13261248357_6622409115_STOP12,0.5625,3.75,8,3,0.625,0.25,lainnya,Jalan Arjuna
13261248357_6622409115_STOP762,0.5625,3.75,8,3,0.625,0.25,lainnya,Jalan Arjuna
13261248357_6622409115_STOP763,0.875,4.5,8,3,0.875,0.125,lainnya;katering,Jalan Arjuna
13261248357_6622409115_STOP764,0.625,3.25,8,3,0.5,0.375,lainnya,Jalan Arjuna
13261248357_6622409115_STOP765,1,5,8,2,1,0,lainnya;katering,Jalan Arjuna
13382601416_29377063_STOP86,0.625,3.5,8,2,0.625,0.25,lainnya,Jalan Ciroyom
13382601416_29377187_STOP112,0.75,4,8,3,0.75,0.25,lainnya;komersial,Jalan Ciroyom Timur
13382601416_29377187_STOP810,0.6875,3.5,8,3,0.625,0.375,lainnya;komersial,Jalan Ciroyom Timur
13382601416_29377187_STOP86,0.625,3.5,8,2,0.625,0.25,lainnya,Jalan Ciroyom Timur
13382601416_29377189_STOP810,0.625,3.75,8,2,0.75,0.25,lainnya,Jalan Ciroyom
13382601416_29377189_STOP86,0.625,3.5,8,2,0.625,0.25,lainnya,Jalan Ciroyom
1342112669_1342112684_STOP164,0.6563,4.38,8,3,0.875,0.125,lainnya;katering,Jalan Tamansari
1342112669_29359106_STOP164,0.6563,4.38,8,3,0.875,0.125,lainnya;katering,Jalan Tamansari
1342112672_312086542_STOP233,0.5938,4.38,8,3,0.875,0.125,lainnya;katering,Jalan Sangkuriang
1342112672_312086670_STOP233,0.6563,4.38,8,3,0.875,0.125,lainnya;katering,Jalan Sangkuriang
1342112684_2034533034_STOP164,0.6563,4.38,8,3,0.875,0.125,lainnya;katering,Jalan Siliwangi
13539499879_10596847102_STOP261,0.8125,5,8,3,1,0,lainnya;katering,Jalan Sentra Raya Selatan
13539499879_10596847102_STOP388,0.8125,5,8,3,1,0,katering;komersial,Jalan Sentra Raya Selatan
13551225788_2325452313_STOP46,0.7813,4.5,8,2,0.875,0.125,komersial,Jalan Laswi
13648191536_1663274703_STOP163,0.8125,4.5,8,3,0.875,0.125,finansial;komersial,Jalan Surapati
13713992504_10173744459_STOP668,0.875,5,8,3,1,0,lainnya;katering;komersial,Jalan Hayam Wuruk
13713992504_10173744459_STOP805,0.875,5,8,3,1,0,katering;lainnya;komersial,Jalan Hayam Wuruk
1387999367_29380398_STOP496,0.75,5,8,2,1,0,komersial,Jalan Raya Cijerah
1387999367_29380403_STOP496,0.75,4.13,8,3,0.75,0.25,komersial,Jalan Raya Cijerah
1387999367_3115995953_STOP496,0.75,4.13,8,3,0.75,0.25,komersial,Jalan Melong Raya
1390997943_1675261401_STOP404,0.6875,3,8,3,0.5,0.5,katering;komersial,Jalan Geger Kalong Hilir
1390997943_29357243_STOP404,0.8125,4,8,3,0.75,0.25,katering;lainnya,Jalan Geger Kalong Hilir
1390997943_29357243_STOP8,0.8812,4.75,8,3,0.875,0,lainnya;komersial,Jalan Geger Kalong Hilir
1390997943_5455661685_STOP404,0.875,4.13,8,2,0.75,0.125,katering,Jalan Cipedes Atas
14001473537_1660289594_STOP159,0.6458,3.5,8,4,0.625,0.375,lainnya;rekreasi;komersial;finansial,Jalan Surapati
14001473537_32524281_STOP159,0.7083,3.5,8,4,0.625,0.375,rekreasi;lainnya;finansial;komersial,"['Jalan Majapahit', 'Jalan Diponegoro']"
14001473537_32524281_STOP688,0.7083,4.5,8,4,0.875,0.125,rekreasi;lainnya;finansial,"['Jalan Majapahit', 'Jalan Diponegoro']"
14003143457_14001473537_STOP159,0.8438,4,8,5,0.75,0.25,rekreasi;lainnya;katering,Jalan Surapati
14053088734_10184462928_STOP711,0.8125,3.75,8,4,0.625,0.25,katering;lainnya;komersial;finansial,Jalan Tanpa Nama
14053088734_6715130339_STOP133,0.6875,3.5,8,6,0.625,0.375,lainnya;komersial;katering,Jalan Buah Batu
14053088734_6715130339_STOP468,0.75,4,8,5,0.75,0.25,lainnya;komersial;finansial,Jalan Buah Batu
14053088734_6715130339_STOP711,0.8125,3.75,8,4,0.625,0.25,katering;lainnya;komersial;finansial,Jalan Buah Batu
1575311287_1083569114_STOP128,0.8438,3.75,8,3,0.625,0.25,komersial,Jalan Sarimanah
1575311287_1083569114_STOP391,0.6375,3,8,3,0.375,0.5,katering;komersial,Jalan Sarimanah
1575311287_1083569114_STOP629,0.625,4,8,3,0.75,0.25,komersial;lainnya,Jalan Sarimanah
1575311287_13097895693_STOP128,0.625,3.63,8,3,0.625,0.375,lainnya;komersial,Jalan Sariasih
1575311287_13097895693_STOP629,0.625,4,8,3,0.75,0.25,komersial;lainnya,Jalan Sariasih
1654067462_29356722_STOP352,0.8333,4.38,8,3,0.875,0.125,katering;kesehatan,Jalan Prof. Dr. Ir. Sutami
1654067462_29357241_STOP352,0.7,4.8,5,1,1,0,katering,Jalan Sukahaji
1654067462_29357241_STOP8,0.95,5,5,1,1,0,lainnya,Jalan Sukahaji
1655728948_12809046288_STOP404,0.75,3,8,2,0.5,0.5,katering;komersial,Jalan Dr. Setiabudi
1655728948_13136294320_STOP220,0.7396,4.25,8,3,1,0,katering;lainnya,Jalan Dr. Setiabudi
1655728948_13136294320_STOP404,0.75,3,8,2,0.5,0.5,katering;komersial,Jalan Dr. Setiabudi
1655728948_13136294320_STOP472,0.6042,3.25,8,4,0.5,0.375,katering;pendidikan;lainnya,Jalan Dr. Setiabudi
1655728948_13136294320_STOP473,0.5417,3.25,8,3,0.5,0.375,lainnya;pendidikan;katering,Jalan Dr. Setiabudi
1655728948_13136294320_STOP68,0.75,3,8,2,0.5,0.5,komersial;katering,Jalan Dr. Setiabudi
1658426552_11132665441_STOP241,0.7813,3.88,8,2,0.75,0.25,lainnya,Jalan Prof. Dr. Surya Soemantri
1658426552_12809283848_STOP241,0.7813,3.88,8,2,0.75,0.25,lainnya,Jalan Prof. Dr. Surya Soemantri
1658426557_29356793_STOP350,0.6875,4.25,8,3,0.875,0.125,lainnya;kesehatan,Jalan Lemah Neundeut
1658426557_29356793_STOP351,0.8125,4.5,8,3,0.875,0.125,kesehatan;lainnya,Jalan Lemah Neundeut
1658426557_29356793_STOP352,0.7083,4.5,8,3,0.875,0.125,katering;kesehatan;lainnya,Jalan Lemah Neundeut
1658431473_1658426552_STOP127,0.6042,2,8,3,0.25,0.75,katering,Jalan Prof. Dr. Surya Soemantri
1658431473_1658426552_STOP241,0.9875,4.88,8,3,1,0,lainnya,Jalan Prof. Dr. Surya Soemantri
1658431473_1658426552_STOP352,0.75,4.5,8,3,0.875,0.125,lainnya;katering;kesehatan,Jalan Prof. Dr. Surya Soemantri
1658431473_1658426557_STOP352,0.7083,4.5,8,3,0.875,0.125,katering;kesehatan;lainnya,Jalan Lemah Neundeut
1658431511_1666786352_STOP241,0.6563,4,8,3,0.75,0.25,komersial;lainnya,Jalan Cibogo
1658431511_1666786352_STOP489,0.8125,5,8,3,1,0,komersial;lainnya,Jalan Cibogo
1658431511_306334264_STOP127,0.75,3,8,4,0.5,0.5,lainnya;katering,Jalan Cibogo
1658431511_306334264_STOP129,0.65,4.25,8,3,0.75,0.125,katering;komersial,Jalan Cibogo
1658431511_306334264_STOP351,0.7083,4.25,8,3,0.75,0.125,katering;kesehatan,Jalan Cibogo
1658431511_306334264_STOP489,0.9125,4.5,8,3,0.875,0.125,lainnya,Jalan Cibogo
1658431511_5639376031_STOP489,0.775,4,8,3,0.75,0.25,lainnya;komersial,Jalan Cibogo
1658617590_11118207003_STOP241,0.7188,4.88,8,2,1,0,komersial;lainnya,Jalan Sukaraja
1658617590_29377716_STOP241,0.7188,4.88,8,2,1,0,komersial;lainnya,Jalan Sukaraja
1658617590_29377716_STOP489,0.65,4,8,3,0.75,0.25,komersial;lainnya,Jalan Sukaraja
1658919856_29427961_STOP72,0.875,5,8,3,1,0,komersial;lainnya,Jalan Layang Professor Mochtar Kusumaatmadja
1658919899_2325450642_STOP353,0.8438,4.38,8,3,0.875,0.125,komersial;lainnya,Jalan Cihampelas
1658919899_5334388861_STOP353,0.8438,4.38,8,3,0.875,0.125,komersial;lainnya,Jalan Tanpa Nama
1658919998_1658934307_STOP353,0.8438,4.38,8,3,0.875,0.125,lainnya;komersial,Jalan Layang Professor Mochtar Kusumaatmadja
1658919998_1658934307_STOP72,0.875,5,8,3,1,0,komersial;lainnya,Jalan Layang Professor Mochtar Kusumaatmadja
1658920028_2539998095_STOP123,0.7188,4.13,8,3,0.875,0.125,lainnya;katering;kesehatan,Jalan Pasteur
1658920028_2958261186_STOP123,0.6875,3.75,8,3,0.75,0.25,lainnya;katering,Jalan Pasteur
1658934307_1658934336_STOP353,0.8438,4.38,8,3,0.875,0.125,komersial;lainnya,Jalan Layang Professor Mochtar Kusumaatmadja
1658934307_2958261171_STOP123,0.6875,3.75,8,3,0.75,0.25,lainnya;katering,Jalan Layang Professor Mochtar Kusumaatmadja
1658934307_2958261171_STOP353,0.8958,5,8,3,1,0,kesehatan;komersial;lainnya,Jalan Layang Professor Mochtar Kusumaatmadja
1658934307_2958261171_STOP592,0.8333,4.38,8,3,0.875,0.125,komersial;lainnya,Jalan Layang Professor Mochtar Kusumaatmadja
1658934307_2958261171_STOP81,0.8125,3.38,8,4,0.625,0.375,lainnya;katering,Jalan Layang Professor Mochtar Kusumaatmadja
1658934336_1969331837_STOP353,0.8958,5,8,3,1,0,komersial;kesehatan;lainnya,Jalan Layang Professor Mochtar Kusumaatmadja
1658934336_2539986928_STOP353,0.8958,5,8,3,1,0,komersial;kesehatan;lainnya,Jalan Tanpa Nama
1658946837_2325450314_STOP81,0.6875,3.38,8,3,0.625,0.375,lainnya;kesehatan,Jalan Tanpa Nama
1658946837_2539998099_STOP81,0.6875,3.38,8,3,0.625,0.375,lainnya;kesehatan,Jalan Dr. Djunjunan
1658956030_5460926047_STOP125,0.8812,4.75,8,3,1,0,lainnya;katering,Jalan Dr. Djunjunan
1658956030_5460926047_STOP15,0.8958,4,8,3,0.75,0.25,lainnya;komersial,Jalan Dr. Djunjunan
1658956030_5460926047_STOP378,0.9125,4.25,8,4,0.875,0.125,katering;lainnya;komersial,Jalan Dr. Djunjunan
1658956030_5460926047_STOP490,0.8333,3.5,8,3,0.625,0.375,lainnya,Jalan Dr. Djunjunan
1658956030_5460926047_STOP630,0.8646,4.13,8,3,0.75,0.125,katering;lainnya,Jalan Dr. Djunjunan
1658958704_11124688730_STOP475,0.75,4,8,3,0.75,0.25,katering;finansial,Jalan HOS. Cokroaminoto
1658958704_11124688730_STOP82,0.7813,4.38,8,4,0.875,0.125,pendidikan;katering,Jalan HOS. Cokroaminoto
1658958704_11124688730_STOP83,0.7813,4.25,8,3,0.875,0.125,katering;lainnya;pendidikan,Jalan HOS. Cokroaminoto
1658976883_1658976885_STOP353,0.8958,5,8,3,1,0,komersial;kesehatan;lainnya,Jalan Tanpa Nama
1658976883_2325450642_STOP353,0.8958,5,8,3,1,0,komersial;kesehatan;lainnya,Jalan Pasteur
1658976885_2012565708_STOP353,0.8958,5,8,3,1,0,kesehatan;komersial;lainnya,Jalan Pasteur
1659928185_1659928189_STOP150,0.9063,5,8,2,1,0,kesehatan;lainnya,Jalan Tanpa Nama
1659928185_320093965_STOP150,0.875,5,8,2,1,0,kesehatan;katering,Jalan Dr. Setiabudi
1659928187_1659928189_STOP150,0.9063,5,8,2,1,0,lainnya;kesehatan,Jalan Hegarmanah
1659928187_1659928189_STOP628,0.9063,5,8,3,1,0,lainnya;katering,Jalan Hegarmanah
1659928187_2037649963_STOP628,0.6042,2.63,8,3,0.375,0.625,lainnya;katering,Jalan Hegarmanah
1659928187_2037649964_STOP628,0.6042,2.63,8,3,0.375,0.625,katering;lainnya,Jalan Cisatu 1
1659928189_1659928187_STOP150,0.9063,5,8,2,1,0,lainnya;kesehatan,Jalan Hegarmanah
1659928189_1659928187_STOP628,0.9063,5,8,3,1,0,lainnya;katering,Jalan Hegarmanah
1659928189_320093965_STOP150,0.875,5,8,2,1,0,kesehatan;katering,Jalan Hegarmanah
1660110851_1660130531_STOP66,0.9375,4.5,8,2,0.875,0.125,lainnya;katering,Jalan Siliwangi
1660110851_29359106_STOP164,0.75,4.5,8,3,0.875,0.125,lainnya,Jalan Siliwangi
1660110851_29359106_STOP166,0.7083,3.75,8,3,0.625,0.25,lainnya;rekreasi,Jalan Siliwangi
1660110851_29359106_STOP233,0.75,4.88,8,4,1,0,lainnya,Jalan Siliwangi
1660110851_29359106_STOP66,0.8333,4.25,8,3,0.75,0.125,rekreasi;katering;lainnya,Jalan Siliwangi
1660110858_1660116944_STOP66,0.9375,4.5,8,2,0.875,0.125,lainnya;katering,Jalan Ciumbuleuit
1660110858_3376673094_STOP66,0.9375,4.5,8,3,0.875,0.125,lainnya;katering,Jalan Cihampelas
1660116942_1660110851_STOP66,0.9375,4.5,8,2,0.875,0.125,lainnya;katering,Jalan Siliwangi
1660116942_1660130531_STOP66,0.9375,4.5,8,2,0.875,0.125,lainnya;katering,Jalan Ciumbuleuit
1660116944_1660116942_STOP66,0.9375,4.5,8,2,0.875,0.125,lainnya;katering,Jalan Siliwangi
1660116944_2316743959_STOP66,0.9375,5,8,2,1,0,lainnya;katering,Jalan Ciumbuleuit
1660130531_1660110858_STOP66,0.9375,4.5,8,2,0.875,0.125,lainnya;katering,Jalan Siliwangi
1660253697_1660260879_STOP169,0.75,4,8,4,0.75,0.25,lainnya;kesehatan;komersial,Jalan Tanpa Nama
1660253697_5825261667_STOP169,0.875,4.5,8,3,0.875,0.125,lainnya;kesehatan;finansial,Jalan Cikapayang
1660260878_8913742090_STOP723,0.7396,4,8,3,0.75,0.125,finansial;lainnya,Jalan Surapati
1660260879_1660253697_STOP169,0.8125,4,8,3,0.75,0.25,kesehatan;lainnya;komersial,Jalan Tanpa Nama
1660260879_2958252669_STOP169,0.8125,4,8,3,0.75,0.25,kesehatan;lainnya;komersial,Jalan Cikapayang
1660260879_2958252669_STOP354,0.75,4,8,4,0.75,0.25,pendidikan;lainnya;komersial,Jalan Cikapayang
1660260881_9895279782_STOP163,0.8125,4.5,8,3,0.875,0.125,katering;finansial,Jalan Prabu Dimuntur
1660260881_9895279782_STOP723,0.679,3.5,8,3,0.625,0.25,lainnya;katering,Jalan Prabu Dimuntur
1660264881_1660289600_STOP393,0.7813,3.38,8,4,0.625,0.375,katering;lainnya;komersial,Jalan Surapati
1660264881_6637726062_STOP171,0.7,4.13,8,3,0.75,0.125,lainnya,Jalan Surapati
1660264881_6637726062_STOP328,0.6875,3.38,8,3,0.625,0.375,komersial;lainnya,Jalan Surapati
1660264881_6637726062_STOP348,0.6875,4.63,8,3,0.875,0,lainnya;komersial,Jalan Surapati
1660264881_6637726062_STOP393,0.7813,3.38,8,4,0.625,0.375,lainnya;katering;komersial,Jalan Surapati
1660264881_6637726062_STOP523,0.5868,3.38,8,2,0.5,0.25,lainnya,Jalan Surapati
1660264881_6637726062_STOP524,0.6875,4.5,8,2,0.875,0.125,komersial,Jalan Surapati
1660264881_6637726062_STOP608,0.625,2.5,8,3,0.375,0.625,komersial;lainnya,Jalan Surapati
1660289594_1660260878_STOP159,0.625,3.38,8,4,0.625,0.375,lainnya;finansial;komersial;katering,Jalan Surapati
1660289594_1660260878_STOP723,0.75,3.88,8,3,0.75,0.25,finansial;lainnya;katering,Jalan Surapati
1660289595_5832175149_STOP393,0.7813,3.88,8,4,0.75,0.25,lainnya;katering;rekreasi,Jalan Sentot Alibasyah
1660289600_11138680823_STOP393,0.7813,3.38,8,4,0.625,0.375,lainnya;katering;komersial,Jalan Surapati
1660289600_1660289595_STOP393,0.7813,3.38,8,4,0.625,0.375,lainnya;katering;komersial,Jalan Tanpa Nama
1660289601_1660260878_STOP159,0.6042,3.38,8,4,0.625,0.375,lainnya;rekreasi;komersial;katering,Jalan Surapati
1660289601_1660260878_STOP723,0.75,4.88,8,3,1,0,finansial;katering;lainnya,Jalan Surapati
1660290286_12820446796_STOP393,0.7813,3.88,8,4,0.75,0.25,rekreasi;lainnya;katering,Jalan Sentot Alibasyah
1660290286_5832175149_STOP393,0.7813,3.88,8,4,0.75,0.25,rekreasi;lainnya;katering,Jalan Tanpa Nama
1662376584_1662376790_STOP591,0.8125,4,8,4,0.75,0.25,komersial;lainnya;katering,Jalan Ir. H. Djuanda
1662376718_1662376948_STOP591,0.8125,4.5,8,3,0.875,0.125,katering;lainnya;komersial,Jalan Tanpa Nama
1662376718_2325448480_STOP591,0.8125,4.5,8,3,0.875,0.125,katering;lainnya;komersial,Jalan Ir. H. Djuanda
1662376726_12816121757_STOP23,0.9375,4.38,8,3,0.75,0.125,lainnya;katering,Jalan Ir. H. Djuanda
1662376726_12816121757_STOP24,0.9375,4.38,8,3,0.75,0.125,lainnya;katering,Jalan Ir. H. Djuanda
1662376726_12816121757_STOP25,0.875,4.63,8,3,0.875,0.125,lainnya;katering,Jalan Ir. H. Djuanda
1662376726_28382767_STOP25,0.6667,4.63,8,3,0.875,0,lainnya,Jalan Tanpa Nama
1662376790_1662376726_STOP25,0.6667,4.63,8,3,0.875,0,lainnya,Jalan Ir. H. Djuanda
1662376790_1662376726_STOP32,0.7964,4.13,8,3,0.75,0.25,lainnya;katering,Jalan Ir. H. Djuanda
1662376790_1662376726_STOP33,0.875,5,8,3,1,0,lainnya,Jalan Ir. H. Djuanda
1662376790_1662376726_STOP541,0.6667,4.63,8,3,0.875,0,lainnya,Jalan Ir. H. Djuanda
1662376790_28382653_STOP32,0.75,4,8,4,0.75,0.25,komersial;katering,Jalan Tanpa Nama
1662376948_10151612728_STOP265,0.6875,3,8,2,0.5,0.5,katering;lainnya,Jalan Ir. H. Djuanda
1662376948_10151612728_STOP591,0.8125,4.5,8,3,0.875,0.125,katering;lainnya;komersial,Jalan Ir. H. Djuanda
1663274645_25448847_STOP514,0.825,4,8,3,0.75,0.25,katering;kesehatan,Teuku Umar
1663274645_6639639833_STOP514,0.8625,4.38,8,2,0.875,0.125,katering;lainnya,Jalan Ir. H. Djuanda
1663274645_6639639833_STOP600,0.8625,4.38,8,2,0.875,0.125,lainnya;katering,Jalan Ir. H. Djuanda
1663274703_1857160713_STOP163,0.7813,4.5,8,4,0.875,0.125,katering;komersial;lainnya;finansial,Jalan Surapati
1663274703_1857160713_STOP723,0.6165,3.25,8,3,0.5,0.25,lainnya,Jalan Surapati
1663274709_3277469066_STOP163,0.8125,4.5,8,3,0.875,0.125,komersial;finansial,Jalan Dipatiukur
1663274712_1663274709_STOP163,0.8125,4.5,8,3,0.875,0.125,finansial;komersial,Jalan Dipatiukur
1663274712_5463988176_STOP163,0.8125,4.5,8,3,0.875,0.125,finansial;komersial,Jalan Ir. H. Djuanda
1663274762_11303467322_STOP600,0.9125,4.38,8,3,0.875,0.125,lainnya;katering,Jalan Ir. H. Djuanda
1663274768_10703340254_STOP265,0.5313,2.13,8,3,0.25,0.625,lainnya,Jalan Ir. H. Djuanda
1663274768_1956570020_STOP265,0.9375,4.75,8,3,0.875,0,katering;kesehatan;lainnya,Jalan Dayang Sumbi
1663274768_1956570020_STOP519,0.9375,5,8,3,1,0,katering;kesehatan;lainnya,Jalan Dayang Sumbi
1663274768_5465993094_STOP265,0.7188,3.25,8,3,0.5,0.375,katering;lainnya,Jalan Dayang Sumbi
1663283377_7669230602_STOP373,0.8958,4.38,8,3,0.875,0.125,lainnya;finansial;komersial,Jalan Ir. H. Djuanda
1663283377_7669230602_STOP672,0.8333,3.88,8,4,0.75,0.25,lainnya;komersial;katering,Jalan Ir. H. Djuanda
1663283380_1663283377_STOP672,0.8333,3.88,8,4,0.75,0.25,lainnya;komersial;katering,Jalan Tanpa Nama
1663283380_6622030454_STOP672,0.8333,3.88,8,4,0.75,0.25,lainnya;komersial;katering,Jalan Ir. H. Djuanda
1664487744_12813271265_STOP604,0.875,4.25,8,3,0.75,0.125,kesehatan;lainnya,Jalan Cipamokolan
1664487744_3272718018_STOP452,0.5625,2.63,8,3,0.25,0.625,komersial,Jalan Cipamokolan
1664487744_3272718018_STOP604,0.75,4,8,3,0.75,0.25,komersial;lainnya;kesehatan,Jalan Cipamokolan
1664487744_3272718018_STOP605,0.6875,2.75,8,3,0.375,0.625,lainnya;komersial,Jalan Cipamokolan
1664487744_6413894757_STOP361,0.6458,3.63,8,3,0.625,0.25,katering;lainnya,Jalan Tanpa Nama
1664487744_6413894757_STOP604,0.8125,4.5,8,3,0.875,0.125,komersial;lainnya,Jalan Tanpa Nama
1664487744_6413894757_STOP605,0.7188,4.5,8,3,0.875,0.125,lainnya;komersial,Jalan Tanpa Nama
1666231704_12809283839_STOP18,0.8125,2.63,8,3,0.375,0.625,katering;lainnya,Jalan Gunung Batu
1666231704_12809283839_STOP486,0.9375,4.88,8,2,1,0,lainnya,Jalan Gunung Batu
1666231704_2628299951_STOP18,0.8333,2.63,8,3,0.375,0.625,katering,Jalan Jend. H. Amir Machmud
1666277222_29377560_STOP518,0.7813,4.5,8,3,0.875,0.125,lainnya;katering,Jalan Garuda
1666277222_29377560_STOP775,0.75,3.38,8,4,0.625,0.375,finansial;lainnya;komersial,Jalan Garuda
1666277222_6442486339_STOP773,0.6875,3.38,8,4,0.625,0.375,komersial;lainnya;finansial,Jalan Layang Nurtanio
1666277222_6442486339_STOP774,0.8125,4.5,8,3,0.875,0.125,lainnya;komersial;katering,Jalan Layang Nurtanio
1666277222_6442486339_STOP775,0.75,3.38,8,4,0.625,0.375,finansial;lainnya;komersial,Jalan Layang Nurtanio
1666277222_9642166986_STOP773,0.6875,3.38,8,4,0.625,0.375,komersial;lainnya;finansial,Jalan Garuda
1666277222_9642166986_STOP775,0.75,3.38,8,4,0.625,0.375,finansial;lainnya;komersial,Jalan Garuda
1666714153_5842007853_STOP174,0.625,3.75,8,3,0.625,0.25,rekreasi;lainnya,Jalan Supratman
1666714175_10173705736_STOP575,0.875,4.5,8,3,0.875,0.125,kesehatan;katering;pendidikan,"['Jalan Diponegoro', 'Jalan Supratman']"
1666714175_10173705736_STOP74,1,4.63,8,3,0.875,0.125,kesehatan;katering,"['Jalan Diponegoro', 'Jalan Supratman']"
1666714175_1666714186_STOP74,1,4.63,8,3,0.875,0.125,kesehatan;katering,Jalan Tanpa Nama
1666714186_11707030831_STOP74,0.8958,5,8,2,1,0,kesehatan;katering,Jalan Supratman
1666714186_1666714175_STOP74,1,4.63,8,3,0.875,0.125,kesehatan;katering,Jalan Tanpa Nama
1666747506_1849525968_STOP567,0.7083,4,8,3,0.75,0.25,lainnya;kesehatan;katering,Jalan Taman Citarum
1666747516_10173705737_STOP575,0.75,4.13,8,5,0.75,0.25,katering;kesehatan;lainnya;komersial,Jalan Citarum
1666747516_2519917288_STOP575,0.8125,4.13,8,4,0.75,0.25,katering;kesehatan;komersial,Jalan Tanpa Nama
1666747518_25450505_STOP576,0.8021,4.25,8,3,0.75,0.125,lainnya;katering;kesehatan,Jalan Citarum
1666786347_1666786352_STOP241,0.7813,3.88,8,2,0.75,0.25,lainnya,Jalan Cibogo
1666786347_5460926051_STOP241,0.7813,3.88,8,2,0.75,0.25,lainnya,Jalan Prof. Dr. Surya Soemantri
1666786352_1658431511_STOP241,0.6563,4,8,3,0.75,0.25,komersial;lainnya,Jalan Cibogo
1666786352_1658431511_STOP489,0.8125,5,8,3,1,0,komersial;lainnya,Jalan Cibogo
1666786352_5460926051_STOP241,0.7813,3.88,8,2,0.75,0.25,lainnya,Jalan Cibogo
1667742416_1667742500_STOP202,0.7917,3.5,8,3,0.625,0.375,komersial;lainnya,Jalan Sekejati
1667742416_1667742500_STOP445,0.6563,3.38,8,2,0.625,0.375,finansial;komersial,Jalan Sekejati
1667742416_9198770125_STOP444,0.7292,2.75,8,4,0.375,0.5,lainnya,Jalan H. Ibrahim Adjie
1667742416_9198770125_STOP445,0.6979,4.5,8,2,0.875,0.125,lainnya;komersial,Jalan H. Ibrahim Adjie
1667742500_1667742416_STOP200,0.6875,3.38,8,3,0.5,0.375,komersial;lainnya,Jalan Sekejati
1667742500_1667742416_STOP202,0.7917,3.5,8,3,0.625,0.375,komersial;lainnya,Jalan Sekejati
1667742500_3272226044_STOP200,0.625,3.75,8,3,0.625,0.25,lainnya;komersial,Jalan Sekejati
1667742500_3272226044_STOP439,0.75,3.63,8,3,0.625,0.375,pendidikan;lainnya;finansial,Jalan Sekejati
1667742500_3272226044_STOP440,0.875,3.5,8,4,0.625,0.375,pendidikan;finansial;lainnya,Jalan Sekejati
1667742500_3272226044_STOP830,0.6875,4.25,8,3,0.75,0.125,lainnya;katering,Jalan Sekejati
1667742500_5825223577_STOP200,0.6875,3.38,8,3,0.5,0.375,komersial;lainnya,"['Jalan Papanggungan', 'Jalan Jenderal Gatot Subroto']"
1667742500_5825223577_STOP202,0.8125,3.13,8,4,0.5,0.5,komersial;lainnya,"['Jalan Papanggungan', 'Jalan Jenderal Gatot Subroto']"
1667742500_5825223577_STOP203,0.6875,2.13,8,4,0.25,0.75,komersial;lainnya,"['Jalan Papanggungan', 'Jalan Jenderal Gatot Subroto']"
1667742500_5825223577_STOP447,0.5833,2.5,8,3,0.375,0.625,lainnya;kesehatan,"['Jalan Papanggungan', 'Jalan Jenderal Gatot Subroto']"
1667742500_5825223577_STOP609,0.5,1.5,8,2,0,0.75,komersial;lainnya,"['Jalan Papanggungan', 'Jalan Jenderal Gatot Subroto']"
1667742500_5825223577_STOP831,0.625,3.75,8,4,0.625,0.25,katering;komersial;lainnya,"['Jalan Papanggungan', 'Jalan Jenderal Gatot Subroto']"
1675261401_12809046288_STOP404,0.75,3,8,2,0.5,0.5,katering;komersial,Jalan Geger Kalong Hilir
1675261401_1390997943_STOP404,0.75,3,8,2,0.5,0.5,katering;komersial,Jalan Geger Kalong Hilir
1675261401_1655728948_STOP404,0.75,3,8,2,0.5,0.5,katering;komersial,Jalan Tanpa Nama
1675261406_12809046288_STOP404,0.8125,3.88,8,3,0.75,0.25,katering;komersial,Jalan Dr. Setiabudi
1675261406_1675261401_STOP404,0.8125,3.88,8,3,0.75,0.25,katering;komersial,Jalan Tanpa Nama
1675261406_2325438077_STOP404,0.875,4,8,2,0.75,0.125,katering;komersial,Jalan Dr. Setiabudi
1675261406_2325438077_STOP479,0.8542,4.5,8,3,0.875,0,lainnya;katering;komersial,Jalan Dr. Setiabudi
1676070938_29357243_STOP473,0.6875,4.38,8,3,0.875,0.125,lainnya,"['Jalan Pak Gatot Raya', 'Jalan Gegerkalong Girang']"
1676070938_29357243_STOP8,0.8187,4.5,8,3,0.75,0,pendidikan;lainnya,"['Jalan Pak Gatot Raya', 'Jalan Gegerkalong Girang']"
1676070938_6627215624_STOP473,0.625,4.38,8,2,0.875,0.125,lainnya,Jalan Dr. Setiabudi
1681303075_35136034_STOP16,0.6563,1.75,8,2,0.125,0.75,lainnya,Jalan Jenderal Ahmad Yani
1681348740_295555957_STOP146,0.9375,5,8,2,1,0,lainnya;finansial,Jalan Padasuka
1681348740_5391571111_STOP146,0.9375,5,8,2,1,0,lainnya;finansial,Jalan PH. H. Mustofa
1681348740_5391571111_STOP627,0.875,4.75,8,3,0.875,0,komersial;lainnya,Jalan PH. H. Mustofa
1706564149_11149984611_STOP483,0.7143,4,8,4,0.75,0.125,katering;lainnya,Bundaran Rajiman
1708607132_312086670_STOP233,0.5938,4.38,8,3,0.875,0.125,lainnya;katering,"['Jalan Cisitu Lama VIII', 'Jalan Cisitu Lama']"
1708607132_312086670_STOP618,0.6875,4,8,4,0.75,0.25,katering;finansial;lainnya,"['Jalan Cisitu Lama VIII', 'Jalan Cisitu Lama']"
1708607132_5444615172_STOP618,0.6875,4.5,8,3,0.875,0.125,katering;lainnya;komersial,Jalan Cisitu Indah
1708607132_5463827264_STOP591,0.875,4.5,8,3,0.875,0.125,lainnya;komersial;katering,"['Jalan Cisitu Lama VIII', 'Jalan Dago Asri Raya', 'Jalan Alpina', 'Jalan Dago Asri IV']"
1708607132_5463827264_STOP618,0.625,4.5,8,3,0.875,0.125,katering;lainnya,"['Jalan Cisitu Lama VIII', 'Jalan Dago Asri Raya', 'Jalan Alpina', 'Jalan Dago Asri IV']"
1746299906_30236623_STOP25,0.8125,5,8,3,1,0,katering;lainnya,"['Jalan Cigadung Raya Barat', 'Jalan Cikondang', 'Jalan Raya Golf', 'Jalan Cibeunying Kolot I', 'Jalan Ir. H. Djuanda']"
1746299906_30236623_STOP541,0.7083,4.5,8,4,0.875,0.125,lainnya;katering,"['Jalan Cigadung Raya Barat', 'Jalan Cikondang', 'Jalan Raya Golf', 'Jalan Cibeunying Kolot I', 'Jalan Ir. H. Djuanda']"
1746299906_30236623_STOP808,0.9375,5,8,2,1,0,komersial;lainnya,"['Jalan Cigadung Raya Barat', 'Jalan Cikondang', 'Jalan Raya Golf', 'Jalan Cibeunying Kolot I', 'Jalan Ir. H. Djuanda']"
1746299906_312524188_STOP23,0.9375,4.38,8,3,0.75,0.125,lainnya;katering,Jalan Ir. H. Djuanda
1773328595_11132665440_STOP241,0.7813,3.88,8,2,0.75,0.25,lainnya,Jalan Dr. Djunjunan
1773328595_1658617590_STOP241,0.7813,3.88,8,2,0.75,0.25,lainnya,Jalan Sukaraja
1777901379_1831360476_STOP29,0.7083,3.63,8,3,0.625,0.375,lainnya;komersial,Jalan Pungkur
1777901379_1831360476_STOP411,0.7292,3,8,3,0.5,0.5,komersial;lainnya;kesehatan,Jalan Pungkur
1777901379_1831360483_STOP411,0.8125,4,8,3,0.75,0.25,komersial;pendidikan;lainnya,Jalan Pungkur
1777901379_2746818952_STOP29,0.7083,3.63,8,3,0.625,0.375,lainnya;komersial,Jalan Mochammad Ramdhan
1777901379_2746818952_STOP411,0.7708,3,8,4,0.5,0.5,lainnya;komersial;pendidikan,Jalan Mochammad Ramdhan
1777901379_3277353721_STOP411,0.8333,4,8,3,0.75,0.25,komersial;pendidikan;kesehatan,Jalan Mochammad Ramdhan
1777901409_1777901448_STOP644,0.8125,4.13,8,5,0.75,0.25,lainnya;komersial,Jalan Kancra
1777901409_1831360483_STOP412,0.8125,4.13,8,5,0.75,0.25,komersial;lainnya,Jalan Cilentah
1777901409_1831360483_STOP644,0.8125,4.13,8,5,0.75,0.25,lainnya;komersial,Jalan Cilentah
1777901409_1831360483_STOP801,0.875,5,8,5,1,0,lainnya;komersial;pendidikan,Jalan Cilentah
1777901409_6435730317_STOP644,0.6875,4,8,3,0.75,0.25,katering;lainnya,Jalan Kancra
1777901409_6435730317_STOP645,0.6875,3.25,8,2,0.5,0.5,komersial;lainnya,Jalan Kancra
1777901448_1777901409_STOP412,0.8125,4.13,8,4,0.75,0.25,lainnya;komersial;kesehatan,Jalan Kancra
1777901448_1777901409_STOP644,0.8125,4.13,8,5,0.75,0.25,lainnya;komersial,Jalan Kancra
1777901448_1982390351_STOP412,0.8125,5,8,4,1,0,komersial;lainnya;kesehatan,Jalan Buah Batu
1777901457_1831360483_STOP411,0.8125,4,8,3,0.75,0.25,pendidikan;komersial;lainnya,Jalan Cilentah
1831360476_1014722265_STOP29,0.7083,3.63,8,3,0.625,0.375,komersial;lainnya,Jalan Pungkur
1831360476_1014722265_STOP30,0.75,3.75,8,3,0.625,0.25,lainnya;komersial,Jalan Pungkur
1831360476_1014722265_STOP470,0.8125,4,8,2,0.75,0.25,finansial;lainnya,Jalan Pungkur
1831360476_1777901379_STOP29,0.7083,3.63,8,3,0.625,0.375,lainnya;komersial,Jalan Pungkur
1831360476_1777901379_STOP411,0.7292,3,8,4,0.5,0.5,komersial;lainnya;pendidikan;kesehatan,Jalan Pungkur
1831360476_29489138_STOP29,0.7083,3.63,8,3,0.625,0.375,lainnya;komersial,Jalan Ibu Inggit Ganarsih
1831360483_1777901379_STOP411,0.8125,4,8,3,0.75,0.25,komersial;pendidikan;lainnya,Jalan Pungkur
1831360483_1777901379_STOP801,0.8125,4,8,3,0.75,0.25,pendidikan;lainnya;komersial,Jalan Pungkur
1831360483_1777901409_STOP412,0.8125,4.13,8,5,0.75,0.25,komersial;lainnya;pendidikan,Jalan Cilentah
1831360483_1777901409_STOP644,0.8125,4.13,8,5,0.75,0.25,lainnya;komersial,Jalan Cilentah
1831360483_1777901409_STOP801,0.875,4.5,8,5,0.875,0.125,lainnya;pendidikan;komersial,Jalan Cilentah
1831360483_1777901457_STOP801,0.8125,4,8,3,0.75,0.25,pendidikan;lainnya;komersial,Jalan Cilentah
1837401635_5355823339_STOP110,0.7083,2.88,8,2,0.5,0.5,katering;komersial,Jalan Astana Anyar
1837401635_5355823341_STOP110,0.7083,2.88,8,2,0.5,0.5,katering;komersial,Jalan Panjunan
1837401639_12606431207_STOP113,0.8333,4,8,3,0.75,0.25,lainnya;kesehatan,Jalan Kebon Jati
1837401639_12606431207_STOP289,0.75,5,8,2,1,0,kesehatan,Jalan Kebon Jati
1837401639_12606431207_STOP599,0.9375,5,8,3,1,0,lainnya;katering,Jalan Kebon Jati
1837401642_1837401645_STOP223,0.6875,4,8,3,0.75,0.25,komersial,Jalan Cibadak
1837401642_1837401645_STOP276,0.625,3.75,8,3,0.75,0.25,kesehatan;lainnya;komersial,Jalan Cibadak
1837401642_1837401645_STOP437,0.7083,3.63,8,3,0.75,0.25,lainnya;kesehatan,Jalan Cibadak
1837401642_1837401675_STOP437,0.6458,4.13,8,3,0.875,0.125,katering;lainnya,Jalan Astana Anyar
1837401642_1911634930_STOP109,0.875,4.38,8,3,0.875,0.125,komersial,Jalan Astana Anyar
1837401642_1911634930_STOP437,0.6875,4.25,8,3,0.875,0.125,lainnya;katering,Jalan Astana Anyar
1837401645_1837401639_STOP223,0.8438,3.88,8,3,0.75,0.25,finansial;katering;lainnya,Jalan Kelenteng
1837401645_1837401639_STOP599,0.875,4.5,8,3,0.875,0.125,komersial;lainnya,Jalan Kelenteng
1837401645_1837401642_STOP223,0.75,4,8,4,0.75,0.25,komersial;finansial,Jalan Cibadak
1837401645_1837401642_STOP276,0.625,3.75,8,3,0.75,0.25,kesehatan;lainnya;komersial,Jalan Cibadak
1837401645_1837401642_STOP437,0.7083,3.63,8,3,0.75,0.25,lainnya;kesehatan,Jalan Cibadak
1837401645_4434330182_STOP223,0.7813,3.88,8,3,0.75,0.25,finansial;katering;komersial,Jalan Jendral Sudirman
1837401645_4434330182_STOP278,0.75,2.88,8,2,0.5,0.5,lainnya;finansial,Jalan Jendral Sudirman
1837401645_4434330182_STOP301,0.7292,3.5,8,3,0.625,0.375,komersial,Jalan Jendral Sudirman
1837401646_11380591251_STOP30,0.6875,4.25,8,3,0.75,0.125,lainnya;komersial,Jalan Pungkur
1837401646_11380591251_STOP308,0.8125,5,8,3,1,0,komersial;katering,Jalan Pungkur
1837401646_11739021643_STOP269,0.7708,3.13,8,3,0.5,0.5,komersial,Jalan Otto Iskandardinata
1837401646_11739021643_STOP308,0.8125,4.88,8,3,1,0,katering;finansial;komersial,Jalan Otto Iskandardinata
1837401646_11739021643_STOP616,0.8,3.63,8,3,0.625,0.375,lainnya;komersial;finansial,Jalan Otto Iskandardinata
1837401655_1837401635_STOP110,0.7083,2.88,8,2,0.5,0.5,katering;komersial,Jalan Astana Anyar
1837401655_1837401635_STOP111,0.6458,3.38,8,3,0.625,0.375,katering;komersial,Jalan Astana Anyar
1837401657_25446445_STOP286,0.6771,4.5,8,2,0.875,0.125,katering,Jalan Rajawali Timur
1837401657_25446445_STOP287,0.75,4.5,8,5,0.875,0.125,komersial;lainnya,Jalan Rajawali Timur
1837401657_29377560_STOP286,0.5938,4,8,2,0.75,0.25,lainnya;katering,Jalan Garuda
1837401657_29377560_STOP518,0.7188,4.5,8,2,0.875,0.125,lainnya;katering,Jalan Garuda
1837401657_29377560_STOP779,0.7188,4.5,8,2,0.875,0.125,katering;lainnya,Jalan Garuda
1837401657_6616544861_STOP280,0.75,4,8,4,0.75,0.25,rekreasi;katering;kesehatan,Jalan Garuda
1837401657_6616544861_STOP286,0.7708,4,8,3,0.75,0.25,katering;lainnya,Jalan Garuda
1837401665_4434330186_STOP301,0.6042,3,8,3,0.375,0.375,komersial;finansial,Jalan Jamika
1837401665_6475102309_STOP301,0.6042,3,8,3,0.375,0.375,komersial;finansial,Jalan Jendral Sudirman
1837401667_2614138774_STOP271,0.75,3.88,8,2,0.75,0.25,finansial;komersial,Jalan Kyai Haji Wahid Hasyim
1837401667_5355765058_STOP271,0.75,3.88,8,2,0.75,0.25,finansial;komersial,Jalan Peta
1837401667_7540370583_STOP271,0.75,3.88,8,2,0.75,0.25,finansial;komersial,Jalan Kyai Haji Wahid Hasyim
1837401675_12028030824_STOP199,0.9375,5,8,3,1,0,komersial;lainnya,Jalan Gardujati
1837401675_1837401642_STOP199,0.7083,4.38,8,3,0.875,0.125,katering;lainnya,Jalan Astana Anyar
1837401675_1837401642_STOP437,0.7458,4.38,8,3,0.875,0.125,katering;lainnya,Jalan Astana Anyar
1837401675_1837401645_STOP199,0.7083,4.38,8,3,0.875,0.125,katering;lainnya,Jalan Jendral Sudirman
1837401675_1837401645_STOP223,0.6875,4,8,3,0.75,0.25,komersial,Jalan Jendral Sudirman
1837401675_1837401645_STOP276,0.7708,5,8,3,1,0,kesehatan;katering;lainnya,Jalan Jendral Sudirman
1837401676_2325453369_STOP309,0.8125,5,8,3,1,0,lainnya,Jalan Peta
1837401676_6621856656_STOP309,0.8125,5,8,3,1,0,lainnya;komersial,Jalan Otto Iskandardinata
1847944841_5356356914_STOP670,0.679,3.25,8,3,0.5,0.25,lainnya;katering,Jalan Trunojoyo
1847944841_5356356915_STOP670,0.6165,3.25,8,3,0.5,0.25,lainnya,Jalan Diponegoro
1847944841_5356356915_STOP687,0.6165,3.25,8,3,0.5,0.25,lainnya,Jalan Diponegoro
1847944841_6445777003_STOP669,0.6373,3.25,8,3,0.5,0.25,lainnya;finansial,Jalan Diponegoro
1847944841_6445777003_STOP670,0.6165,3.25,8,3,0.5,0.25,lainnya,Jalan Diponegoro
1849525794_11107827260_STOP543,0.8125,3.88,8,2,0.75,0.25,katering;finansial,Jalan Naripan
1849525794_11107827260_STOP658,1,5,8,2,1,0,kesehatan;komersial,Jalan Naripan
1849525794_11107827260_STOP701,0.8125,3.5,8,2,0.625,0.375,finansial;katering,Jalan Naripan
1849525794_11107827260_STOP713,0.7917,2.5,8,3,0.375,0.625,finansial,Jalan Naripan
1849525794_2325452463_STOP297,0.75,4.63,8,3,0.875,0,komersial;katering,Jalan Naripan
1849525794_2325452463_STOP658,1,5,8,2,1,0,kesehatan;komersial,Jalan Naripan
1849525794_2325452463_STOP702,0.875,5,8,3,1,0,katering;komersial,Jalan Naripan
1849525794_3375103669_STOP658,1,5,8,2,1,0,kesehatan;komersial,Jalan Sunda
1849525794_3375103669_STOP702,1,5,8,2,1,0,komersial;kesehatan,Jalan Sunda
1849525810_2035792342_STOP682,0.9375,4.5,8,2,0.875,0.125,lainnya;finansial,Jalan Sumatra
1849525810_5841953280_STOP26,0.875,4,8,2,0.75,0.25,finansial;lainnya,Jalan Sumatra
1849525810_5841953280_STOP682,0.9375,4.5,8,2,0.875,0.125,lainnya;finansial,Jalan Sumatra
1849525812_10173744438_STOP506,0.7917,4.63,8,3,1,0,lainnya;pendidikan,Jalan Bangka
1849525812_10173744438_STOP556,0.7917,4.75,8,4,1,0,lainnya;pendidikan,Jalan Bangka
1849525812_10173744438_STOP661,0.7667,4.63,8,3,1,0,pendidikan;lainnya,Jalan Bangka
1849525812_10173744438_STOP697,0.8125,4.38,8,3,0.875,0.125,lainnya;kesehatan;finansial,Jalan Bangka
1849525812_1849525958_STOP697,0.8125,4.38,8,3,0.875,0.125,lainnya;kesehatan;finansial,Jalan Gudang Utara
1849525812_25433463_STOP659,0.875,4.5,8,3,0.875,0.125,kesehatan;finansial;lainnya,Jalan Bangka
1849525812_25433463_STOP697,0.8125,4.5,8,3,0.875,0.125,kesehatan;finansial;lainnya,Jalan Bangka
1849525827_1849525979_STOP671,0.7917,4.88,8,4,1,0,katering;lainnya,Jalan Sultan Tirtayasa
1849525827_1849525979_STOP805,0.7708,3.88,8,2,0.75,0.25,komersial;katering,Jalan Sultan Tirtayasa
1849525827_2520649143_STOP805,0.7292,3.75,8,3,0.75,0.25,katering;pendidikan;komersial,Jalan Bahureksa
1849525827_25434520_STOP558,0.9375,4,8,3,0.75,0.125,kesehatan;lainnya;komersial,Jalan Bahureksa
1849525827_25434520_STOP805,0.8542,3.63,8,2,0.625,0.25,lainnya;komersial,Jalan Bahureksa
1849525851_12096324721_STOP293,0.75,5,8,2,1,0,lainnya;kesehatan,Jalan Tamblong
1849525851_12096324721_STOP341,0.6875,4.5,8,3,0.875,0.125,lainnya;kesehatan,Jalan Tamblong
1849525851_12096324721_STOP414,0.7083,4.5,8,3,0.875,0.125,katering;lainnya,Jalan Tamblong
1849525851_3374033499_STOP293,0.75,5,8,2,1,0,lainnya;kesehatan,Jalan Lembong
1849525851_3374033499_STOP414,0.7083,4.5,8,3,0.875,0.125,katering;lainnya,Jalan Lembong
1849525862_11727886518_STOP155,0.8958,4,8,3,0.75,0.25,komersial;lainnya,Jalan Banda
1849525862_11727886518_STOP564,0.875,4.63,8,3,0.875,0.125,finansial;lainnya;komersial,Jalan Banda
1849525862_1896207944_STOP155,0.7842,3.88,8,3,0.75,0.25,lainnya;komersial,Jalan Banda
1849525862_7669230599_STOP155,0.8021,3.38,8,3,0.5,0.375,komersial;kesehatan;lainnya,Jalan Ambon
1849525862_7669230599_STOP283,0.8021,3.5,8,3,0.5,0.375,kesehatan;rekreasi;komersial,Jalan Ambon
1849525862_7669230599_STOP684,0.875,4.25,8,6,0.75,0.125,rekreasi;lainnya;katering,Jalan Ambon
1849525877_1849525950_STOP212,1,5,8,2,1,0,lainnya,Jalan Gudang Utara
1849525877_1849525950_STOP89,0.9375,4.5,8,3,0.875,0.125,lainnya;finansial,Jalan Gudang Utara
1849525877_1849525958_STOP212,1,5,8,2,1,0,lainnya,Jalan Gudang Utara
1849525877_1849525958_STOP697,0.9375,4.88,8,3,1,0,lainnya;katering;kesehatan,Jalan Gudang Utara
1849525877_1849525958_STOP97,1,4.5,8,3,0.875,0.125,lainnya;katering,Jalan Gudang Utara
1849525877_1849526030_STOP212,1,5,8,2,1,0,lainnya,Jalan Gandapura
1849525877_1849526030_STOP43,0.9375,4.5,8,2,0.875,0.125,katering;kesehatan,Jalan Gandapura
1849525877_1849526030_STOP649,0.9375,4.5,8,2,0.875,0.125,katering;kesehatan,Jalan Gandapura
1849525877_1849526030_STOP89,0.8708,4.88,8,3,1,0,katering;lainnya,Jalan Gandapura
1849525877_9834915547_STOP212,0.875,4.75,8,2,0.875,0,lainnya;komersial,Jalan Gandapura
1849525878_9834915546_STOP97,0.875,4.25,8,3,0.75,0.125,lainnya;komersial,Jalan Jenderal Ahmad Yani
1849525878_9834915547_STOP97,0.875,4.25,8,3,0.75,0.125,lainnya;komersial,Jalan Gandapura
1849525880_6609192452_STOP682,0.9375,4.5,8,3,0.875,0.125,lainnya;katering;finansial,Jalan Sumatra
1849525885_10778288301_STOP754,0.5938,4.63,8,4,0.875,0,lainnya;katering,Jalan Asia Afrika
1849525885_10778288301_STOP788,0.6625,4.38,8,4,0.875,0.125,lainnya;rekreasi,Jalan Asia Afrika
1849525899_1849525986_STOP696,0.725,4.5,8,3,1,0,lainnya;komersial,Jalan Menado
1849525899_1849526030_STOP569,0.875,4.63,8,3,0.875,0.125,katering;lainnya,Jalan Patrakomala
1849525899_1849526030_STOP649,0.9375,4,8,3,0.75,0.25,katering,Jalan Patrakomala
1849525899_1849526030_STOP696,0.85,4.75,8,3,1,0,katering;lainnya,Jalan Patrakomala
1849525899_1849526030_STOP817,1,5,8,2,1,0,katering,Jalan Patrakomala
1849525899_6461589858_STOP662,0.75,4.63,8,4,0.875,0,komersial;lainnya;kesehatan,Jalan Menado
1849525899_6461589858_STOP695,0.7375,4.13,8,4,0.75,0,lainnya;kesehatan,Jalan Menado
1849525899_6461589858_STOP696,0.725,4.5,8,3,1,0,lainnya;komersial,Jalan Menado
1849525905_10173705729_STOP669,0.8125,4.63,8,4,0.875,0,katering;lainnya,Jalan Cilamaya
1849525905_32524281_STOP669,0.7708,4.75,8,4,0.875,0,lainnya;rekreasi;finansial,Jalan Diponegoro
1849525905_32524281_STOP688,0.75,4.88,8,3,1,0,rekreasi;lainnya,Jalan Diponegoro
1849525905_6445777003_STOP669,0.6373,3.25,8,3,0.5,0.25,lainnya;finansial,Jalan Diponegoro
1849525906_1849525935_STOP31,0.875,5,8,3,1,0,lainnya;katering,Jalan Maulana Yusup
1849525906_1849525935_STOP671,0.8125,4.75,8,4,1,0,katering;komersial;lainnya,Jalan Maulana Yusup
1849525906_29427263_STOP31,0.8125,5,8,3,1,0,lainnya;finansial;katering,Jalan Diponegoro
1849525906_29427263_STOP687,0.7415,3.5,8,3,0.625,0.25,lainnya;katering,Jalan Diponegoro
1849525906_3374026391_STOP31,0.875,5,8,3,1,0,lainnya;katering;finansial,Jalan Diponegoro
1849525914_1849526030_STOP42,0.875,4,8,3,0.75,0.25,katering,Jalan Gandapura
1849525914_1849526030_STOP511,0.8125,4,8,3,0.75,0.25,katering;lainnya,Jalan Gandapura
1849525914_1849526030_STOP649,0.9375,4,8,3,0.75,0.25,katering;kesehatan,Jalan Gandapura
1849525914_2520649200_STOP42,0.8125,4.63,8,2,0.875,0.125,lainnya;katering,Jalan Aceh
1849525914_2520649200_STOP511,0.8125,4,8,3,0.75,0.25,katering;lainnya,Jalan Aceh
1849525935_1849525906_STOP31,0.875,5,8,3,1,0,lainnya;katering,Jalan Maulana Yusup
1849525935_1849525906_STOP671,0.8125,4.75,8,4,1,0,katering;komersial;lainnya,Jalan Maulana Yusup
1849525935_1849525906_STOP686,0.7917,4.75,8,4,1,0,katering;komersial;lainnya,Jalan Maulana Yusup
1849525935_1849525979_STOP686,0.7917,4.75,8,4,1,0,katering;komersial;lainnya,Jalan Sultan Tirtayasa
1849525935_1849526022_STOP372,0.9792,4.88,8,4,1,0,lainnya;finansial;komersial,Jalan Sultan Tirtayasa
1849525935_1849526022_STOP686,0.7917,4.75,8,4,1,0,komersial;katering;lainnya,Jalan Sultan Tirtayasa
1849525943_10101152065_STOP41,0.875,4.63,8,3,0.875,0.125,kesehatan;lainnya;komersial,Jalan L.L. RE. Martadinata
1849525943_10101152065_STOP510,0.8125,4.63,8,3,0.875,0.125,lainnya;kesehatan,Jalan L.L. RE. Martadinata
1849525943_10101152065_STOP560,0.8125,4.63,8,3,0.875,0.125,lainnya;kesehatan,Jalan L.L. RE. Martadinata
1849525943_10101152065_STOP561,0.8125,4.63,8,2,0.875,0.125,lainnya;katering,Jalan L.L. RE. Martadinata
1849525943_10101152065_STOP566,0.8125,4.63,8,3,0.875,0.125,lainnya;kesehatan,Jalan L.L. RE. Martadinata
1849525943_10101152065_STOP693,0.8125,4.38,8,3,0.875,0,katering;lainnya,Jalan L.L. RE. Martadinata
1849525943_25432842_STOP263,0.875,3.88,8,3,0.75,0.25,katering;komersial,Jalan L.L. RE. Martadinata
1849525943_25432842_STOP42,0.8125,4.63,8,2,0.875,0.125,lainnya;katering,Jalan L.L. RE. Martadinata
1849525943_25432842_STOP511,0.8125,4.63,8,2,0.875,0.125,lainnya;katering,Jalan L.L. RE. Martadinata
1849525943_25432842_STOP561,0.8125,4.63,8,2,0.875,0.125,lainnya;katering,Jalan L.L. RE. Martadinata
1849525943_2623877339_STOP284,0.7292,3.75,8,4,0.625,0.25,katering;lainnya,Jalan Taman Pramuka
1849525943_2623877339_STOP561,0.8125,4.63,8,2,0.875,0.125,lainnya;katering,Jalan Taman Pramuka
1849525950_1849525877_STOP212,1,5,8,2,1,0,lainnya,Jalan Gudang Utara
1849525950_1849525877_STOP89,0.9375,4.5,8,3,0.875,0.125,lainnya;finansial,Jalan Gudang Utara
1849525950_5391666904_STOP89,0.875,4.63,8,2,0.875,0.125,finansial;komersial,Jalan Gudang Utara
1849525950_5391666913_STOP89,0.875,4.63,8,2,0.875,0.125,finansial;komersial,Jalan Jenderal Ahmad Yani
1849525958_1849525812_STOP697,0.8125,4.38,8,3,0.875,0.125,lainnya;kesehatan;finansial,Jalan Gudang Utara
1849525958_1849525877_STOP212,0.875,4.75,8,2,0.875,0,lainnya;komersial,Jalan Gudang Utara
1849525958_1849525877_STOP697,0.9375,4.88,8,3,1,0,lainnya;katering;kesehatan,Jalan Gudang Utara
1849525958_1849525877_STOP97,1,5,8,2,1,0,lainnya;katering,Jalan Gudang Utara
1849525958_1849525986_STOP696,0.725,4.63,8,4,1,0,lainnya;pendidikan,Jalan Menado
1849525958_1849525986_STOP697,0.8125,4.38,8,3,0.875,0.125,lainnya;kesehatan;finansial,Jalan Menado
1849525968_10173744449_STOP567,0.7083,4,8,3,0.75,0.25,lainnya;kesehatan;katering,Jalan Cisanggarung
1849525968_3269364722_STOP567,0.7083,4,8,3,0.75,0.25,lainnya;kesehatan;katering,Jalan Taman Citarum
1849525974_1956195993_STOP144,0.7917,3.38,8,3,0.5,0.25,lainnya;finansial,Jalan Lengkong Besar
1849525974_1956195993_STOP27,0.85,4.5,8,3,0.875,0.125,finansial;katering;komersial,Jalan Lengkong Besar
1849525974_1956195993_STOP793,0.8125,3.75,8,3,0.625,0.25,finansial;katering;lainnya,Jalan Lengkong Besar
1849525974_3277363480_STOP144,0.9375,4.25,8,4,0.75,0.125,lainnya;finansial,Jalan Lengkong Kecil
1849525974_3277363480_STOP299,0.6417,3.75,8,3,0.625,0.375,lainnya;finansial,Jalan Lengkong Kecil
1849525974_3277363480_STOP620,0.7042,4.13,8,3,0.75,0.25,lainnya;finansial,Jalan Lengkong Kecil
1849525974_3277363480_STOP648,0.9375,4.38,8,3,0.875,0.125,finansial;lainnya,Jalan Lengkong Kecil
1849525979_1849525827_STOP671,0.7917,4.88,8,4,1,0,katering;lainnya,Jalan Sultan Tirtayasa
1849525979_1849525827_STOP805,0.8542,3.88,8,2,0.75,0.25,komersial;lainnya,Jalan Sultan Tirtayasa
1849525979_1849525935_STOP671,0.8125,4.75,8,4,1,0,katering;komersial,Jalan Sultan Tirtayasa
1849525979_5356356914_STOP670,0.7813,3.75,8,3,0.625,0.125,katering;lainnya,Jalan Trunojoyo
1849525979_5356356914_STOP671,0.8125,4.75,8,4,1,0,katering;komersial,Jalan Trunojoyo
1849525979_5356356914_STOP687,0.8125,4.88,8,4,1,0,katering;lainnya,Jalan Trunojoyo
1849525979_6438800742_STOP671,0.8125,4.75,8,4,1,0,katering;komersial,Jalan Trunojoyo
1849525979_6438800742_STOP686,0.9167,4.25,8,3,0.875,0.125,lainnya;katering;komersial,Jalan Trunojoyo
1849525986_10173744441_STOP556,0.725,4.63,8,4,1,0,lainnya;pendidikan;komersial,Jalan Belitung
1849525986_10173744441_STOP661,0.725,4.63,8,4,1,0,lainnya;pendidikan;komersial,Jalan Belitung
1849525986_10173744441_STOP696,0.725,4.5,8,3,1,0,lainnya;komersial,Jalan Belitung
1849525986_1849525899_STOP696,0.725,4.5,8,3,1,0,lainnya;komersial,Jalan Menado
1849525986_1849525958_STOP696,0.725,4.63,8,4,1,0,lainnya;pendidikan,Jalan Menado
1849525986_1849525958_STOP697,0.8125,4.38,8,3,0.875,0.125,lainnya;kesehatan;finansial,Jalan Menado
1849526010_6445776283_STOP667,0.7708,4.13,8,3,0.75,0.25,lainnya;kesehatan;katering,"['Jalan Cisanggarung', 'Jalan Hayam Wuruk']"
1849526022_1849525935_STOP372,0.9792,4.88,8,4,1,0,lainnya;finansial;komersial,Jalan Sultan Tirtayasa
1849526022_1849525935_STOP686,0.7917,4.75,8,4,1,0,komersial;katering;lainnya,Jalan Sultan Tirtayasa
1849526022_25501274_STOP372,1,5,8,3,1,0,finansial;lainnya,Jalan Ir. H. Djuanda
1849526030_1849525877_STOP212,1,5,8,2,1,0,lainnya,Jalan Gandapura
1849526030_1849525877_STOP43,0.8708,4.88,8,3,1,0,katering,Jalan Gandapura
1849526030_1849525877_STOP649,0.9375,4.5,8,2,0.875,0.125,katering;kesehatan,Jalan Gandapura
1849526030_1849525877_STOP89,0.9583,5,8,3,1,0,lainnya;katering,Jalan Gandapura
1849526030_1849525899_STOP42,0.9375,5,8,2,1,0,katering,Jalan Patrakomala
1849526030_1849525899_STOP569,1,5,8,2,1,0,katering,Jalan Patrakomala
1849526030_1849525899_STOP649,0.9375,4,8,3,0.75,0.25,katering;kesehatan,Jalan Patrakomala
1849526030_1849525899_STOP696,0.85,4.75,8,3,1,0,katering;lainnya,Jalan Patrakomala
1849526030_1849525899_STOP817,0.8333,5,8,3,1,0,katering;lainnya,Jalan Patrakomala
1849526030_1849525914_STOP42,0.8125,4,8,3,0.75,0.25,katering;lainnya,Jalan Gandapura
1849526030_1849525914_STOP649,0.9375,4,8,3,0.75,0.25,katering;kesehatan,Jalan Gandapura
1849526030_1849907134_STOP649,0.9375,4.5,8,2,0.875,0.125,katering;kesehatan,Jalan Patrakomala
1849528721_1849528737_STOP373,0.875,4.5,8,3,0.875,0.125,finansial;lainnya;komersial,Jalan Rangga Gadang
1849528721_5334388857_STOP373,1,5,8,3,1,0,finansial;lainnya,Jalan Rangga Gadang
1849528731_1849528744_STOP724,0.8333,4.5,8,3,0.875,0.125,lainnya;katering,Jalan Tamansari
1849528731_7724450410_STOP724,0.8333,4.5,8,3,0.875,0.125,lainnya;katering,Jalan Tanpa Nama
1849528737_7857882999_STOP103,0.8125,3.5,8,2,0.625,0.375,komersial;kesehatan,"['Jalan Rangga Gadang', 'Jalan Harian Banga']"
1849528737_7857882999_STOP373,0.8125,3.5,8,2,0.625,0.375,komersial;kesehatan,"['Jalan Rangga Gadang', 'Jalan Harian Banga']"
1849528744_5369882299_STOP724,0.8333,4.5,8,3,0.875,0.125,lainnya;katering,Jalan Tamansari
1849528744_7724450410_STOP724,0.8333,4.5,8,3,0.875,0.125,lainnya;katering,Jalan Sawunggaling
1849528769_1849528721_STOP373,0.875,4.5,8,3,0.875,0.125,finansial;lainnya;komersial,Jalan Sawunggaling
1849528769_1849528721_STOP724,0.8333,4,8,4,0.75,0.25,lainnya;katering,Jalan Sawunggaling
1849528769_7724450410_STOP724,0.75,4,8,3,0.75,0.25,lainnya,Jalan Sawunggaling
1849907073_1849907155_STOP177,0.6875,3,8,3,0.5,0.5,rekreasi;komersial;kesehatan,Jalan Anggrek
1849907073_1849907155_STOP43,0.9375,4.63,8,4,0.875,0,lainnya;katering;kesehatan,Jalan Anggrek
1849907073_1849907155_STOP649,0.625,3,8,3,0.5,0.5,rekreasi;komersial;katering,Jalan Anggrek
1849907073_1849907158_STOP43,0.9375,4.63,8,4,0.875,0,katering;lainnya;kesehatan,Jalan Anggrek
1849907073_2520759347_STOP273,0.9375,4.63,8,4,0.875,0,lainnya;katering,Jalan L.L. RE. Martadinata
1849907073_2520759347_STOP43,0.9375,4.63,8,4,0.875,0,lainnya;katering,Jalan L.L. RE. Martadinata
1849907073_2520759347_STOP563,0.9375,4.5,8,3,0.875,0.125,lainnya;katering,Jalan L.L. RE. Martadinata
1849907073_25432842_STOP43,1,4.88,8,3,1,0,katering;lainnya;kesehatan,Jalan L.L. RE. Martadinata
1849907073_25432842_STOP649,0.875,3.88,8,2,0.75,0.25,kesehatan;komersial,Jalan L.L. RE. Martadinata
1849907113_5842012229_STOP175,0.6042,3.75,8,4,0.625,0.25,kesehatan;rekreasi;katering;lainnya,Jalan Cendana
1849907113_7262996419_STOP175,0.6042,3.75,8,4,0.625,0.25,kesehatan;rekreasi;katering;lainnya,Jalan Cendana
1849907113_7262996419_STOP553,0.6667,4.13,8,4,0.75,0.125,kesehatan;katering;rekreasi,Jalan Cendana
1849907113_7262996419_STOP554,0.7917,3.63,8,4,0.625,0.25,katering;kesehatan,Jalan Cendana
1849907125_1849907155_STOP177,0.75,5,8,4,1,0,rekreasi;kesehatan;katering;komersial,Jalan Anggrek
1849907125_5841989830_STOP11,0.75,5,8,3,1,0,lainnya;rekreasi;komersial,Jalan Supratman
1849907125_5841989830_STOP177,0.75,5,8,3,1,0,lainnya;kesehatan;rekreasi,Jalan Supratman
1849907130_1849907155_STOP177,0.6875,3,8,3,0.5,0.5,rekreasi;komersial;kesehatan,Jalan Bengawan
1849907130_1849907155_STOP263,0.75,3,8,3,0.5,0.5,komersial;kesehatan,Jalan Bengawan
1849907130_1849907155_STOP553,0.7292,3.13,8,4,0.5,0.375,katering;kesehatan;komersial,Jalan Bengawan
1849907130_1849907155_STOP554,0.7917,3.63,8,4,0.625,0.25,katering;kesehatan,Jalan Bengawan
1849907130_1849907155_STOP649,0.6875,3,8,2,0.5,0.5,komersial;kesehatan,Jalan Bengawan
1849907130_1896207947_STOP284,0.7292,3.5,8,4,0.625,0.25,katering;komersial;lainnya,Jalan Cendana
1849907130_1896207947_STOP554,0.7917,3.63,8,4,0.625,0.25,katering;kesehatan,Jalan Cendana
1849907130_7643243807_STOP554,0.7917,3.63,8,4,0.625,0.25,katering;kesehatan,Jalan Bengawan
1849907134_11383843402_STOP43,0.9375,4.5,8,2,0.875,0.125,katering;kesehatan,Jalan Patrakomala
1849907134_11383843402_STOP649,0.9375,4.5,8,2,0.875,0.125,katering;kesehatan,Jalan Patrakomala
1849907134_1849526030_STOP649,0.9375,4.5,8,2,0.875,0.125,katering;kesehatan,Jalan Patrakomala
1849907155_1849907073_STOP177,0.6875,3,8,3,0.5,0.5,rekreasi;komersial;kesehatan,Jalan Anggrek
1849907155_1849907073_STOP43,0.9375,4.63,8,4,0.875,0,lainnya;katering;kesehatan,Jalan Anggrek
1849907155_1849907073_STOP649,0.625,3,8,3,0.5,0.5,rekreasi;komersial;katering,Jalan Anggrek
1849907155_1849907125_STOP177,0.8125,5,8,4,1,0,rekreasi;kesehatan;komersial;katering,Jalan Anggrek
1849907155_1849907130_STOP177,0.6875,3,8,3,0.5,0.5,rekreasi;komersial;kesehatan,Jalan Bengawan
1849907155_1849907130_STOP263,0.75,3,8,3,0.5,0.5,komersial;kesehatan,Jalan Bengawan
1849907155_1849907130_STOP553,0.7292,3.13,8,4,0.5,0.375,katering;kesehatan;komersial,Jalan Bengawan
1849907155_1849907130_STOP554,0.7292,3.13,8,4,0.5,0.375,katering;kesehatan;komersial,Jalan Bengawan
1849907155_1849907130_STOP649,0.6875,3,8,3,0.5,0.5,komersial;rekreasi;kesehatan,Jalan Bengawan
1849907155_6609222560_STOP177,0.75,5,8,4,1,0,rekreasi;katering;kesehatan;komersial,Jalan Bengawan
1849907155_6609222560_STOP248,0.5625,3,8,5,0.5,0.5,lainnya;komersial;kesehatan,Jalan Bengawan
1849907155_6609222560_STOP633,0.625,4.5,8,3,0.875,0.125,komersial;lainnya,Jalan Bengawan
1849907155_6609222560_STOP634,0.7083,3.38,8,4,0.625,0.375,lainnya;komersial,Jalan Bengawan
1849907155_6609222560_STOP635,0.625,5,8,3,1,0,komersial;katering;lainnya,Jalan Bengawan
1849907158_11383843397_STOP43,0.9375,4.5,8,2,0.875,0.125,katering;kesehatan,Jalan Anggrek
1849907158_1849907073_STOP43,1,4.88,8,3,1,0,katering;lainnya;kesehatan,Jalan Anggrek
1849907162_10171865532_STOP172,0.7708,5,8,2,1,0,katering,Jalan Cilaki
1849907162_10171865532_STOP174,0.625,3.75,8,3,0.625,0.25,lainnya;rekreasi,Jalan Cilaki
1849907162_10171865532_STOP555,0.725,3,8,3,0.375,0.375,lainnya,Jalan Cilaki
1849907162_10171865532_STOP73,0.7708,4.75,8,3,0.875,0,lainnya;katering,Jalan Cilaki
1849907162_2519917308_STOP174,0.625,3.75,8,3,0.625,0.25,rekreasi;lainnya,Jalan Lapang Supratman
1849960008_3056186235_STOP246,0.7083,4.5,8,5,0.875,0.125,finansial;lainnya;katering,Jalan Jakarta
1849960008_3056186235_STOP613,0.8333,5,8,4,1,0,finansial;lainnya;katering,Jalan Jakarta
1849960227_1849960655_STOP52,0.7292,4.13,8,3,0.75,0.125,lainnya;pendidikan,"['Jalan Sukasenang Raya', 'Jalan Terusan Brigjend Katamso']"
1849960227_1849960655_STOP55,0.8125,4.25,8,2,0.875,0.125,komersial;lainnya,"['Jalan Sukasenang Raya', 'Jalan Terusan Brigjend Katamso']"
1849960227_29489421_STOP345,0.7708,4,8,5,0.75,0.25,lainnya;pendidikan;kesehatan,Jalan PH. H. Mustofa
1849960227_29489421_STOP355,0.625,3.5,8,2,0.625,0.375,pendidikan;lainnya,Jalan PH. H. Mustofa
1849960227_29489421_STOP416,0.6813,4.25,8,2,0.875,0.125,lainnya,Jalan PH. H. Mustofa
1849960227_29489421_STOP417,0.625,3.5,8,2,0.625,0.375,pendidikan;lainnya,Jalan PH. H. Mustofa
1849960227_29489421_STOP528,0.6458,4,8,3,0.75,0.25,lainnya;katering,Jalan PH. H. Mustofa
1849960227_29489421_STOP55,0.7438,5,8,2,1,0,komersial;lainnya,Jalan PH. H. Mustofa
1849960227_5374108596_STOP346,0.6667,3.88,8,3,0.625,0.25,lainnya,Jalan PH. H. Mustofa
1849960227_5374108596_STOP377,0.7438,5,8,3,1,0,komersial;pendidikan;lainnya,Jalan PH. H. Mustofa
1849960227_5374108596_STOP527,0.6667,3.88,8,3,0.625,0.25,lainnya;pendidikan,Jalan PH. H. Mustofa
1849960227_5374108596_STOP55,0.7438,5,8,2,1,0,komersial;lainnya,Jalan PH. H. Mustofa
1849960227_5374108596_STOP56,0.7438,5,8,3,1,0,komersial;pendidikan;lainnya,Jalan PH. H. Mustofa
1849960313_12809462426_STOP502,0.75,4.5,8,3,0.875,0.125,lainnya,Jalan Sukabumi
1849960313_12809462426_STOP610,0.75,5,8,3,1,0,lainnya,Jalan Sukabumi
1849960313_2520649249_STOP45,0.5625,4,8,5,0.75,0.25,lainnya;komersial,Jalan Sukabumi
1849960313_2520649249_STOP610,0.75,5,8,3,1,0,lainnya,Jalan Sukabumi
1849960313_25435152_STOP247,0.625,4.5,8,4,0.875,0.125,lainnya;komersial,Jalan Cianjur
1849960313_25435152_STOP249,0.6875,4.5,8,4,0.875,0.125,lainnya;komersial,Jalan Cianjur
1849960313_25435152_STOP274,0.7813,4.5,8,2,0.875,0.125,komersial,Jalan Cianjur
1849960313_25435152_STOP610,0.6875,5,8,3,1,0,lainnya;komersial,Jalan Cianjur
1849960371_1849960655_STOP52,0.6875,4.38,8,4,0.875,0.125,lainnya;pendidikan,Jalan Brigjend. Katamso
1849960371_1849960655_STOP53,0.6875,4.38,8,5,0.875,0.125,pendidikan;lainnya,Jalan Brigjend. Katamso
1849960371_1849960685_STOP11,0.625,4.5,8,2,0.875,0.125,lainnya,Jalan Cisokan
1849960371_1849960685_STOP51,0.5,3.4,5,1,0.6,0.4,lainnya,Jalan Cisokan
1849960371_1849960685_STOP53,0.6875,4.38,8,5,0.875,0.125,lainnya;pendidikan,Jalan Cisokan
1849960371_3269462129_STOP51,0.725,3.5,8,3,0.625,0.375,lainnya,Jalan Brigjend. Katamso
1849960371_3269462129_STOP53,0.6875,4.38,8,5,0.875,0.125,lainnya;pendidikan,Jalan Brigjend. Katamso
1849960589_1849960685_STOP512,0.75,4,8,3,0.75,0.25,finansial;lainnya,"['Jalan Citamiang', 'Jalan Madhapi']"
1849960589_1849960685_STOP513,0.875,4.5,8,3,0.875,0.125,lainnya;kesehatan,"['Jalan Citamiang', 'Jalan Madhapi']"
1849960589_1849960732_STOP251,0.6875,3.88,8,3,0.625,0.25,finansial;lainnya;katering,Jalan Cikaso
1849960589_1849960732_STOP512,0.7232,4,8,2,0.75,0.25,finansial;lainnya,Jalan Cikaso
1849960589_2519917312_STOP512,0.7232,4,8,2,0.75,0.25,finansial;lainnya,Jalan Cikaso
1849960589_2519917312_STOP513,0.6875,4.5,8,3,0.875,0.125,lainnya;katering,Jalan Cikaso
1849960589_2519917312_STOP635,0.5982,3.5,8,3,0.625,0.375,lainnya,Jalan Cikaso
1849960655_1849960227_STOP52,0.7292,4.13,8,3,0.75,0.125,lainnya;pendidikan,"['Jalan Terusan Brigjend Katamso', 'Jalan Sukasenang Raya']"
1849960655_1849960227_STOP55,0.8125,4.25,8,2,0.875,0.125,komersial;lainnya,"['Jalan Terusan Brigjend Katamso', 'Jalan Sukasenang Raya']"
1849960655_1849960371_STOP52,0.6875,4.38,8,4,0.875,0.125,lainnya;pendidikan,Jalan Brigjend. Katamso
1849960655_1849960371_STOP53,0.6875,4.38,8,5,0.875,0.125,pendidikan;lainnya,Jalan Brigjend. Katamso
1849960655_5374108596_STOP346,0.6458,4.13,8,2,0.625,0.125,lainnya;pendidikan,Jalan Pahlawan
1849960655_5374108596_STOP52,0.7292,4.13,8,3,0.75,0.125,lainnya;pendidikan,Jalan Pahlawan
1849960655_5374108596_STOP53,0.7292,4.13,8,3,0.75,0.125,pendidikan;lainnya,Jalan Pahlawan
1849960685_1849960371_STOP11,0.625,4.5,8,3,0.875,0.125,lainnya,Jalan Cisokan
1849960685_1849960371_STOP51,0.5,3.4,5,1,0.6,0.4,lainnya,Jalan Cisokan
1849960685_1849960371_STOP513,0.625,4,8,2,0.75,0.25,lainnya,Jalan Cisokan
1849960685_1849960371_STOP53,0.625,3.88,8,4,0.75,0.25,lainnya;pendidikan,Jalan Cisokan
1849960685_1849960589_STOP512,0.75,4,8,3,0.75,0.25,finansial;lainnya,"['Jalan Madhapi', 'Jalan Citamiang']"
1849960685_1849960589_STOP513,0.875,4.5,8,3,0.875,0.125,lainnya;kesehatan,"['Jalan Madhapi', 'Jalan Citamiang']"
1849960685_5369482497_STOP11,0.625,4.5,8,4,0.875,0.125,lainnya;rekreasi,Jalan Cisadea
1849960685_5369482497_STOP513,0.625,4.5,8,2,0.875,0.125,lainnya,Jalan Cisadea
1849960732_1849960589_STOP251,0.6875,3.88,8,3,0.625,0.25,finansial;lainnya;katering,Jalan Cikaso
1849960732_1849960589_STOP512,0.6875,3.75,8,3,0.625,0.25,finansial;lainnya,Jalan Cikaso
1849960732_2520723804_STOP251,0.6875,3.38,8,4,0.5,0.375,lainnya;katering;finansial,Jalan Jenderal Ahmad Yani
1855697067_10171739085_STOP172,0.75,4.5,8,3,0.875,0.125,komersial;katering,Jalan Ciliwung
1855697067_7715326213_STOP172,0.75,4.5,8,3,0.875,0.125,komersial;katering,Jalan Tanpa Nama
1855697097_10171865532_STOP172,0.8125,5,8,3,1,0,katering;komersial,Jalan Cilaki
1855697097_3269421791_STOP172,0.8125,5,8,3,1,0,katering;komersial,Jalan Tanpa Nama
1855697149_3269381712_STOP284,0.85,4.38,8,4,0.875,0.125,kesehatan;katering;lainnya;komersial,Jalan Cibeunying Selatan
1855697149_3269381712_STOP566,0.725,4.88,8,3,1,0,komersial;lainnya;katering,Jalan Cibeunying Selatan
1855697149_3269381712_STOP665,0.8125,4.5,8,2,0.875,0.125,katering,Jalan Cibeunying Selatan
1855697149_3269381712_STOP692,0.75,5,8,3,1,0,komersial;katering,Jalan Cibeunying Selatan
1855697149_3269421803_STOP284,0.85,4.38,8,4,0.875,0.125,kesehatan;katering;lainnya;komersial,Jalan Bengawan
1855697149_7643243807_STOP284,0.85,4.25,8,4,0.875,0.125,kesehatan;katering;lainnya,Jalan Bengawan
1855697149_7643243807_STOP554,0.7917,3.63,8,4,0.625,0.25,katering;kesehatan,Jalan Bengawan
1856650991_11224280874_STOP142,0.8125,3.5,8,3,0.625,0.375,katering;lainnya,Jalan Soekarno-Hatta
1856650991_11224280874_STOP363,0.75,2.38,8,3,0.375,0.625,katering;lainnya,Jalan Soekarno-Hatta
1856650991_11224280874_STOP364,0.75,3,8,4,0.5,0.5,finansial;lainnya,Jalan Soekarno-Hatta
1856650991_1856651006_STOP142,0.8125,3.5,8,3,0.625,0.375,katering;lainnya,Jalan Rancabolang
1856650991_1856651006_STOP363,0.75,2.5,8,3,0.375,0.625,katering;lainnya,Jalan Rancabolang
1856651006_1856650991_STOP363,0.75,2.5,8,3,0.375,0.625,katering;lainnya,Jalan Rancabolang
1856651006_9503884773_STOP363,0.8125,3.88,8,3,0.75,0.25,lainnya;katering;komersial,Jalan Rancabolang
1857160470_10654541236_STOP1,0.6208,2.75,8,3,0.5,0.5,komersial;lainnya;kesehatan,Jalan Hasanudin
1857160470_10654541236_STOP399,0.6833,3.75,8,3,0.75,0.25,lainnya;komersial,Jalan Hasanudin
1857160470_10654541236_STOP536,0.9375,4.5,8,2,0.875,0.125,kesehatan;lainnya,Jalan Hasanudin
1857160470_10654541236_STOP537,1,4.5,8,2,0.875,0.125,kesehatan;katering,Jalan Hasanudin
1857160470_1857160790_STOP160,0.875,4.5,8,2,0.875,0.125,finansial;lainnya,Jalan Dipatiukur
1857160470_1857160790_STOP178,0.875,4.5,8,2,0.875,0.125,finansial;lainnya,Jalan Dipatiukur
1857160470_1857160790_STOP536,1,4.13,8,3,0.75,0.25,katering;kesehatan;lainnya,Jalan Dipatiukur
1857160470_1857160790_STOP537,1,4.5,8,2,0.875,0.125,kesehatan;katering,Jalan Dipatiukur
1857160470_3419778702_STOP537,0.875,4.5,8,3,0.875,0.125,kesehatan;lainnya;katering,Jalan Dipatiukur
1857160520_10261582621_STOP162,0.875,4.5,8,3,0.875,0.125,finansial;katering;pendidikan,Jalan Dipatiukur
1857160520_10261582621_STOP265,0.625,2,8,3,0.25,0.75,lainnya;katering,Jalan Dipatiukur
1857160520_10261582621_STOP268,0.75,3,8,3,0.5,0.5,katering;finansial;pendidikan,Jalan Dipatiukur
1857160520_10261582621_STOP600,0.8125,4.25,8,2,0.75,0.125,komersial;katering,Jalan Dipatiukur
1857160520_10703340255_STOP265,0.5625,1.75,8,3,0.125,0.75,lainnya,Jalan Dipatiukur
1857160713_1857160790_STOP160,0.875,4.5,8,3,0.875,0.125,finansial;kesehatan;komersial,Jalan Penata Yudha
1857160713_1857160790_STOP723,0.7396,4,8,3,0.75,0.125,lainnya;finansial,Jalan Penata Yudha
1857160713_29427097_STOP723,0.7396,4,8,3,0.75,0.125,lainnya;finansial,Jalan Surapati
1857160790_1857160470_STOP160,0.875,4.5,8,3,0.875,0.125,finansial;kesehatan;komersial,Jalan Dipatiukur
1857160790_1857160470_STOP178,0.875,4.5,8,2,0.875,0.125,finansial;lainnya,Jalan Dipatiukur
1857160790_1857160470_STOP536,0.9375,4.63,8,3,0.875,0.125,katering;lainnya;komersial,Jalan Dipatiukur
1857160790_1857160470_STOP537,1,4.13,8,3,0.75,0.25,kesehatan;katering,Jalan Dipatiukur
1857160790_1857160713_STOP160,0.875,4.5,8,3,0.875,0.125,finansial;kesehatan;komersial,Jalan Penata Yudha
1857160790_1857160713_STOP723,0.7396,4,8,3,0.75,0.125,lainnya;finansial,Jalan Penata Yudha
1857160790_3277469066_STOP160,0.875,4.5,8,3,0.875,0.125,kesehatan;finansial;komersial,Jalan Dipatiukur
1857160790_3277469066_STOP163,0.7188,4,8,3,0.75,0.25,lainnya;katering,Jalan Dipatiukur
1857160826_25448847_STOP140,0.7813,4.38,8,2,0.875,0.125,lainnya;katering,Jalan Teuku Umar
1857160826_25448847_STOP514,0.7,3,8,3,0.5,0.5,katering;kesehatan;komersial,Jalan Teuku Umar
1857160826_25448847_STOP600,0.75,4.25,8,2,0.75,0.125,lainnya,Jalan Teuku Umar
1857160826_3419778702_STOP140,0.7396,3.38,8,3,0.625,0.375,komersial;katering;lainnya,Jalan Dipatiukur
1857160826_3419778702_STOP326,0.7708,3,8,3,0.5,0.5,lainnya;katering;komersial,Jalan Dipatiukur
1857160826_3419778702_STOP38,0.6771,3.38,8,4,0.625,0.375,komersial;lainnya;katering,Jalan Dipatiukur
1857160826_5465992888_STOP140,0.7396,2.13,8,3,0.25,0.625,katering;komersial,Jalan Dipatiukur
1870759840_10177320000_STOP489,0.6,3.75,8,3,0.625,0.25,lainnya;kesehatan;komersial,Jalan Cibogo
1870759840_12809283839_STOP124,0.7625,4.25,8,3,0.75,0.125,lainnya;finansial;kesehatan,"['Jalan Dakota', 'Jalan Sukaraja II', 'Jalan Sukaraja', 'Jalan Gunung Batu']"
1870759840_12809283839_STOP486,0.875,4.88,8,3,1,0,lainnya,"['Jalan Dakota', 'Jalan Sukaraja II', 'Jalan Sukaraja', 'Jalan Gunung Batu']"
1870759840_12809283839_STOP487,0.75,4,8,3,0.75,0.25,lainnya;kesehatan,"['Jalan Dakota', 'Jalan Sukaraja II', 'Jalan Sukaraja', 'Jalan Gunung Batu']"
1870759840_12809283839_STOP488,0.8125,3.5,8,2,0.625,0.375,komersial;lainnya,"['Jalan Dakota', 'Jalan Sukaraja II', 'Jalan Sukaraja', 'Jalan Gunung Batu']"
1870759840_12809283839_STOP489,0.6625,3.75,8,3,0.625,0.25,kesehatan;lainnya,"['Jalan Dakota', 'Jalan Sukaraja II', 'Jalan Sukaraja', 'Jalan Gunung Batu']"
1870759840_12809283839_STOP721,0.5625,1.63,8,2,0.125,0.875,katering;lainnya,"['Jalan Dakota', 'Jalan Sukaraja II', 'Jalan Sukaraja', 'Jalan Gunung Batu']"
1870759840_29377716_STOP489,0.5375,3.75,8,3,0.625,0.25,lainnya;komersial;kesehatan,Jalan Sukaraja
1896207944_12809507137_STOP577,0.7634,4.75,8,3,1,0,lainnya;katering,Jalan Aceh
1896207944_13022549201_STOP155,0.7425,5,8,3,1,0,lainnya;katering,Jalan Aceh
1896207944_13022549201_STOP577,0.7634,4.75,8,3,1,0,katering;lainnya,Jalan Aceh
1896207944_13022549201_STOP660,0.8229,5,8,3,1,0,lainnya;rekreasi;komersial,Jalan Aceh
1896207944_1849525862_STOP155,0.7842,4,8,3,0.75,0.25,lainnya;komersial,Jalan Banda
1896207944_1849525862_STOP577,0.7634,4.75,8,3,1,0,katering;lainnya,Jalan Banda
1896207944_2037086792_STOP47,0.75,4.25,8,3,0.875,0.125,katering;komersial;pendidikan,Jalan Banda
1896207944_2037086792_STOP577,0.7634,4.75,8,3,1,0,katering;lainnya,Jalan Banda
1896207944_2037086792_STOP660,0.8438,5,8,4,1,0,pendidikan;komersial;lainnya;katering,Jalan Banda
1896207947_25432842_STOP263,0.875,4.38,8,2,0.875,0.125,komersial;katering,Jalan Taman Pramuka
1896207947_25432842_STOP284,0.7292,3.5,8,4,0.625,0.25,katering;komersial;lainnya,Jalan Taman Pramuka
1900221414_29379476_STOP482,0.9375,4.5,8,4,0.875,0.125,katering;lainnya,Jalan Profesor Christiaan Eijkman
1900221414_4376877443_STOP482,0.9375,4.5,8,4,0.875,0.125,katering;lainnya,Jalan Profesor Christiaan Eijkman
1900221414_4376877443_STOP64,0.9375,4.5,8,4,0.875,0.125,katering;lainnya,Jalan Profesor Christiaan Eijkman
1900221414_5340138155_STOP353,0.9063,4.38,8,3,0.875,0.125,lainnya;kesehatan,Jalan Raden Adipati Aria Wiranatakusumah
1900221414_5340138155_STOP482,0.9375,4.5,8,4,0.875,0.125,katering;lainnya,Jalan Raden Adipati Aria Wiranatakusumah
1900221414_5340138155_STOP64,0.9063,4.38,8,4,0.875,0.125,katering;lainnya,Jalan Raden Adipati Aria Wiranatakusumah
1900221438_25501378_STOP64,0.8125,3.5,8,4,0.625,0.375,katering;lainnya,"['Jalan Kebon Bibit Barat', 'Jalan Kebon Bibit', 'Jalan Pelesiran']"
1900221438_25501378_STOP70,0.8125,3.5,8,3,0.625,0.375,katering;pendidikan,"['Jalan Kebon Bibit Barat', 'Jalan Kebon Bibit', 'Jalan Pelesiran']"
1900221438_25501378_STOP72,0.875,5,8,3,1,0,komersial;lainnya,"['Jalan Kebon Bibit Barat', 'Jalan Kebon Bibit', 'Jalan Pelesiran']"
1900221438_4376877443_STOP64,0.9375,4.5,8,4,0.875,0.125,lainnya;katering,Jalan Cihampelas
1900223767_1658920028_STOP123,0.7188,3.88,8,4,0.75,0.25,lainnya;katering;pendidikan,Jalan Doktor Louis Otten
1900223767_5826263864_STOP123,0.7188,3.88,8,4,0.75,0.25,lainnya;katering;pendidikan,Jalan Doktor Louis Otten
1911634930_1837401642_STOP109,0.875,4.38,8,3,0.875,0.125,komersial,Jalan Astana Anyar
1911634930_1837401642_STOP437,0.6875,4.25,8,3,0.875,0.125,lainnya;katering,Jalan Astana Anyar
1911634930_2250555721_STOP109,0.875,4.88,8,3,1,0,komersial,Jalan Kalipah Apo
1911634930_2250555721_STOP481,0.8125,4.88,8,4,1,0,komersial;finansial,Jalan Kalipah Apo
1911634930_2250555721_STOP815,0.75,3.75,8,2,0.625,0.25,finansial,Jalan Kalipah Apo
1911634930_2325452725_STOP109,0.875,4.38,8,3,0.875,0.125,komersial,Jalan Astana Anyar
1911634930_2325452725_STOP436,0.75,4,8,2,0.75,0.25,komersial;finansial,Jalan Astana Anyar
1911634930_2325452725_STOP481,0.875,5,8,3,1,0,finansial,Jalan Astana Anyar
1911634930_5354169657_STOP109,0.7917,3.5,8,3,0.625,0.375,komersial;lainnya,Jalan Pagarsih Barat
1911634930_5354169657_STOP223,0.6875,4,8,3,0.75,0.25,komersial,Jalan Pagarsih Barat
1911634930_5354169657_STOP278,0.875,4.88,8,4,1,0,finansial;komersial,Jalan Pagarsih Barat
1911634930_5354169657_STOP841,0.7292,3.63,8,3,0.625,0.25,komersial;finansial;kesehatan,Jalan Pagarsih Barat
1911634938_5489855947_STOP398,0.75,3.5,8,4,0.625,0.375,finansial;komersial;katering,Jalan Soekarno-Hatta
1911634938_6442840898_STOP398,0.75,3.5,8,4,0.625,0.375,finansial;komersial;katering,Jalan Holis
1911634983_1911634996_STOP375,0.75,4.25,8,3,0.875,0.125,finansial;lainnya,Jalan Suryani
1911634983_5354169648_STOP375,0.875,4.38,8,2,0.875,0.125,lainnya;finansial,"['Jalan Situ', 'Jalan Pagarsih Barat']"
1911634983_5354169648_STOP841,0.7708,3.88,8,2,0.75,0.25,komersial,"['Jalan Situ', 'Jalan Pagarsih Barat']"
1911634983_6442840898_STOP280,0.6667,3.13,8,3,0.5,0.5,lainnya;komersial;rekreasi,"['Jalan Nana Rohana', 'Jalan Holis', 'Jalan Suryani Dalam']"
1911634983_6442840898_STOP375,0.75,4.25,8,3,0.875,0.125,lainnya;finansial,"['Jalan Nana Rohana', 'Jalan Holis', 'Jalan Suryani Dalam']"
1911634983_6442840898_STOP398,0.625,3.13,8,3,0.5,0.5,komersial;katering;finansial,"['Jalan Nana Rohana', 'Jalan Holis', 'Jalan Suryani Dalam']"
1911634996_1911634983_STOP375,0.75,4.25,8,3,0.875,0.125,finansial;lainnya,Jalan Suryani
1911634996_3028412267_STOP279,0.75,4,8,3,0.75,0.25,komersial;lainnya,Jalan Jendral Sudirman
1911634996_3028412267_STOP375,0.6875,4.38,8,2,0.875,0.125,finansial;komersial,Jalan Jendral Sudirman
1911634996_5346593290_STOP280,0.6042,2.88,8,4,0.5,0.5,lainnya,Jalan Jendral Sudirman
1911634996_5346593290_STOP375,0.75,4.25,8,3,0.875,0.125,lainnya;finansial,Jalan Jendral Sudirman
1914135257_10696379242_STOP468,0.75,4,8,5,0.75,0.25,komersial;lainnya;finansial,Jalan Cijagra
1914135257_1914135386_STOP468,0.75,4,8,5,0.75,0.25,komersial;lainnya;finansial,Jalan Buah Batu
1914135257_1914135386_STOP579,0.75,4.25,8,3,0.875,0.125,finansial;katering,Jalan Buah Batu
1914135257_1914135386_STOP583,0.8125,4,8,3,0.75,0.25,finansial;komersial,Jalan Buah Batu
1914135257_3272299574_STOP468,0.75,4,8,5,0.75,0.25,lainnya;komersial;finansial,Jalan Cijagra
1914135257_3272299574_STOP595,0.875,4.25,8,3,0.75,0.125,lainnya,Jalan Cijagra
1914135386_10184467588_STOP466,0.8125,4.88,8,3,1,0,finansial;lainnya;kesehatan,Jalan Buah Batu
1914135386_10184467588_STOP467,0.875,4.25,8,3,0.875,0.125,kesehatan;katering;finansial,Jalan Buah Batu
1914135386_6436250308_STOP466,0.8125,4.38,8,3,0.875,0.125,finansial;katering,Jalan Suryalaya
1914135386_6436250308_STOP467,0.875,4.38,8,3,0.875,0.125,katering;kesehatan;finansial,Jalan Suryalaya
1914135386_6436250308_STOP579,0.8125,4.38,8,3,0.875,0.125,finansial;katering,Jalan Suryalaya
1916791843_364363786_STOP193,0.6667,3.38,8,3,0.625,0.375,lainnya;komersial,"['Jalan Otto Iskandardinata', 'Jalan Kebon Jukut']"
1916791843_364363786_STOP643,0.75,3.25,8,3,0.625,0.375,katering;lainnya;komersial,"['Jalan Otto Iskandardinata', 'Jalan Kebon Jukut']"
1916791843_364363786_STOP678,0.7292,3.88,8,3,0.75,0.25,komersial;lainnya,"['Jalan Otto Iskandardinata', 'Jalan Kebon Jukut']"
1916791843_364363786_STOP832,0.7188,3.5,8,4,0.625,0.375,lainnya;katering,"['Jalan Otto Iskandardinata', 'Jalan Kebon Jukut']"
1916791843_364363786_STOP833,0.7188,3.38,8,4,0.625,0.375,lainnya;katering,"['Jalan Otto Iskandardinata', 'Jalan Kebon Jukut']"
1916791843_6622058663_STOP832,0.8125,4.63,8,3,0.875,0.125,lainnya,Jalan Aceh
1919641214_1017853007_STOP197,1,5,8,2,1,0,lainnya;kesehatan,Jalan Kautamaan Istri
1919641214_1017853007_STOP471,0.9375,5,8,3,1,0,pendidikan;lainnya;kesehatan,Jalan Kautamaan Istri
1919641214_1017853007_STOP815,1,5,8,2,1,0,kesehatan;lainnya,Jalan Kautamaan Istri
1919641214_1837401646_STOP308,0.8125,5,8,3,1,0,katering;komersial,Jalan Otto Iskandardinata
1919641214_1837401646_STOP815,0.875,4.25,8,2,0.75,0.125,kesehatan;finansial,Jalan Otto Iskandardinata
1930140491_1930140495_STOP256,0.8958,5,8,2,1,0,komersial;katering,Jalan Kotabaru Raya
1930140491_3252963731_STOP256,0.8958,5,8,2,1,0,komersial;katering,Jalan Kotabaru Raya
1930140493_1930140491_STOP256,0.8958,5,8,2,1,0,komersial;katering,Jalan Sawah Kurung Raya
1930140493_5355955155_STOP256,0.8958,5,8,2,1,0,komersial;katering,Jalan Tanpa Nama
1930140495_1930140491_STOP256,0.8958,5,8,2,1,0,komersial;katering,Jalan Kotabaru Raya
1930140495_5355955155_STOP256,0.8958,5,8,2,1,0,komersial;katering,Jalan Sawah Kurung Raya
1956195925_2439053864_STOP266,0.875,3,8,4,0.5,0.5,lainnya;komersial,Jalan Aceh
1956195925_2439053866_STOP266,0.875,3,8,4,0.5,0.5,lainnya;komersial,Jalan Aceh
1956195925_2439053868_STOP266,0.875,3,8,4,0.5,0.5,lainnya;komersial,Jalan Wastukancana
1956195926_29354375_STOP678,0.7292,3.88,8,3,0.75,0.25,komersial;lainnya,Jalan Stasiun Timur
1956195926_3270228962_STOP678,0.7292,3.88,8,3,0.75,0.25,komersial;lainnya,Jalan Tanpa Nama
1956195993_12806120213_STOP794,0.75,4.5,8,3,0.875,0,katering;komersial,Jalan Cikawao
1956195993_12806120214_STOP794,0.75,4.5,8,3,0.875,0,katering;komersial,Jalan Lengkong Besar
1956570020_1663274768_STOP265,0.9375,5,8,3,1,0,katering;kesehatan;lainnya,Jalan Dayang Sumbi
1956570020_1663274768_STOP519,0.9375,5,8,3,1,0,katering;kesehatan;lainnya,Jalan Dayang Sumbi
1956570020_1663274768_STOP552,0.9375,5,8,3,1,0,kesehatan;lainnya;katering,Jalan Dayang Sumbi
1956570020_1956899631_STOP552,0.9375,5,8,3,1,0,kesehatan;lainnya;katering,Jalan Dayang Sumbi
1956570020_29359329_STOP552,0.9375,5,8,3,1,0,kesehatan;lainnya;katering,Jalan Dayang Sumbi
1956899631_11262097537_STOP166,0.6625,3,8,4,0.5,0.5,pendidikan;lainnya,Jalan Tamansari
1956899631_11262097537_STOP167,0.625,4.5,8,3,0.875,0.125,lainnya;komersial;pendidikan,Jalan Tamansari
1956899631_11262097537_STOP168,0.6667,4,8,5,0.75,0.25,lainnya;finansial,Jalan Tamansari
1956899631_11262097537_STOP231,0.6625,3.5,8,4,0.625,0.375,lainnya;komersial;pendidikan,Jalan Tamansari
1956899631_11262097537_STOP232,0.625,4,8,3,0.75,0.25,komersial;lainnya,Jalan Tamansari
1956899631_11262097537_STOP552,0.7875,4.63,8,3,0.875,0.125,lainnya;pendidikan,Jalan Tamansari
1956899631_11262097537_STOP587,0.6667,4,8,5,0.75,0.25,finansial;lainnya;rekreasi,Jalan Tamansari
1956899631_11262097537_STOP619,0.625,4.5,8,3,0.875,0.125,komersial;lainnya,Jalan Tamansari
1956899631_1956570020_STOP552,0.9375,5,8,3,1,0,kesehatan;lainnya;katering,Jalan Dayang Sumbi
1956899631_29359329_STOP552,0.9375,5,8,3,1,0,kesehatan;lainnya,Jalan Tamansari
1969331837_1658976885_STOP353,0.8958,5,8,3,1,0,komersial;kesehatan;lainnya,Jalan Pasteur
1969331837_2539986928_STOP353,0.8958,5,8,3,1,0,komersial;kesehatan;lainnya,Jalan Cihampelas
1980602387_1980677025_STOP651,0.6771,4,8,3,0.75,0.25,lainnya;katering,Jalan Karawitan
1980602387_1980677025_STOP652,0.5625,3.38,8,4,0.625,0.375,lainnya,Jalan Karawitan
1980602387_1980735013_STOP456,0.7396,4,8,4,0.75,0.25,lainnya;katering,"['Jalan Maskumambang', 'Jalan Karawitan']"
1980602387_1980735013_STOP652,0.75,3.88,8,3,0.75,0.25,lainnya;katering,"['Jalan Maskumambang', 'Jalan Karawitan']"
1980602387_1980735013_STOP653,0.8125,4.5,8,3,0.875,0.125,katering;lainnya,"['Jalan Maskumambang', 'Jalan Karawitan']"
1980602387_1980735013_STOP654,0.6458,4,8,4,0.75,0.25,lainnya;kesehatan,"['Jalan Maskumambang', 'Jalan Karawitan']"
1980602387_1980735013_STOP745,0.7708,4.5,8,3,0.875,0.125,lainnya;katering,"['Jalan Maskumambang', 'Jalan Karawitan']"
1980602387_1980735013_STOP804,0.7188,4.5,8,4,0.875,0.125,lainnya;kesehatan,"['Jalan Maskumambang', 'Jalan Karawitan']"
1980602387_6715130346_STOP467,0.8125,5,8,3,1,0,lainnya;kesehatan;katering,Jalan Solontongan
1980602387_6715130346_STOP652,0.5625,3.38,8,4,0.625,0.375,lainnya,Jalan Solontongan
1980677025_1980602387_STOP651,0.6771,4,8,3,0.75,0.25,lainnya;katering,Jalan Karawitan
1980677025_1980602387_STOP652,0.5625,3.38,8,4,0.625,0.375,lainnya,Jalan Karawitan
1980677025_3068325990_STOP651,0.7917,3.5,8,2,0.625,0.375,katering;komersial,Jalan Karawitan
1980677025_3068325990_STOP710,0.875,3.88,8,3,0.75,0.25,kesehatan;komersial;katering,Jalan Karawitan
1980677025_6715130340_STOP468,0.75,4,8,5,0.75,0.25,komersial;lainnya;finansial,Jalan Kliningan
1980677025_6715130340_STOP581,0.7292,4.38,8,3,0.875,0.125,lainnya;komersial,Jalan Kliningan
1980677025_6715130340_STOP582,0.875,4,8,5,0.75,0.25,komersial;lainnya;finansial,Jalan Kliningan
1980677025_6715130340_STOP584,0.7292,4.38,8,3,0.875,0.125,lainnya;komersial,Jalan Kliningan
1980677025_6715130340_STOP651,0.7188,3.5,8,3,0.625,0.375,komersial;katering,Jalan Kliningan
1980735013_1108653589_STOP654,0.6458,4,8,4,0.75,0.25,lainnya;kesehatan,Jalan R.A.A. Martanegara
1980735013_1108653589_STOP706,0.7083,4.5,8,3,0.875,0.125,kesehatan;lainnya;katering,Jalan R.A.A. Martanegara
1980735013_1980602387_STOP456,0.7396,4,8,4,0.75,0.25,lainnya;katering,"['Jalan Karawitan', 'Jalan Maskumambang']"
1980735013_1980602387_STOP652,0.75,3.88,8,3,0.75,0.25,lainnya;katering,"['Jalan Karawitan', 'Jalan Maskumambang']"
1980735013_1980602387_STOP653,0.8125,4.5,8,3,0.875,0.125,katering;lainnya,"['Jalan Karawitan', 'Jalan Maskumambang']"
1980735013_1980602387_STOP654,0.6458,4,8,4,0.75,0.25,lainnya;kesehatan,"['Jalan Karawitan', 'Jalan Maskumambang']"
1980735013_1980602387_STOP745,0.75,4.5,8,3,0.875,0.125,lainnya;katering,"['Jalan Karawitan', 'Jalan Maskumambang']"
1980735013_1980602387_STOP804,0.7188,4.5,8,4,0.875,0.125,lainnya;kesehatan,"['Jalan Karawitan', 'Jalan Maskumambang']"
1980735013_29489323_STOP570,0.75,3.38,8,2,0.625,0.375,finansial;lainnya,Jalan R.A.A. Martanegara
1980735013_29489323_STOP654,0.6458,4,8,4,0.75,0.25,lainnya;kesehatan,Jalan R.A.A. Martanegara
1980735013_29489323_STOP707,0.6875,3.63,8,4,0.625,0.375,pendidikan;komersial;lainnya,Jalan R.A.A. Martanegara
1980735013_29489323_STOP708,0.75,3.38,8,2,0.625,0.375,lainnya;finansial,Jalan R.A.A. Martanegara
1980735013_29489323_STOP722,0.7188,3.5,8,4,0.625,0.375,lainnya;pendidikan,Jalan R.A.A. Martanegara
1982390348_29434768_STOP412,0.9125,5,8,3,1,0,lainnya;komersial,Jalan Kyai Haji Ahmad Dahlan
1982390348_29434768_STOP413,0.875,5,8,3,1,0,lainnya;kesehatan,Jalan Kyai Haji Ahmad Dahlan
1982390351_1982390348_STOP412,0.875,5,8,5,1,0,lainnya;komersial;pendidikan,Jalan Kyai Haji Ahmad Dahlan
1982390351_1982408563_STOP412,0.9125,5,8,4,1,0,lainnya;komersial;pendidikan,"['Jalan Gurame', 'Jalan Sadakeling']"
1982408562_1982390348_STOP412,0.9125,5,8,3,1,0,lainnya;pendidikan;komersial,Jalan Sadakeling
1982408562_1982390348_STOP801,0.975,5,8,3,1,0,pendidikan;komersial;lainnya,Jalan Sadakeling
1982408562_1982408563_STOP801,0.975,5,8,3,1,0,pendidikan;komersial;lainnya,Jalan Gurame
1982408563_3277353718_STOP411,0.8125,3.5,8,3,0.625,0.375,komersial;pendidikan;lainnya,Jalan Gurame
1982408563_3277353718_STOP801,0.9125,5,8,3,1,0,pendidikan;lainnya;komersial,Jalan Gurame
1982777430_3110265315_STOP465,0.5833,2.75,8,3,0.375,0.5,lainnya,Jalan Inhoftank
1982777430_3110265315_STOP642,0.5833,2.75,8,3,0.375,0.5,lainnya,Jalan Inhoftank
1982777430_3115041391_STOP465,0.6979,3.75,8,3,0.625,0.25,lainnya;komersial,Jalan Inhoftank
1982777430_8499551927_STOP463,0.6875,4,8,3,0.75,0.25,lainnya,Jalan Soekarno-Hatta
1982777430_8499551927_STOP464,0.6875,4,8,3,0.75,0.25,lainnya,Jalan Soekarno-Hatta
1982777430_8499551927_STOP465,0.7188,5,8,3,1,0,lainnya;komersial,Jalan Soekarno-Hatta
1982778316_6428110632_STOP139,0.75,3.75,8,3,0.625,0.25,lainnya,Jalan Mohammad Toha
1982778316_6428110634_STOP139,0.75,2.75,8,3,0.375,0.5,lainnya,Jalan Mohammad Toha
2012498676_11138593910_STOP406,0.8104,4.38,8,4,0.875,0.125,lainnya;katering;kesehatan,Jalan HOS. Cokroaminoto
2012498676_11138593910_STOP78,0.8854,4.38,8,5,0.875,0.125,lainnya;katering;kesehatan,Jalan HOS. Cokroaminoto
2012498676_2012498693_STOP406,0.8104,4.38,8,4,0.875,0.125,lainnya;katering;kesehatan,Jalan HOS. Cokroaminoto
2012498676_2012498693_STOP78,0.8229,4.38,8,5,0.875,0.125,lainnya;kesehatan;katering,Jalan HOS. Cokroaminoto
2012498686_2012498705_STOP780,0.8417,4.75,8,3,0.875,0,lainnya;kesehatan,Jalan Pajajaran
2012498686_5369274909_STOP222,0.9375,5,8,2,1,0,finansial;kesehatan,Jalan Pajajaran
2012498686_5369274909_STOP646,0.7917,4.38,8,2,0.75,0.125,lainnya;kesehatan,Jalan Pajajaran
2012498686_5369274909_STOP780,0.8417,4.75,8,3,0.875,0,lainnya;kesehatan,Jalan Pajajaran
2012498693_25433683_STOP405,0.6979,4.38,8,5,0.875,0.125,katering;kesehatan;lainnya,Jalan Pajajaran
2012498693_25433683_STOP78,0.8229,4.38,8,5,0.875,0.125,lainnya;kesehatan;katering,Jalan Pajajaran
2012498697_11138593909_STOP78,0.9688,4.38,8,4,0.875,0.125,katering;lainnya;pendidikan;kesehatan,Jalan HOS. Cokroaminoto
2012498697_5278840351_STOP77,0.9375,4.88,8,4,1,0,lainnya;pendidikan;katering;komersial,Jalan HOS. Cokroaminoto
2012498697_5278840351_STOP78,0.9688,4.38,8,4,0.875,0.125,lainnya;katering;pendidikan;kesehatan,Jalan HOS. Cokroaminoto
2012498705_2012498711_STOP78,1,5,8,2,1,0,katering;lainnya,Jalan Pajajaran
2012498705_2012498711_STOP780,0.925,5,8,2,1,0,lainnya;kesehatan,Jalan Pajajaran
2012498705_25433686_STOP474,0.875,4.88,8,3,1,0,komersial;finansial;pendidikan,"['Jalan Dursasana', 'Jalan Astina']"
2012498705_25433686_STOP77,1,4.88,8,3,1,0,pendidikan;lainnya,"['Jalan Dursasana', 'Jalan Astina']"
2012498705_25433686_STOP780,0.925,5,8,2,1,0,lainnya;kesehatan,"['Jalan Dursasana', 'Jalan Astina']"
2012498711_11138593909_STOP78,0.8854,4.38,8,5,0.875,0.125,katering;lainnya;kesehatan,Jalan Pajajaran
2012498711_2012498697_STOP78,0.9688,4.38,8,4,0.875,0.125,katering;lainnya;pendidikan;kesehatan,Jalan HOS. Cokroaminoto
2012565708_5340138155_STOP353,0.8601,4.88,8,3,1,0,kesehatan;komersial;lainnya,Jalan Raden Adipati Aria Wiranatakusumah
2012565708_7111571825_STOP353,0.8601,4.88,8,3,1,0,kesehatan;komersial;lainnya,Jalan Pasteur
2019234455_1083569114_STOP129,0.525,2,8,3,0.25,0.75,lainnya;komersial,Jalan Perintis
2019234455_1083569114_STOP391,0.65,3.75,8,3,0.625,0.25,komersial;katering,Jalan Perintis
2019234455_13097895692_STOP129,0.625,3,8,4,0.5,0.5,lainnya;komersial;katering,"['Jalan Perintis', 'Jalan Sariwangi']"
2034444650_2746818952_STOP29,0.7083,3.63,8,3,0.625,0.375,lainnya;komersial,Jalan Sawah Kurung IV
2034444650_29489138_STOP29,0.7083,3.63,8,3,0.625,0.375,komersial;lainnya,Jalan Sawah Kurung Raya
2034444650_5369202740_STOP256,0.8333,5,8,2,1,0,komersial,Jalan Sawah Kurung Raya
2034444650_5369202740_STOP29,0.7083,3.63,8,3,0.625,0.375,komersial;lainnya,Jalan Sawah Kurung Raya
2034531645_5463596824_STOP519,0.9167,5,8,2,1,0,lainnya;kesehatan,Jalan Sumur Bandung
2034531650_2034531645_STOP519,0.7604,4.5,8,2,0.875,0.125,lainnya;katering,Jalan Sumur Bandung
2034531650_5825278971_STOP519,0.7917,3.5,8,2,0.625,0.375,lainnya,Jalan Siliwangi
2034533034_1342112672_STOP164,0.6563,4.38,8,3,0.875,0.125,lainnya;katering,Jalan Sangkuriang
2034533034_312086542_STOP164,0.6563,4.38,8,3,0.875,0.125,lainnya;katering,Jalan Siliwangi
2035792342_6609192455_STOP682,0.9375,4.5,8,3,0.875,0.125,lainnya;katering;finansial,Jalan Sumatra
2035815827_25778222_STOP690,0.8646,4.25,8,3,0.75,0.125,lainnya;katering,Jalan Cisangkuy
2035815827_6445381506_STOP575,0.75,4.13,8,3,0.75,0.25,kesehatan;komersial;katering,Jalan Citarum
2035815827_6445381506_STOP690,0.8021,3.88,8,3,0.625,0.25,komersial;lainnya;katering,Jalan Citarum
2036066796_2958252668_STOP236,0.8125,4.5,8,3,0.875,0.125,finansial;lainnya,Jalan Ir. H. Djuanda
2036066796_3374026391_STOP236,0.875,5,8,3,1,0,lainnya;katering,Jalan Sulanjana
2036066796_9755546377_STOP169,0.875,4,8,3,0.75,0.25,lainnya;kesehatan;komersial,Jalan Sulanjana
2036066796_9755546377_STOP236,0.875,5,8,3,1,0,lainnya;katering,Jalan Sulanjana
2036066796_9755546377_STOP578,0.8125,3.5,8,3,0.625,0.375,komersial;kesehatan;lainnya,Jalan Sulanjana
2037086792_11564259401_STOP556,0.8438,5,8,4,1,0,pendidikan;lainnya;komersial,Jalan Belitung
2037086792_11564259401_STOP660,0.8438,5,8,4,1,0,pendidikan;komersial;lainnya,Jalan Belitung
2037086792_1896207944_STOP47,0.75,4.25,8,3,0.875,0.125,katering;komersial;pendidikan,Jalan Banda
2037086792_1896207944_STOP577,0.7634,4.75,8,3,1,0,katering;lainnya,Jalan Banda
2037086792_1896207944_STOP660,0.8438,5,8,4,1,0,pendidikan;komersial;lainnya;katering,Jalan Banda
2037086792_2041502893_STOP409,0.7813,3.5,8,3,0.625,0.375,lainnya;komersial,Jalan Belitung
2037086792_2041502893_STOP660,0.8438,4,8,3,0.75,0.25,komersial;pendidikan;lainnya,Jalan Belitung
2037649896_2037649963_STOP134,0.8125,3.88,8,3,0.625,0.25,lainnya;komersial;katering,Jalan Tanpa Nama
2037649896_2037649963_STOP478,0.7188,3.75,8,2,0.625,0.25,lainnya,Jalan Tanpa Nama
2037649896_2037649963_STOP628,0.6042,2.63,8,3,0.375,0.625,katering;lainnya,Jalan Tanpa Nama
2037649896_2037649964_STOP478,0.7188,4.88,8,2,1,0,lainnya;katering,Jalan Kapten Tendean
2037649896_2037649964_STOP551,0.5417,3.38,8,2,0.625,0.375,lainnya,Jalan Kapten Tendean
2037649896_2037649964_STOP67,0.5833,2.13,8,3,0.25,0.75,katering;lainnya,Jalan Kapten Tendean
2037649896_29489509_STOP134,0.7,2.8,5,1,0.2,0.4,lainnya,"['Jalan Kapten Tendean', 'Jalan Cisatu 1', 'Jalan Cisatu']"
2037649896_29489509_STOP19,0.5,5,5,1,1,0,pendidikan,"['Jalan Kapten Tendean', 'Jalan Cisatu 1', 'Jalan Cisatu']"
2037649896_29489509_STOP478,0.7,2.8,5,1,0.2,0.4,lainnya,"['Jalan Kapten Tendean', 'Jalan Cisatu 1', 'Jalan Cisatu']"
2037649963_1659928187_STOP628,0.6042,2.63,8,3,0.375,0.625,katering;lainnya,Jalan Hegarmanah
2037649963_2037649896_STOP134,0.8125,3.88,8,3,0.625,0.25,lainnya;komersial;katering,Jalan Tanpa Nama
2037649963_2037649896_STOP478,0.7188,3.75,8,2,0.625,0.25,lainnya,Jalan Tanpa Nama
2037649963_2037649896_STOP628,0.6042,2.63,8,3,0.375,0.625,katering;lainnya,Jalan Tanpa Nama
2037649963_2037649964_STOP628,0.6042,2.63,8,3,0.375,0.625,katering;lainnya,Jalan Cisatu 1
2037649964_1659928187_STOP628,0.6042,2.63,8,3,0.375,0.625,katering;lainnya,Jalan Cisatu 1
2037649964_2037649896_STOP478,0.7188,4.88,8,2,1,0,lainnya;katering,Jalan Kapten Tendean
2037649964_2037649896_STOP551,0.5417,3.38,8,2,0.625,0.375,lainnya,Jalan Kapten Tendean
2037649964_2037649896_STOP628,0.6042,2.63,8,3,0.375,0.625,katering;lainnya,Jalan Kapten Tendean
2037649964_2037649896_STOP67,0.5833,2.13,8,3,0.25,0.75,katering;lainnya,Jalan Kapten Tendean
2037649964_2037649963_STOP628,0.6042,2.63,8,3,0.375,0.625,katering;lainnya,Jalan Cisatu 1
2039584375_25771207_STOP39,0.8125,4.88,8,3,1,0,lainnya;rekreasi,Jalan Sentot Alibasyah
2039584375_5293786192_STOP151,0.75,4.75,8,3,1,0,lainnya;katering,Jalan Diponegoro
2039584375_5293786192_STOP39,0.8125,4.88,8,3,1,0,lainnya;rekreasi,Jalan Diponegoro
2039584375_5293786192_STOP40,0.6458,4.13,8,5,0.75,0.25,lainnya;katering;kesehatan,Jalan Diponegoro
2039584375_5293786192_STOP575,0.8125,4.63,8,4,0.875,0.125,katering;kesehatan;pendidikan,Jalan Diponegoro
2039584375_5293786192_STOP615,0.6208,4.13,8,4,0.75,0.25,kesehatan;lainnya,Jalan Diponegoro
2039584375_5293786192_STOP75,0.8125,4.63,8,3,1,0,lainnya;rekreasi,Jalan Diponegoro
2041502893_2037086792_STOP409,0.7813,3.5,8,3,0.625,0.375,lainnya;komersial,Jalan Belitung
2041502893_2037086792_STOP660,0.8438,4,8,3,0.75,0.25,komersial;pendidikan;lainnya,Jalan Belitung
2041502893_32042327_STOP340,0.8125,3.5,8,2,0.625,0.375,lainnya,Jalan Belitung
2041502893_32042327_STOP409,0.7813,3.5,8,3,0.625,0.375,lainnya;komersial,Jalan Belitung
2041502893_9762128207_STOP340,0.8229,5,8,3,1,0,lainnya;rekreasi;komersial,Jalan Sumbawa
2041502893_9762128207_STOP409,0.7813,3.5,8,3,0.625,0.375,lainnya;komersial,Jalan Sumbawa
2041502893_9762128207_STOP660,0.7604,4.5,8,3,0.875,0.125,lainnya;komersial,Jalan Sumbawa
2041524725_1916791843_STOP757,0.5625,3.13,8,2,0.5,0.5,katering,Jalan Aceh
2041524725_1916791843_STOP758,0.6042,3.5,8,3,0.625,0.375,katering;lainnya,Jalan Aceh
2041524725_2439053866_STOP484,0.875,2.5,8,4,0.375,0.625,komersial;lainnya,Jalan Aceh
2041524725_2439053866_STOP756,0.8125,2,8,2,0.25,0.75,komersial;katering,Jalan Aceh
2041524725_2439053866_STOP757,0.5625,3.13,8,2,0.5,0.5,katering,Jalan Aceh
2150576370_1837401676_STOP607,0.8125,5,8,3,1,0,lainnya,Jalan Otto Iskandardinata
2150576370_2325416266_STOP260,0.8958,4.75,8,2,0.875,0,finansial;komersial,Jalan Peta
2150576370_2325416266_STOP311,0.8333,4.13,8,3,0.75,0.125,finansial;komersial,Jalan Peta
2150576370_2325416266_STOP394,0.875,5,8,3,1,0,lainnya;komersial,Jalan Peta
2150576370_2325416266_STOP607,0.8125,5,8,3,1,0,lainnya,Jalan Peta
2250555721_1911634930_STOP109,0.875,4.88,8,3,1,0,komersial,Jalan Kalipah Apo
2250555721_1911634930_STOP481,0.8125,4.88,8,4,1,0,komersial;finansial,Jalan Kalipah Apo
2250555721_1911634930_STOP815,0.75,3.75,8,2,0.625,0.25,finansial,Jalan Kalipah Apo
2250555721_1919641214_STOP815,0.75,3.75,8,2,0.625,0.25,finansial,Jalan Otto Iskandardinata
2315712821_5461446470_STOP3,0.75,5,8,2,1,0,lainnya;komersial,Jalan Tanpa Nama
2315712822_2315712821_STOP3,0.75,5,8,2,1,0,lainnya;komersial,Jalan Tanpa Nama
2315712822_5461446959_STOP3,0.7,5,5,1,1,0,lainnya,Jalan Suka Mulya
2316743942_2316743947_STOP19,0.5625,3.63,8,3,0.625,0.25,katering;lainnya,Jalan Ciumbuleuit
2316743942_319706490_STOP19,0.5625,3.63,8,3,0.625,0.25,katering;lainnya,Jalan Ciumbuleuit
2316743947_2316743942_STOP19,0.5625,3.63,8,3,0.625,0.25,katering;lainnya,Jalan Ciumbuleuit
2316743947_29489509_STOP19,0.5625,3.63,8,3,0.625,0.25,katering;lainnya;pendidikan,Jalan Ciumbuleuit
2316743959_1660116942_STOP66,0.9375,5,8,2,1,0,lainnya;katering,Jalan Ciumbuleuit
2316743959_29489509_STOP134,0.875,5,8,4,1,0,katering;komersial;pendidikan;lainnya,Jalan Ciumbuleuit
2316743959_29489509_STOP150,0.7832,5,8,3,1,0,lainnya;katering,Jalan Ciumbuleuit
2316743959_29489509_STOP19,0.5,5,5,1,1,0,pendidikan,Jalan Ciumbuleuit
2316743959_29489509_STOP66,0.9375,5,8,2,1,0,lainnya;katering,Jalan Ciumbuleuit
2317306738_6622103729_STOP244,0.725,4.5,8,3,0.875,0.125,kesehatan;komersial;lainnya,Jalan Pajajaran
2317306738_6622103729_STOP485,0.85,4.88,8,3,1,0,katering;kesehatan;komersial,Jalan Pajajaran
2325414603_2325414606_STOP185,0.75,3.75,8,3,0.75,0.25,komersial;lainnya,Jalan Mohammad Toha
2325414603_3272350517_STOP185,0.75,3.75,8,3,0.75,0.25,komersial;lainnya,Jalan Soekarno-Hatta
2325414603_3272371137_STOP185,0.75,3.75,8,3,0.75,0.25,komersial;lainnya,Jalan Mohammad Toha
2325414606_2325414603_STOP185,0.75,3.75,8,3,0.75,0.25,komersial;lainnya,Jalan Mohammad Toha
2325414606_3272376486_STOP185,0.75,3.75,8,3,0.75,0.25,komersial;lainnya,Jalan Mohammad Toha
2325414606_9973785684_STOP185,0.75,3.75,8,3,0.75,0.25,komersial;lainnya,Jalan Soekarno-Hatta
2325416263_2325416264_STOP311,0.7708,4,8,3,0.75,0.125,finansial;komersial,Jalan Peta
2325416264_1837401676_STOP260,0.8958,4.75,8,2,0.875,0,finansial;komersial,Jalan Peta
2325416264_1837401676_STOP309,0.8125,5,8,3,1,0,lainnya,Jalan Peta
2325416264_1837401676_STOP311,0.8333,4.13,8,3,0.75,0.125,finansial;komersial,Jalan Peta
2325416264_1837401676_STOP394,0.875,5,8,3,1,0,lainnya;komersial,Jalan Peta
2325416264_1837401676_STOP607,0.8125,5,8,3,1,0,lainnya,Jalan Peta
2325416264_2325416266_STOP311,0.7708,4,8,3,0.75,0.125,finansial;komersial,Jalan Leuwi Panjang
2325416265_2325416263_STOP311,0.7708,4,8,3,0.75,0.125,finansial;komersial,Jalan Leuwi Panjang
2325416265_5355765055_STOP271,0.75,3.88,8,3,0.75,0.25,finansial;komersial,Jalan Peta
2325416265_5355765055_STOP311,0.75,3.88,8,3,0.75,0.25,finansial;komersial,Jalan Peta
2325416266_2325416265_STOP311,0.7708,4,8,3,0.75,0.125,finansial;komersial,Jalan Peta
2325416266_5862690013_STOP271,0.7708,3.63,8,3,0.625,0.25,finansial;komersial,Jalan Leuwi Panjang
2325416266_5862690013_STOP311,0.7708,3.63,8,3,0.625,0.25,finansial;komersial,Jalan Leuwi Panjang
2325438077_1675261406_STOP404,0.875,4,8,2,0.75,0.125,katering;komersial,Jalan Dr. Setiabudi
2325438077_1675261406_STOP479,0.8542,4.5,8,3,0.875,0,lainnya;katering;komersial,Jalan Dr. Setiabudi
2325438077_5639373305_STOP479,0.7917,4.88,8,3,1,0,lainnya;katering,Jalan Dr. Setiabudi
2325438114_29357111_STOP551,0.8455,4.5,8,2,0.875,0.125,katering,Jalan Sukajadi
2325438114_29357111_STOP67,0.7622,4,8,2,0.75,0.25,katering,Jalan Sukajadi
2325448480_2325448481_STOP591,0.8125,4.5,8,3,0.875,0.125,katering;lainnya;komersial,Jalan Tanpa Nama
2325448480_9749128082_STOP591,0.875,4.5,8,3,0.875,0.125,lainnya;komersial;katering,Jalan Ir. H. Djuanda
2325448481_1662376948_STOP591,0.8125,4.5,8,3,0.875,0.125,katering;lainnya;komersial,Jalan Ir. H. Djuanda
2325448481_2325448480_STOP591,0.8125,4.5,8,3,0.875,0.125,katering;lainnya;komersial,Jalan Tanpa Nama
2325448804_29357864_STOP476,0.7292,3.25,8,4,0.5,0.375,lainnya;komersial;kesehatan,Jalan Sukajadi
2325448804_29357864_STOP92,0.6667,3,8,4,0.375,0.375,lainnya;komersial,Jalan Sukajadi
2325449629_1658919998_STOP72,0.875,5,8,3,1,0,komersial;lainnya,Jalan Tanpa Nama
2325450314_9857713262_STOP80,0.75,3.75,8,3,0.75,0.25,kesehatan;katering;lainnya,Jalan Pasir Kaliki
2325450314_9857713262_STOP81,0.6875,3.25,8,3,0.625,0.375,kesehatan;lainnya;katering,Jalan Pasir Kaliki
2325450642_1969331837_STOP353,0.8958,5,8,3,1,0,komersial;kesehatan;lainnya,Jalan Cihampelas
2325450642_5334388861_STOP353,0.9375,4.88,8,3,1,0,komersial;lainnya;kesehatan,Jalan Layang Professor Mochtar Kusumaatmadja
2325451114_3048202812_STOP81,0.75,3.38,8,4,0.625,0.375,lainnya;katering,Jalan Dr. Djunjunan
2325451280_2325451114_STOP81,0.7188,3.25,8,3,0.625,0.375,katering;lainnya,Jalan Tanpa Nama
2325451280_2958261193_STOP81,0.7188,3.75,8,3,0.75,0.25,katering;lainnya,Jalan HOS. Cokroaminoto
2325451294_295555957_STOP146,0.9375,5,8,2,1,0,lainnya;finansial,Jalan PH. H. Mustofa
2325451294_295555957_STOP627,0.875,4.75,8,3,0.875,0,lainnya;komersial,Jalan PH. H. Mustofa
2325451295_2477145871_STOP213,0.75,4.5,8,3,0.875,0.125,kesehatan;katering;komersial,Jalan Jenderal Ahmad Yani
2325451295_2477145871_STOP627,0.75,4.75,8,3,0.875,0,komersial;lainnya;kesehatan,Jalan Jenderal Ahmad Yani
2325451295_3274678437_STOP213,0.75,4.5,8,3,0.875,0.125,kesehatan;katering;komersial,Jalan Jenderal Ahmad Yani
2325451295_3274678437_STOP627,0.8125,4.5,8,3,0.875,0.125,lainnya;komersial;kesehatan,Jalan Jenderal Ahmad Yani
2325451298_2325451294_STOP627,0.8125,4.25,8,4,0.75,0.125,lainnya;komersial,Jalan Tanpa Nama
2325451298_2477145871_STOP627,0.75,4.25,8,4,0.75,0.125,lainnya;komersial;kesehatan,Jalan Jenderal Ahmad Yani
2325451298_3274678437_STOP627,0.8125,4.25,8,4,0.75,0.125,komersial;lainnya,Jalan Tanpa Nama
2325451300_11149984615_STOP483,0.7768,4.5,8,3,0.875,0,lainnya;katering;kesehatan,Jalan Nyland
2325451300_25433677_STOP483,0.7768,4.5,8,3,0.875,0,lainnya;katering;kesehatan,Jalan Nyland
2325451308_2325451298_STOP626,0.8125,3.5,8,4,0.625,0.375,lainnya;komersial;finansial,Jalan Jenderal Ahmad Yani
2325451308_2325451298_STOP627,0.9375,4.5,8,4,0.875,0.125,lainnya;komersial,Jalan Jenderal Ahmad Yani
2325451308_3271894417_STOP626,0.8125,3.5,8,4,0.625,0.375,komersial;lainnya;finansial,Jalan Jenderal Ahmad Yani
2325451311_11149984614_STOP483,0.7143,4,8,4,0.75,0.125,katering;lainnya,Bundaran Rajiman
2325451311_11149984615_STOP483,0.7143,4,8,4,0.75,0.125,katering;lainnya,Jalan Nyland
2325451442_11138589132_STOP483,0.8393,4,8,5,0.75,0.125,katering;lainnya,Jalan dr. Cipto
2325451442_11138589132_STOP88,0.8393,4.25,8,5,0.875,0.125,katering;lainnya,Jalan dr. Cipto
2325451571_11138589131_STOP88,0.75,4.13,8,5,0.75,0.25,katering;lainnya,Jalan dr. Rum
2325451571_11138589136_STOP88,0.75,4.13,8,5,0.75,0.25,katering;lainnya,Jalan Dokter Gunawan Mangunkusumo
2325451719_11138593392_STOP84,0.6875,3.13,8,3,0.375,0.375,finansial;komersial;lainnya,Jalan Pajajaran
2325451719_25433891_STOP84,0.6875,3.63,8,3,0.5,0.25,finansial;komersial;lainnya,Jalan Pajajaran
2325451810_1666714153_STOP555,0.6625,3.25,8,3,0.5,0.375,lainnya;rekreasi,Jalan Supratman
2325451810_3269462129_STOP555,0.6625,3.25,8,3,0.5,0.375,lainnya;rekreasi,Jalan Brigjend. Katamso
2325451810_3376282077_STOP555,0.6625,3.25,8,3,0.5,0.375,lainnya;rekreasi,Jalan Brigjend. Katamso
2325451853_2317306738_STOP485,0.875,3.88,8,3,0.75,0.25,katering;komersial,Jalan Pajajaran
2325451853_25495368_STOP485,0.875,3.88,8,3,0.75,0.25,katering;komersial,Jalan Wastukancana
2325451853_25495368_STOP63,0.875,3.75,8,3,0.75,0.25,katering;komersial,Jalan Wastukancana
2325452068_6442968671_STOP192,0.8125,3.75,8,4,0.75,0.25,lainnya;finansial,Jalan Perintis Kemerdekaan
2325452068_6442968671_STOP193,0.875,4.13,8,4,0.875,0.125,lainnya;finansial,Jalan Perintis Kemerdekaan
2325452126_5391666889_STOP147,0.625,5,8,2,1,0,komersial;katering,Jalan Jenderal Ahmad Yani
2325452126_5391666890_STOP147,0.625,5,8,2,1,0,komersial;katering,Jalan Laswi
2325452148_12606431205_STOP290,0.8333,4,8,3,0.75,0.25,lainnya,Jalan HOS. Cokroaminoto
2325452148_12806120205_STOP290,0.8333,4,8,3,0.75,0.25,lainnya,Jalan Kebon Jati
2325452313_25432923_STOP46,0.7813,4.5,8,2,0.875,0.125,komersial,Jalan Sukabumi
2325452313_3277871570_STOP147,0.85,4.5,8,3,0.875,0.125,komersial;katering;lainnya,Jalan Laswi
2325452313_3277871570_STOP274,0.7813,4.5,8,2,0.875,0.125,komersial,Jalan Laswi
2325452313_3277871570_STOP46,0.7813,4.5,8,2,0.875,0.125,komersial,Jalan Laswi
2325452463_25435163_STOP295,0.9375,4.5,8,2,0.875,0.125,finansial;katering,Jalan Jenderal Ahmad Yani
2325452463_25435163_STOP297,0.6875,4.5,8,3,0.875,0.125,komersial;lainnya,Jalan Jenderal Ahmad Yani
2325452463_25435163_STOP298,0.75,4.63,8,2,0.875,0,komersial,Jalan Jenderal Ahmad Yani
2325452463_25435163_STOP614,0.75,4.38,8,3,0.875,0.125,komersial;lainnya,Jalan Jenderal Ahmad Yani
2325452463_25435163_STOP99,0.9063,4.63,8,4,0.875,0,katering;komersial;lainnya,Jalan Jenderal Ahmad Yani
2325452463_25435214_STOP298,0.6875,4.63,8,3,0.875,0,komersial;katering,Jalan Ketapang
2325452463_25435214_STOP703,0.6875,4.63,8,3,0.875,0,komersial;katering,Jalan Ketapang
2325452463_7179028075_STOP298,0.6875,4.63,8,3,0.875,0,komersial;katering,Jalan Jenderal Ahmad Yani
2325452463_7179028075_STOP658,0.8125,4.63,8,4,0.875,0.125,komersial;katering;lainnya;kesehatan,Jalan Jenderal Ahmad Yani
2325452463_7179028075_STOP703,0.75,5,8,4,1,0,katering;komersial,Jalan Jenderal Ahmad Yani
2325452490_2325452491_STOP841,0.7708,3.13,8,2,0.5,0.375,komersial;finansial,Jalan Pagarsih Barat
2325452490_5354169659_STOP841,0.7708,3.13,8,2,0.5,0.375,komersial;finansial,Jalan Jamika
2325452490_7624564243_STOP841,0.7708,3.13,8,2,0.5,0.375,komersial;finansial,Jalan Pagarsih Barat
2325452491_2325452490_STOP841,0.7708,3.88,8,2,0.75,0.25,komersial,Jalan Pagarsih Barat
2325452491_5354169650_STOP841,0.7708,3.88,8,2,0.75,0.25,komersial,Jalan Jamika
2325452491_7624564242_STOP841,0.7708,3.88,8,2,0.75,0.25,komersial,Jalan Pagarsih Barat
2325452552_5395152126_STOP435,0.625,3.38,8,5,0.5,0.375,lainnya;komersial,Jalan Jenderal Gatot Subroto
2325452552_6470450617_STOP434,0.625,3.38,8,4,0.5,0.375,lainnya;komersial,Jalan Jenderal Gatot Subroto
2325452552_6470450617_STOP435,0.625,3.38,8,5,0.5,0.375,lainnya;komersial,Jalan Jenderal Gatot Subroto
2325452552_6470450617_STOP837,0.8438,3.25,8,4,0.5,0.375,kesehatan;komersial;lainnya,Jalan Jenderal Gatot Subroto
2325452718_2325452721_STOP158,0.9375,4.88,8,3,1,0,komersial;kesehatan,Jalan Pasir Koja
2325452718_2325452721_STOP314,0.875,4.88,8,3,1,0,komersial,Jalan Pasir Koja
2325452718_2325452721_STOP436,0.9375,5,8,2,1,0,finansial,Jalan Pasir Koja
2325452718_5354191261_STOP314,0.875,4.88,8,3,1,0,komersial,Jalan Pasir Koja
2325452719_2325452722_STOP314,0.875,4.88,8,3,1,0,komersial,Jalan Peta
2325452719_5354191262_STOP314,0.875,4.88,8,3,1,0,komersial,Jalan Pasir Koja
2325452720_2325452719_STOP314,0.9063,4.88,8,3,1,0,komersial,Jalan Pasir Koja
2325452720_5348422777_STOP314,0.9063,4.88,8,3,1,0,komersial,Jalan Jamika
2325452721_2325452718_STOP158,0.9375,4.88,8,3,1,0,komersial;kesehatan,Jalan Pasir Koja
2325452721_2325452718_STOP314,0.875,4.88,8,3,1,0,komersial,Jalan Pasir Koja
2325452721_2325452718_STOP436,0.9375,5,8,2,1,0,finansial,Jalan Pasir Koja
2325452721_2325452718_STOP481,0.6333,2.6,5,1,0.4,0.6,komersial,Jalan Pasir Koja
2325452721_2325452725_STOP436,0.75,4,8,2,0.75,0.25,komersial;finansial,Jalan Pasir Koja
2325452722_2325452724_STOP314,0.9063,4.88,8,3,1,0,komersial,Jalan Pasir Koja
2325452722_5354191258_STOP314,0.9063,4.88,8,3,1,0,komersial,Jalan Peta
2325452724_2325452720_STOP314,0.9063,4.88,8,3,1,0,komersial,Jalan Peta
2325452724_5354191267_STOP314,0.9063,4.88,8,3,1,0,komersial,Jalan Situgunting Timur
2325452724_5354191270_STOP314,0.9063,4.88,8,3,1,0,komersial,Jalan Terusan Pasir Koja
2325452725_1837401646_STOP308,0.875,4.5,8,3,0.875,0.125,katering;lainnya;komersial,Jalan Pungkur
2325452725_1837401646_STOP436,0.6875,3.5,8,3,0.625,0.375,komersial;lainnya,Jalan Pungkur
2325452725_1837401646_STOP811,0.6875,3.5,8,3,0.625,0.375,lainnya;komersial,Jalan Pungkur
2325452725_1911634930_STOP109,0.875,4.38,8,3,0.875,0.125,komersial,Jalan Astana Anyar
2325452725_1911634930_STOP436,0.75,4,8,2,0.75,0.25,komersial;finansial,Jalan Astana Anyar
2325452725_1911634930_STOP481,0.875,5,8,3,1,0,finansial,Jalan Astana Anyar
2325452725_5355823339_STOP272,0.7083,2.88,8,2,0.5,0.5,komersial;katering,Jalan Astana Anyar
2325452725_5355823339_STOP436,0.625,3,8,3,0.5,0.5,komersial;lainnya,Jalan Astana Anyar
2325452725_5355823339_STOP811,0.6875,2.75,8,3,0.375,0.5,komersial,Jalan Astana Anyar
2325452855_2325452856_STOP158,0.75,4,8,3,0.75,0.25,katering;lainnya;finansial,Jalan Tanpa Nama
2325452855_2325452899_STOP158,0.75,4,8,3,0.75,0.25,katering;lainnya;finansial,Jalan Peta
2325452855_2325452899_STOP714,0.7083,4,8,3,0.75,0.25,katering;finansial;lainnya,Jalan Peta
2325452856_2325452855_STOP158,0.75,4,8,3,0.75,0.25,katering;lainnya;finansial,Jalan Tanpa Nama
2325452856_5354191268_STOP158,0.75,4,8,4,0.75,0.25,komersial;katering;lainnya;finansial,Jalan Peta
2325452856_5354191268_STOP314,0.8438,4.88,8,4,1,0,komersial,Jalan Peta
2325452881_2325452721_STOP272,0.6458,2.38,8,3,0.375,0.625,katering;komersial,Jalan Kopo
2325452881_2325452721_STOP436,0.5625,3,8,3,0.5,0.5,komersial;finansial,Jalan Kopo
2325452881_2325452721_STOP811,0.5625,2.88,8,3,0.5,0.5,komersial,Jalan Kopo
2325452881_7540370583_STOP272,0.7083,2.88,8,2,0.5,0.5,katering;komersial,Jalan Kyai Haji Wahid Hasyim
2325452881_7540370583_STOP311,0.75,3.88,8,4,0.75,0.25,finansial;lainnya;komersial,Jalan Kyai Haji Wahid Hasyim
2325452881_7540370583_STOP430,0.8125,3.38,8,2,0.625,0.375,kesehatan;finansial,Jalan Kyai Haji Wahid Hasyim
2325452883_2325452885_STOP382,0.75,4,8,4,0.625,0.125,komersial;lainnya,Jalan Soekarno-Hatta
2325452883_3272563966_STOP382,0.75,4,8,4,0.625,0.125,komersial;lainnya,Jalan Terusan Pasir Koja
2325452885_3272539241_STOP382,0.75,4,8,4,0.625,0.125,komersial;lainnya,Jalan Soekarno-Hatta
2325452899_2325452935_STOP714,0.7083,4,8,3,0.75,0.25,katering;finansial;lainnya,Jalan Tanpa Nama
2325452899_2325453233_STOP312,1,5,8,2,1,0,lainnya;komersial,Jalan Peta
2325452899_2325453233_STOP313,0.8125,3.75,8,5,0.625,0.25,komersial;lainnya,Jalan Peta
2325452899_2325453233_STOP714,0.7083,4,8,3,0.75,0.25,katering;finansial;lainnya,Jalan Peta
2325452935_2325452856_STOP158,0.75,4,8,3,0.75,0.25,katering;lainnya;finansial,Jalan Peta
2325452935_2325452856_STOP714,0.7083,4,8,3,0.75,0.25,katering;finansial;lainnya,Jalan Peta
2325452935_2325452899_STOP714,0.7083,4,8,3,0.75,0.25,katering;finansial;lainnya,Jalan Tanpa Nama
2325453210_11181448969_STOP184,0.8958,4.25,8,3,0.875,0.125,lainnya;katering;komersial,Jalan Pelajar Pejuang 45
2325453210_11181448969_STOP706,0.875,4.38,8,3,0.875,0.125,lainnya;katering;komersial,Jalan Pelajar Pejuang 45
2325453210_2325453211_STOP184,0.8958,4.25,8,3,0.875,0.125,lainnya;katering;komersial,Jalan Tanpa Nama
2325453211_6618370831_STOP131,0.6375,2.88,8,4,0.5,0.5,komersial;lainnya,Jalan Pelajar Pejuang 45
2325453211_6618370831_STOP183,0.8333,4.25,8,3,0.875,0.125,katering;komersial;lainnya,Jalan Pelajar Pejuang 45
2325453211_6618370831_STOP184,0.7208,4.13,8,4,0.875,0.125,komersial;lainnya;katering,Jalan Pelajar Pejuang 45
2325453226_1667742416_STOP202,0.6563,3.38,8,2,0.625,0.375,finansial;komersial,Jalan H. Ibrahim Adjie
2325453226_1667742416_STOP203,0.5833,1.75,8,3,0.125,0.875,komersial;lainnya,Jalan H. Ibrahim Adjie
2325453226_1667742416_STOP446,0.6464,2.63,8,4,0.375,0.625,lainnya;komersial;finansial,Jalan H. Ibrahim Adjie
2325453226_1667742416_STOP447,0.6042,2.25,8,3,0.125,0.5,lainnya;komersial,Jalan H. Ibrahim Adjie
2325453226_1667742416_STOP609,0.5,1.5,8,2,0,0.75,komersial;lainnya,Jalan H. Ibrahim Adjie
2325453232_12806537959_STOP184,0.7,4.5,8,3,1,0,komersial;pendidikan;lainnya,Jalan Kyai Haji Ahmad Dahlan
2325453232_12806537959_STOP428,0.875,5,8,3,1,0,komersial;katering,Jalan Kyai Haji Ahmad Dahlan
2325453232_2325453210_STOP184,0.7833,4.13,8,4,0.875,0.125,komersial;katering;lainnya,Jalan Pelajar Pejuang 45
2325453233_2325453234_STOP312,1,5,8,2,1,0,lainnya;komersial,Jalan Tanpa Nama
2325453233_3277891124_STOP312,1,5,8,2,1,0,komersial;lainnya,Jalan Peta
2325453233_3277891124_STOP500,0.75,3.88,8,3,0.75,0.25,lainnya;finansial;komersial,Jalan Peta
2325453234_2325452935_STOP312,1,5,8,2,1,0,lainnya;komersial,Jalan Peta
2325453234_2325452935_STOP313,0.8125,3.75,8,5,0.625,0.25,komersial;lainnya,Jalan Peta
2325453234_2325452935_STOP714,0.7083,4,8,3,0.75,0.25,katering;finansial;lainnya,Jalan Peta
2325453234_2325453233_STOP312,1,5,8,2,1,0,lainnya;komersial,Jalan Tanpa Nama
2325453369_2325453374_STOP309,0.8125,5,8,3,1,0,lainnya,Jalan Otto Iskandardinata
2325453369_5358394743_STOP309,0.8125,5,8,3,1,0,lainnya,Jalan Peta
2325453371_3252963731_STOP256,0.8958,5,8,2,1,0,katering;komersial,Jalan Mochammad Ramdhan
2325453371_5862744483_STOP256,0.8958,5,8,2,1,0,katering;komersial,Jalan Mochammad Ramdhan
2325453374_11953687707_STOP309,0.75,5,8,3,1,0,lainnya;komersial,Jalan Inhoftank
2325453374_2150576370_STOP309,0.75,5,8,3,1,0,lainnya;komersial,Jalan Peta
2325453378_3277416899_STOP256,1,5,8,3,1,0,komersial;lainnya;katering,Jalan BKR
2325453481_3272660519_STOP363,0.6875,2.5,8,4,0.375,0.625,lainnya;katering;finansial,Jalan Soekarno-Hatta
2325453481_3272660524_STOP363,0.6875,2.5,8,4,0.375,0.625,lainnya;katering;finansial,Jalan Tanpa Nama
2325453511_2325453514_STOP384,0.75,4.38,8,2,0.875,0.125,katering,Jalan Soekarno-Hatta
2325453511_3252877763_STOP384,0.5625,4.63,8,2,1,0,finansial;komersial,Jalan Babakan Ciparay
2325453511_5354191266_STOP158,0.6458,4.5,8,4,0.875,0.125,lainnya;finansial;katering,"['Jalan Situgunting Timur', 'Jalan Babakan Ciparay']"
2325453511_5354191266_STOP314,0.7813,5,8,4,1,0,komersial;lainnya,"['Jalan Situgunting Timur', 'Jalan Babakan Ciparay']"
2325453511_5354191266_STOP317,0.8125,3.5,8,3,0.625,0.375,lainnya;finansial,"['Jalan Situgunting Timur', 'Jalan Babakan Ciparay']"
2325453511_5354191266_STOP384,0.5625,4.63,8,2,1,0,finansial;komersial,"['Jalan Situgunting Timur', 'Jalan Babakan Ciparay']"
2325453514_10186688809_STOP108,0.5833,3.88,8,3,0.75,0.25,lainnya;katering,Jalan Soekarno-Hatta
2325453514_10186688809_STOP384,0.75,4.38,8,2,0.875,0.125,katering,Jalan Soekarno-Hatta
2325453514_10186688809_STOP396,0.75,4.38,8,2,0.875,0.125,katering,Jalan Soekarno-Hatta
2325453514_3448592238_STOP108,0.5104,3.25,8,2,0.625,0.375,lainnya,Jalan Layang Kopo
2325453514_3448592238_STOP121,0.65,4,8,3,0.75,0.25,kesehatan;komersial,Jalan Layang Kopo
2325453514_3448592238_STOP198,0.75,4.25,8,3,0.875,0.125,kesehatan;lainnya;pendidikan,Jalan Layang Kopo
2325453514_3448592238_STOP384,0.75,4.38,8,2,0.875,0.125,katering,Jalan Layang Kopo
2325453514_3448592238_STOP385,0.75,3.75,8,2,0.625,0.25,finansial;lainnya,Jalan Layang Kopo
2325453514_3448592238_STOP396,0.75,4.38,8,2,0.875,0.125,katering,Jalan Layang Kopo
2325453554_13010031522_STOP401,0.8875,4.63,8,3,0.875,0,komersial;lainnya,Jalan Cibolerang
2325453554_3115112874_STOP401,0.7813,3.38,8,4,0.5,0.25,lainnya;komersial;finansial,Jalan Cigondewah Kaler
2325453554_3115112874_STOP498,0.625,2.75,8,2,0.375,0.5,lainnya,Jalan Cigondewah Kaler
2325453614_2325453616_STOP332,0.6875,2.75,8,4,0.375,0.5,lainnya;olahraga,Jalan Tanpa Nama
2325453614_5330289517_STOP323,0.6875,3.5,8,4,0.625,0.375,lainnya;komersial;olahraga;finansial,Jalan Buah Batu
2325453614_5330289517_STOP331,0.6875,4.63,8,2,1,0,finansial;lainnya,Jalan Buah Batu
2325453614_5330289517_STOP332,0.6875,2.75,8,4,0.375,0.5,lainnya;olahraga,Jalan Buah Batu
2325453616_2325453614_STOP332,0.6875,2.75,8,4,0.375,0.5,olahraga;lainnya,Jalan Tanpa Nama
2325453616_6609245573_STOP322,0.8125,4,8,4,0.625,0.125,komersial;lainnya,Jalan Buah Batu
2325453616_6609245573_STOP332,0.725,3.75,8,3,0.625,0.25,olahraga;lainnya,Jalan Buah Batu
2325454309_2746819081_STOP325,0.6875,4.5,8,3,0.875,0.125,lainnya,Jalan Buah Batu
2325454309_2746819081_STOP329,0.7813,5,8,3,1,0,komersial;katering;lainnya,Jalan Buah Batu
240789108_2607816746_STOP432,0.7562,5,8,3,1,0,kesehatan;katering;lainnya,Jalan Palasari
240789108_2607816746_STOP580,0.75,4.75,8,3,1,0,kesehatan;katering,Jalan Palasari
240789108_2607816746_STOP655,0.7562,4.25,8,3,0.75,0.125,lainnya;katering,Jalan Palasari
240789108_2607816746_STOP656,0.7562,4.25,8,3,0.75,0.125,katering;lainnya,Jalan Palasari
240791836_12606352972_STOP546,0.8125,3.63,8,3,0.625,0.25,komersial,Jalan Karapitan
240791836_12606352972_STOP620,0.7917,3.63,8,3,0.625,0.25,komersial;lainnya,Jalan Karapitan
240791836_5853120075_STOP546,0.8125,3.63,8,3,0.625,0.25,komersial,Jalan Emong
240791836_5853120075_STOP753,0.675,3.38,8,4,0.625,0.375,lainnya,Jalan Emong
240791856_5853120063_STOP501,0.75,4.5,8,4,0.875,0.125,komersial;lainnya,Jalan Burangrang
240791856_5853120063_STOP798,0.625,3.5,8,3,0.625,0.375,komersial;lainnya,Jalan Burangrang
240791856_7210854542_STOP798,0.625,3.5,8,3,0.625,0.375,komersial;lainnya,Jalan Burangrang
2439023829_10793101435_STOP292,0.9375,4.5,8,3,0.875,0.125,katering;lainnya,Jalan Lembong
2439053851_2439053861_STOP173,0.625,3.38,8,4,0.625,0.375,lainnya;komersial,Jalan Wastukancana
2439053851_2439053861_STOP192,0.75,3.25,8,4,0.625,0.375,finansial;lainnya,Jalan Wastukancana
2439053851_2439053861_STOP484,0.625,4,8,4,0.75,0.25,komersial;lainnya,Jalan Wastukancana
2439053861_1956195925_STOP484,0.75,3.38,8,4,0.625,0.375,lainnya;komersial,Jalan Wastukancana
2439053861_2439053864_STOP484,0.75,3.38,8,4,0.625,0.375,lainnya;komersial,Jalan Tanpa Nama
2439053864_10793008429_STOP266,0.5833,4.38,8,4,0.875,0.125,lainnya;katering,Jalan Aceh
2439053864_10793008429_STOP304,0.75,4.38,8,3,0.875,0.125,lainnya;katering,Jalan Aceh
2439053866_1956195925_STOP484,0.875,2.5,8,4,0.375,0.625,komersial;lainnya,Jalan Aceh
2439053866_2041524725_STOP484,0.875,2.5,8,4,0.375,0.625,komersial;lainnya,Jalan Aceh
2439053866_2041524725_STOP756,0.8125,2,8,2,0.25,0.75,komersial;katering,Jalan Aceh
2439053866_2041524725_STOP757,0.5625,3.13,8,2,0.5,0.5,katering,Jalan Aceh
2439053866_2439053868_STOP484,0.875,2.5,8,4,0.375,0.625,komersial;lainnya,Jalan Wastukancana
2439053868_1956195925_STOP266,0.8958,2.5,8,3,0.375,0.625,lainnya;komersial,Jalan Wastukancana
2439053868_364365320_STOP266,0.8958,2.5,8,3,0.375,0.625,lainnya;komersial,Jalan Wastukancana
2439053868_364365320_STOP485,0.7708,2,8,3,0.25,0.75,lainnya;komersial,Jalan Wastukancana
2439053883_3376669072_STOP63,0.875,4.88,8,3,1,0,katering;pendidikan;komersial,Jalan Tamansari
2439053883_5358055836_STOP103,0.9375,5,8,3,1,0,kesehatan;pendidikan;komersial,Jalan Tamansari
2439053883_5358055836_STOP63,0.875,4.88,8,3,1,0,katering;pendidikan;komersial,Jalan Tamansari
2439053889_25495368_STOP63,0.9407,4.75,8,3,1,0,katering;lainnya,Jalan Wastukancana
2439053889_6485661075_STOP63,0.9375,4.75,8,4,1,0,katering;pendidikan;komersial,Jalan Tanpa Nama
2477126866_12806309251_STOP93,0.8875,3.38,8,3,0.625,0.375,komersial;finansial;lainnya,Jalan Abdul Haris Nasution
2477126866_2477131880_STOP418,0.8875,3.38,8,3,0.625,0.375,finansial;komersial;lainnya,Jalan Pesantren
2477126866_2477131880_STOP531,0.75,4.5,8,3,0.875,0.125,lainnya;komersial,Jalan Pesantren
2477126866_2477131880_STOP93,0.8875,3.38,8,3,0.625,0.375,finansial;komersial;lainnya,Jalan Pesantren
2477126866_35135537_STOP93,0.8875,3.38,8,3,0.625,0.375,finansial;komersial;lainnya,Jalan Abdul Haris Nasution
2477130409_2477132887_STOP380,0.8125,4,8,4,0.75,0.25,lainnya;kesehatan;komersial,"['Jalan Arcamanik Endah', 'Jalan Pacuan Kuda']"
2477130409_303034652_STOP380,0.8125,4,8,4,0.75,0.25,lainnya;kesehatan;komersial,Jalan Pacuan Kuda
2477131880_2477126866_STOP418,0.8875,3.38,8,3,0.625,0.375,finansial;komersial;lainnya,Jalan Pesantren
2477131880_2477126866_STOP531,0.75,4.5,8,3,0.875,0.125,lainnya;komersial,Jalan Pesantren
2477131880_2477126866_STOP93,0.8875,3.38,8,3,0.625,0.375,finansial;komersial;lainnya,Jalan Pesantren
2477131880_2477132808_STOP531,0.6,3.8,5,1,0.8,0.2,komersial,Jalan Tanpa Nama
2477131880_2477132808_STOP533,0.6,5,5,1,1,0,finansial,Jalan Tanpa Nama
2477132787_2477132814_STOP533,0.6875,4.38,8,3,0.875,0.125,finansial;lainnya;pendidikan,"['Jalan Purbasari', 'Jalan Cisaranten Baru', 'Jalan Gand Asari']"
2477132808_2477131880_STOP531,0.6,3.8,5,1,0.8,0.2,komersial,Jalan Tanpa Nama
2477132808_2477131880_STOP533,0.6,5,5,1,1,0,finansial,Jalan Tanpa Nama
2477132808_2477132814_STOP533,0.6875,3.88,8,4,0.75,0.25,finansial;pendidikan;komersial,Jalan Cisaranten Kulon
2477132808_4183530886_STOP531,0.6,3.8,5,1,0.8,0.2,komersial,Jalan Golf I
2477132808_4183530886_STOP533,0.6,3.8,5,1,0.8,0.2,komersial,Jalan Golf I
2477132808_4183530886_STOP720,0.7,4.8,5,1,1,0,komersial,Jalan Golf I
2477132814_2477132787_STOP533,0.6875,4.38,8,3,0.875,0.125,finansial;lainnya;pendidikan,"['Jalan Purbasari', 'Jalan Cisaranten Baru', 'Jalan Gand Asari']"
2477132814_2477132808_STOP533,0.6875,3.88,8,4,0.75,0.25,finansial;pendidikan;komersial,Jalan Cisaranten Kulon
2477132814_5348482654_STOP532,0.8021,4.13,8,3,0.75,0.125,katering;lainnya,Jalan Cisaranten Kulon
2477132814_5348482654_STOP533,0.6875,3.88,8,4,0.75,0.25,pendidikan;komersial;finansial,Jalan Cisaranten Kulon
2477132814_5348482654_STOP534,0.9375,5,8,2,1,0,finansial;lainnya,Jalan Cisaranten Kulon
2477132814_5348482654_STOP98,0.7813,4,8,3,0.625,0.125,katering;lainnya,Jalan Cisaranten Kulon
2477132887_2477130409_STOP380,0.8125,4,8,4,0.75,0.25,lainnya;kesehatan;komersial,"['Jalan Arcamanik Endah', 'Jalan Pacuan Kuda']"
2477140738_11594016904_STOP16,0.6563,1.75,8,2,0.125,0.75,lainnya,Jalan Antapani
2477140738_11594016904_STOP505,0.625,4.5,8,3,0.875,0,finansial;lainnya;kesehatan,Jalan Antapani
2477145871_2325451294_STOP627,0.75,4.25,8,4,0.75,0.125,komersial;lainnya;kesehatan,Jalan PH. H. Mustofa
2477145871_5391571111_STOP627,0.75,4.25,8,4,0.75,0.125,komersial;lainnya;kesehatan,Jalan Jenderal Ahmad Yani
2477161772_2493372404_STOP207,0.7083,4.88,8,3,1,0,finansial;lainnya,Jalan Jenderal Ahmad Yani
2477161772_2493372404_STOP625,0.875,4.88,8,3,1,0,finansial;lainnya,Jalan Jenderal Ahmad Yani
2477161772_295556217_STOP207,0.8333,5,8,3,1,0,lainnya;finansial,Jalan Cimuncang
2477161772_295556217_STOP344,0.6875,4.5,8,3,0.875,0.125,lainnya;komersial,Jalan Cimuncang
2477161772_295556217_STOP625,0.875,4.88,8,3,1,0,finansial;lainnya,Jalan Cimuncang
2477161772_5205570053_STOP208,1,4.5,8,2,0.875,0.125,komersial,Jalan Jenderal Ahmad Yani
2477161772_5205570053_STOP209,0.8125,3.38,8,2,0.625,0.375,finansial;komersial,Jalan Jenderal Ahmad Yani
2477161772_5205570053_STOP623,0.7188,2.88,8,4,0.5,0.5,komersial;lainnya,Jalan Jenderal Ahmad Yani
2477161772_5205570053_STOP624,0.75,3,8,2,0.5,0.5,komersial;lainnya,Jalan Jenderal Ahmad Yani
2477161772_5205570053_STOP625,0.875,4.88,8,3,1,0,finansial;komersial,Jalan Jenderal Ahmad Yani
2477710340_2628296768_STOP774,0.8125,4.5,8,3,0.875,0.125,lainnya;komersial;katering,Jalan Komodor Udara Supadio
2477710340_6622409117_STOP176,0.875,4.5,8,3,0.875,0.125,komersial;katering,Jalan Komodor Udara Supadio
2477710340_6622409117_STOP765,0.875,4.5,8,3,0.875,0.125,lainnya;katering,Jalan Komodor Udara Supadio
2477710340_6622409117_STOP767,0.75,4,8,3,0.75,0.25,kesehatan;lainnya,Jalan Komodor Udara Supadio
2477710340_6622409117_STOP768,0.8125,4.5,8,3,0.875,0.125,kesehatan;lainnya,Jalan Komodor Udara Supadio
2477710340_6622409117_STOP770,0.875,4.88,8,3,1,0,lainnya;kesehatan,Jalan Komodor Udara Supadio
2477710340_6622409117_STOP772,0.8333,4.5,8,3,0.875,0.125,komersial;kesehatan;lainnya,Jalan Komodor Udara Supadio
2477710340_6622409117_STOP774,0.8125,4.5,8,3,0.875,0.125,lainnya;komersial;katering,Jalan Komodor Udara Supadio
2493372404_11735248696_STOP207,0.75,4.75,8,3,1,0,finansial;lainnya,Jalan Sulaksana
2493372404_11735248696_STOP209,0.875,3.88,8,3,0.75,0.25,finansial;komersial,Jalan Sulaksana
2493372404_11735248696_STOP625,0.8125,4.75,8,3,1,0,finansial;lainnya,Jalan Sulaksana
2493372404_11735248696_STOP87,0.875,4,8,3,0.75,0.25,lainnya;katering,Jalan Sulaksana
2493372404_2477161772_STOP207,0.7083,4.88,8,3,1,0,finansial;lainnya,Jalan Jenderal Ahmad Yani
2493372404_2477161772_STOP625,0.875,4.88,8,3,1,0,finansial;lainnya,Jalan Jenderal Ahmad Yani
2493372404_3271894417_STOP207,0.8125,4.88,8,4,1,0,lainnya;finansial,Jalan Jenderal Ahmad Yani
2493372404_3271894417_STOP626,0.75,3.5,8,2,0.625,0.375,komersial;finansial,Jalan Jenderal Ahmad Yani
2500902327_3272344712_STOP595,0.8125,3.25,8,3,0.5,0.375,finansial;lainnya,Jalan Waas
2500902327_7219072027_STOP595,0.8125,3.25,8,3,0.5,0.375,finansial;lainnya,Jalan Waas
2500902328_5847788396_STOP334,0.8125,3.25,8,2,0.5,0.375,finansial;lainnya,Bunderan Raya-1
2501590821_5847788388_STOP335,0.7083,4,8,3,0.75,0.25,lainnya;finansial,Jalan Batununggal Indah Raya
2518040289_11310497696_STOP402,0.875,3.63,8,3,0.625,0.375,kesehatan;lainnya,Jalan Abdul Haris Nasution
2518040289_11310497696_STOP720,0.825,4.63,8,3,0.875,0.125,komersial;lainnya;katering,Jalan Abdul Haris Nasution
2518040289_11310497696_STOP95,0.9375,5,8,3,1,0,katering;finansial;lainnya,Jalan Abdul Haris Nasution
2518040289_3380407826_STOP402,0.8125,3.5,8,2,0.625,0.375,finansial;kesehatan,Jalan Rumah Sakit
2518040289_5354200473_STOP101,0.7917,3.63,8,2,0.625,0.375,kesehatan;lainnya,Jalan Abdul Haris Nasution
2518040289_5354200473_STOP402,0.7917,3.63,8,2,0.625,0.375,kesehatan;lainnya,Jalan Abdul Haris Nasution
2518053983_13141223516_STOP114,0.625,5,8,3,1,0,komersial;lainnya,Jalan Gedebage Selatan
2518053983_5993042008_STOP114,0.625,5,8,3,1,0,komersial;lainnya,Jalan Gedebage Selatan
2518053983_5993042022_STOP114,0.625,5,8,4,1,0,lainnya;komersial,Jalan Pendamping SOR GBLA
2518070484_2634710028_STOP230,0.7,4,8,4,0.75,0.25,kesehatan;katering;lainnya,Jalan Soekarno-Hatta
2518070484_2634710028_STOP356,0.7813,4.63,8,3,0.875,0.125,lainnya;komersial,Jalan Soekarno-Hatta
2518070484_2634710028_STOP379,0.7,4.5,8,3,0.875,0.125,lainnya;katering;kesehatan,Jalan Soekarno-Hatta
2518073283_11499132688_STOP387,0.75,5,8,2,1,0,lainnya,Jalan Pendamping SOR GBLA
2518073283_5993042057_STOP387,0.75,5,8,2,1,0,lainnya,Jalan Tanpa Nama
2518074025_11136401953_STOP821,0.8125,5,8,4,1,0,katering;lainnya,Jalan Pintu Masuk GBLA
2518074025_11136401953_STOP822,0.6875,4.88,8,3,1,0,katering,Jalan Pintu Masuk GBLA
2518074025_11136401953_STOP823,0.6875,4.25,8,2,0.875,0.125,katering,Jalan Pintu Masuk GBLA
2518074025_5479191291_STOP823,0.6875,4.25,8,2,0.875,0.125,katering,Jalan Pintu Masuk GBLA
2518074025_9803456826_STOP822,0.6875,4.88,8,3,1,0,katering,Jalan Tanpa Nama
2518074025_9803456826_STOP823,0.6875,4.25,8,2,0.875,0.125,katering,Jalan Tanpa Nama
2518075049_2518075055_STOP387,0.6667,5,3,1,1,0,lainnya,Jalan Tanpa Nama
2518075055_11199413649_STOP387,0.875,5,8,4,1,0,komersial;lainnya,Jalan Rancanumpang
2518075055_2518075057_STOP387,0.6667,5,3,1,1,0,lainnya,Jalan Tanpa Nama
2519403290_3270434503_STOP505,0.5625,3.25,8,3,0.5,0.375,finansial;lainnya,Jalan Subang
2519403290_5394983542_STOP505,0.5625,3.25,8,3,0.5,0.375,finansial;lainnya,Jalan Terusan Jakarta
2519403293_3270416574_STOP504,0.875,3.5,8,2,0.625,0.375,lainnya;kesehatan,Jalan Purwakarta
2519403293_3270416574_STOP505,0.875,3.5,8,2,0.625,0.375,kesehatan;lainnya,Jalan Purwakarta
2519403293_3270434503_STOP505,0.75,4.63,8,3,0.875,0,finansial;lainnya,Jalan Subang
2519403309_3359249111_STOP211,0.6875,2.13,8,2,0.25,0.75,komersial,"['Randu Sari Raya', 'Jalan Pratista Timur', 'Jalan Pratista Barat', 'Jalan Randu Sari Raya', 'Jalan Babakansari', 'Jalan Babakan Sari 1', 'Jalan Babakan Sari', 'Jalan Babakansari I']"
2519873343_5392239235_STOP34,0.8438,5,8,4,1,0,lainnya;komersial,Jalan H. Ibrahim Adjie
2519873343_5392239235_STOP621,0.9063,4,8,3,0.75,0.25,lainnya;komersial,Jalan H. Ibrahim Adjie
2519873343_5392239235_STOP622,0.9063,5,8,3,1,0,komersial;lainnya,Jalan H. Ibrahim Adjie
2519873343_5392239235_STOP632,0.7813,4.5,8,3,0.875,0.125,pendidikan;komersial,Jalan H. Ibrahim Adjie
2519917283_2519917292_STOP575,0.75,4,8,3,0.75,0.25,kesehatan;pendidikan;katering,Jalan Supratman
2519917283_6637726062_STOP524,0.6875,4.38,8,2,0.875,0.125,katering;pendidikan,Jalan Pusdai
2519917283_6637726062_STOP575,0.75,4,8,3,0.75,0.25,kesehatan;pendidikan;katering,Jalan Pusdai
2519917284_2519917283_STOP575,0.8125,4.88,8,4,1,0,pendidikan;katering;kesehatan,Jalan Diponegoro
2519917284_5832181364_STOP575,0.8125,4.63,8,4,0.875,0.125,katering;kesehatan;pendidikan,Jalan Citarum
2519917288_25450539_STOP151,0.75,4.75,8,3,1,0,lainnya;katering,Jalan Diponegoro
2519917288_25450539_STOP575,0.75,4.13,8,5,0.75,0.25,katering;kesehatan;lainnya,Jalan Diponegoro
2519917288_25450539_STOP615,0.6208,4.13,8,4,0.75,0.25,kesehatan;lainnya,Jalan Diponegoro
2519917288_25450539_STOP76,0.6458,4.13,8,5,0.75,0.25,lainnya;kesehatan;katering,Jalan Diponegoro
2519917292_1666714186_STOP575,0.875,4.13,8,3,0.75,0.25,kesehatan;katering,Jalan Supratman
2519917308_3376282077_STOP174,0.625,3.75,8,3,0.625,0.25,rekreasi;lainnya,Jalan Supratman
2519917308_3376282077_STOP555,0.6625,3.25,8,3,0.5,0.375,lainnya;rekreasi,Jalan Supratman
2519917308_5842007853_STOP174,0.625,3.75,8,3,0.625,0.25,rekreasi;lainnya,Jalan Lapang Supratman
2519917309_5841989830_STOP11,0.6875,4.5,8,3,0.875,0.125,rekreasi;lainnya,Jalan Lapang Supratman
2519917309_6609199259_STOP11,0.6875,4.5,8,3,0.875,0.125,lainnya;rekreasi,Jalan Supratman
2519917312_10154700114_STOP177,0.6875,4.5,8,3,0.875,0.125,lainnya;katering,Jalan Supratman
2519917312_10154700114_STOP187,0.7857,3.5,8,3,0.625,0.375,kesehatan;lainnya,Jalan Supratman
2519917312_10154700114_STOP512,0.75,4.5,8,3,0.875,0.125,lainnya;kesehatan,Jalan Supratman
2519917312_10154700114_STOP513,0.6875,4.5,8,3,0.875,0.125,lainnya;katering,Jalan Supratman
2519917312_10154700114_STOP633,0.625,4.5,8,3,0.875,0.125,lainnya;komersial,Jalan Supratman
2519917312_10154700114_STOP635,0.625,4.5,8,3,0.875,0.125,lainnya;komersial,Jalan Supratman
2519917312_1849960589_STOP177,0.6875,4.5,8,3,0.875,0.125,lainnya;katering,Jalan Cikaso
2519917312_1849960589_STOP512,0.75,4,8,3,0.75,0.25,finansial;lainnya,Jalan Cikaso
2519917312_1849960589_STOP513,0.6875,4.5,8,3,0.875,0.125,lainnya;katering,Jalan Cikaso
2519917312_1849960589_STOP635,0.625,4.5,8,3,0.875,0.125,lainnya;komersial,Jalan Cikaso
2520649113_5293711619_STOP669,0.875,5,8,3,1,0,katering;komersial;lainnya,Jalan Hayam Wuruk
2520649143_1849525827_STOP805,0.7917,3.75,8,3,0.75,0.25,katering;pendidikan;komersial,Jalan Bahureksa
2520649143_6445776996_STOP805,0.7917,4.25,8,2,0.875,0.125,komersial;katering,Jalan Banda
2520649152_11727886518_STOP559,0.75,3.75,8,3,0.625,0.375,katering;lainnya;finansial,Jalan L.L. RE. Martadinata
2520649152_11727886518_STOP562,0.875,3.88,8,3,0.625,0.25,lainnya;katering,Jalan L.L. RE. Martadinata
2520649152_11727886518_STOP564,0.875,4.5,8,3,0.875,0.125,finansial;lainnya,Jalan L.L. RE. Martadinata
2520649152_11727886518_STOP565,0.75,3.75,8,3,0.625,0.375,katering;lainnya;finansial,Jalan L.L. RE. Martadinata
2520649152_3278058148_STOP562,0.7344,3.25,8,3,0.5,0.5,lainnya;katering,Jalan Madura
2520649152_5408954335_STOP562,0.875,3.88,8,3,0.625,0.25,lainnya;katering,Jalan L.L. RE. Martadinata
2520649152_5408954335_STOP567,0.7344,3.25,8,3,0.5,0.375,lainnya;katering,Jalan L.L. RE. Martadinata
2520649169_10793008258_STOP800,0.9375,5,8,3,1,0,komersial;lainnya;katering,Jalan L.L. RE. Martadinata
2520649169_25434520_STOP685,0.9375,4.5,8,3,0.875,0.125,komersial;katering,Jalan Trunojoyo
2520649169_25434520_STOP800,0.9375,5,8,3,1,0,komersial;lainnya;katering,Jalan Trunojoyo
2520649169_5358055095_STOP156,0.8125,4.5,8,2,0.875,0.125,kesehatan;katering,Jalan L.L. RE. Martadinata
2520649169_5358055095_STOP306,0.7708,4.5,8,3,0.875,0.125,kesehatan;lainnya;finansial,Jalan L.L. RE. Martadinata
2520649169_5358055095_STOP548,0.8125,4.5,8,3,0.875,0.125,komersial;katering;lainnya,Jalan L.L. RE. Martadinata
2520649169_5358055095_STOP800,0.9375,5,8,3,1,0,komersial;lainnya;katering,Jalan L.L. RE. Martadinata
2520649200_1849525943_STOP569,0.8125,4.63,8,2,0.875,0.125,lainnya;katering,Jalan Aceh 108
2520649200_2520790639_STOP569,0.8125,4.63,8,2,0.875,0.125,lainnya;katering,Jalan Aceh
2520649200_2520790639_STOP695,0.8125,4.88,8,3,1,0,komersial;lainnya,Jalan Aceh
2520649200_2520790639_STOP817,0.8333,5,8,3,1,0,lainnya;komersial,Jalan Aceh
2520649218_2520649232_STOP219,0.8438,4.63,8,4,0.875,0.125,finansial;katering;lainnya,Jalan Tanpa Nama
2520649218_3270422962_STOP219,0.8438,4.63,8,4,0.875,0.125,finansial;katering;lainnya,Jalan H. Ibrahim Adjie
2520649220_8123220109_STOP44,0.8482,3.88,8,3,0.75,0.25,kesehatan;lainnya;katering,Jalan Jenderal Ahmad Yani
2520649232_3229412583_STOP219,0.8438,4.63,8,4,0.875,0.125,finansial;katering;lainnya,Jalan Terusan Jakarta
2520649232_3229412583_STOP503,0.7813,4.63,8,4,0.875,0.125,lainnya;katering;finansial;kesehatan,Jalan Terusan Jakarta
2520649239_5391666896_STOP247,0.75,3.38,8,4,0.625,0.375,komersial,Jalan Jenderal Ahmad Yani
2520649239_5391666896_STOP248,0.7083,3.38,8,4,0.625,0.375,lainnya;komersial,Jalan Jenderal Ahmad Yani
2520649239_5391666896_STOP249,0.6875,3.38,8,4,0.625,0.375,komersial;lainnya,Jalan Jenderal Ahmad Yani
2520649239_6609222560_STOP248,0.7083,3.38,8,4,0.625,0.375,lainnya;komersial,Jalan Jenderal Ahmad Yani
2520649249_1849960313_STOP45,0.7188,3.63,8,5,0.625,0.25,lainnya;komersial,Jalan Sukabumi
2520649249_1849960313_STOP610,0.75,5,8,3,1,0,lainnya,Jalan Sukabumi
2520649249_8123220089_STOP45,0.8125,3.5,8,4,0.625,0.25,lainnya;komersial;katering,Jalan Sukabumi
2520723803_2519873343_STOP621,0.8125,4,8,4,0.75,0.25,lainnya;komersial,"['Jalan Jenderal Ahmad Yani', 'Jalan H. Ibrahim Adjie']"
2520723803_5205570048_STOP621,0.8125,4,8,4,0.75,0.25,lainnya;komersial,Jalan Jenderal Ahmad Yani
2520723804_1849960008_STOP251,0.6875,4.25,8,3,0.75,0.125,lainnya;finansial,Jalan Bogor
2520723804_1849960008_STOP613,0.75,4.25,8,4,0.75,0.125,lainnya;finansial,Jalan Bogor
2520723804_2520723803_STOP250,0.7321,4.38,8,3,0.875,0.125,lainnya;finansial;kesehatan,Jalan Jenderal Ahmad Yani
2520723804_2520723803_STOP251,0.6875,3.38,8,4,0.5,0.375,katering;lainnya,Jalan Jenderal Ahmad Yani
2520723804_2520723803_STOP621,0.7946,3.88,8,5,0.75,0.25,finansial;lainnya,Jalan Jenderal Ahmad Yani
2520759347_1849907073_STOP273,0.9375,4.63,8,4,0.875,0,katering;lainnya,Jalan L.L. RE. Martadinata
2520759347_1849907073_STOP43,0.9375,4.63,8,4,0.875,0,lainnya;katering,Jalan L.L. RE. Martadinata
2520759347_1849907073_STOP563,0.9375,4.5,8,3,0.875,0.125,lainnya;katering,Jalan L.L. RE. Martadinata
2520759347_3277871574_STOP249,0.625,5,8,2,1,0,komersial;katering,Jalan L.L. RE. Martadinata
2520759347_3277871574_STOP563,0.875,4.63,8,3,0.875,0.125,lainnya;katering;komersial,Jalan L.L. RE. Martadinata
2520790639_10101152065_STOP662,0.75,4.63,8,4,0.875,0,komersial;lainnya;kesehatan,Jalan Cihapit
2520790639_10101152065_STOP663,0.8125,4.88,8,3,1,0,komersial;lainnya;kesehatan,Jalan Cihapit
2520790639_10101152065_STOP664,0.875,4.5,8,3,0.875,0,lainnya;komersial,Jalan Cihapit
2520790639_10101152065_STOP693,0.875,4.5,8,3,0.875,0,lainnya;komersial,Jalan Cihapit
2520790639_10101152065_STOP694,0.8125,4.88,8,3,1,0,komersial;lainnya;kesehatan,Jalan Cihapit
2520790639_2520649200_STOP569,0.6875,4.63,8,3,0.875,0.125,lainnya;katering,Jalan Aceh
2520790639_2520649200_STOP662,0.75,4.63,8,4,0.875,0,komersial;lainnya;kesehatan,Jalan Aceh
2520790639_2520649200_STOP695,0.8125,4.88,8,3,1,0,komersial;lainnya,Jalan Aceh
2520790639_2520649200_STOP817,0.8333,5,8,3,1,0,lainnya;komersial,Jalan Aceh
2520790639_6461589858_STOP662,0.75,4.63,8,4,0.875,0,komersial;lainnya;kesehatan,Jalan Aceh
2539986925_11149984616_STOP483,0.7143,4,8,4,0.75,0.125,katering;lainnya,Jalan dr. Rajiman
2539986925_1706564149_STOP483,0.7143,4,8,4,0.75,0.125,katering;lainnya,Bundaran Rajiman
2539986928_2962096532_STOP196,0.7976,4.5,8,4,0.875,0,lainnya;katering,Jalan Cihampelas
2539986928_2962096532_STOP353,0.8958,5,8,3,1,0,komersial;kesehatan;lainnya,Jalan Cihampelas
2539986928_2962096532_STOP483,0.9271,4.88,8,4,1,0,lainnya,Jalan Cihampelas
2539998095_1658958704_STOP123,0.7188,4.13,8,3,0.875,0.125,lainnya;katering;kesehatan,Jalan Tanpa Nama
2539998095_2958261192_STOP123,0.7188,4.13,8,3,0.875,0.125,lainnya;katering;kesehatan,Jalan Pasteur
2539998099_2325450314_STOP81,0.625,3.38,8,3,0.625,0.375,lainnya;kesehatan;katering,Jalan Pasir Kaliki
2539998099_2958261185_STOP81,0.625,3.38,8,3,0.625,0.375,lainnya;kesehatan;katering,Jalan Dokter Djundjunan Setiakusumah
25432842_1849525914_STOP263,0.875,3.88,8,3,0.75,0.25,katering;komersial,Jalan Laksamana Laut Raden Eddy Martadinata
25432842_1849525943_STOP263,0.875,3.88,8,3,0.75,0.25,katering;komersial,Jalan L.L. RE. Martadinata
25432842_1849525943_STOP42,0.8125,4.63,8,2,0.875,0.125,lainnya;katering,Jalan L.L. RE. Martadinata
25432842_1849525943_STOP511,0.8125,4.63,8,2,0.875,0.125,katering;lainnya,Jalan L.L. RE. Martadinata
25432842_1849525943_STOP561,0.8125,4.63,8,2,0.875,0.125,lainnya;katering,Jalan L.L. RE. Martadinata
25432842_1849907073_STOP263,0.875,3.88,8,3,0.75,0.25,katering;komersial,Jalan L.L. RE. Martadinata
25432842_1849907073_STOP43,0.9375,4.5,8,2,0.875,0.125,katering;kesehatan,Jalan L.L. RE. Martadinata
25432842_1849907073_STOP649,0.875,3.88,8,2,0.75,0.25,kesehatan;komersial,Jalan L.L. RE. Martadinata
25432860_2325452126_STOP147,0.625,5,8,2,1,0,komersial;katering,Jalan Jenderal Ahmad Yani
25432860_3277871561_STOP147,0.625,5,8,2,1,0,komersial;katering,Jalan L.L. RE. Martadinata
25432923_11367517448_STOP274,0.7813,4.5,8,2,0.875,0.125,komersial,Jalan Laswi
25432923_12809462426_STOP274,0.7188,4.5,8,3,0.875,0.125,lainnya;komersial,Jalan Sukabumi
25433301_13022549201_STOP340,0.8229,5,8,3,1,0,lainnya;rekreasi;komersial,Jalan Aceh
25433301_5360090932_STOP340,0.8229,5,8,3,1,0,lainnya;rekreasi;komersial,Jalan Aceh
25433364_10793008429_STOP304,0.8125,4,8,3,0.75,0.25,katering;lainnya;finansial,Jalan Aceh
25433364_5358208117_STOP304,0.875,4,8,3,0.75,0.25,katering;finansial,Jalan Aceh
25433364_5358208117_STOP673,0.9063,4.38,8,3,0.875,0.125,katering;komersial,Jalan Aceh
25433364_7687331829_STOP304,0.8125,4,8,3,0.75,0.25,katering;lainnya;finansial,Jalan Merdeka
25433457_25433463_STOP659,0.875,4.5,8,3,0.875,0.125,kesehatan;finansial;lainnya,Jalan Jawa
25433457_25433463_STOP698,0.875,4.5,8,3,0.875,0.125,katering;kesehatan;finansial,Jalan Jawa
25433457_25433463_STOP699,0.875,4,8,4,0.75,0.25,katering;finansial;lainnya,Jalan Jawa
25433457_32042327_STOP26,0.875,4,8,2,0.75,0.25,lainnya,Jalan Kalimantan
25433457_32042327_STOP340,0.875,4,8,2,0.75,0.25,lainnya,Jalan Kalimantan
25433457_32042327_STOP699,1,5,8,4,1,0,katering;lainnya;finansial,Jalan Kalimantan
25433457_5841953280_STOP699,0.8333,4,8,4,0.75,0.25,katering;finansial;komersial,Jalan Jawa
25433463_1849525812_STOP659,0.875,4.5,8,3,0.875,0.125,kesehatan;finansial;lainnya,Jalan Bangka
25433463_1849525812_STOP697,0.875,4.5,8,3,0.875,0.125,kesehatan;finansial;lainnya,Jalan Bangka
25433463_2041502893_STOP408,0.8542,4.75,8,3,1,0,pendidikan;lainnya,Jalan Sumbawa
25433463_2041502893_STOP409,0.8125,3.5,8,2,0.625,0.375,lainnya,Jalan Sumbawa
25433463_2041502893_STOP659,0.875,4.5,8,3,0.875,0.125,kesehatan;finansial;lainnya,Jalan Sumbawa
25433463_2041502893_STOP698,0.875,4.5,8,3,0.875,0.125,kesehatan;finansial;lainnya,Jalan Sumbawa
25433463_25433457_STOP659,0.875,4.5,8,3,0.875,0.125,kesehatan;finansial;lainnya,Jalan Jawa
25433463_25433457_STOP698,0.875,4.5,8,3,0.875,0.125,katering;kesehatan;finansial,Jalan Jawa
25433463_25433457_STOP699,0.875,4,8,4,0.75,0.25,katering;finansial;lainnya,Jalan Jawa
25433599_10793008254_STOP195,0.8365,5,8,2,1,0,lainnya,Jalan L.L. RE. Martadinata
25433599_10793008254_STOP305,0.7254,4.5,8,3,0.875,0.125,lainnya;kesehatan,Jalan L.L. RE. Martadinata
25433599_1849528737_STOP103,0.75,3.5,8,2,0.625,0.375,komersial,Jalan Purnawarman
25433599_1849528737_STOP195,0.8157,5,8,3,1,0,lainnya;komersial;finansial,Jalan Purnawarman
25433599_1849528737_STOP373,0.8125,3.5,8,3,0.625,0.375,komersial;lainnya;finansial,Jalan Purnawarman
25433599_364365279_STOP195,0.8365,5,8,2,1,0,lainnya,Jalan Purnawarman
25433599_364365279_STOP303,0.9375,5,8,3,1,0,finansial;komersial,Jalan Purnawarman
25433599_364365279_STOP485,0.6667,3,8,3,0.5,0.5,lainnya;katering,Jalan Purnawarman
25433599_364365279_STOP809,0.875,4,8,3,0.75,0.25,komersial,Jalan Purnawarman
25433661_2325451442_STOP483,0.7143,4,8,4,0.75,0.125,katering;lainnya,Jalan dr. Rajiman
25433661_3269294963_STOP483,0.7143,4,8,4,0.75,0.125,katering;lainnya,Jalan Abdul Rivai
25433670_10793008397_STOP483,0.9643,4.75,8,4,1,0,katering;lainnya,Jalan Abdul Rivai
25433670_364364130_STOP483,0.7768,4.5,8,4,0.875,0,lainnya;katering,Jalan Raden Adipati Aria Wiranatakusumah
25433677_2012565708_STOP353,0.7976,4.5,8,3,0.875,0,kesehatan;lainnya;katering,Jalan Raden Adipati Aria Wiranatakusumah
25433683_11138589127_STOP242,0.75,4.38,8,5,0.875,0.125,katering;lainnya,Jalan dr. Cipto
25433683_11138589127_STOP405,0.6979,4.25,8,5,0.875,0.125,lainnya;katering;kesehatan,Jalan dr. Cipto
25433683_25433684_STOP405,0.6979,4.25,8,6,0.875,0.125,lainnya;katering;kesehatan,Jalan Pajajaran
25433684_29356178_STOP781,0.6875,4.75,8,5,1,0,katering;lainnya,Jalan Mochammad Yunus
25433684_29356178_STOP782,0.7083,5,8,2,1,0,komersial;lainnya,Jalan Mochammad Yunus
25433684_6622103728_STOP242,0.6458,4.5,8,5,0.875,0.125,katering;lainnya,Jalan Pajajaran
25433684_6622103728_STOP243,0.7083,3.88,8,4,0.625,0.25,komersial;lainnya,Jalan Pajajaran
25433684_6622103728_STOP62,0.6875,4.38,8,3,0.75,0.125,komersial;lainnya,Jalan Pajajaran
25433684_6622103728_STOP781,0.6979,4.25,8,5,0.875,0.125,katering;lainnya;kesehatan,Jalan Pajajaran
25433684_6622103728_STOP88,0.5833,4.13,8,4,0.75,0.25,lainnya;katering,Jalan Pajajaran
25433686_11124688730_STOP474,0.8125,5,8,3,1,0,komersial;finansial;katering,Jalan HOS. Cokroaminoto
25433686_5278840351_STOP474,0.8125,5,8,3,1,0,komersial;finansial;katering,Jalan HOS. Cokroaminoto
25433686_5278840351_STOP77,0.875,4.88,8,4,1,0,pendidikan;lainnya;komersial;katering,Jalan HOS. Cokroaminoto
25433686_5334388842_STOP242,0.7143,4,8,4,0.75,0.125,katering;lainnya,Jalan dr. Rajiman
25433686_5334388842_STOP474,0.8125,5,8,3,1,0,komersial;finansial;katering,Jalan dr. Rajiman
25433686_5334388842_STOP475,0.875,5,8,3,1,0,komersial;finansial;lainnya,Jalan dr. Rajiman
25433768_13261248357_STOP12,0.5625,3.75,8,3,0.625,0.25,lainnya;komersial,Jalan Arjuna
25433768_13261248357_STOP221,0.4688,2.38,8,2,0.25,0.625,lainnya;komersial,Jalan Arjuna
25433768_5369274905_STOP221,0.4688,2.38,8,2,0.25,0.625,komersial;lainnya,Jalan Pandawa
25433873_11138593393_STOP84,0.6875,3.63,8,3,0.5,0.25,finansial;komersial;lainnya,Jalan Abdul Rahman Saleh
25433873_4854744076_STOP84,0.6875,3.88,8,3,0.625,0.25,finansial;lainnya;komersial,Jalan Tanpa Nama
25433891_10628427188_STOP84,0.7708,4.13,8,3,0.75,0.25,finansial;kesehatan;lainnya,Kapten Tata Natanegara
25433891_11125489871_STOP176,0.8958,4.5,8,3,0.875,0.125,kesehatan;katering;komersial,Jalan Pajajaran
25433891_11125489871_STOP84,0.7708,4.13,8,3,0.75,0.25,finansial;kesehatan;lainnya,Jalan Pajajaran
25433891_2325451719_STOP84,0.6875,3.63,8,3,0.5,0.25,finansial;komersial;lainnya,Jalan Pajajaran
25433989_3245886198_STOP281,0.7083,3.5,8,2,0.625,0.375,lainnya;finansial,Jalan Raya Cijerah
25433989_3245886198_STOP491,0.875,5,8,3,1,0,lainnya;finansial,Jalan Raya Cijerah
25433989_3245886198_STOP492,0.6875,4.38,8,3,0.875,0.125,lainnya;komersial,Jalan Raya Cijerah
25433989_3245886198_STOP493,0.6458,2.5,8,3,0.375,0.625,finansial;komersial,Jalan Raya Cijerah
25433989_3252892639_STOP493,0.5833,2.5,8,3,0.375,0.625,finansial;komersial,Jalan Raya Cijerah
25433989_3252892639_STOP494,0.6875,2.75,8,3,0.375,0.5,komersial;finansial,Jalan Raya Cijerah
25433989_3252892639_STOP495,0.8125,3.5,8,2,0.5,0.375,finansial,Jalan Raya Cijerah
25433989_3252892639_STOP496,0.75,3.63,8,3,0.625,0.375,komersial;finansial,Jalan Raya Cijerah
25434098_11138593395_STOP765,0.8125,4.5,8,2,0.875,0.125,katering;lainnya,Jalan Aruna
25434098_11138593395_STOP84,0.6875,4,8,3,0.625,0.125,lainnya;komersial,Jalan Aruna
25434098_6622409115_STOP765,0.875,4.5,8,3,0.875,0.125,lainnya;katering,Jalan Arjuna
25434241_25434242_STOP137,0.8125,4.88,8,4,1,0,komersial;katering,Jalan Suniaraja
25434241_25434242_STOP153,0.875,4.63,8,4,0.875,0,kesehatan;komersial;katering,Jalan Suniaraja
25434241_25434242_STOP194,0.6875,3.63,8,3,0.625,0.25,komersial;katering,Jalan Suniaraja
25434241_4376716070_STOP153,0.875,4.75,8,3,0.875,0,kesehatan;komersial,Jalan Dulatip
25434241_4376716070_STOP277,0.8125,3.13,8,3,0.5,0.375,lainnya;komersial;finansial,Jalan Dulatip
25434241_4376716070_STOP617,0.6042,3.38,8,4,0.625,0.25,finansial;lainnya;komersial;kesehatan,Jalan Dulatip
25434242_1956195926_STOP194,0.625,2.38,8,3,0.375,0.625,komersial;lainnya,"['Jalan Otto Iskandardinata', 'Jalan Stasiun Timur']"
25434242_1956195926_STOP643,0.75,3.25,8,3,0.625,0.375,katering;lainnya;komersial,"['Jalan Otto Iskandardinata', 'Jalan Stasiun Timur']"
25434242_1956195926_STOP678,0.7292,3.88,8,3,0.75,0.25,komersial;lainnya;katering,"['Jalan Otto Iskandardinata', 'Jalan Stasiun Timur']"
25434242_29354701_STOP137,0.8125,3.75,8,4,0.75,0.25,katering;komersial,Jalan Otto Iskandardinata
25434242_29354701_STOP194,0.6875,3.63,8,3,0.625,0.25,komersial;katering,Jalan Otto Iskandardinata
25434242_29354701_STOP617,0.875,4.5,8,2,0.875,0.125,katering;komersial,Jalan Otto Iskandardinata
25434242_29354701_STOP679,0.6875,4.5,8,3,0.875,0.125,komersial;katering,Jalan Otto Iskandardinata
25434270_2628264112_STOP245,0.6042,3,8,3,0.375,0.5,lainnya,Jalan Kebon Kawung
25434270_2628264112_STOP407,0.7583,3.25,8,3,0.5,0.375,katering;lainnya,Jalan Kebon Kawung
25434270_2628264112_STOP785,0.6927,3.63,8,3,0.625,0.375,lainnya,Jalan Kebon Kawung
25434517_25434520_STOP672,0.9167,4.38,8,3,0.875,0.125,katering;lainnya;komersial,Jalan Trunojoyo
25434517_25434520_STOP685,0.8333,3.88,8,4,0.75,0.25,komersial;kesehatan,Jalan Trunojoyo
25434517_5356356848_STOP672,0.9167,4.25,8,3,0.875,0.125,katering;lainnya;komersial,Jalan Sultan Agung
25434517_6438800742_STOP672,0.9167,4.25,8,3,0.875,0.125,katering;lainnya;komersial,Jalan Trunojoyo
25434520_1849525827_STOP558,0.9375,4,8,3,0.75,0.125,kesehatan;lainnya;komersial,Jalan Bahureksa
25434520_1849525827_STOP685,0.9375,4.5,8,4,0.875,0.125,komersial;kesehatan;katering,Jalan Bahureksa
25434520_1849525827_STOP805,0.8542,3.63,8,2,0.625,0.25,lainnya;komersial,Jalan Bahureksa
25434520_25434517_STOP672,0.9167,4.38,8,3,0.875,0.125,katering;lainnya;komersial,Jalan Trunojoyo
25434520_25434517_STOP685,0.9375,4.5,8,4,0.875,0.125,komersial;kesehatan;katering,Jalan Trunojoyo
25435152_1849960313_STOP247,0.625,4.5,8,4,0.875,0.125,lainnya;komersial,Jalan Cianjur
25435152_1849960313_STOP249,0.6875,4.5,8,4,0.875,0.125,lainnya;komersial,Jalan Cianjur
25435152_1849960313_STOP274,0.7813,4.5,8,2,0.875,0.125,komersial,Jalan Cianjur
25435152_1849960313_STOP610,0.625,5,8,3,1,0,lainnya;komersial,Jalan Cianjur
25435152_25432923_STOP274,0.7813,4.5,8,2,0.875,0.125,komersial,Jalan Laswi
25435162_6470450609_STOP585,0.5625,3.38,8,3,0.625,0.375,lainnya;komersial,Jalan Malabar
25435162_6470450609_STOP657,0.625,4.38,8,3,0.875,0.125,komersial;lainnya,Jalan Malabar
25435162_7201253642_STOP585,0.5625,3.38,8,3,0.625,0.375,lainnya;komersial,Jalan Malabar
25435162_7201253642_STOP97,0.8125,3,8,3,0.5,0.5,finansial;lainnya,Jalan Malabar
25435163_2325452463_STOP294,0.7813,4.38,8,3,0.875,0.125,komersial,Jalan Jenderal Ahmad Yani
25435163_2325452463_STOP295,0.9375,4.5,8,2,0.875,0.125,finansial;katering,Jalan Jenderal Ahmad Yani
25435163_2325452463_STOP297,0.6875,4.5,8,3,0.875,0.125,komersial;lainnya,Jalan Jenderal Ahmad Yani
25435163_2325452463_STOP298,0.75,4.63,8,2,0.875,0,komersial,Jalan Jenderal Ahmad Yani
25435163_2325452463_STOP614,0.75,4.38,8,3,0.875,0.125,komersial;lainnya,Jalan Jenderal Ahmad Yani
25435163_2325452463_STOP97,0.875,3.5,8,3,0.625,0.375,finansial;lainnya,Jalan Jenderal Ahmad Yani
25435163_2325452463_STOP99,0.9063,4.63,8,3,0.875,0,katering;lainnya;komersial,Jalan Jenderal Ahmad Yani
25435163_7201253639_STOP97,0.875,3.5,8,3,0.625,0.375,finansial;lainnya,Jalan Jenderal Ahmad Yani
25435174_6470450615_STOP705,0.8438,3.75,8,3,0.625,0.25,lainnya,Jalan Malabar
25435174_6470450620_STOP657,0.8438,3.75,8,3,0.625,0.25,lainnya,Jalan Jenderal Gatot Subroto
25435174_6470450620_STOP705,0.8438,3.75,8,3,0.625,0.25,lainnya,Jalan Jenderal Gatot Subroto
25435214_2325452463_STOP298,0.6875,4.63,8,3,0.875,0,komersial;katering,Jalan Ketapang
25435214_2325452463_STOP703,0.6875,4.25,8,3,0.75,0.125,komersial;lainnya,Jalan Ketapang
25435214_4258557080_STOP703,0.6875,4.25,8,3,0.75,0.125,lainnya;komersial,Jalan Jenderal Gatot Subroto
25435214_7179048891_STOP703,0.6875,4.25,8,3,0.75,0.125,lainnya;komersial,Jalan Jenderal Gatot Subroto
25435214_7179048891_STOP834,0.75,4.5,8,4,0.875,0.125,lainnya;komersial;katering,Jalan Jenderal Gatot Subroto
25435318_10793585087_STOP292,0.9375,4.5,8,3,0.875,0.125,katering;lainnya,Jalan Braga
25435318_10793585087_STOP676,0.9375,4.5,8,2,0.875,0.125,katering;lainnya,Jalan Braga
25435318_10793585087_STOP787,0.6563,4,8,4,0.75,0.25,lainnya;katering,Jalan Braga
25435318_11107827260_STOP713,0.7917,3.5,8,2,0.625,0.375,lainnya;finansial,Jalan Naripan
25435318_11107827260_STOP787,0.7813,4.88,8,2,1,0,katering;lainnya,Jalan Naripan
25435318_1849525885_STOP754,0.5938,4.63,8,4,0.875,0,lainnya;katering,Jalan Braga
25435318_1849525885_STOP787,0.5938,4.5,8,4,0.875,0.125,lainnya;katering,Jalan Braga
25435352_25446732_STOP300,0.5625,3.5,8,3,0.5,0.375,kesehatan;lainnya,Jalan Otto Iskandardinata
25435352_25446732_STOP814,0.7321,4.13,8,3,0.625,0,katering;lainnya;kesehatan,Jalan Otto Iskandardinata
25435352_4376716070_STOP277,0.9375,4.13,8,2,0.75,0.125,finansial;komersial,Jalan Jendral Sudirman
25435352_4376716070_STOP300,0.6875,4,8,2,0.625,0.125,kesehatan;finansial,Jalan Jendral Sudirman
25446327_11369837184_STOP108,0.5104,3.25,8,2,0.625,0.375,lainnya,Jalan Soekarno-Hatta
25446327_11369837187_STOP108,0.5104,3.25,8,2,0.625,0.375,lainnya,Jalan Kyai Haji Wahid Hasyim
25446374_9532363495_STOP338,0.75,3.5,8,4,0.625,0.375,finansial;komersial;lainnya,Jalan Holis
25446374_9532363497_STOP338,0.75,3.5,8,4,0.625,0.375,finansial;komersial;lainnya,Jalan Soekarno-Hatta
25446445_12806717331_STOP112,0.75,4,8,3,0.75,0.25,katering;komersial;lainnya,Jalan Rajawali Timur
25446445_12806717331_STOP287,0.75,5,8,4,1,0,komersial;katering,Jalan Rajawali Timur
25446445_29377182_STOP287,0.8125,4.38,8,5,0.875,0.125,komersial;lainnya,Jalan Andir
25446445_29377182_STOP769,0.75,4.5,8,3,0.875,0.125,komersial;katering;lainnya,Jalan Andir
25446457_25446462_STOP112,0.6875,4,8,3,0.75,0.25,komersial;lainnya;katering,Jalan Rajawali Timur
25446457_25446462_STOP288,0.7292,3.38,8,2,0.625,0.375,lainnya;kesehatan,Jalan Rajawali Timur
25446457_25446462_STOP810,0.75,5,8,2,1,0,komersial,Jalan Rajawali Timur
25446457_25446462_STOP86,0.75,4.38,8,3,0.875,0.125,finansial;komersial;lainnya,Jalan Rajawali Timur
25446457_29377187_STOP112,0.75,4,8,3,0.75,0.25,lainnya;katering;komersial,Jalan Ciroyom Barat
25446462_1837401639_STOP288,0.7292,3.38,8,2,0.625,0.375,lainnya;kesehatan,Jalan Kebon Jati
25446462_1837401639_STOP599,0.875,4.5,8,3,0.875,0.125,komersial;lainnya,Jalan Kebon Jati
25446732_1013431927_STOP264,0.6134,2.88,8,3,0.375,0.375,finansial;katering;komersial,Jalan Otto Iskandardinata
25446732_1013431927_STOP307,0.5687,3,8,3,0.5,0.5,komersial;finansial,Jalan Otto Iskandardinata
25446732_1837401642_STOP264,0.5759,3,8,3,0.375,0.25,finansial;katering;kesehatan,Jalan Cibadak
25446732_1837401642_STOP277,0.8988,4.75,8,3,1,0,komersial,Jalan Cibadak
25446732_1837401642_STOP437,0.725,4.75,8,3,1,0,katering;lainnya,Jalan Cibadak
25447004_3269303931_STOP483,0.7143,4,8,4,0.75,0.125,katering;lainnya,Bundaran Rajiman
25447039_1900221414_STOP482,0.9375,4.5,8,4,0.875,0.125,lainnya;katering,Jalan Raden Adipati Aria Wiranatakusumah
25447039_1900221414_STOP65,0.8958,4.5,8,2,0.875,0.125,kesehatan;katering,Jalan Raden Adipati Aria Wiranatakusumah
25447039_3249461526_STOP17,0.7292,3.88,8,3,0.75,0.25,lainnya;komersial,Jalan Sampurna
25447039_3249461526_STOP65,0.7708,3.88,8,2,0.75,0.25,lainnya;katering,Jalan Sampurna
25448847_11104669202_STOP161,0.825,4.13,8,3,0.75,0.25,kesehatan,Jalan Ir. H. Djuanda
25448847_11104669202_STOP514,0.825,4,8,3,0.75,0.25,katering;kesehatan,Jalan Ir. H. Djuanda
25448847_1663274645_STOP514,0.825,4,8,3,0.75,0.25,katering;kesehatan,Teuku Umar
25448847_1857160826_STOP140,0.7813,4.38,8,2,0.875,0.125,lainnya;katering,Jalan Teuku Umar
25448847_1857160826_STOP514,0.7,3,8,3,0.5,0.5,katering;kesehatan;komersial,Jalan Teuku Umar
25448847_1857160826_STOP600,0.75,4.25,8,2,0.75,0.125,lainnya,Jalan Teuku Umar
25448881_1342112669_STOP164,0.9167,5,8,2,1,0,lainnya;kesehatan,Jalan Tamansari
25450505_10173744443_STOP576,0.7708,4.13,8,4,0.75,0.25,lainnya;kesehatan,Jalan Citarum
25450505_1666747506_STOP567,0.7083,3.63,8,3,0.625,0.375,lainnya;kesehatan,Jalan Citarum
25450505_1666747506_STOP576,0.7708,4.13,8,4,0.75,0.25,lainnya;kesehatan,Jalan Citarum
25450538_25771207_STOP39,0.8125,4.88,8,3,1,0,lainnya;rekreasi,Jalan Diponegoro
25450539_2035815827_STOP151,0.8125,4.63,8,3,1,0,lainnya;katering,Jalan Cisangkuy
25450539_2035815827_STOP667,0.7625,4.75,8,3,0.875,0,katering;lainnya,Jalan Cisangkuy
25450539_2035815827_STOP689,0.7625,4.75,8,3,0.875,0,lainnya;katering,Jalan Cisangkuy
25450539_25450538_STOP151,0.875,4.63,8,3,1,0,lainnya;katering,Jalan Diponegoro
25450539_25450538_STOP39,0.875,4.75,8,3,1,0,lainnya;rekreasi,Jalan Diponegoro
25450539_25450538_STOP75,0.875,4.63,8,3,1,0,lainnya;katering,Jalan Diponegoro
25495368_25433599_STOP195,0.8782,4.5,8,2,0.875,0.125,lainnya;komersial,Jalan L.L. RE. Martadinata
25495439_11520711530_STOP196,0.9271,4.88,8,4,1,0,lainnya,Jalan Wastukancana
25495439_11520711530_STOP63,0.8333,4.38,8,2,0.875,0.125,komersial;katering,Jalan Wastukancana
25495439_11520711531_STOP196,0.9271,4.88,8,4,1,0,lainnya,Jalan Wastukancana
25495439_11520711531_STOP63,0.8333,4.38,8,2,0.875,0.125,komersial;katering,Jalan Wastukancana
25501274_1663283380_STOP372,1,5,8,3,1,0,finansial;lainnya,Jalan Ir. H. Djuanda
25501274_1663283380_STOP672,0.8958,4.38,8,4,0.875,0.125,lainnya;komersial;finansial,Jalan Ir. H. Djuanda
25501274_7669230602_STOP372,1,5,8,3,1,0,finansial;lainnya,Jalan Rangga Gadang
25501378_12813237929_STOP72,0.75,3.13,8,3,0.5,0.375,katering;lainnya,Jalan Kebon Bibit
25501378_1900221438_STOP64,0.8125,3.5,8,4,0.625,0.375,katering;lainnya,"['Jalan Kebon Bibit Barat', 'Jalan Kebon Bibit', 'Jalan Pelesiran']"
25501378_1900221438_STOP70,0.8125,3.5,8,3,0.625,0.375,katering;pendidikan,"['Jalan Kebon Bibit Barat', 'Jalan Kebon Bibit', 'Jalan Pelesiran']"
25501378_1900221438_STOP72,0.875,5,8,3,1,0,komersial;lainnya,"['Jalan Kebon Bibit Barat', 'Jalan Kebon Bibit', 'Jalan Pelesiran']"
25501378_5369882289_STOP72,0.75,3.13,8,3,0.5,0.375,katering;lainnya,Jalan Tanpa Nama
25771207_11181664518_STOP39,0.8125,4.88,8,3,1,0,lainnya;rekreasi,"['Jalan Sentot Alibasyah', 'Jalan Diponegoro']"
25773425_2519917292_STOP524,0.6875,4.38,8,2,0.875,0.125,katering;pendidikan,Jalan Pusdai
25773425_2519917292_STOP575,0.8125,4.13,8,3,0.75,0.25,kesehatan;katering;pendidikan,Jalan Pusdai
25773425_5374108596_STOP210,0.7813,5,8,3,1,0,pendidikan;komersial;lainnya,Jalan Surapati
25773425_5374108596_STOP346,0.5417,4.13,8,5,0.625,0.125,lainnya;pendidikan,Jalan Surapati
25773425_5374108596_STOP347,0.5313,2.5,8,3,0.375,0.625,lainnya,Jalan Surapati
25773425_5374108596_STOP524,0.6875,4,8,2,0.75,0.25,katering;komersial,Jalan Surapati
25773425_5374108596_STOP525,0.9063,4.75,8,3,0.875,0,komersial,Jalan Surapati
25773425_5374108596_STOP526,0.7813,5,8,3,1,0,komersial;pendidikan,Jalan Surapati
25773425_5374108596_STOP79,0.5,2,8,3,0.25,0.75,lainnya;katering,Jalan Surapati
25773425_6637726062_STOP524,0.6875,4,8,2,0.75,0.25,katering;komersial,Jalan Surapati
25778195_2035815827_STOP690,0.8646,4.25,8,3,0.75,0.125,lainnya;katering,Jalan Citarum
25778195_2035815827_STOP806,0.8646,4.25,8,3,0.75,0.125,lainnya;katering,Jalan Citarum
25778195_25450538_STOP667,0.8875,4.75,8,3,0.875,0,katering;lainnya;kesehatan,Jalan Cilaki
25778195_25450538_STOP668,0.875,4.88,8,3,1,0,lainnya;katering,Jalan Cilaki
25778195_25450538_STOP689,0.8875,4.75,8,3,0.875,0,lainnya;katering;kesehatan,Jalan Cilaki
25778195_25450538_STOP806,0.8646,4.25,8,3,0.75,0.125,lainnya;katering,Jalan Cilaki
25778222_10171865526_STOP172,0.75,4.5,8,3,0.875,0.125,katering;komersial,Jalan Cisangkuy
25778222_10171865526_STOP690,0.8646,4.25,8,2,0.75,0.125,katering,Jalan Cisangkuy
25778222_10171865526_STOP691,0.875,4.5,8,2,0.875,0.125,komersial;katering,Jalan Cisangkuy
25778222_3269364726_STOP690,0.8646,4.25,8,3,0.75,0.125,lainnya;katering,Jalan Citarum
2604179154_29377273_STOP376,0.8125,4.25,8,3,0.75,0.125,katering;lainnya,Jalan Rajawali Barat
2604179165_11711275764_STOP280,0.8438,4,8,3,0.75,0.25,komersial;kesehatan,Bunderan Cibeureum
2604179165_11711275766_STOP280,0.8438,4,8,3,0.75,0.25,komersial;kesehatan,Bunderan Cibeureum
2604179165_1911634938_STOP280,0.8438,4,8,3,0.75,0.25,kesehatan;komersial,Jalan Soekarno-Hatta
2604179165_1911634938_STOP398,0.625,3.13,8,3,0.5,0.5,katering;komersial;finansial,Jalan Soekarno-Hatta
2604179168_10680268006_STOP0,0.5417,2.5,8,3,0.375,0.625,lainnya,Jalan Rajawali Barat
2604179168_11711275767_STOP0,0.5417,2.5,8,3,0.375,0.625,lainnya,Jalan Elang
2604179168_11711275767_STOP106,0.8438,4,8,2,0.75,0.25,komersial,Jalan Elang
2604179168_11711275767_STOP631,0.5417,2.5,8,3,0.375,0.625,lainnya,Jalan Elang
2604179170_11711275767_STOP281,0.8438,4,8,2,0.75,0.25,komersial,Bunderan Cibeureum
2604179170_2604179177_STOP281,0.8438,4,8,2,0.75,0.25,komersial,Bunderan Cibeureum
2604179170_9471344359_STOP281,0.8646,4,8,2,0.75,0.25,komersial;lainnya,Jalan Jendral Sudirman
2604179177_11711275766_STOP281,0.8438,4,8,2,0.75,0.25,komersial,Bunderan Cibeureum
2604179177_2604179170_STOP281,0.8438,4,8,2,0.75,0.25,komersial,Bunderan Cibeureum
2604179177_9462999285_STOP281,0.8438,4,8,2,0.75,0.25,komersial,Jalan Jendral Sudirman
2607816746_1107865397_STOP580,0.8125,4.75,8,4,1,0,kesehatan;katering;pendidikan,Jalan Talaga Bodas
2607816746_12986852699_STOP48,0.9375,5,8,5,1,0,komersial;pendidikan;lainnya,Jalan Palasari
2607816746_12986852699_STOP580,0.8125,4.75,8,4,1,0,kesehatan;katering;pendidikan,Jalan Palasari
2607816746_240789108_STOP432,0.7562,5,8,3,1,0,kesehatan;lainnya;katering,Jalan Palasari
2607816746_240789108_STOP580,0.75,4.75,8,3,1,0,kesehatan;katering,Jalan Palasari
2607816746_240789108_STOP655,0.7562,4.25,8,3,0.75,0.125,lainnya;katering,Jalan Palasari
2607816746_3272599108_STOP571,0.8125,4.88,8,5,1,0,katering;kesehatan;lainnya;pendidikan,Jalan Talaga Bodas
2607816746_3272599108_STOP572,0.75,3.13,8,4,0.5,0.5,lainnya;katering,Jalan Talaga Bodas
2607816746_3272599108_STOP580,0.75,4.75,8,3,1,0,kesehatan;katering,Jalan Talaga Bodas
2614138769_29489275_STOP121,0.65,3.88,8,3,0.75,0.25,kesehatan;komersial;lainnya,Jalan Raya Cibaduyut
2614138769_3272384461_STOP121,0.65,4,8,3,0.75,0.25,kesehatan;komersial,Jalan Raya Cibaduyut
2614138771_2614138769_STOP121,0.65,4,8,3,0.75,0.25,kesehatan;komersial,Jalan Raya Cibaduyut
2614138773_25446327_STOP108,0.5104,3.25,8,3,0.625,0.375,lainnya,Jalan Kyai Haji Wahid Hasyim
2614138773_3272542989_STOP108,0.5104,3.25,8,3,0.625,0.375,lainnya,Jalan Soekarno-Hatta
2614138774_1837401667_STOP271,0.75,3.88,8,2,0.75,0.25,finansial;komersial,Jalan Kyai Haji Wahid Hasyim
2614138774_5355765064_STOP271,0.75,3.88,8,2,0.75,0.25,finansial;komersial,Jalan Peta
2614138789_3272653270_STOP229,0.5759,2.75,8,2,0.375,0.5,komersial;lainnya,Jalan Buah Batu
2614138789_8123304891_STOP229,0.5759,2.75,8,2,0.375,0.5,komersial;lainnya,Jalan Tanpa Nama
2614138794_2614138804_STOP229,0.5759,2.75,8,2,0.375,0.5,komersial;lainnya,Jalan Buah Batu
2614138804_6609245572_STOP229,0.5759,2.75,8,2,0.375,0.5,lainnya;komersial,Jalan Buah Batu
2614138804_6609245572_STOP322,0.8125,3.75,8,4,0.625,0.25,komersial;lainnya,Jalan Buah Batu
2614138805_2614138808_STOP229,0.5759,2.75,8,2,0.375,0.5,komersial;lainnya,Jalan Tanpa Nama
2614138805_8123304870_STOP229,0.5759,2.75,8,2,0.375,0.5,komersial;lainnya,Jalan Buah Batu
2614138808_5269229741_STOP229,0.6696,4.5,8,2,0.875,0.125,komersial,Jalan Soekarno-Hatta
2614138808_5269229741_STOP368,0.625,3.88,8,3,0.75,0.25,lainnya,Jalan Soekarno-Hatta
2614138808_5269229741_STOP460,0.6875,4,8,3,0.75,0.25,komersial;lainnya,Jalan Soekarno-Hatta
2614138810_14053088734_STOP229,0.5759,2.75,8,2,0.375,0.5,komersial;lainnya,Jalan Buah Batu
2614138810_14053088734_STOP469,0.75,4.5,8,3,0.875,0.125,lainnya;komersial;katering,Jalan Buah Batu
2614138810_14053088734_STOP650,0.75,4.75,8,4,0.875,0,finansial;komersial;lainnya,Jalan Buah Batu
2614138810_14053088734_STOP711,0.8125,3.75,8,4,0.625,0.25,lainnya;katering;komersial;finansial,Jalan Buah Batu
2614138810_14053088734_STOP712,0.6875,4.5,8,4,0.875,0.125,komersial;finansial;lainnya;katering,Jalan Buah Batu
2614140398_7132443584_STOP361,0.6458,2.63,8,2,0.375,0.5,katering;lainnya,Jalan Soekarno-Hatta
2614140398_7132452340_STOP361,0.7083,4.38,8,3,0.875,0.125,katering;lainnya,Jalan Tanpa Nama
2623877339_1896207947_STOP284,0.7292,3.75,8,4,0.625,0.25,katering;lainnya,Jalan Taman Pramuka
2623877339_7643243807_STOP284,0.7292,3.75,8,4,0.625,0.25,katering;lainnya,Jalan Cendana
2623877339_7643243807_STOP554,0.7917,3.63,8,4,0.625,0.25,katering;kesehatan,Jalan Cendana
2628264112_2628264119_STOP785,0.7136,5,8,3,1,0,lainnya,Jalan Kebon Kawung
2628264112_6673594562_STOP785,0.7136,5,8,3,1,0,lainnya,Jalan HOS. Cokroaminoto
2628264119_29376968_STOP302,0.7344,3.5,8,3,0.5,0.375,lainnya,Jalan HOS. Cokroaminoto
2628264119_29376968_STOP785,0.7136,5,8,3,1,0,lainnya,Jalan HOS. Cokroaminoto
2628296766_2477710340_STOP774,0.8125,4.88,8,2,1,0,komersial;katering,Jalan Tanpa Nama
2628296766_2628296768_STOP774,0.8125,4.88,8,2,1,0,komersial;katering,Jalan Abdul Rahman Saleh
2628296768_6442486339_STOP774,0.75,4.38,8,3,0.875,0.125,lainnya;katering;komersial,Jalan Abdul Rahman Saleh
2628296773_13257407280_STOP773,0.8125,4.88,8,2,1,0,komersial;katering,Jalan Garuda
2628296773_29377182_STOP769,0.8125,4.88,8,3,1,0,katering;lainnya;komersial,Jalan Ciroyom
2628296773_29377182_STOP770,0.8125,4.88,8,3,1,0,katering;lainnya;komersial,Jalan Ciroyom
2628296773_29377182_STOP771,0.8333,4.5,8,4,0.875,0.125,lainnya;komersial;kesehatan,Jalan Ciroyom
2628296773_29377182_STOP772,0.8125,5,8,3,1,0,katering;komersial,Jalan Ciroyom
2628296773_29377182_STOP773,0.8125,4.88,8,2,1,0,komersial;katering,Jalan Ciroyom
2628296773_29377182_STOP774,0.875,4.5,8,4,0.875,0.125,lainnya;komersial;katering,Jalan Ciroyom
2628296773_3445557996_STOP773,0.8125,4.88,8,2,1,0,komersial;katering,"['Jalan Maleber Utara', 'Jalan Garuda']"
2628299951_6616855143_STOP14,0.7708,3.5,8,3,0.625,0.375,lainnya;katering,Jalan Jend. H. Amir Machmud
2628299951_6616855143_STOP18,0.8125,2.63,8,3,0.375,0.625,katering;lainnya,Jalan Jend. H. Amir Machmud
2628299951_6616855143_STOP588,0.7708,3.5,8,3,0.625,0.375,katering;lainnya,Jalan Jend. H. Amir Machmud
2634710028_5458169533_STOP230,0.75,3.5,8,3,0.625,0.375,kesehatan;katering;lainnya,Jalan Soekarno-Hatta
2634710039_5458168297_STOP230,0.6875,3,8,4,0.5,0.5,katering;komersial;kesehatan;lainnya,Bunderan Cibiru
2746818952_1777901379_STOP29,0.7083,3.63,8,2,0.625,0.375,lainnya;komersial,Jalan Mochammad Ramdhan
2746818952_1777901379_STOP411,0.7708,3,8,4,0.5,0.5,lainnya;komersial;pendidikan,Jalan Mochammad Ramdhan
2746818952_2034444650_STOP29,0.7083,3.63,8,3,0.625,0.375,lainnya;komersial,Jalan Sawah Kurung IV
2746818952_2746818986_STOP256,0.9375,4.88,8,2,1,0,komersial;lainnya,Jalan Srimahi
2746818952_2746818986_STOP29,0.7917,4,8,3,0.75,0.25,lainnya;komersial,Jalan Srimahi
2746818952_3277416907_STOP256,0.8958,5,8,2,1,0,komersial,Jalan Mochammad Ramdhan
2746818952_3277416907_STOP29,0.7917,4,8,3,0.75,0.25,lainnya;komersial,Jalan Mochammad Ramdhan
2746818986_11181449017_STOP138,0.8937,5,8,3,1,0,komersial;lainnya,Jalan BKR
2746818986_11181449017_STOP256,0.9,4.8,5,1,1,0,komersial,Jalan BKR
2746818986_11181449017_STOP645,0.7312,3.75,8,2,0.625,0.375,komersial,Jalan BKR
2746818986_2746818952_STOP256,1,5,8,3,1,0,komersial;lainnya,Jalan Srimahi
2746819079_2746819080_STOP329,0.675,2.75,8,3,0.375,0.5,lainnya;komersial,Simpang Susun Buah Batu
2746819079_3472154933_STOP324,0.675,2.75,8,3,0.375,0.5,lainnya;komersial,Jalan Buah Batu
2746819079_3472154933_STOP329,0.675,2.75,8,3,0.375,0.5,lainnya;komersial,Jalan Buah Batu
2746819080_2746819082_STOP329,0.675,2.75,8,3,0.375,0.5,lainnya;komersial,Jalan Buah Batu
2746819081_2746819079_STOP329,0.675,2.75,8,3,0.375,0.5,lainnya;komersial,Jalan Buah Batu
2746819082_2325454309_STOP325,0.6875,4.5,8,3,0.875,0.125,lainnya,Jalan Buah Batu
2746819082_2325454309_STOP329,0.7813,5,8,3,1,0,komersial;katering;lainnya,Jalan Buah Batu
2746819082_2746819081_STOP329,0.675,2.75,8,3,0.375,0.5,lainnya;komersial,Simpang Susun Buah Batu
28382653_1662376790_STOP32,0.75,4,8,4,0.75,0.25,komersial;katering,Jalan Tanpa Nama
28382653_2325448481_STOP32,0.75,4,8,4,0.75,0.25,komersial;katering,Jalan Ir. H. Djuanda
28382653_2325448481_STOP591,0.875,4.5,8,3,0.875,0.125,lainnya;komersial;katering,Jalan Ir. H. Djuanda
28382767_1662376726_STOP25,0.6667,4.63,8,3,0.875,0,lainnya,Jalan Tanpa Nama
28382767_28382653_STOP25,0.6667,4.63,8,3,0.875,0,lainnya,Jalan Ir. H. Djuanda
28382767_28382653_STOP32,0.7964,4.13,8,3,0.75,0.25,lainnya;katering,Jalan Ir. H. Djuanda
28382767_28382653_STOP33,0.875,5,8,3,1,0,lainnya,Jalan Ir. H. Djuanda
28382767_28382653_STOP541,0.6667,4.63,8,3,0.875,0,lainnya,Jalan Ir. H. Djuanda
2858054060_3007950794_STOP205,1,4.75,8,4,0.875,0,katering;lainnya,Jalan Abdul Haris Nasution
2858054060_3007950794_STOP426,0.6667,3.25,8,2,0.5,0.375,katering;lainnya,Jalan Abdul Haris Nasution
2858054060_6384640713_STOP101,0.8313,3.13,8,2,0.5,0.5,finansial;komersial,Jalan Abdul Haris Nasution
2858054060_6384640713_STOP426,0.6667,3.25,8,2,0.5,0.375,katering;lainnya,Jalan Abdul Haris Nasution
2858054060_6384640713_STOP427,0.625,2.63,8,2,0.25,0.375,finansial;komersial,Jalan Abdul Haris Nasution
2858054060_665709306_STOP425,0.7813,3.5,8,2,0.625,0.375,lainnya;komersial,"['Jalan Desa Cipadung', 'Jalan Cilengkrang II']"
29352423_3977886810_STOP549,0.75,4.5,8,4,0.875,0.125,lainnya;finansial,Jalan Jawa
29352423_5841953280_STOP26,0.8125,3.5,8,3,0.625,0.375,finansial;katering,Jalan Jawa
29352423_5841953280_STOP549,0.75,4.5,8,4,0.875,0.125,lainnya;finansial,Jalan Jawa
29352423_5841953280_STOP674,0.8125,5,8,3,1,0,lainnya;finansial,Jalan Jawa
29352423_5841953280_STOP681,0.875,5,8,2,1,0,finansial;lainnya,Jalan Jawa
29354164_11176912846_STOP193,0.7292,3.25,8,4,0.625,0.375,lainnya,Jalan Perintis Kemerdekaan
29354164_364363786_STOP193,0.7292,3.25,8,4,0.625,0.375,lainnya,Jalan Kebon Jukut
29354375_11176912847_STOP678,0.875,4.25,8,3,0.875,0.125,lainnya;komersial,Jalan Stasiun Timur
29354375_3270228962_STOP678,0.875,4.25,8,3,0.875,0.125,lainnya;komersial,Jalan Tanpa Nama
29354379_25434242_STOP194,0.6875,3.63,8,3,0.625,0.25,komersial;katering,Jalan Suniaraja
29354379_25434242_STOP678,0.75,3.5,8,2,0.625,0.25,komersial,Jalan Suniaraja
29354380_29354379_STOP678,0.75,3.5,8,2,0.625,0.25,komersial,Jalan Suniaraja
29354701_25435352_STOP300,0.5625,3.38,8,3,0.5,0.375,lainnya;kesehatan;komersial,Jalan Otto Iskandardinata
29354701_25435352_STOP617,0.9375,4.88,8,2,1,0,komersial;katering,Jalan Otto Iskandardinata
29354701_29354883_STOP2,0.7625,3.63,8,3,0.625,0.375,komersial;katering,Jalan ABC
29354701_29354883_STOP617,0.875,4.5,8,2,0.875,0.125,katering;komersial,Jalan ABC
29354701_29354883_STOP679,0.875,4.5,8,2,0.875,0.125,katering;komersial,Jalan ABC
29354883_25435318_STOP2,0.7875,4.38,8,3,0.875,0.125,komersial;katering;finansial,Jalan ABC
29354883_25435318_STOP680,0.6625,3.13,8,3,0.5,0.5,komersial;lainnya,Jalan ABC
29354883_25435318_STOP787,0.6563,4,8,4,0.75,0.25,lainnya;katering,Jalan ABC
29354883_29354380_STOP2,0.7625,3.63,8,3,0.625,0.375,komersial;katering,Jalan Banceuy
29354883_29354380_STOP678,0.6875,3.25,8,2,0.5,0.375,lainnya;komersial,Jalan Banceuy
29354883_29354380_STOP755,0.75,4.13,8,3,0.75,0.25,katering;lainnya;komersial,Jalan Banceuy
29356722_1654067462_STOP352,0.8333,4.38,8,3,0.875,0.125,katering;kesehatan,Jalan Prof. Dr. Ir. Sutami
29356722_1658431473_STOP352,0.8333,4.38,8,3,0.875,0.125,kesehatan;katering,Jalan Prof. Dr. Surya Soemantri
29356737_29378887_STOP3,0.5625,2.25,8,2,0.25,0.75,finansial;lainnya,Jalan Cipedes Selatan
29356737_29378887_STOP392,0.6607,2.88,8,2,0.5,0.5,finansial;lainnya,Jalan Cipedes Selatan
29356737_29378887_STOP592,0.8482,4.75,8,2,1,0,olahraga;lainnya,Jalan Cipedes Selatan
29356737_2958261173_STOP592,0.6875,2.88,8,2,0.5,0.5,lainnya,Jalan Dr. Djunjunan
29356793_306334264_STOP350,0.7292,4.75,8,3,1,0,lainnya;komersial,Jalan Sariwangi
29356793_306334264_STOP351,0.8229,4.88,8,3,1,0,lainnya;komersial,Jalan Sariwangi
29356793_5646605222_STOP350,0.7292,4.75,8,3,1,0,lainnya;komersial,Jalan Lemah Neundeut
29356940_2325438114_STOP67,0.7024,4.13,8,3,0.75,0.125,katering;lainnya,Jalan Sirna Galih
29356940_29356944_STOP337,0.7086,4.13,8,3,0.75,0.125,lainnya;katering,Jalan Sindang Sirna
29356940_29356944_STOP67,0.7086,4.13,8,3,0.75,0.125,lainnya;katering,Jalan Sindang Sirna
29356944_11366943122_STOP337,0.7024,4.13,8,3,0.75,0.125,lainnya;katering,Jalan Tanpa Nama
29356944_29356940_STOP337,0.7086,4.13,8,3,0.75,0.125,lainnya;katering,Jalan Sindang Sirna
29356944_29356940_STOP67,0.7086,4.13,8,3,0.75,0.125,lainnya;katering,Jalan Sindang Sirna
29356960_12637511228_STOP92,0.75,4.75,8,5,0.875,0,lainnya;katering,Jalan Cemara
29356960_29357697_STOP477,0.7083,4.25,8,5,0.75,0.125,katering;lainnya;komersial,Jalan Sukajadi
29356960_29357697_STOP92,0.75,4.75,8,5,0.875,0,lainnya;katering,Jalan Sukajadi
29356961_29356960_STOP92,0.75,4.75,8,5,0.875,0,lainnya;katering,Jalan Karang Tineung
29356961_29379592_STOP92,0.75,4.75,8,5,0.875,0,lainnya;katering,Jalan Karang Tineung
29356961_6621969574_STOP337,0.7708,4.5,8,4,0.875,0.125,komersial;katering,"['Jalan Bungur', 'Jalan Karang Tineung']"
29356961_6621969574_STOP477,0.75,4.75,8,5,0.875,0,katering;lainnya,"['Jalan Bungur', 'Jalan Karang Tineung']"
29356961_6621969574_STOP92,0.75,4.75,8,5,0.875,0,lainnya;katering,"['Jalan Bungur', 'Jalan Karang Tineung']"
29356964_4169236625_STOP337,0.7024,4.13,8,3,0.75,0.125,lainnya;katering,Jalan Bungur
29356964_6621969574_STOP337,0.7024,4.13,8,3,0.75,0.125,lainnya;katering,Jalan Bungur
29357111_29358836_STOP478,0.8812,4.5,8,2,0.875,0.125,katering,Jalan Tanpa Nama
29357111_5639373300_STOP478,0.875,5,8,2,1,0,katering,Jalan Sukajadi
29357113_12634504454_STOP337,0.7917,4,8,3,0.75,0.25,katering,Jalan Sukajadi
29357113_12634504454_STOP67,0.7917,4,8,3,0.75,0.25,katering,Jalan Sukajadi
29357239_11367547338_STOP8,0.7188,4.75,8,3,0.875,0,komersial;lainnya;pendidikan,Jalan Sari Endah Baru
29357239_29357241_STOP8,0.7188,4.75,8,3,0.875,0,komersial;lainnya;pendidikan,Jalan Geger Kalong Hilir
29357241_1654067462_STOP352,0.7,4.8,5,1,1,0,katering,Jalan Sukahaji
29357241_1654067462_STOP8,0.95,5,5,1,1,0,lainnya,Jalan Sukahaji
29357241_29357239_STOP8,0.7188,4.75,8,3,0.875,0,komersial;lainnya;pendidikan,Jalan Geger Kalong Hilir
29357241_29357243_STOP8,0.7813,5,8,3,1,0,komersial;lainnya,Jalan Geger Kalong Hilir
29357243_1390997943_STOP404,0.8438,4.5,8,2,0.875,0.125,katering;lainnya,Jalan Geger Kalong Hilir
29357243_1390997943_STOP8,0.8812,4.75,8,3,0.875,0,lainnya;komersial,Jalan Geger Kalong Hilir
29357243_1676070938_STOP473,0.6875,4.38,8,3,0.875,0.125,lainnya,"['Jalan Pak Gatot Raya', 'Jalan Gegerkalong Girang']"
29357243_1676070938_STOP8,0.8187,4.5,8,3,0.75,0,pendidikan;lainnya,"['Jalan Pak Gatot Raya', 'Jalan Gegerkalong Girang']"
29357243_29357241_STOP8,0.7813,5,8,3,1,0,komersial;lainnya,Jalan Geger Kalong Hilir
29357275_29357277_STOP8,0.5,4.8,5,1,1,0,komersial,Jalan Sari Endah Baru
29357275_29357312_STOP8,0.5938,4.63,8,2,0.875,0,komersial;lainnya,Jalan Geger Kalong Hilir
29357277_13097895693_STOP128,0.625,3.63,8,3,0.625,0.375,lainnya;komersial,Jalan Sarijadi Raya
29357277_13097895693_STOP629,0.625,3.63,8,3,0.625,0.375,komersial;lainnya,Jalan Sarijadi Raya
29357312_11367547341_STOP8,0.5938,4.63,8,2,0.875,0,komersial;lainnya,Jalan Geger Kalong Hilir
29357697_29357113_STOP337,0.8333,4,8,4,0.75,0.25,komersial;katering,Jalan Sukajadi
29357697_29379986_STOP337,0.7708,4,8,4,0.75,0.25,komersial;katering,Jalan Karangsari
29357697_29379986_STOP628,0.8333,4,8,4,0.75,0.25,komersial;katering,Jalan Karangsari
29357859_2325448804_STOP476,0.875,3.5,8,2,0.625,0.375,komersial;kesehatan,Jalan Sukajadi
29357864_29379585_STOP92,0.6667,4,8,5,0.625,0.125,lainnya;komersial,Jalan Sukajadi
29357928_29357929_STOP150,0.875,4.5,8,3,0.875,0.125,kesehatan;komersial;lainnya,Jalan Cemara
29357928_29358830_STOP150,0.8333,4.5,8,3,0.875,0.125,kesehatan;lainnya;katering,Jalan Raden Adipati Aria Wiranatakusumah
29357928_29358830_STOP170,0.7485,4.13,8,3,0.75,0.25,katering;lainnya,Jalan Raden Adipati Aria Wiranatakusumah
29357929_12637511228_STOP150,0.875,4.5,8,3,0.875,0.125,komersial;kesehatan,Jalan Cemara
29357929_12637511228_STOP92,0.6667,4,8,6,0.625,0.125,komersial;lainnya;katering,Jalan Cemara
29357929_29357928_STOP150,0.875,4.5,8,3,0.875,0.125,kesehatan;komersial,Jalan Cemara
29357929_29379226_STOP150,0.7485,4.5,8,4,0.875,0.125,komersial;katering;kesehatan,Jalan Jurang
29357929_29379226_STOP17,0.9792,4.63,8,2,0.875,0,komersial;lainnya,Jalan Jurang
29357929_29379226_STOP170,0.7485,4,8,3,0.75,0.25,katering;komersial,Jalan Jurang
29358830_25447039_STOP170,0.7485,3.5,8,3,0.5,0.25,katering;lainnya,Jalan Raden Adipati Aria Wiranatakusumah
29358830_25447039_STOP65,0.8557,4.88,8,3,1,0,lainnya;katering,Jalan Raden Adipati Aria Wiranatakusumah
29358836_29358938_STOP478,0.5729,3.5,8,2,0.625,0.375,katering;lainnya,Jalan Dr. Setiabudi
29358836_29358938_STOP551,0.5417,3.38,8,2,0.625,0.375,lainnya,Jalan Dr. Setiabudi
29358836_29358938_STOP67,0.75,2.5,8,3,0.375,0.625,katering,Jalan Dr. Setiabudi
29358926_1660116944_STOP66,0.9375,4.5,8,3,0.875,0.125,lainnya;katering,Jalan Cihampelas
29358926_3376673094_STOP66,0.875,3.5,8,3,0.625,0.375,lainnya;katering,Jalan Dr. Setiabudi
29358934_4262068495_STOP628,0.9018,5,8,4,1,0,lainnya;komersial;katering,Jalan Dr. Setiabudi
29358935_29358934_STOP628,0.9018,5,8,3,1,0,lainnya;katering,Jalan Dr. Setiabudi
29358935_9336983410_STOP628,0.875,5,8,3,1,0,katering;lainnya,Jalan Tanpa Nama
29358937_29357113_STOP337,0.7917,4,8,3,0.75,0.25,katering,Jalan Suka Asih
29358937_29357113_STOP628,0.6667,2.13,8,3,0.25,0.75,katering,Jalan Suka Asih
29358937_29357113_STOP67,0.7083,3,8,3,0.5,0.5,katering,Jalan Suka Asih
29358937_29358935_STOP628,0.6667,2.63,8,3,0.375,0.625,katering,Jalan Dr. Setiabudi
29358938_29358937_STOP628,0.6667,2.13,8,3,0.25,0.75,katering,Jalan Dr. Setiabudi
29358938_29358937_STOP67,0.6667,2.13,8,3,0.25,0.75,katering,Jalan Dr. Setiabudi
29359106_1342112684_STOP164,0.6563,4.38,8,3,0.875,0.125,lainnya;katering,Jalan Siliwangi
29359106_1660110851_STOP164,0.6875,4.5,8,3,0.875,0.125,lainnya,Jalan Siliwangi
29359106_1660110851_STOP166,0.7708,4.25,8,3,0.75,0.125,rekreasi;lainnya;katering,Jalan Siliwangi
29359106_1660110851_STOP233,0.75,4.88,8,4,1,0,lainnya,Jalan Siliwangi
29359106_1660110851_STOP66,0.7708,3.75,8,3,0.625,0.25,rekreasi;katering;lainnya,Jalan Siliwangi
29359329_1956570020_STOP552,0.9375,5,8,3,1,0,kesehatan;lainnya,Jalan Dayang Sumbi
29359329_1956899631_STOP552,0.9375,5,8,3,1,0,kesehatan;lainnya,Jalan Tamansari
29359329_5463596826_STOP552,0.9375,5,8,3,1,0,kesehatan;lainnya,Jalan Tamansari
29359719_5334558654_STOP578,0.75,3.5,8,3,0.625,0.375,komersial;lainnya;katering,Jalan Rangga Malela
29359719_5369882298_STOP578,0.75,3.5,8,3,0.625,0.375,komersial;lainnya;katering,Jalan Sulanjana
29359719_5369882298_STOP724,0.7708,4.5,8,3,0.875,0.125,lainnya;katering,Jalan Sulanjana
29359719_9755546377_STOP578,0.75,3.5,8,3,0.625,0.375,komersial;lainnya;katering,Jalan Sulanjana
29376968_13261248357_STOP302,0.7344,3.5,8,3,0.5,0.375,lainnya,"['Jalan Kesatriaan', 'Jalan Bima']"
29376968_13261248357_STOP759,0.6719,4.38,8,3,0.75,0.125,lainnya,"['Jalan Kesatriaan', 'Jalan Bima']"
29376968_13261248357_STOP760,0.875,5,8,2,1,0,lainnya,"['Jalan Kesatriaan', 'Jalan Bima']"
29376968_13261248357_STOP761,0.5625,4.38,8,3,0.75,0.125,lainnya;komersial,"['Jalan Kesatriaan', 'Jalan Bima']"
29376968_13261248357_STOP762,0.5,3.75,8,2,0.625,0.25,lainnya,"['Jalan Kesatriaan', 'Jalan Bima']"
29376968_2012498676_STOP302,0.7344,3.5,8,3,0.5,0.375,lainnya,Jalan HOS. Cokroaminoto
29376968_2012498676_STOP406,0.9688,4.88,8,3,1,0,lainnya;komersial,Jalan HOS. Cokroaminoto
29377042_11740333993_STOP86,0.6875,3.38,8,2,0.625,0.25,lainnya,Jalan Industri
29377063_13382601416_STOP86,0.6875,4,8,3,0.75,0.125,lainnya;finansial,Jalan Ciroyom
29377063_25446462_STOP288,0.7292,3.38,8,2,0.625,0.375,lainnya;kesehatan,Jalan Arjuna
29377063_25446462_STOP86,0.75,4,8,3,0.75,0.125,lainnya;finansial;komersial,Jalan Arjuna
29377182_11310046580_STOP768,0.75,3.63,8,3,0.625,0.375,lainnya;komersial;finansial,Jalan Ciroyom
29377182_11310046580_STOP770,0.8125,4.88,8,3,1,0,katering;komersial;lainnya,Jalan Ciroyom
29377182_25446445_STOP287,0.8125,4.38,8,5,0.875,0.125,komersial;lainnya,Jalan Andir
29377182_25446445_STOP769,0.75,4.5,8,3,0.875,0.125,komersial;katering;lainnya,Jalan Andir
29377182_25446445_STOP770,0.8125,4.88,8,3,1,0,katering;lainnya;komersial,Jalan Andir
29377182_2628296773_STOP769,0.8125,4.88,8,3,1,0,katering;lainnya;komersial,Jalan Ciroyom
29377182_2628296773_STOP770,0.8125,4.88,8,3,1,0,katering;lainnya;komersial,Jalan Ciroyom
29377182_2628296773_STOP771,0.8333,4.5,8,4,0.875,0.125,lainnya;komersial;kesehatan,Jalan Ciroyom
29377182_2628296773_STOP772,0.75,4.5,8,3,0.875,0.125,katering;komersial;lainnya,Jalan Ciroyom
29377182_2628296773_STOP773,0.875,4.5,8,4,0.875,0.125,komersial;lainnya;katering,Jalan Ciroyom
29377182_2628296773_STOP774,0.875,4.5,8,4,0.875,0.125,lainnya;komersial;katering,Jalan Ciroyom
29377187_13382601416_STOP112,0.625,3.5,8,3,0.625,0.375,lainnya;komersial,Jalan Ciroyom Timur
29377187_13382601416_STOP810,0.6875,3.5,8,3,0.625,0.375,lainnya;komersial,Jalan Ciroyom Timur
29377187_13382601416_STOP86,0.625,3.5,8,2,0.625,0.25,lainnya,Jalan Ciroyom Timur
29377187_25446457_STOP112,0.6875,4,8,3,0.75,0.25,lainnya;komersial;katering,Jalan Ciroyom Barat
29377187_29377189_STOP112,0.625,3.5,8,3,0.625,0.375,lainnya;komersial,Jalan Ciroyom Barat
29377187_29377189_STOP810,0.6875,3.5,8,3,0.625,0.375,lainnya;finansial,Jalan Ciroyom Barat
29377189_11687490552_STOP767,0.6875,3.25,8,2,0.5,0.5,finansial;lainnya,Jalan Ciroyom
29377189_11687490552_STOP810,0.6875,3.63,8,2,0.625,0.375,lainnya;finansial,Jalan Ciroyom
29377189_29377187_STOP112,0.625,3.5,8,3,0.625,0.375,lainnya;komersial,Jalan Ciroyom Barat
29377189_29377187_STOP810,0.6875,3.5,8,3,0.625,0.375,lainnya;finansial,Jalan Ciroyom Barat
29377273_2604179168_STOP181,0.75,3.88,8,3,0.75,0.25,finansial,Jalan Rajawali Barat
29377273_2604179168_STOP182,0.6667,3,8,3,0.5,0.5,lainnya;finansial,Jalan Rajawali Barat
29377273_2604179168_STOP376,0.875,4.75,8,2,0.875,0,katering;lainnya,Jalan Rajawali Barat
29377273_2604179168_STOP778,0.7875,4.88,8,3,1,0,lainnya;kesehatan;finansial,Jalan Rajawali Barat
29377273_29377395_STOP181,0.8333,4.88,8,2,1,0,lainnya;finansial,Jalan Maleber Barat
29377273_29377395_STOP376,0.875,4.75,8,2,0.875,0,katering;lainnya,Jalan Maleber Barat
29377395_29377273_STOP181,0.8333,4.88,8,2,1,0,lainnya;finansial,Jalan Maleber Barat
29377395_29377273_STOP376,0.875,4.75,8,2,0.875,0,katering;lainnya,Jalan Maleber Barat
29377395_3445469505_STOP136,0.8271,4.5,8,2,0.875,0.125,komersial,"['Jalan Maleber Utara', 'Jalan Paledang']"
29377395_3445469505_STOP602,0.9375,5,8,2,1,0,komersial,"['Jalan Maleber Utara', 'Jalan Paledang']"
29377395_3445557996_STOP773,0.8125,4.88,8,2,1,0,komersial;katering,Jalan Maleber Utara
29377395_3445557996_STOP777,0.6,3.4,5,1,0.6,0.4,lainnya,Jalan Maleber Utara
29377508_29377560_STOP518,0.7813,4.5,8,3,0.875,0.125,lainnya;katering,Jalan Dadali
29377508_29377560_STOP776,0.8438,4,8,4,0.75,0.25,lainnya;finansial;katering,Jalan Dadali
29377508_29377560_STOP777,0.7917,3.5,8,3,0.625,0.375,finansial;lainnya,Jalan Dadali
29377508_29377560_STOP778,0.725,4.13,8,3,0.75,0.25,lainnya,Jalan Dadali
29377560_1666277222_STOP518,0.7813,4.5,8,3,0.875,0.125,lainnya;katering,Jalan Garuda
29377560_1666277222_STOP775,0.75,3.38,8,4,0.625,0.375,finansial;lainnya;komersial,Jalan Garuda
29377560_1837401657_STOP286,0.5938,4,8,2,0.75,0.25,lainnya;katering,Jalan Garuda
29377560_1837401657_STOP518,0.7188,4.5,8,2,0.875,0.125,lainnya;katering,Jalan Garuda
29377560_1837401657_STOP779,0.7188,4.5,8,2,0.875,0.125,katering;lainnya,Jalan Garuda
29377560_29377508_STOP518,0.7813,4.5,8,3,0.875,0.125,lainnya;katering,Jalan Dadali
29377560_29377508_STOP776,0.8438,4,8,4,0.75,0.25,lainnya;finansial;katering,Jalan Dadali
29377560_29377508_STOP777,0.9375,4.88,8,3,1,0,finansial;lainnya;kesehatan,Jalan Dadali
29377560_29377508_STOP778,0.725,4.13,8,3,0.75,0.25,lainnya,Jalan Dadali
29377716_1658617590_STOP241,0.7188,4.88,8,2,1,0,komersial;lainnya,Jalan Sukaraja
29377716_1658617590_STOP489,0.65,4,8,3,0.75,0.25,komersial;lainnya,Jalan Sukaraja
29377716_1870759840_STOP489,0.65,4,8,3,0.75,0.25,lainnya;komersial,Jalan Sukaraja
29377716_6615747773_STOP489,0.65,4,8,3,0.75,0.25,lainnya;komersial,Kapten Tata Natanegara
29377839_29378887_STOP3,0.6875,2.63,8,2,0.375,0.625,finansial;komersial,Jalan Sukagalih
29377839_29378887_STOP630,0.875,4,8,3,0.75,0.25,komersial;katering;finansial,Jalan Sukagalih
29377839_4375366198_STOP630,0.9063,4.5,8,3,0.875,0.125,katering;komersial;lainnya,Jalan Suka Mulya
29377839_5461446930_STOP3,0.75,5,8,3,1,0,lainnya;komersial,Jalan Suka Mulya
29377839_5461446930_STOP630,0.8125,4.5,8,3,0.875,0.125,komersial;katering,Jalan Suka Mulya
29378887_12809082543_STOP126,0.875,5,8,3,1,0,lainnya;komersial;katering,"['Jalan Cipedes Selatan', 'Jalan Sukagalih']"
29378887_12809082543_STOP3,0.625,3.13,8,2,0.5,0.5,finansial;komersial,"['Jalan Cipedes Selatan', 'Jalan Sukagalih']"
29378887_29356737_STOP3,0.5625,2.25,8,2,0.25,0.75,finansial;lainnya,Jalan Cipedes Selatan
29378887_29356737_STOP349,0.6875,3.13,8,2,0.5,0.5,finansial;olahraga,Jalan Cipedes Selatan
29378887_29356737_STOP392,0.6607,2.88,8,2,0.5,0.5,finansial;lainnya,Jalan Cipedes Selatan
29378887_29356737_STOP592,0.8482,4.75,8,2,1,0,olahraga;lainnya,Jalan Cipedes Selatan
29378887_29377839_STOP3,0.6875,2.63,8,2,0.375,0.625,finansial;komersial,Jalan Sukagalih
29378887_29377839_STOP630,0.875,4,8,3,0.75,0.25,komersial;katering;finansial,Jalan Sukagalih
29379226_11345662513_STOP17,0.8542,3.88,8,2,0.625,0.25,lainnya;komersial,Jalan Sukamaju
29379226_11345662513_STOP476,0.875,4.13,8,2,0.75,0.125,lainnya;kesehatan,Jalan Sukamaju
29379226_29357929_STOP150,0.7485,4.5,8,4,0.875,0.125,komersial;katering;kesehatan,Jalan Jurang
29379226_29357929_STOP17,0.9792,4.63,8,2,0.875,0,komersial;lainnya,Jalan Jurang
29379226_29357929_STOP170,0.7485,4,8,3,0.75,0.25,katering;komersial,Jalan Jurang
29379226_3249461526_STOP17,0.9792,4.63,8,2,0.875,0,komersial;lainnya,Jalan Sederhana
29379229_12809151235_STOP149,0.8281,4.38,8,2,0.875,0.125,finansial;lainnya,Jalan Makmur
29379229_12809151235_STOP482,0.8281,4.38,8,2,0.875,0.125,finansial;lainnya,Jalan Makmur
29379229_3249461526_STOP149,0.8281,4.38,8,2,0.875,0.125,lainnya;finansial,Jalan Sederhana
29379229_3249461526_STOP17,0.6326,3.63,8,5,0.625,0.25,lainnya;komersial,Jalan Sederhana
29379231_29379229_STOP149,0.9375,4.5,8,2,0.875,0.125,finansial;lainnya,Jalan Sederhana
29379231_29379229_STOP327,0.8125,4.63,8,2,0.875,0.125,kesehatan;lainnya,Jalan Sederhana
29379231_29379232_STOP327,0.6875,4.13,8,2,0.75,0.25,kesehatan;katering,Jalan Sederhana
29379232_29379231_STOP327,0.6875,4.13,8,2,0.75,0.25,kesehatan;katering,Jalan Sederhana
29379232_29379447_STOP327,0.6875,4.13,8,2,0.75,0.25,kesehatan;katering,Jalan Tanpa Nama
29379232_7983673000_STOP327,0.75,3.75,8,3,0.75,0.25,katering;kesehatan,Jalan Sederhana
29379393_29379231_STOP149,0.8125,4.63,8,2,0.875,0.125,kesehatan;lainnya,Jalan Profesor Christiaan Eijkman
29379393_29379231_STOP327,0.8125,4.63,8,2,0.875,0.125,kesehatan;lainnya,Jalan Profesor Christiaan Eijkman
29379393_29379231_STOP482,0.9375,4.5,8,3,0.875,0.125,katering;lainnya;finansial,Jalan Profesor Christiaan Eijkman
29379447_12809082543_STOP149,0.8333,4.38,8,2,0.75,0.125,lainnya,Jalan Sukajadi
29379447_12809082543_STOP327,0.875,4.63,8,2,0.875,0.125,lainnya;kesehatan,Jalan Sukajadi
29379476_1900221414_STOP482,0.9375,4.5,8,4,0.875,0.125,katering;lainnya,Jalan Profesor Christiaan Eijkman
29379476_29379393_STOP482,0.9375,4.5,8,4,0.875,0.125,katering;lainnya;finansial,Jalan Profesor Christiaan Eijkman
29379583_12637511228_STOP92,0.6667,4,8,5,0.625,0.125,lainnya;komersial,Jalan Cemara
29379583_29379585_STOP92,0.6667,4,8,5,0.625,0.125,lainnya;komersial,Jalan Cemara
29379585_29356960_STOP92,0.6667,4.5,8,5,0.75,0,lainnya;katering,Jalan Sukajadi
29379585_29379592_STOP92,0.6667,4.5,8,5,0.75,0,lainnya;katering,Jalan Karang Tineung
29379592_29356961_STOP92,0.6667,4.5,8,5,0.75,0,lainnya;katering,Jalan Karang Tineung
29379986_9336983410_STOP628,0.8958,4.5,8,3,0.875,0.125,katering;komersial,Jalan Karangsari
29380398_1387999367_STOP496,0.75,5,8,2,1,0,komersial,Jalan Raya Cijerah
29380398_3110266609_STOP107,0.6125,2.25,8,2,0.25,0.75,lainnya;finansial,"['Jalan Gempol', 'Jalan Gempol Sari']"
29380398_3110266609_STOP4,0.5625,2.75,8,4,0.375,0.5,komersial;finansial;katering;lainnya,"['Jalan Gempol', 'Jalan Gempol Sari']"
29380403_1387999367_STOP496,0.75,4.13,8,3,0.75,0.25,komersial,Jalan Raya Cijerah
29380403_3252892639_STOP496,0.75,3.63,8,3,0.625,0.375,komersial,Jalan Raya Cijerah
29380518_3252892639_STOP496,0.75,3.63,8,4,0.625,0.375,lainnya;komersial;finansial,Jalan Bojong Raya
29380518_3252892639_STOP802,1,5,8,2,1,0,komersial;lainnya,Jalan Bojong Raya
29380518_3445438782_STOP802,0.8542,4,8,3,0.75,0.25,lainnya;komersial,Jalan Holis
29380518_3445438782_STOP803,0.625,4.13,8,3,0.75,0.25,katering;lainnya;komersial,Jalan Holis
29380518_9532363495_STOP338,0.75,3.5,8,4,0.625,0.375,komersial;finansial;lainnya,Jalan Holis
29380518_9532363495_STOP381,0.875,4,8,4,0.75,0.25,lainnya;komersial;katering,Jalan Holis
29380518_9532363495_STOP802,0.8542,4,8,3,0.75,0.25,lainnya;komersial,Jalan Holis
29427097_11138680825_STOP159,0.6042,3.38,8,4,0.625,0.375,lainnya;komersial;rekreasi;katering,Jalan Surapati
29427097_11138680825_STOP723,0.75,4.88,8,3,1,0,finansial;lainnya;katering,Jalan Surapati
29427236_1660260881_STOP723,0.6373,3.5,8,3,0.625,0.25,lainnya;finansial,Jalan Aria Jipang
29427236_29427263_STOP687,0.6165,3.25,8,3,0.5,0.25,lainnya,Jalan Aria Jipang
29427236_29427263_STOP723,0.6165,3.25,8,3,0.5,0.25,lainnya,Jalan Aria Jipang
29427263_1849525906_STOP31,0.875,5,8,4,1,0,lainnya;katering;finansial,Jalan Diponegoro
29427263_1849525906_STOP687,0.7813,3.75,8,3,0.625,0.125,lainnya,Jalan Diponegoro
29427263_29427236_STOP687,0.679,3.25,8,3,0.5,0.25,lainnya,Jalan Aria Jipang
29427263_29427236_STOP723,0.6165,3.25,8,3,0.5,0.25,lainnya,Jalan Aria Jipang
29427263_5356356915_STOP687,0.6165,3.25,8,3,0.5,0.25,lainnya,Jalan Diponegoro
29427961_29427097_STOP163,0.8125,4.5,8,3,0.875,0.125,katering;finansial,Jalan Layang Professor Mochtar Kusumaatmadja
29427961_29427097_STOP169,0.875,5,8,3,1,0,lainnya;kesehatan;finansial,Jalan Layang Professor Mochtar Kusumaatmadja
29427961_29427097_STOP236,0.75,4.5,8,3,0.875,0.125,finansial;lainnya,Jalan Layang Professor Mochtar Kusumaatmadja
29427961_29427097_STOP354,0.6875,4,8,4,0.75,0.25,lainnya;pendidikan;komersial,Jalan Layang Professor Mochtar Kusumaatmadja
29427961_29427097_STOP72,0.875,5,8,3,1,0,komersial;lainnya,Jalan Layang Professor Mochtar Kusumaatmadja
29427961_29427097_STOP723,0.6165,3.25,8,3,0.5,0.25,lainnya,Jalan Layang Professor Mochtar Kusumaatmadja
29427961_6352261923_STOP72,0.875,5,8,3,1,0,komersial;lainnya,Jalan Tanpa Nama
29434768_11347520099_STOP413,0.75,5,8,4,1,0,lainnya,Jalan Sancang
29434768_11347520099_STOP732,0.7875,4.63,8,3,0.875,0.125,lainnya;katering,Jalan Sancang
29434768_12806537959_STOP413,0.8125,4.75,8,3,0.875,0,lainnya;kesehatan,Jalan Kyai Haji Ahmad Dahlan
29434768_12806537959_STOP428,0.7292,3,8,2,0.5,0.5,katering;komersial,Jalan Kyai Haji Ahmad Dahlan
29434768_12806537959_STOP429,0.6042,2.75,8,3,0.375,0.5,komersial;lainnya;kesehatan,Jalan Kyai Haji Ahmad Dahlan
29434769_11347520099_STOP732,0.7875,4.63,8,3,0.875,0.125,lainnya;katering,Jalan Lodaya
29434769_12986852699_STOP48,0.875,4.88,8,4,1,0,lainnya;komersial,Jalan Lodaya
29434769_12986852699_STOP732,0.7875,4.63,8,3,0.875,0.125,lainnya;katering,Jalan Lodaya
29434769_12986852699_STOP750,0.7292,4.25,8,5,0.75,0.125,lainnya;komersial,Jalan Lodaya
29434769_12986852699_STOP751,0.7875,4.38,8,3,0.75,0.125,katering;lainnya,Jalan Lodaya
29434775_6470065668_STOP797,0.6875,4.13,8,4,0.75,0.125,komersial;finansial;lainnya,Jalan Sadakeling
29434775_6470065671_STOP797,0.75,4.25,8,4,0.75,0.125,komersial;finansial;lainnya;katering,Jalan Burangrang
29434777_30602861_STOP796,0.9375,4.88,8,2,1,0,katering;komersial,Jalan Sadakeling
29434777_3110090805_STOP60,0.7417,3.5,8,3,0.625,0.375,lainnya,Jalan Sadakeling
29434777_3110090805_STOP796,0.9375,4.5,8,3,0.875,0.125,lainnya;komersial,Jalan Sadakeling
29489136_1014722585_STOP269,0.875,4.88,8,2,1,0,lainnya;komersial,Jalan Ibu Inggit Ganarsih
29489136_1014722585_STOP369,0.8125,4,8,3,0.75,0.25,komersial;lainnya,Jalan Ibu Inggit Ganarsih
29489136_11380591251_STOP269,0.875,4.88,8,2,1,0,lainnya;komersial,Jalan Dewi Sartika
29489136_11380591251_STOP30,0.8125,4.25,8,4,0.75,0.125,komersial;lainnya,Jalan Dewi Sartika
29489136_11380591251_STOP369,0.6875,2.88,8,3,0.375,0.5,lainnya,Jalan Dewi Sartika
29489136_11739021643_STOP269,0.8125,4,8,3,0.75,0.25,komersial;lainnya,Jalan Ibu Inggit Ganarsih
29489138_1014722585_STOP29,0.7083,3.63,8,3,0.625,0.375,komersial;lainnya,Jalan Ibu Inggit Ganarsih
29489138_1014722585_STOP369,0.8125,4,8,3,0.75,0.25,lainnya;komersial,Jalan Ibu Inggit Ganarsih
29489138_1014722585_STOP842,0.8125,4.13,8,3,0.75,0.25,lainnya;komersial,Jalan Ibu Inggit Ganarsih
29489138_1831360476_STOP29,0.7083,3.63,8,3,0.625,0.375,komersial;lainnya,Jalan Ibu Inggit Ganarsih
29489138_2034444650_STOP29,0.7083,3.63,8,3,0.625,0.375,komersial;lainnya,Jalan Sawah Kurung Raya
29489275_2614138769_STOP121,0.7125,3.88,8,3,0.75,0.25,komersial;kesehatan,Jalan Raya Cibaduyut
29489275_29489276_STOP121,0.7125,3.88,8,3,0.75,0.25,komersial;kesehatan,Jalan Raya Cibaduyut
29489275_29489276_STOP385,0.7125,3.88,8,3,0.75,0.25,komersial;kesehatan,Jalan Raya Cibaduyut
29489276_29489275_STOP121,0.7125,3.88,8,3,0.75,0.25,komersial;kesehatan,Jalan Raya Cibaduyut
29489276_29489275_STOP385,0.6708,3,8,2,0.5,0.5,komersial,Jalan Raya Cibaduyut
29489276_5353902926_STOP385,0.54,4.2,5,1,0.8,0.2,komersial,Jalan Indrayasa
29489276_9713565227_STOP385,0.54,4.2,5,1,0.8,0.2,komersial,Jalan Raya Cibaduyut
29489276_9713565227_STOP397,0.75,4.5,8,3,0.875,0.125,finansial;katering;lainnya,Jalan Raya Cibaduyut
29489276_9713565227_STOP499,0.8542,2.38,8,3,0.375,0.625,lainnya;katering,Jalan Raya Cibaduyut
29489287_13010031522_STOP108,0.7708,4.5,8,3,0.875,0.125,kesehatan;lainnya,Jalan Kyai Haji Wahid Hasyim
29489287_13010031522_STOP135,0.6875,3.5,8,4,0.625,0.375,lainnya;komersial,Jalan Kyai Haji Wahid Hasyim
29489287_13010031522_STOP396,0.75,3.5,8,4,0.625,0.375,kesehatan;lainnya;komersial,Jalan Kyai Haji Wahid Hasyim
29489287_29489275_STOP108,0.5833,1.75,8,3,0.25,0.75,lainnya;katering,Jalan Cibaduyut
29489287_29489275_STOP121,0.7125,3.88,8,3,0.75,0.25,komersial;kesehatan,Jalan Cibaduyut
29489287_29489275_STOP385,0.7083,2.88,8,3,0.375,0.5,komersial;lainnya;finansial,Jalan Cibaduyut
29489287_307882486_STOP108,0.7708,4.5,8,3,0.875,0.125,kesehatan;lainnya,Jalan Caringin
29489287_307882486_STOP396,0.8958,5,8,2,1,0,komersial;kesehatan,Jalan Caringin
29489287_307882486_STOP598,0.8333,5,8,2,1,0,komersial;lainnya,Jalan Caringin
29489287_6616389060_STOP108,0.7708,4.5,8,3,0.875,0.125,lainnya;kesehatan,Jalan Kyai Haji Wahid Hasyim
29489323_1980735013_STOP570,0.75,3.38,8,2,0.625,0.375,finansial;lainnya,Jalan R.A.A. Martanegara
29489323_1980735013_STOP707,0.6875,3.63,8,4,0.625,0.375,pendidikan;komersial;lainnya,Jalan R.A.A. Martanegara
29489323_1980735013_STOP708,0.75,3.38,8,2,0.625,0.375,lainnya;finansial,Jalan R.A.A. Martanegara
29489323_1980735013_STOP722,0.6563,3.5,8,4,0.625,0.375,lainnya,Jalan R.A.A. Martanegara
29489323_3068325990_STOP570,0.75,3,8,2,0.5,0.5,finansial,Jalan Reog
29489323_3068325990_STOP708,0.6875,3,8,2,0.5,0.5,finansial,Jalan Reog
29489323_3068325990_STOP709,0.6875,2.88,8,4,0.5,0.5,lainnya;finansial,Jalan Reog
29489323_3068325990_STOP710,0.875,3.88,8,3,0.75,0.25,komersial;kesehatan;lainnya,Jalan Reog
29489323_3068325990_STOP742,0.8125,3.88,8,4,0.75,0.25,lainnya,Jalan Reog
29489323_4146694789_STOP49,0.8125,4.5,8,3,0.875,0.125,katering;finansial;lainnya,Jalan R.A.A. Martanegara
29489323_4146694789_STOP570,0.75,3,8,2,0.5,0.5,finansial,Jalan R.A.A. Martanegara
29489330_3277874428_STOP252,0.5729,2.13,8,3,0.25,0.625,lainnya,Jalan Jenderal Gatot Subroto
29489330_3277874428_STOP253,0.5729,2.13,8,2,0.25,0.625,lainnya,Jalan Jenderal Gatot Subroto
29489330_3277874428_STOP522,0.8958,4.5,8,3,0.875,0.125,komersial;lainnya,Jalan Jenderal Gatot Subroto
29489330_3277874428_STOP573,0.7708,4.5,8,3,0.875,0.125,komersial;lainnya,Jalan Jenderal Gatot Subroto
29489330_3277874428_STOP728,0.7083,4.38,8,2,0.875,0.125,lainnya,Jalan Jenderal Gatot Subroto
29489330_3277874428_STOP729,0.75,2.88,8,2,0.5,0.5,pendidikan;lainnya,Jalan Jenderal Gatot Subroto
29489330_3277874428_STOP730,0.8958,4.13,8,2,0.75,0.25,lainnya,Jalan Jenderal Gatot Subroto
29489330_3277874428_STOP731,0.9583,5,8,3,1,0,komersial;lainnya,Jalan Jenderal Gatot Subroto
29489330_4146694789_STOP49,0.7083,4.5,8,3,0.875,0.125,katering;lainnya;finansial,Jalan Turangga
29489330_4146694789_STOP50,0.7708,4.5,8,3,0.875,0.125,komersial;lainnya,Jalan Turangga
29489330_4146694789_STOP573,0.7708,4.5,8,3,0.875,0.125,komersial;lainnya,Jalan Turangga
29489330_4146694789_STOP574,0.8125,4.25,8,3,0.75,0.125,pendidikan;lainnya,Jalan Turangga
29489330_4146694789_STOP734,0.8333,3,8,3,0.5,0.5,finansial;komersial;lainnya,Jalan Turangga
29489330_4146694789_STOP735,0.7708,3,8,4,0.5,0.5,lainnya;pendidikan;finansial;komersial,Jalan Turangga
29489330_4146694789_STOP736,0.7708,3,8,3,0.5,0.5,komersial;finansial,Jalan Turangga
29489330_4146694789_STOP737,0.7083,5,8,3,1,0,katering;lainnya;pendidikan,Jalan Turangga
29489421_1849960227_STOP345,0.7708,4,8,5,0.75,0.25,lainnya;pendidikan;kesehatan,Jalan PH. H. Mustofa
29489421_1849960227_STOP355,0.625,3.5,8,2,0.625,0.375,pendidikan;lainnya,Jalan PH. H. Mustofa
29489421_1849960227_STOP416,0.6813,4.25,8,2,0.875,0.125,lainnya,Jalan PH. H. Mustofa
29489421_1849960227_STOP417,0.6875,3.25,8,2,0.5,0.375,lainnya;pendidikan,Jalan PH. H. Mustofa
29489421_1849960227_STOP528,0.6458,4,8,3,0.75,0.25,lainnya;katering,Jalan PH. H. Mustofa
29489421_1849960227_STOP57,0.8958,5,8,6,1,0,kesehatan;pendidikan;lainnya;finansial;komersial,Jalan PH. H. Mustofa
29489421_295556217_STOP344,0.8333,5,8,3,1,0,komersial;lainnya,Jalan PH. H. Mustofa
29489421_295556217_STOP529,0.75,4.5,8,5,0.875,0.125,finansial;komersial;lainnya;kesehatan,Jalan PH. H. Mustofa
29489421_295556217_STOP57,0.8958,5,8,6,1,0,kesehatan;pendidikan;finansial;lainnya;komersial,Jalan PH. H. Mustofa
29489421_30236636_STOP57,0.8125,4,8,5,0.75,0.25,pendidikan;lainnya,Jalan Cikutra
29489421_30236636_STOP638,0.8125,4.5,8,3,0.875,0.125,pendidikan;lainnya,Jalan Cikutra
29489421_5205570048_STOP529,0.8333,5,8,5,1,0,komersial;kesehatan;finansial;pendidikan,Jalan Cikutra
29489421_5205570048_STOP57,0.8958,5,8,6,1,0,kesehatan;pendidikan;komersial;finansial;lainnya,Jalan Cikutra
29489421_5205570048_STOP621,0.6563,3.38,8,4,0.625,0.375,lainnya,Jalan Cikutra
29489421_5205570048_STOP623,0.5938,3.88,8,3,0.75,0.25,lainnya;komersial,Jalan Cikutra
29489509_2037649896_STOP134,0.7,2.8,5,1,0.2,0.4,lainnya,"['Jalan Cisatu 1', 'Jalan Cisatu', 'Jalan Kapten Tendean']"
29489509_2037649896_STOP19,0.5,5,5,1,1,0,pendidikan,"['Jalan Cisatu 1', 'Jalan Cisatu', 'Jalan Kapten Tendean']"
29489509_2037649896_STOP478,0.7,2.8,5,1,0.2,0.4,lainnya,"['Jalan Cisatu 1', 'Jalan Cisatu', 'Jalan Kapten Tendean']"
29489509_2316743947_STOP19,0.5625,3.63,8,3,0.625,0.25,katering;lainnya;pendidikan,Jalan Ciumbuleuit
29489509_2316743959_STOP134,0.875,5,8,4,1,0,katering;komersial;pendidikan,Jalan Ciumbuleuit
29489509_2316743959_STOP150,0.7832,5,8,3,1,0,lainnya;katering,Jalan Ciumbuleuit
29489509_2316743959_STOP19,0.5,5,5,1,1,0,pendidikan,Jalan Ciumbuleuit
29489509_2316743959_STOP66,0.9375,5,8,2,1,0,lainnya;katering,Jalan Ciumbuleuit
295555957_1681348740_STOP146,0.9375,5,8,2,1,0,lainnya;finansial,Jalan Padasuka
295555957_3271894417_STOP146,0.9375,5,8,2,1,0,lainnya;finansial,Jalan Padasuka
295555957_3271894417_STOP626,0.875,4.5,8,3,0.875,0.125,finansial;lainnya;komersial,Jalan Padasuka
295555957_5391571114_STOP146,0.9375,5,8,2,1,0,lainnya;finansial,Jalan PH. H. Mustofa
295556217_2477161772_STOP207,0.8333,5,8,3,1,0,lainnya;finansial,Jalan Cimuncang
295556217_2477161772_STOP344,0.6875,4.5,8,3,0.875,0.125,lainnya;komersial,Jalan Cimuncang
295556217_2477161772_STOP625,0.875,4.88,8,3,1,0,finansial;lainnya,Jalan Cimuncang
295556217_29489421_STOP344,0.8333,5,8,3,1,0,komersial;lainnya,Jalan PH. H. Mustofa
295556217_29489421_STOP529,0.75,4.5,8,5,0.875,0.125,finansial;komersial;lainnya;kesehatan,Jalan PH. H. Mustofa
295556217_29489421_STOP57,0.8333,5,8,5,1,0,finansial;kesehatan;pendidikan;komersial,Jalan PH. H. Mustofa
295556217_5391571114_STOP146,0.9375,5,8,3,1,0,pendidikan;finansial,Jalan PH. H. Mustofa
295556217_5391571114_STOP344,0.6875,4.5,8,4,0.875,0.125,komersial;pendidikan;lainnya,Jalan PH. H. Mustofa
2958252668_1660260879_STOP169,0.875,4.5,8,3,0.875,0.125,lainnya;kesehatan;finansial,Jalan Cikapayang
2958252668_1660260879_STOP236,0.75,4.5,8,3,0.875,0.125,finansial;lainnya,Jalan Cikapayang
2958252668_5825261667_STOP236,0.75,4.5,8,3,0.875,0.125,finansial;lainnya,Jalan Ir. H. Djuanda
2958252669_11180921761_STOP72,0.6875,3.63,8,3,0.625,0.25,komersial;katering;pendidikan,Jalan Tamansari
2958252669_2325449629_STOP72,0.6875,3.63,8,3,0.625,0.25,komersial;katering;pendidikan,Jalan Tanpa Nama
2958252669_7345830961_STOP72,0.75,3.63,8,3,0.625,0.25,katering;lainnya;komersial,Jalan Tamansari
2958261171_1658956030_STOP349,0.6732,3.38,8,3,0.625,0.375,lainnya;komersial,Jalan Dr. Djunjunan
2958261171_1658956030_STOP392,0.7312,3.63,8,3,0.625,0.375,komersial;lainnya,Jalan Dr. Djunjunan
2958261171_1658956030_STOP592,0.6875,2.88,8,2,0.5,0.5,lainnya,Jalan Dr. Djunjunan
2958261171_1658956030_STOP630,0.8146,4.13,8,4,0.75,0.125,lainnya;katering;komersial,Jalan Dr. Djunjunan
2958261173_3048202811_STOP592,0.8333,4.38,8,3,0.875,0.125,komersial;lainnya,Jalan Dr. Djunjunan
2958261173_3048202811_STOP80,0.8958,4.5,8,4,0.875,0.125,komersial;lainnya,Jalan Dr. Djunjunan
2958261173_3048202811_STOP81,0.8125,3.38,8,4,0.625,0.375,lainnya;katering,Jalan Dr. Djunjunan
2958261173_5353615188_STOP123,0.5938,3.38,8,3,0.625,0.375,lainnya;katering;kesehatan,Jalan Layang Professor Mochtar Kusumaatmadja
2958261173_5353615188_STOP353,0.7396,4,8,3,0.75,0.25,lainnya;kesehatan;katering,Jalan Layang Professor Mochtar Kusumaatmadja
2958261173_5353615188_STOP592,0.8333,4.38,8,3,0.875,0.125,komersial;lainnya,Jalan Layang Professor Mochtar Kusumaatmadja
2958261173_5353615188_STOP81,0.8125,3.38,8,4,0.625,0.375,lainnya;katering,Jalan Layang Professor Mochtar Kusumaatmadja
2958261185_2958261192_STOP81,0.625,3.38,8,3,0.625,0.375,lainnya;kesehatan;katering,Jalan HOS. Cokroaminoto
2958261185_5826215870_STOP81,0.625,3.38,8,3,0.625,0.375,lainnya;kesehatan;katering,Jalan Pasteur
2958261185_9857713262_STOP80,0.75,3.75,8,3,0.75,0.25,kesehatan;katering;lainnya,Jalan Pasir Kaliki
2958261185_9857713262_STOP81,0.625,3.38,8,3,0.625,0.375,lainnya;kesehatan;katering,Jalan Pasir Kaliki
2958261186_2958261187_STOP123,0.625,3.75,8,3,0.75,0.25,lainnya;kesehatan;katering,Jalan Pasteur
2958261186_5826215870_STOP123,0.625,3.75,8,3,0.75,0.25,lainnya;kesehatan;katering,Jalan Pasteur
2958261187_5353724829_STOP123,0.5938,3.38,8,3,0.625,0.375,lainnya;katering;kesehatan,Jalan Pasteur
2958261187_5353724829_STOP353,0.7396,4,8,3,0.75,0.25,lainnya;kesehatan;katering,Jalan Pasteur
2958261192_1658958704_STOP81,0.7188,3.25,8,3,0.625,0.375,katering;lainnya,Jalan HOS. Cokroaminoto
2958261192_2958261193_STOP81,0.7188,3.25,8,3,0.625,0.375,katering;lainnya,Jalan Dokter Djunjunan
2958261193_2325451114_STOP81,0.7188,3.63,8,3,0.75,0.25,katering;lainnya;kesehatan,Jalan Dr. Djunjunan
2958261193_2539998099_STOP81,0.7188,3.63,8,3,0.75,0.25,katering;lainnya;kesehatan,Jalan HOS. Cokroaminoto
2962096312_25495439_STOP196,0.9271,4.88,8,4,1,0,lainnya;katering,Jalan Wastukancana
2962096518_12809237529_STOP483,0.9643,4.75,8,4,1,0,katering;lainnya,Jalan Abdul Rivai
2962096532_10793008394_STOP483,0.9688,4.88,8,4,1,0,lainnya;katering,Jalan Cihampelas
2962096532_10793008397_STOP483,0.9688,4.88,8,4,1,0,lainnya;katering,Jalan Cihampelas
2962096536_2962096312_STOP483,0.9271,4.88,8,4,1,0,lainnya;katering,"['Jalan Wastukancana', 'Jalan Cihampelas']"
2962096536_2962096518_STOP483,0.9063,4.63,8,4,0.875,0,lainnya;katering,Jalan Cihampelas
3007950794_2858054060_STOP205,1,4.75,8,4,0.875,0,katering;lainnya,Jalan Abdul Haris Nasution
3007950794_2858054060_STOP426,0.6667,3.25,8,2,0.5,0.375,lainnya;katering,Jalan Abdul Haris Nasution
3007950794_3380407826_STOP205,0.7917,4.25,8,3,0.75,0.125,lainnya;katering,"['Jalan Panghegar', 'Jalan Pangaritan']"
3007950794_665709306_STOP205,0.8125,3.63,8,3,0.625,0.375,lainnya;katering,Jalan Abdul Haris Nasution
3007950794_665709306_STOP425,0.75,2.88,8,3,0.5,0.5,finansial;lainnya;kesehatan,Jalan Abdul Haris Nasution
302246829_2519403290_STOP504,0.875,3.5,8,2,0.625,0.375,lainnya;katering,Jalan Terusan Jakarta
302246829_2519403290_STOP505,0.75,4,8,2,0.75,0.25,finansial;lainnya,Jalan Terusan Jakarta
302246829_3270416574_STOP504,0.875,4,8,3,0.75,0.25,katering;lainnya,Jalan Purwakarta
30236623_12692455340_STOP162,0.875,4.5,8,3,0.875,0.125,pendidikan;katering;finansial,"['Jalan Cikutra Barat', 'Jalan Sadang Serang', 'Jalan Tubagus Ismail']"
30236623_12692455340_STOP265,0.625,2,8,3,0.25,0.75,lainnya;katering,"['Jalan Cikutra Barat', 'Jalan Sadang Serang', 'Jalan Tubagus Ismail']"
30236623_12692455340_STOP808,0.875,5,8,2,1,0,lainnya,"['Jalan Cikutra Barat', 'Jalan Sadang Serang', 'Jalan Tubagus Ismail']"
30236623_12692455340_STOP91,0.7042,4.38,8,4,0.875,0.125,lainnya,"['Jalan Cikutra Barat', 'Jalan Sadang Serang', 'Jalan Tubagus Ismail']"
30236623_1746299906_STOP25,0.8125,5,8,3,1,0,katering;lainnya,"['Jalan Cigadung Raya Barat', 'Jalan Cikondang', 'Jalan Raya Golf', 'Jalan Cibeunying Kolot I', 'Jalan Ir. H. Djuanda']"
30236623_1746299906_STOP541,0.7083,4.5,8,4,0.875,0.125,lainnya;katering,"['Jalan Cigadung Raya Barat', 'Jalan Cikondang', 'Jalan Raya Golf', 'Jalan Cibeunying Kolot I', 'Jalan Ir. H. Djuanda']"
30236623_1746299906_STOP808,0.9375,5,8,2,1,0,komersial;lainnya,"['Jalan Cigadung Raya Barat', 'Jalan Cikondang', 'Jalan Raya Golf', 'Jalan Cibeunying Kolot I', 'Jalan Ir. H. Djuanda']"
30236623_30236624_STOP639,0.9375,4.63,8,4,0.875,0.125,pendidikan;komersial;lainnya;katering,Jalan Cikutra Barat
30236624_30236623_STOP639,0.9375,4.63,8,4,0.875,0.125,pendidikan;komersial;lainnya;katering,Jalan Cikutra Barat
30236624_3274608590_STOP639,0.9375,4.63,8,4,0.875,0.125,pendidikan;komersial;lainnya;katering,Jalan Cikutra Barat
30236636_29489421_STOP57,0.8125,4,8,5,0.75,0.25,pendidikan;lainnya,Jalan Cikutra
30236636_29489421_STOP638,0.8125,4.5,8,3,0.875,0.125,pendidikan;lainnya,Jalan Cikutra
30236636_3274608591_STOP54,0.7083,3.88,8,3,0.75,0.25,katering;komersial;lainnya,Jalan Cikutra
30236636_3274608591_STOP542,0.7083,3.88,8,3,0.75,0.25,katering;komersial;lainnya,Jalan Cikutra
30236636_3274608591_STOP638,0.8125,4.88,8,2,1,0,lainnya,Jalan Cikutra
3028412267_12806717331_STOP112,0.8125,5,8,3,1,0,katering;komersial,Jalan Andir
3028412267_12806717331_STOP279,0.75,4.5,8,3,0.875,0.125,komersial;lainnya,Jalan Andir
3028412267_1837401665_STOP279,0.8125,5,8,3,1,0,komersial,Jalan Jendral Sudirman
3028412267_3252879876_STOP279,0.75,4,8,3,0.75,0.25,komersial;lainnya,Jalan Andir
303034042_13239081325_STOP90,0.5417,3.63,8,2,0.625,0.25,kesehatan;katering,Jalan Tanpa Nama
303034042_5346161426_STOP90,0.5417,3.63,8,2,0.625,0.25,kesehatan;katering,Jalan Golf Barat
303034652_35136034_STOP16,0.6875,3,8,2,0.5,0.5,lainnya,Jalan Abdul Haris Nasution
303034652_35136034_STOP206,0.75,4.75,8,2,0.875,0,komersial,Jalan Abdul Haris Nasution
303034652_35136034_STOP380,0.8125,4,8,4,0.75,0.25,kesehatan;lainnya;komersial,Jalan Abdul Haris Nasution
303034652_35136034_STOP641,0.625,4.5,8,2,0.875,0.125,lainnya,Jalan Abdul Haris Nasution
303034652_35136034_STOP96,0.5313,2.13,8,3,0.25,0.75,katering;lainnya,Jalan Abdul Haris Nasution
303034652_4620173045_STOP380,0.8125,4,8,4,0.75,0.25,lainnya;kesehatan;komersial,Jalan Abdul Haris Nasution
3048202811_1658946837_STOP81,0.8125,3.38,8,4,0.625,0.375,lainnya;katering,Jalan Dr. Djunjunan
3048202811_3048202812_STOP81,0.8125,3.38,8,4,0.625,0.375,lainnya;katering,Jalan Tanpa Nama
3048202812_2958261171_STOP592,0.8333,4.38,8,3,0.875,0.125,komersial;lainnya,Jalan Dr. Djunjunan
3048202812_2958261171_STOP81,0.8125,3.38,8,4,0.625,0.375,lainnya;katering,Jalan Dr. Djunjunan
3056186235_6609222555_STOP246,0.8125,3.5,8,4,0.625,0.25,lainnya;komersial;katering,Jalan Jakarta
3056186235_6609222555_STOP44,0.8125,3.5,8,3,0.625,0.25,komersial;katering;lainnya,Jalan Jakarta
3056186235_7715327378_STOP187,0.7857,3.5,8,3,0.625,0.375,kesehatan;lainnya,Jalan Jakarta
3056186235_7715327378_STOP246,0.8125,3.5,8,4,0.625,0.25,lainnya;komersial;katering,Jalan Jakarta
3056186235_7715327378_STOP44,0.875,3.5,8,3,0.625,0.25,katering;komersial;kesehatan,Jalan Jakarta
3056186235_7715327378_STOP512,0.6875,4,8,4,0.75,0.25,lainnya;kesehatan,Jalan Jakarta
3056186235_7715327378_STOP633,0.625,4.5,8,3,0.875,0.125,lainnya;komersial,Jalan Jakarta
3056186235_8123220088_STOP246,0.8125,3.5,8,4,0.625,0.25,lainnya;komersial;katering,Jalan Jakarta
30602861_3278061604_STOP545,0.875,4.38,8,4,0.875,0.125,komersial;katering;lainnya,Jalan Cikawao
30602861_3278061604_STOP796,0.9375,4.88,8,3,1,0,katering;komersial,Jalan Cikawao
30602861_5360355190_STOP796,0.9375,4.88,8,3,1,0,katering;komersial,Jalan Karapitan
306334264_1658431511_STOP127,0.75,3.5,8,4,0.625,0.375,lainnya;katering,Jalan Cibogo
306334264_1658431511_STOP129,0.75,4.75,8,3,0.875,0,katering,Jalan Cibogo
306334264_1658431511_STOP351,0.7083,4.25,8,3,0.75,0.125,katering;kesehatan,Jalan Cibogo
306334264_1658431511_STOP489,0.9125,4.5,8,3,0.875,0.125,lainnya,Jalan Cibogo
306334264_29356793_STOP351,0.8229,4.88,8,3,1,0,lainnya;komersial,Jalan Sariwangi
306334264_700728686_STOP351,0.7292,4.75,8,3,0.875,0,katering;lainnya,Jalan Sariwangi
306334264_700728686_STOP391,0.65,4.25,8,3,0.75,0.125,katering;komersial,Jalan Sariwangi
3068325990_1107494473_STOP710,0.75,3.88,8,3,0.75,0.25,lainnya;komersial,Jalan Karawitan
3068325990_1107494473_STOP740,0.8125,4.5,8,3,0.875,0.125,lainnya;komersial,Jalan Karawitan
3068325990_1980677025_STOP651,0.7917,3.5,8,2,0.625,0.375,katering;komersial,Jalan Karawitan
3068325990_1980677025_STOP710,0.875,3.88,8,3,0.75,0.25,kesehatan;komersial;katering,Jalan Karawitan
3068325990_29489323_STOP708,0.6875,3,8,2,0.5,0.5,finansial,Jalan Reog
3068325990_29489323_STOP709,0.6875,2.88,8,4,0.5,0.5,lainnya;finansial,Jalan Reog
3068325990_29489323_STOP710,0.875,3.88,8,3,0.75,0.25,komersial;kesehatan;lainnya,Jalan Reog
3068325990_29489323_STOP742,0.8125,3.88,8,4,0.75,0.25,lainnya,Jalan Reog
307882486_3115501961_STOP498,0.6875,3.5,8,3,0.625,0.375,lainnya;kesehatan,Jalan Caringin
307882486_3115501961_STOP586,0.75,3.75,8,3,0.625,0.25,lainnya;komersial,Jalan Caringin
307882486_3115501961_STOP598,0.7375,3.5,8,2,0.625,0.375,komersial;lainnya,Jalan Caringin
307882486_3252877763_STOP384,0.5625,4.63,8,2,1,0,finansial;komersial,Jalan Babakan Ciparay
307882486_3252877763_STOP598,0.8333,5,8,2,1,0,lainnya;komersial,Jalan Babakan Ciparay
3110090805_1982408562_STOP60,0.9125,4.5,8,3,0.875,0.125,lainnya;komersial,Jalan Sadakeling
3110090805_1982408562_STOP801,0.9125,4.5,8,3,0.875,0.125,pendidikan;komersial;lainnya,Jalan Sadakeling
3110265315_1982777430_STOP465,0.4333,1.4,5,1,0,0.8,lainnya,Jalan Inhoftank
3110265315_1982777430_STOP642,0.5833,2.75,8,3,0.375,0.5,lainnya,Jalan Inhoftank
3110265315_3110265322_STOP310,0.8125,4.5,8,2,1,0,komersial,Jalan Haji Kurdi
3110265315_3110265322_STOP593,0.75,4.88,8,3,1,0,lainnya;komersial,Jalan Haji Kurdi
3110265315_5353902941_STOP22,0.8125,5,8,4,1,0,komersial;lainnya;kesehatan,Jalan Inhoftank
3110265315_5353902941_STOP593,0.75,5,8,4,1,0,komersial;lainnya,Jalan Inhoftank
3110265322_1014722257_STOP310,0.875,4.63,8,2,1,0,komersial;lainnya,Jalan Mohammad Toha
3110265322_1014722257_STOP593,0.6875,4.5,8,2,0.875,0.125,kesehatan;komersial,Jalan Mohammad Toha
3110265322_3110265315_STOP310,0.8125,4.5,8,2,1,0,komersial,Jalan Haji Kurdi
3110265322_3110265315_STOP465,0.6,3.2,5,1,0.6,0.4,lainnya,Jalan Haji Kurdi
3110265322_3110265315_STOP593,0.8125,4.63,8,3,1,0,komersial;lainnya,Jalan Haji Kurdi
3110265322_3272371137_STOP228,0.7083,3.88,8,4,0.75,0.25,komersial;finansial,Jalan Mohammad Toha
3110265322_3272371137_STOP275,0.7083,3.5,8,4,0.625,0.375,komersial;lainnya,Jalan Mohammad Toha
3110265322_3272371137_STOP310,0.875,4.63,8,2,1,0,komersial;lainnya,Jalan Mohammad Toha
3110266609_29380398_STOP107,0.6125,2.25,8,2,0.25,0.75,lainnya;finansial,"['Jalan Gempol', 'Jalan Gempol Sari']"
3110266609_29380398_STOP4,0.5625,2.75,8,4,0.375,0.5,komersial;finansial;katering;lainnya,"['Jalan Gempol', 'Jalan Gempol Sari']"
3115041391_1982777430_STOP465,0.6979,3.75,8,3,0.625,0.25,lainnya;komersial,Jalan Inhoftank
3115041391_9152581660_STOP198,0.6042,3.13,8,3,0.5,0.375,lainnya;pendidikan,Jalan Soekarno-Hatta
3115041391_9152581660_STOP465,0.6979,3.75,8,3,0.625,0.25,lainnya;komersial,Jalan Soekarno-Hatta
3115041391_9253047317_STOP198,0.7813,4.38,8,3,0.875,0.125,pendidikan;komersial;lainnya,"['Jalan Karasak Barat', 'Jalan Mekar Wangi', 'Jalan Mekar Puspita']"
3115041391_9253047317_STOP465,0.7188,5,8,3,1,0,lainnya;komersial,"['Jalan Karasak Barat', 'Jalan Mekar Wangi', 'Jalan Mekar Puspita']"
3115112874_2325453554_STOP401,0.7813,3.38,8,4,0.5,0.25,lainnya;komersial;finansial,Jalan Cigondewah Kaler
3115112874_2325453554_STOP498,0.625,2.75,8,2,0.375,0.5,lainnya,Jalan Cigondewah Kaler
3115112874_3115501961_STOP498,0.75,2.88,8,3,0.5,0.5,lainnya;komersial;kesehatan,Jalan Tanpa Nama
3115112874_6425545180_STOP497,0.9375,4.75,8,4,1,0,lainnya;komersial;kesehatan,Jalan Cigondewah Kaler
3115112874_6425545180_STOP498,0.75,2.88,8,3,0.5,0.5,lainnya;komersial;kesehatan,Jalan Cigondewah Kaler
3115157722_2501590821_STOP122,0.8958,4.5,8,2,0.875,0.125,lainnya,Jalan Batununggal Indah Raya
3115157722_2501590821_STOP335,0.7083,4.5,8,3,0.875,0.125,lainnya,Jalan Batununggal Indah Raya
3115157722_8841514869_STOP122,0.8958,4.5,8,2,0.875,0.125,lainnya,Jalan Bantununggal Asih Lll
3115157726_2501590821_STOP335,0.7083,4,8,3,0.75,0.25,lainnya;finansial,Jalan Batununggal Indah II
3115157726_8841514869_STOP122,0.8958,4.5,8,2,0.875,0.125,lainnya,Jalan Batununggal Indah Raya
3115157726_8841514869_STOP335,0.7083,4,8,3,0.75,0.25,lainnya;finansial,Jalan Batununggal Indah Raya
3115159440_6609292743_STOP331,0.8,5,5,1,1,0,finansial,Jalan Batununggal Indah Raya
3115159440_6609292743_STOP718,0.6875,3.75,8,3,0.625,0.25,finansial;lainnya,Jalan Batununggal Indah Raya
3115159440_7310779096_STOP323,0.6875,3.75,8,3,0.75,0.25,finansial;lainnya,"['Jalan Batununggal', 'Jalan Batununggal Indah Raya']"
3115159440_7310779096_STOP331,0.6875,4.63,8,2,1,0,finansial;lainnya,"['Jalan Batununggal', 'Jalan Batununggal Indah Raya']"
3115159440_7310779096_STOP718,0.6875,4.63,8,2,1,0,finansial;lainnya,"['Jalan Batununggal', 'Jalan Batununggal Indah Raya']"
3115501961_307882486_STOP498,0.6875,3.5,8,3,0.625,0.375,lainnya;kesehatan,Jalan Caringin
3115501961_307882486_STOP586,0.75,3.75,8,3,0.625,0.25,lainnya;komersial,Jalan Caringin
3115501961_307882486_STOP598,0.7375,3.5,8,2,0.625,0.375,komersial;lainnya,Jalan Caringin
3115501961_3115112874_STOP498,0.75,2.88,8,3,0.5,0.5,lainnya;komersial;kesehatan,Jalan Tanpa Nama
3115501961_3445438782_STOP497,0.75,3,8,2,0.5,0.5,kesehatan;komersial,Jalan Holis
3115501961_3445438782_STOP498,0.75,3.5,8,3,0.625,0.375,lainnya;kesehatan,Jalan Holis
3115501961_3445438782_STOP803,0.625,4.13,8,3,0.75,0.25,lainnya;katering;komersial,Jalan Holis
3115995953_29380403_STOP496,0.75,4.13,8,3,0.75,0.25,komersial,Jalan Tanpa Nama
312086542_2034531650_STOP164,0.6563,4.38,8,3,0.875,0.125,lainnya;katering,Jalan Siliwangi
312086542_2034531650_STOP519,0.7604,4.5,8,2,0.875,0.125,lainnya;katering,Jalan Siliwangi
312086670_1342112672_STOP233,0.6563,4.38,8,3,0.875,0.125,lainnya;katering,Jalan Sangkuriang
312086670_1708607132_STOP233,0.5938,4.38,8,3,0.875,0.125,lainnya;katering,"['Jalan Cisitu Lama VIII', 'Jalan Cisitu Lama']"
312086670_1708607132_STOP618,0.6875,4,8,4,0.75,0.25,katering;finansial;lainnya,"['Jalan Cisitu Lama VIII', 'Jalan Cisitu Lama']"
312086670_5463399920_STOP233,0.6563,4.38,8,3,0.875,0.125,lainnya;katering,Jalan Sangkuriang
312086670_5463399920_STOP66,0.7708,4.25,8,3,0.75,0.125,rekreasi;katering;lainnya,Jalan Sangkuriang
312524188_12816121757_STOP23,0.9375,4.38,8,3,0.75,0.125,lainnya;katering,Jalan Ir. H. Djuanda
312524188_1746299906_STOP23,0.9375,4.38,8,3,0.75,0.125,lainnya;katering,Jalan Ir. H. Djuanda
319706149_319706490_STOP19,0.6875,4.5,8,2,0.875,0.125,lainnya,Jalan Punclut
319706149_6622500668_STOP19,0.6875,4.5,8,2,0.875,0.125,lainnya,Jalan Rereongan Sarupi
319706490_2316743942_STOP19,0.5625,3.63,8,3,0.625,0.25,katering;lainnya,Jalan Ciumbuleuit
319706490_319706149_STOP19,0.6875,4.5,8,2,0.875,0.125,lainnya,Jalan Punclut
319706490_479733030_STOP19,0.5625,3.63,8,3,0.625,0.25,katering;lainnya,Jalan Ciumbuleuit
320093962_1659928185_STOP150,0.9018,5,8,3,1,0,kesehatan;lainnya,Jalan Dr. Setiabudi
320093962_320094027_STOP150,0.9018,5,8,3,1,0,kesehatan;lainnya;komersial,Jalan Raden Adipati Aria Wiranatakusumah
320093965_29358926_STOP150,0.9375,5,8,2,1,0,kesehatan;lainnya,Jalan Dr. Setiabudi
320093965_29358926_STOP66,0.9375,4.5,8,3,0.875,0.125,lainnya;katering,Jalan Dr. Setiabudi
320094027_29357928_STOP150,0.9018,5,8,3,1,0,kesehatan;komersial;lainnya,Jalan Raden Adipati Aria Wiranatakusumah
320094027_320093962_STOP150,0.9018,5,8,3,1,0,kesehatan;komersial;lainnya,Jalan Raden Adipati Aria Wiranatakusumah
32042327_2041502893_STOP340,0.8125,3.5,8,2,0.625,0.375,lainnya,Jalan Belitung
32042327_25433457_STOP26,0.875,4,8,2,0.75,0.25,lainnya,Jalan Kalimantan
32042327_25433457_STOP340,0.875,4,8,2,0.75,0.25,lainnya,Jalan Kalimantan
32042327_25433457_STOP699,1,5,8,3,1,0,lainnya;katering;finansial,Jalan Kalimantan
32042327_6442819831_STOP13,0.875,5,8,2,1,0,rekreasi;lainnya,Jalan Belitung
32042327_6442819831_STOP340,0.6875,3.5,8,3,0.625,0.375,rekreasi;lainnya,Jalan Belitung
3229412583_11735248696_STOP296,0.4911,2.5,8,2,0.375,0.625,kesehatan;katering,Jalan Terusan Jakarta
3229412583_11735248696_STOP503,0.875,4,8,2,0.75,0.25,lainnya;finansial,Jalan Terusan Jakarta
3229412583_11735248696_STOP87,0.6786,2.88,8,3,0.5,0.5,katering;lainnya,Jalan Terusan Jakarta
3244221166_3244221167_STOP827,0.8333,4.38,8,3,0.875,0.125,lainnya;finansial,Jalan Tanpa Nama
3244221166_3272708318_STOP827,0.8333,4.38,8,3,0.875,0.125,lainnya;finansial,Jalan Soekarno-Hatta
3244221167_6610025538_STOP827,0.8333,4.38,8,3,0.875,0.125,lainnya;finansial,Jalan Soekarno-Hatta
3245886198_25433989_STOP281,0.7292,3,8,2,0.5,0.5,lainnya,Jalan Raya Cijerah
3245886198_25433989_STOP491,0.875,5,8,3,1,0,lainnya;finansial,Jalan Raya Cijerah
3245886198_25433989_STOP492,0.6875,4.38,8,3,0.875,0.125,lainnya;komersial,Jalan Raya Cijerah
3245886198_25433989_STOP493,0.6458,2.5,8,3,0.375,0.625,finansial;komersial,Jalan Raya Cijerah
3245886198_5344074239_STOP281,0.7292,3,8,2,0.5,0.5,lainnya,Jalan Raya Cijerah
3245886198_5648631891_STOP281,0.7083,3.5,8,2,0.625,0.375,lainnya;finansial,Jalan Jendral Sudirman
3248886992_11235233277_STOP59,0.75,4.63,8,2,0.875,0,komersial;katering,Jalan BKR
3249461526_25447039_STOP17,0.7292,3.88,8,3,0.75,0.25,lainnya;komersial,Jalan Sampurna
3249461526_25447039_STOP65,0.7708,3.88,8,2,0.75,0.25,lainnya;katering,Jalan Sampurna
3249461526_29379226_STOP17,0.9167,4.75,8,3,0.875,0,lainnya;komersial,Jalan Sederhana
3249461526_29379229_STOP149,0.6326,3.63,8,4,0.625,0.25,lainnya;finansial,Jalan Sederhana
3249461526_29379229_STOP17,0.8253,4.38,8,4,0.875,0.125,lainnya;komersial,Jalan Sederhana
32524281_1660289594_STOP159,0.7083,3.5,8,4,0.625,0.375,lainnya;rekreasi;finansial;komersial,Jalan Majapahit
32524281_1660289594_STOP688,0.7083,4.5,8,4,0.875,0.125,rekreasi;lainnya;finansial,Jalan Majapahit
32524281_1849525905_STOP669,0.7708,4.75,8,4,0.875,0,lainnya;finansial;rekreasi,Jalan Diponegoro
32524281_1849525905_STOP688,0.7708,4.88,8,4,1,0,rekreasi;lainnya;finansial,Jalan Diponegoro
3252877763_2325453511_STOP384,0.5625,4.63,8,2,1,0,finansial;komersial,Jalan Babakan Ciparay
3252877763_5862588302_STOP317,0.875,4.88,8,2,1,0,finansial;komersial,Jalan Soekarno-Hatta
3252877763_5862588302_STOP342,0.8125,4,8,3,0.75,0.25,finansial;lainnya,Jalan Soekarno-Hatta
3252877763_5862588302_STOP384,0.5625,4.63,8,2,1,0,finansial;komersial,Jalan Soekarno-Hatta
3252879876_1911634996_STOP279,0.75,4,8,3,0.75,0.25,komersial;lainnya,Jalan Jendral Sudirman
3252879876_1911634996_STOP375,0.6875,4.38,8,2,0.875,0.125,finansial;komersial,Jalan Jendral Sudirman
3252879876_3028412267_STOP279,0.75,4,8,3,0.75,0.25,komersial;lainnya,Jalan Andir
3252892639_25433989_STOP493,0.5833,2.5,8,3,0.375,0.625,finansial;komersial,Jalan Raya Cijerah
3252892639_25433989_STOP494,0.6875,2.75,8,3,0.375,0.5,komersial;finansial,Jalan Raya Cijerah
3252892639_25433989_STOP495,0.8125,3.5,8,2,0.5,0.375,finansial,Jalan Raya Cijerah
3252892639_25433989_STOP496,0.75,3.63,8,3,0.625,0.375,komersial;finansial,Jalan Raya Cijerah
3252892639_29380403_STOP496,0.75,3.63,8,3,0.625,0.375,komersial,Jalan Raya Cijerah
3252892639_29380518_STOP496,0.75,3.63,8,4,0.625,0.375,lainnya;komersial;finansial,Jalan Bojong Raya
3252892639_29380518_STOP802,1,5,8,2,1,0,komersial;lainnya,Jalan Bojong Raya
3252963731_1930140491_STOP256,0.8958,5,8,2,1,0,komersial;katering,Jalan Kotabaru Raya
3252963731_2325453371_STOP256,0.8958,5,8,2,1,0,komersial;katering,Jalan Mochammad Ramdhan
3252963731_3277416907_STOP256,0.8958,5,8,2,1,0,komersial;katering,Jalan Mochammad Ramdhan
3255889293_2614140398_STOP828,0.7083,4.38,8,3,0.875,0.125,katering;lainnya,Jalan Soekarno-Hatta
3255889293_3255889294_STOP828,0.7083,4.38,8,3,0.875,0.125,katering;lainnya,Jalan Tanpa Nama
3255889294_7673353740_STOP828,0.7083,4.38,8,3,0.875,0.125,katering;lainnya,Jalan Soekarno-Hatta
3255889294_7673353742_STOP828,0.7083,4.38,8,3,0.875,0.125,katering;lainnya,Jalan Tanpa Nama
3255889295_2614140398_STOP361,0.7083,4.38,8,3,0.875,0.125,katering;lainnya,Jalan Tanpa Nama
3255889295_3255889294_STOP361,0.7083,4.38,8,3,0.875,0.125,katering;lainnya,Jalan Soekarno-Hatta
3256092261_25435352_STOP188,0.5375,3.75,8,2,0.75,0.25,finansial;lainnya,Jalan Asia Afrika
3256092261_25435352_STOP300,0.625,3.5,8,3,0.5,0.375,lainnya;kesehatan,Jalan Asia Afrika
3256092261_25435352_STOP814,0.6625,3,8,3,0.5,0.5,lainnya;finansial,Jalan Asia Afrika
3256092261_29354883_STOP188,0.575,3.63,8,3,0.75,0.25,finansial;lainnya,Jalan Banceuy
3256092261_29354883_STOP680,0.725,3.88,8,3,0.75,0.25,komersial;finansial;katering,Jalan Banceuy
3269294963_25433670_STOP483,0.8393,4,8,5,0.75,0.125,katering;lainnya,Jalan Abdul Rivai
3269303931_11104754744_STOP483,0.7143,4,8,4,0.75,0.125,katering;lainnya,Bundaran Rajiman
3269303931_11149984612_STOP483,0.7143,4,8,4,0.75,0.125,katering;lainnya,Jalan Doktor Louis Otten
3269364717_11382550192_STOP576,0.8646,4.25,8,3,0.75,0.125,lainnya;katering,Jalan Tanpa Nama
3269364717_1666747518_STOP576,0.8646,4.25,8,3,0.75,0.125,lainnya;katering,Jalan Citarum
3269364718_10173603853_STOP576,0.8646,4.25,8,3,0.75,0.125,lainnya;katering,Jalan Citarum
3269364718_5369368116_STOP576,0.8646,4.25,8,3,0.75,0.125,lainnya;katering,Jalan Tanpa Nama
3269364722_11181678841_STOP576,0.7208,3.88,8,3,0.625,0.25,kesehatan;lainnya,Jalan Taman Citarum
3269364722_11181678841_STOP806,0.7208,3.88,8,3,0.625,0.25,kesehatan;lainnya,Jalan Taman Citarum
3269364726_10173603863_STOP576,0.8646,4.25,8,3,0.75,0.125,lainnya;katering,Jalan Citarum
3269364726_10173603863_STOP806,0.8646,4.25,8,3,0.75,0.125,lainnya;katering,Jalan Citarum
3269364726_25778195_STOP806,0.8646,4.25,8,3,0.75,0.125,lainnya;katering,Jalan Cilaki
3269381709_7715326202_STOP576,0.975,5,8,2,1,0,katering,Jalan Ciliwung
3269381709_7715326202_STOP665,0.975,5,8,2,1,0,katering,Jalan Ciliwung
3269381709_7715326215_STOP665,0.975,5,8,2,1,0,katering,Jalan Cibeunying Selatan
3269381712_10101152064_STOP665,0.8125,4.5,8,2,0.875,0.125,katering,Jalan Cihapit
3269381712_5369325245_STOP665,0.8125,4.5,8,2,0.875,0.125,katering,Jalan Cibeunying Selatan
3269421784_3269421786_STOP172,0.8125,5,8,3,1,0,katering;komersial,Jalan Tanpa Nama
3269421784_7715289717_STOP172,0.8125,5,8,3,1,0,katering;komersial,Jalan Cilaki
3269421786_3269421787_STOP172,0.8125,5,8,3,1,0,katering;komersial,Jalan Tanpa Nama
3269421787_10171865531_STOP172,0.7708,5,8,2,1,0,katering,Jalan Ciliwung
3269421787_3269421789_STOP172,0.7708,5,8,2,1,0,katering,Jalan Tanpa Nama
3269421789_1855697097_STOP172,0.7708,5,8,2,1,0,katering,Jalan Tanpa Nama
3269421791_12862489543_STOP172,0.8125,5,8,3,1,0,katering;komersial,Jalan Tanpa Nama
3269421791_9834956696_STOP172,0.8125,5,8,3,1,0,katering;komersial,Jalan Bengawan
3269421803_1855697149_STOP284,0.85,4.38,8,4,0.875,0.125,kesehatan;katering;lainnya;komersial,Jalan Bengawan
3269421803_9834956696_STOP172,0.875,4.88,8,4,1,0,komersial;katering,Jalan Bengawan
3269421803_9834956696_STOP284,0.85,4.38,8,4,0.875,0.125,kesehatan;katering;lainnya;komersial,Jalan Bengawan
3269462129_1666714153_STOP51,0.6625,2.75,8,3,0.375,0.5,lainnya,Jalan Brigjend. Katamso
3269462129_1666714153_STOP555,0.625,3.75,8,3,0.625,0.25,lainnya;rekreasi,Jalan Brigjend. Katamso
3269462129_1849960371_STOP51,0.725,3.5,8,3,0.625,0.375,lainnya,Jalan Brigjend. Katamso
3269462129_1849960371_STOP53,0.6875,4.38,8,5,0.875,0.125,pendidikan;lainnya,Jalan Brigjend. Katamso
3269462129_2325451810_STOP51,0.6625,2.75,8,3,0.375,0.5,lainnya,Jalan Brigjend. Katamso
3270228962_29354375_STOP678,0.875,4.25,8,3,0.875,0.125,lainnya;komersial,Jalan Tanpa Nama
3270228962_29354379_STOP678,0.75,3.5,8,2,0.625,0.25,komersial,Jalan Tanpa Nama
3270416565_5332863119_STOP395,0.8438,4.63,8,4,0.875,0.125,finansial;katering;lainnya,Jalan Tanpa Nama
3270416565_6637693193_STOP395,0.8438,4.63,8,4,0.875,0.125,finansial;katering;lainnya,Jalan Terusan Jakarta
3270416567_3270416565_STOP395,0.8438,4.63,8,4,0.875,0.125,katering;finansial;lainnya,Jalan Terusan Jakarta
3270416567_3270416565_STOP503,0.75,4.13,8,3,0.75,0.25,kesehatan;lainnya;katering,Jalan Terusan Jakarta
3270416567_5392239245_STOP503,0.875,4.5,8,2,0.875,0.125,kesehatan;lainnya,Jalan Terusan Jakarta
3270416574_2519403293_STOP504,0.875,3.5,8,2,0.625,0.375,lainnya;kesehatan,Jalan Purwakarta
3270416574_2519403293_STOP505,0.875,3.5,8,2,0.625,0.375,kesehatan;lainnya,Jalan Purwakarta
3270416574_302246829_STOP504,0.875,3.5,8,2,0.625,0.375,katering;lainnya,Jalan Purwakarta
3270416574_3270416567_STOP296,0.4911,2.5,8,2,0.375,0.625,kesehatan;katering,Jalan Terusan Jakarta
3270416574_3270416567_STOP503,0.875,4,8,2,0.75,0.25,lainnya;finansial,Jalan Terusan Jakarta
3270416574_3270416567_STOP504,0.875,4,8,3,0.75,0.25,katering;lainnya,Jalan Terusan Jakarta
3270416574_3270416567_STOP87,0.7411,3.38,8,2,0.625,0.375,katering,Jalan Terusan Jakarta
3270422962_5392239252_STOP219,0.8438,4.63,8,4,0.875,0.125,finansial;katering;lainnya,Jalan H. Ibrahim Adjie
3270422962_6637693188_STOP219,0.8438,4.63,8,4,0.875,0.125,finansial;katering;lainnya,Jalan Terusan Jakarta
3270434503_2519403290_STOP505,0.5625,3.25,8,3,0.5,0.375,finansial;lainnya,Jalan Subang
3270434503_2519403293_STOP505,0.75,4.63,8,3,0.875,0,finansial;lainnya,Jalan Subang
3270434503_3270416574_STOP504,0.875,3.5,8,2,0.625,0.375,lainnya;katering,Jalan Terusan Jakarta
3270434503_3270416574_STOP505,0.75,4,8,2,0.75,0.25,finansial;lainnya,Jalan Terusan Jakarta
3270445561_11735248699_STOP637,0.875,4.13,8,3,0.75,0.125,komersial;pendidikan;katering,Jalan Cibatu
3270445561_3270445564_STOP637,0.875,4.13,8,3,0.75,0.125,komersial;pendidikan;katering,Jalan Terusan Jakarta
3270445562_11419915998_STOP90,0.6667,3.63,8,3,0.625,0.25,kesehatan;katering;komersial,Jalan Golf Barat
3270445562_3270445564_STOP637,0.6667,3.63,8,3,0.625,0.25,kesehatan;katering;komersial,Jalan Terusan Jakarta
3270445562_3270445564_STOP90,0.6667,3.63,8,3,0.625,0.25,kesehatan;katering;komersial,Jalan Terusan Jakarta
3270445564_11735248699_STOP637,0.875,4.13,8,3,0.75,0.125,komersial;pendidikan;katering,Jalan Terusan Jakarta
3270445564_3270445562_STOP637,0.6667,3.63,8,3,0.625,0.25,kesehatan;katering;komersial,Jalan Terusan Jakarta
3270489611_11419915997_STOP90,0.6667,3.63,8,3,0.625,0.25,kesehatan;katering;komersial,Jalan Terusan Jakarta
3270489611_3270489660_STOP90,0.5667,3.8,5,1,0.6,0.2,kesehatan,Jalan Tanpa Nama
3270489638_5395315581_STOP90,0.875,4.75,8,2,0.875,0,pendidikan;komersial,Jalan Cibatu
3270489660_3270489611_STOP90,0.5667,3.8,5,1,0.6,0.2,kesehatan,Jalan Tanpa Nama
3271894417_2325451308_STOP626,0.8125,3.5,8,4,0.625,0.375,komersial;lainnya;finansial,Jalan Jenderal Ahmad Yani
3271894417_2493372404_STOP207,0.8125,4.88,8,4,1,0,lainnya;finansial,Jalan Jenderal Ahmad Yani
3271894417_2493372404_STOP626,0.75,3.5,8,2,0.625,0.375,komersial;finansial,Jalan Jenderal Ahmad Yani
3272226044_1667742500_STOP200,0.625,3.75,8,3,0.625,0.25,lainnya;komersial,Jalan Sekejati
3272226044_1667742500_STOP439,0.75,3.63,8,3,0.625,0.375,pendidikan;lainnya;finansial,Jalan Sekejati
3272226044_1667742500_STOP440,0.875,3.5,8,4,0.625,0.375,pendidikan;finansial;lainnya,Jalan Sekejati
3272226044_1667742500_STOP830,0.6875,4.25,8,3,0.75,0.125,lainnya;katering,Jalan Sekejati
3272226044_6615831437_STOP215,0.8125,4,8,3,0.75,0.25,komersial;lainnya,Jalan Soekarno-Hatta
3272226044_6615831437_STOP440,0.9375,4,8,4,0.75,0.25,lainnya;finansial;pendidikan;komersial,Jalan Soekarno-Hatta
3272226044_6615831437_STOP829,0.8125,4.88,8,3,1,0,komersial;lainnya,Jalan Soekarno-Hatta
3272242233_5447158315_STOP20,0.632,4,8,4,0.75,0.25,lainnya;finansial;komersial,Jalan Terusan Kiara Condong
3272299563_1108674456_STOP368,0.625,4.38,8,3,0.875,0.125,lainnya,"['Jalan Jati Indah Raya', 'Jalan Rajamantri Kidul', 'Jalan Batu Kencana']"
3272299563_1108674456_STOP460,0.5625,4.38,8,3,0.875,0.125,lainnya;komersial,"['Jalan Jati Indah Raya', 'Jalan Rajamantri Kidul', 'Jalan Batu Kencana']"
3272299563_8123313717_STOP20,0.7188,4.13,8,3,0.75,0.25,lainnya;kesehatan;komersial,Jalan Soekarno-Hatta
3272299563_8123313717_STOP368,0.625,4.38,8,3,0.875,0.125,lainnya,Jalan Soekarno-Hatta
3272299563_8123313717_STOP458,0.9688,5,8,2,1,0,katering;kesehatan,Jalan Soekarno-Hatta
3272299563_8123313717_STOP459,0.75,3.63,8,2,0.625,0.375,komersial;lainnya,Jalan Soekarno-Hatta
3272299574_1914135257_STOP468,0.75,4,8,5,0.75,0.25,lainnya;komersial;finansial,Jalan Cijagra
3272299574_1914135257_STOP595,0.875,4.25,8,3,0.75,0.125,lainnya,Jalan Cijagra
3272299574_3272643957_STOP321,0.6875,2.5,8,2,0.25,0.5,finansial;lainnya,Jalan Soekarno-Hatta
3272299574_3272643957_STOP333,0.875,4.63,8,2,0.875,0.125,katering;komersial,Jalan Soekarno-Hatta
3272299574_3272643957_STOP334,0.7083,3.25,8,2,0.5,0.375,finansial;lainnya,Jalan Soekarno-Hatta
3272299574_3272643957_STOP595,0.8125,3.75,8,3,0.625,0.25,lainnya;finansial,Jalan Soekarno-Hatta
3272299574_3272643957_STOP596,0.8958,5,8,2,1,0,komersial;lainnya,Jalan Soekarno-Hatta
3272299574_5825176142_STOP595,0.75,5,8,3,1,0,lainnya,Jalan Waas
3272344712_2500902327_STOP595,0.8125,3.25,8,3,0.5,0.375,finansial;lainnya,Jalan Waas
3272344712_5825176142_STOP595,0.6875,3.5,8,3,0.625,0.375,finansial;lainnya,Jalan Waas
3272350517_3272360369_STOP185,0.75,3.75,8,3,0.75,0.25,lainnya;komersial,Jalan Soekarno-Hatta
3272350517_3272360369_STOP319,0.875,5,8,2,1,0,finansial;lainnya,Jalan Soekarno-Hatta
3272350517_3272360369_STOP336,0.9375,3,8,3,0.5,0.5,lainnya;finansial,Jalan Soekarno-Hatta
3272360369_389137494_STOP256,1,5,8,3,1,0,komersial;lainnya;katering,Jalan Sriwijaya
3272360369_389137494_STOP310,0.5,5,5,1,1,0,lainnya,Jalan Sriwijaya
3272360369_389137494_STOP319,0.75,4.88,8,3,1,0,lainnya,Jalan Sriwijaya
3272360369_6619012655_STOP319,0.875,5,8,2,1,0,lainnya;finansial,Jalan Soekarno-Hatta
3272360369_6619012655_STOP461,0.75,4,8,2,0.75,0.25,lainnya,Jalan Soekarno-Hatta
3272371131_2325414603_STOP185,0.75,4.75,8,3,1,0,komersial;lainnya,Jalan Soekarno-Hatta
3272371131_3272371137_STOP185,0.75,4.75,8,3,1,0,komersial;lainnya,Jalan Tanpa Nama
3272371131_3272371137_STOP275,0.75,3.75,8,3,0.75,0.25,komersial;lainnya,Jalan Tanpa Nama
3272371137_2325414603_STOP275,0.75,3.75,8,3,0.75,0.25,komersial;lainnya,Jalan Mohammad Toha
3272371137_3110265322_STOP228,0.7083,3.88,8,4,0.75,0.25,komersial;finansial,Jalan Mohammad Toha
3272371137_3110265322_STOP275,0.7083,3.5,8,4,0.625,0.375,komersial;lainnya,Jalan Mohammad Toha
3272371137_3110265322_STOP310,0.8125,4.63,8,3,1,0,komersial;finansial;lainnya,Jalan Mohammad Toha
3272371137_3272350517_STOP185,0.75,3.75,8,3,0.75,0.25,komersial;lainnya,Jalan Tanpa Nama
3272371137_3272350517_STOP275,0.75,3.75,8,3,0.75,0.25,komersial;lainnya,Jalan Tanpa Nama
3272376483_2325414606_STOP185,0.75,3.75,8,3,0.75,0.25,komersial;lainnya,Jalan Soekarno-Hatta
3272376483_3272376486_STOP185,0.75,3.75,8,3,0.75,0.25,komersial;lainnya,Jalan Tanpa Nama
3272376486_2325414606_STOP185,0.75,3.75,8,3,0.75,0.25,komersial;lainnya,Jalan Mohammad Toha
3272376486_6428110632_STOP185,0.875,3.38,8,3,0.625,0.375,komersial;lainnya,Jalan Mohammad Toha
3272376486_6428110632_STOP186,0.625,4.75,8,2,0.875,0,lainnya,Jalan Mohammad Toha
3272376486_6428110632_STOP336,0.75,3.88,8,3,0.75,0.25,komersial;lainnya,Jalan Mohammad Toha
3272376486_9973785684_STOP185,0.75,3.75,8,3,0.75,0.25,komersial;lainnya,Jalan Tanpa Nama
3272382561_10134513808_STOP121,0.65,4,8,3,0.75,0.25,kesehatan;komersial,Jalan Soekarno-Hatta
3272382561_3272382565_STOP121,0.625,2.5,8,2,0.375,0.625,kesehatan;komersial,Jalan Tanpa Nama
3272382565_5862690001_STOP121,0.625,2.5,8,2,0.375,0.625,komersial;kesehatan,Jalan Leuwi Panjang
3272382565_5862690001_STOP157,0.875,4.63,8,3,0.875,0.125,katering;lainnya;komersial,Jalan Leuwi Panjang
3272382565_5862690001_STOP374,0.6875,2.63,8,2,0.375,0.625,komersial;katering,Jalan Leuwi Panjang
3272382566_10125575435_STOP121,0.625,2.5,8,2,0.375,0.625,kesehatan;komersial,Jalan Leuwi Panjang
3272382566_3272382569_STOP121,0.625,2.5,8,2,0.375,0.625,kesehatan;komersial,Jalan Tanpa Nama
3272382569_10043935231_STOP121,0.625,2.5,8,2,0.375,0.625,kesehatan;komersial,Jalan Soekarno-Hatta
3272384461_10134513809_STOP121,0.65,4,8,3,0.75,0.25,kesehatan;komersial,Jalan Raya Cibaduyut
3272384461_10816174969_STOP121,0.65,4,8,3,0.75,0.25,kesehatan;komersial,Jalan Tanpa Nama
3272539236_2325452885_STOP343,0.75,4,8,4,0.625,0.125,lainnya;komersial,Jalan Terusan Pasir Koja
3272539236_3272539241_STOP343,0.75,4,8,4,0.625,0.125,lainnya;komersial,Jalan Tanpa Nama
3272539236_3272539241_STOP382,0.75,4,8,4,0.625,0.125,komersial;lainnya,Jalan Tanpa Nama
3272539241_5862588301_STOP316,0.9583,5,8,2,1,0,finansial,Jalan Soekarno-Hatta
3272539241_5862588301_STOP382,0.6875,3.25,8,2,0.5,0.375,komersial;finansial,Jalan Soekarno-Hatta
3272539241_5862588301_STOP383,0.8958,5,8,2,1,0,finansial,Jalan Soekarno-Hatta
3272542984_11369837179_STOP108,0.5104,3.25,8,2,0.625,0.375,lainnya,Jalan Kyai Haji Wahid Hasyim
3272542984_5355765057_STOP108,0.5104,3.25,8,2,0.625,0.375,lainnya,Jalan Kyai Haji Wahid Hasyim
3272542984_5355765057_STOP157,0.75,4,8,3,0.75,0.25,lainnya;komersial,Jalan Kyai Haji Wahid Hasyim
3272542984_5355765057_STOP271,0.75,3.38,8,3,0.625,0.375,komersial;lainnya;finansial,Jalan Kyai Haji Wahid Hasyim
3272542984_5355765057_STOP390,0.75,3.25,8,3,0.5,0.375,finansial;komersial;katering,Jalan Kyai Haji Wahid Hasyim
3272542989_10186688804_STOP108,0.5104,3.25,8,3,0.625,0.375,lainnya,Jalan Soekarno-Hatta
3272542990_11369837181_STOP108,0.5104,3.25,8,2,0.625,0.375,lainnya,Jalan Soekarno-Hatta
3272542990_11369837186_STOP108,0.5104,3.25,8,2,0.625,0.375,lainnya,Jalan Tanpa Nama
3272563961_2325452883_STOP343,0.8125,4.5,8,3,0.75,0,komersial;lainnya,Jalan Soekarno-Hatta
3272563961_3272563966_STOP343,0.75,4,8,4,0.625,0.125,komersial;lainnya,Jalan Tanpa Nama
3272563966_5348422779_STOP314,0.8438,4.88,8,4,1,0,komersial,Jalan Terusan Pasir Koja
3272563966_5348422779_STOP315,0.75,3.63,8,3,0.625,0.25,komersial;lainnya,Jalan Terusan Pasir Koja
3272563966_5348422779_STOP343,0.8125,4,8,4,0.625,0.125,lainnya;komersial,Jalan Terusan Pasir Koja
3272566403_11181449057_STOP270,0.7083,4.5,8,2,0.875,0,komersial;lainnya,Jalan Peta
3272566403_3272566410_STOP270,0.7083,4.5,8,2,0.875,0,komersial;lainnya,Jalan Tanpa Nama
3272566410_5355897677_STOP258,0.7083,4.5,8,2,0.875,0,komersial;lainnya,Jalan Mohammad Toha
3272569143_7713266582_STOP226,0.75,4.75,8,3,0.875,0,lainnya;komersial,Jalan Peta
3272569143_7713266582_STOP270,0.7083,4.5,8,2,0.875,0,komersial;lainnya,Jalan Peta
3272574294_6618370830_STOP131,0.6875,3,8,4,0.5,0.5,komersial;lainnya;kesehatan,Jalan Pelajar Pejuang 45
3272575990_1777901448_STOP412,0.8125,4.13,8,4,0.75,0.25,lainnya;komersial;kesehatan,Jalan Buah Batu
3272575990_1777901448_STOP644,0.75,4.5,8,3,0.875,0.125,katering;lainnya,Jalan Buah Batu
3272575990_1777901448_STOP645,0.875,4.13,8,2,0.75,0.25,lainnya;komersial,Jalan Buah Batu
3272578338_10184467579_STOP131,0.75,3.5,8,4,0.625,0.375,lainnya;kesehatan;katering;komersial,Jalan Tanpa Nama
3272578338_10239511223_STOP131,0.75,3.5,8,4,0.625,0.375,lainnya;kesehatan;katering;komersial,Jalan Pelajar Pejuang 45
3272588432_12986852699_STOP746,0.8125,4.5,8,3,0.875,0.125,katering;komersial;lainnya,Jalan Lodaya
3272588432_12986852699_STOP747,0.6875,3,8,2,0.5,0.5,lainnya,Jalan Lodaya
3272588432_12986852699_STOP748,0.9375,4.88,8,3,1,0,lainnya;komersial,Jalan Lodaya
3272588432_12986852699_STOP749,0.875,4.88,8,2,1,0,lainnya,Jalan Lodaya
3272588432_8979186743_STOP746,0.875,4.38,8,3,0.875,0.125,komersial;katering,Jalan Lodaya
3272589082_3272599105_STOP254,0.75,3.13,8,3,0.5,0.5,lainnya;komersial,Jalan Pelajar Pejuang 45
3272589082_3272599105_STOP706,0.7708,4.5,8,3,0.875,0.125,komersial;katering;kesehatan,Jalan Pelajar Pejuang 45
3272599105_11181448954_STOP254,0.75,3.13,8,4,0.5,0.5,lainnya;komersial,Jalan Pelajar Pejuang 45
3272599105_3272599108_STOP254,0.75,3.13,8,4,0.5,0.5,lainnya;komersial,Jalan Tanpa Nama
3272599108_11181448954_STOP254,0.75,3.13,8,4,0.5,0.5,lainnya;katering,Jalan Talaga Bodas
3272599108_2607816746_STOP254,0.75,3.13,8,4,0.5,0.5,lainnya;katering,Jalan Talaga Bodas
3272599108_2607816746_STOP571,0.8125,4.88,8,5,1,0,katering;lainnya;kesehatan;pendidikan,Jalan Talaga Bodas
3272599108_2607816746_STOP572,0.6875,3.13,8,3,0.5,0.5,lainnya;katering,Jalan Talaga Bodas
3272599108_2607816746_STOP580,0.75,4.75,8,3,1,0,kesehatan;katering,Jalan Talaga Bodas
3272599108_3272604915_STOP254,0.75,3.13,8,4,0.5,0.5,lainnya;katering,Jalan Tanpa Nama
3272604915_9832971270_STOP254,0.75,3.13,8,4,0.5,0.5,lainnya;katering,Jalan Pelajar Pejuang 45
3272604915_9832971270_STOP435,0.8,4.63,8,3,0.875,0.125,lainnya;komersial,Jalan Pelajar Pejuang 45
3272604915_9832971270_STOP572,0.7,3.13,8,3,0.5,0.5,lainnya;komersial,Jalan Pelajar Pejuang 45
3272643957_2614138810_STOP333,0.5759,2.75,8,2,0.375,0.5,komersial;lainnya,Jalan Tanpa Nama
3272643957_8123304890_STOP333,0.5759,2.75,8,2,0.375,0.5,komersial;lainnya,Jalan Soekarno-Hatta
3272653270_8123304890_STOP229,0.5759,2.75,8,2,0.375,0.5,komersial;lainnya,Jalan Buah Batu
3272653270_8123304891_STOP229,0.5759,2.75,8,2,0.375,0.5,komersial;lainnya,Jalan Soekarno-Hatta
3272660513_3272660519_STOP363,0.6875,2.5,8,4,0.375,0.625,lainnya;finansial;katering,Jalan Tanpa Nama
3272660513_3272660524_STOP363,0.6875,2.5,8,4,0.375,0.625,lainnya;finansial;katering,Jalan Soekarno-Hatta
3272660519_7709492203_STOP363,0.6875,2.5,8,4,0.375,0.625,lainnya;katering;finansial,Jalan Soekarno-Hatta
3272660519_7709492203_STOP442,0.75,3,8,4,0.5,0.5,finansial;lainnya,Jalan Soekarno-Hatta
3272660524_5406559329_STOP363,0.75,2.5,8,4,0.375,0.625,lainnya;katering;finansial,Jalan Tanpa Nama
3272660524_7673681627_STOP142,0.8125,3.5,8,4,0.625,0.375,katering;lainnya;finansial,Jalan Soekarno-Hatta
3272660524_7673681627_STOP148,0.9167,4.5,8,3,0.875,0.125,komersial;finansial;kesehatan,Jalan Soekarno-Hatta
3272660524_7673681627_STOP362,0.6875,3,8,3,0.5,0.5,lainnya;finansial;komersial,Jalan Soekarno-Hatta
3272660524_7673681627_STOP363,0.75,2.38,8,3,0.375,0.625,lainnya;katering,Jalan Soekarno-Hatta
3272660524_7673681627_STOP451,0.75,4,8,3,0.75,0.25,lainnya;komersial,Jalan Soekarno-Hatta
3272670869_3272670870_STOP362,0.75,3.5,8,3,0.625,0.375,lainnya;komersial;katering,Jalan Tanpa Nama
3272670869_3272670872_STOP142,0.75,3.63,8,3,0.625,0.375,katering;finansial;lainnya,Jalan Soekarno-Hatta
3272670869_3272670872_STOP362,0.6875,3,8,3,0.5,0.5,finansial;lainnya;komersial,Jalan Soekarno-Hatta
3272670870_3272670871_STOP142,0.75,3.63,8,3,0.625,0.375,katering;finansial;lainnya,Jalan Soekarno-Hatta
3272670870_3272670871_STOP362,0.6875,3,8,3,0.5,0.5,finansial;lainnya;komersial,Jalan Soekarno-Hatta
3272670871_2325453481_STOP142,0.8125,3.5,8,4,0.625,0.375,katering;lainnya;finansial,Jalan Soekarno-Hatta
3272670871_2325453481_STOP363,0.75,2.38,8,3,0.375,0.625,katering;lainnya,Jalan Soekarno-Hatta
3272670871_3272670872_STOP142,0.875,3.63,8,4,0.625,0.375,katering;finansial;lainnya,Jalan Tanpa Nama
3272670872_1856650991_STOP142,0.8125,3.5,8,4,0.625,0.375,katering;lainnya;finansial,Jalan Soekarno-Hatta
3272680714_3272680717_STOP362,0.8125,3.25,8,3,0.5,0.5,katering;komersial;lainnya,Jalan Venus Raya
3272680714_3272680717_STOP451,0.75,3.13,8,3,0.5,0.5,katering;komersial;lainnya,Jalan Venus Raya
3272680714_3272680726_STOP451,0.75,3.13,8,3,0.5,0.5,katering;komersial;lainnya,Jalan Soekarno-Hatta
3272680717_3862534575_STOP362,0.8125,3.25,8,3,0.5,0.5,katering;komersial;lainnya,Bunderan Metro
3272680725_3272680717_STOP362,0.8125,3.25,8,3,0.5,0.5,katering;komersial;lainnya,Bunderan Metro
3272680725_3272680726_STOP362,0.8125,3.25,8,3,0.5,0.5,katering;komersial;lainnya,Jalan Venus Raya
3272680726_3272670869_STOP362,0.8125,3.25,8,3,0.5,0.5,katering;komersial;lainnya,Jalan Soekarno-Hatta
3272708317_3244221167_STOP827,0.8333,4.5,8,3,0.875,0.125,lainnya;finansial,Jalan Soekarno-Hatta
3272708317_3272708318_STOP827,0.8333,4.5,8,3,0.875,0.125,lainnya;finansial,Jalan Tanpa Nama
3272708318_3272725787_STOP240,0.8958,4.75,8,3,1,0,lainnya,Jalan Soekarno-Hatta
3272708318_3272725787_STOP827,0.8333,4.5,8,3,0.875,0.125,lainnya;finansial,Jalan Soekarno-Hatta
3272718018_1664487744_STOP452,0.5625,2.63,8,3,0.25,0.625,komersial,Jalan Cipamokolan
3272718018_1664487744_STOP604,0.8125,4,8,4,0.75,0.25,lainnya;komersial;kesehatan,Jalan Cipamokolan
3272718018_1664487744_STOP605,0.6875,2.75,8,3,0.375,0.625,lainnya;komersial,Jalan Cipamokolan
3272718018_7673353744_STOP359,0.6563,3.63,8,3,0.5,0.375,komersial,Jalan Soekarno-Hatta
3272718018_7673353744_STOP452,0.5625,2.63,8,3,0.25,0.625,komersial,Jalan Soekarno-Hatta
3272722525_12013198365_STOP403,0.5625,3,8,5,0.5,0.5,komersial;katering;lainnya,Jalan Soekarno-Hatta
3272722527_3272722528_STOP403,0.6875,4,8,5,0.75,0.25,katering;lainnya;komersial,Jalan Gedebage Selatan
3272722527_6640711589_STOP141,0.7083,3.38,8,3,0.625,0.375,katering;komersial,Jalan Gedebage Selatan
3272722527_6640711589_STOP403,0.6875,4,8,4,0.75,0.25,katering;lainnya;komersial,Jalan Gedebage Selatan
3272722528_11549667668_STOP403,0.6875,4,8,5,0.75,0.25,katering;lainnya;komersial,Jalan Gedebage Selatan
3272722528_8456621393_STOP403,0.6875,4,8,5,0.75,0.25,katering;lainnya;komersial,Jalan Tanpa Nama
3272725787_3272725789_STOP240,0.6875,3.88,8,3,0.75,0.25,komersial;lainnya,Jalan Soekarno-Hatta
3272725787_9327097034_STOP240,0.8125,4.88,8,3,1,0,lainnya;komersial,Jalan Tanpa Nama
3272725789_8456621396_STOP240,0.6875,4,8,5,0.75,0.25,lainnya;katering;komersial,Jalan Soekarno-Hatta
3272727739_6380243449_STOP358,0.6458,3.5,8,4,0.5,0.25,katering;lainnya;komersial,Jalan Soekarno-Hatta
3272727739_6380244014_STOP358,0.5833,3.5,8,3,0.5,0.25,katering;lainnya;komersial,Jalan Tanpa Nama
3272727747_9544806499_STOP357,0.7813,4,8,4,0.625,0.125,lainnya;katering;finansial,Jalan Soekarno-Hatta
3272727747_9544806503_STOP357,0.75,3.75,8,4,0.625,0.25,katering;lainnya;kesehatan,Jalan Tanpa Nama
3272727748_3272727747_STOP357,0.7917,3.25,8,3,0.5,0.375,katering;kesehatan,Jalan Soekarno-Hatta
3272727748_6640792414_STOP357,0.7188,3.13,8,4,0.5,0.375,finansial;kesehatan;katering,"['Jalan Cimincrang', 'Jalan Rancanumpang']"
3272728568_6615995650_STOP403,0.5625,3,8,5,0.5,0.5,komersial;lainnya;katering,Jalan Soekarno-Hatta
3274608590_12819917454_STOP54,0.9375,4.38,8,3,0.75,0.125,katering;lainnya;komersial,Jalan Cikutra Barat
3274608590_30236624_STOP54,0.9375,4.38,8,3,0.75,0.125,katering;lainnya;komersial,Jalan Cikutra Barat
3274608590_30236624_STOP639,0.9375,4.63,8,4,0.875,0.125,pendidikan;komersial;lainnya;katering,Jalan Cikutra Barat
3274608591_12819917454_STOP54,0.875,3.75,8,4,0.625,0.25,komersial;katering;lainnya,Jalan Cikutra
3274608591_30236636_STOP54,0.7083,3.88,8,3,0.75,0.25,katering;komersial;lainnya,Jalan Cikutra
3274608591_30236636_STOP542,0.7083,3.88,8,3,0.75,0.25,katering;komersial;lainnya,Jalan Cikutra
3274608591_30236636_STOP638,0.8125,4.88,8,2,1,0,lainnya,Jalan Cikutra
3274608591_5374108596_STOP527,0.6667,3.63,8,3,0.5,0.25,lainnya,Jalan Pahlawan
3274608591_5374108596_STOP54,0.875,3.75,8,4,0.625,0.25,komersial;katering;lainnya,Jalan Pahlawan
3274608591_5374108596_STOP542,0.6458,3,8,2,0.5,0.5,lainnya;katering,Jalan Pahlawan
3274678437_2325451298_STOP627,0.875,4.5,8,4,0.875,0.125,komersial;lainnya,Jalan Tanpa Nama
3274678437_2325451308_STOP626,0.8125,3.5,8,4,0.625,0.375,lainnya;komersial,Jalan Jenderal Ahmad Yani
3274678437_2325451308_STOP627,0.875,4.5,8,4,0.875,0.125,komersial;lainnya,Jalan Jenderal Ahmad Yani
3277353718_3277353721_STOP411,0.8125,3.5,8,3,0.625,0.375,komersial;pendidikan;lainnya,Jalan Gurame
3277353718_3277353722_STOP411,0.8125,3.5,8,3,0.625,0.375,komersial;pendidikan;lainnya,Jalan Mochammad Ramdhan
3277353721_389140807_STOP411,0.7708,3.5,8,3,0.625,0.375,komersial;kesehatan;lainnya,Jalan Karapitan
3277353721_389140807_STOP544,0.8333,4,8,3,0.75,0.25,komersial;kesehatan,Jalan Karapitan
3277353722_1777901379_STOP411,0.8333,4,8,3,0.75,0.25,komersial;pendidikan;kesehatan,Jalan Mochammad Ramdhan
3277353722_1777901457_STOP411,0.8125,3.5,8,3,0.625,0.375,komersial;pendidikan;lainnya,Jalan Cilentah
3277363480_12606352975_STOP620,0.6833,4.13,8,3,0.75,0.25,lainnya,Jalan Lengkong Kecil
3277363480_1849525974_STOP144,0.9375,4.25,8,4,0.75,0.125,finansial;lainnya,Jalan Lengkong Kecil
3277363480_1849525974_STOP299,0.6417,3.75,8,3,0.625,0.375,lainnya;finansial,Jalan Lengkong Kecil
3277363480_1849525974_STOP620,0.6833,4.13,8,3,0.75,0.25,lainnya,Jalan Lengkong Kecil
3277363480_1849525974_STOP648,0.9375,4.38,8,3,0.875,0.125,finansial;lainnya,Jalan Lengkong Kecil
3277363480_3277363483_STOP299,0.75,4,8,3,0.75,0.25,lainnya;finansial;katering,Jalan Kaca Kaca Wetan
3277363480_3277363483_STOP620,0.6833,4.13,8,3,0.75,0.25,lainnya,Jalan Kaca Kaca Wetan
3277363483_3374033502_STOP144,0.8542,3,8,3,0.5,0.5,finansial,Jalan Asia Afrika
3277363483_3374033502_STOP299,0.625,3,8,3,0.5,0.5,finansial;katering,Jalan Asia Afrika
3277363483_3374033502_STOP648,0.8125,2.88,8,3,0.5,0.5,finansial;lainnya,Jalan Asia Afrika
3277416899_2746818986_STOP256,1,5,8,3,1,0,komersial;lainnya;katering,Jalan BKR
3277416899_3277416907_STOP256,1,5,8,3,1,0,komersial;lainnya,Jalan Sripohaci
3277416899_389137494_STOP256,1,5,8,3,1,0,komersial;lainnya;katering,Jalan Sriwijaya
3277416907_2746818952_STOP256,0.8958,5,8,2,1,0,komersial,Jalan Mochammad Ramdhan
3277416907_3252963731_STOP256,0.8958,5,8,2,1,0,komersial,Jalan Mochammad Ramdhan
3277416907_3277416899_STOP256,1,5,8,3,1,0,komersial;lainnya,Jalan Sripohaci
3277449482_2439053883_STOP63,0.875,4.88,8,3,1,0,katering;pendidikan;komersial,Jalan Tamansari
3277449482_3376669072_STOP63,0.875,4.88,8,3,1,0,katering;pendidikan;komersial,Jalan Wastukancana
3277469066_13648191536_STOP163,0.8125,4.5,8,3,0.875,0.125,komersial;finansial,Jalan Tanpa Nama
3277469066_1857160790_STOP160,0.875,4,8,3,0.75,0.25,kesehatan;finansial;olahraga,Jalan Dipatiukur
3277469066_1857160790_STOP163,0.7188,4,8,3,0.75,0.25,lainnya;katering,Jalan Dipatiukur
3277871561_2520759347_STOP147,0.625,5,8,2,1,0,komersial;katering,Jalan L.L. RE. Martadinata
3277871564_25432860_STOP147,0.625,5,8,2,1,0,komersial;katering,Jalan Jenderal Ahmad Yani
3277871564_3277871561_STOP147,0.625,5,8,2,1,0,komersial;katering,Jalan Tanpa Nama
3277871565_25435152_STOP147,0.875,5,8,3,1,0,katering;komersial,Jalan Laswi
3277871566_3277871565_STOP249,0.625,5,8,2,1,0,komersial;katering,Jalan Tanpa Nama
3277871566_5391666890_STOP249,0.625,5,8,2,1,0,komersial;katering,Jalan Jenderal Ahmad Yani
3277871570_5391666891_STOP147,0.625,5,8,2,1,0,komersial;katering,Jalan Laswi
3277871570_5391666897_STOP147,0.625,5,8,2,1,0,komersial;katering,Jalan Tanpa Nama
3277871574_2325452126_STOP147,0.625,5,8,2,1,0,komersial;katering,Jalan L.L. RE. Martadinata
3277871574_5391666889_STOP147,0.625,5,8,2,1,0,komersial;katering,Jalan Tanpa Nama
3277871582_1849525950_STOP89,0.8125,4.13,8,3,0.75,0.25,finansial;lainnya;komersial,Jalan Jenderal Ahmad Yani
3277871582_7642312005_STOP89,0.8125,4.13,8,3,0.75,0.25,lainnya;finansial;komersial,Jalan Tanpa Nama
3277874415_10167417684_STOP253,0.5938,3,8,5,0.5,0.5,katering;komersial;pendidikan;lainnya,Jalan Layang Laswi - Pelajar Pejuang 45
3277874415_3277874431_STOP252,0.5104,2.25,8,3,0.25,0.625,lainnya;pendidikan,Jalan Laswi
3277874415_3277874431_STOP253,0.5938,3,8,5,0.5,0.5,katering;lainnya;pendidikan;komersial,Jalan Laswi
3277874424_8418013666_STOP252,0.625,2.63,8,4,0.375,0.625,lainnya;pendidikan,Jalan Laswi
3277874424_8418013666_STOP253,0.5938,3,8,5,0.5,0.5,lainnya;katering;pendidikan;komersial,Jalan Laswi
3277874425_11181354932_STOP435,0.5729,2.38,8,4,0.25,0.625,lainnya,Jalan Pelajar Pejuang 45
3277874425_3277874427_STOP435,0.5729,2.38,8,4,0.25,0.625,lainnya,Jalan Tanpa Nama
3277874427_2325452552_STOP435,0.625,3.38,8,5,0.5,0.375,lainnya,Jalan Jenderal Gatot Subroto
3277874428_11181354936_STOP252,0.5729,2.13,8,3,0.25,0.625,lainnya,Jalan Jenderal Gatot Subroto
3277874428_3277874430_STOP252,0.5729,2.13,8,3,0.25,0.625,lainnya,Jalan Tanpa Nama
3277874430_9832971266_STOP435,0.75,3.13,8,4,0.5,0.5,lainnya;pendidikan,Jalan Pelajar Pejuang 45
3277874431_11181354935_STOP252,0.6875,3.13,8,4,0.5,0.5,lainnya,Jalan Laswi
3277874431_3277874434_STOP252,0.6875,3.13,8,4,0.5,0.5,lainnya,Jalan Tanpa Nama
3277874434_5395151866_STOP252,0.5729,2.13,8,3,0.25,0.625,lainnya,Jalan Jenderal Gatot Subroto
3277874434_5395151866_STOP253,0.5729,2.13,8,2,0.25,0.625,lainnya,Jalan Jenderal Gatot Subroto
3277874434_5395151866_STOP522,0.8958,4.5,8,3,0.875,0.125,komersial;lainnya,Jalan Jenderal Gatot Subroto
3277874434_5395151866_STOP557,0.7708,4.5,8,3,0.875,0.125,komersial;lainnya,Jalan Jenderal Gatot Subroto
3277874434_5395151866_STOP573,0.7458,4.5,8,3,0.875,0.125,komersial;lainnya,Jalan Jenderal Gatot Subroto
3277874434_5395151866_STOP728,0.7083,4.38,8,2,0.875,0.125,lainnya,Jalan Jenderal Gatot Subroto
3277874434_5395151866_STOP729,0.75,2.88,8,2,0.5,0.5,pendidikan;lainnya,Jalan Jenderal Gatot Subroto
3277874434_5395151866_STOP730,0.8958,4.13,8,2,0.75,0.25,lainnya,Jalan Jenderal Gatot Subroto
3277874434_5395151866_STOP731,0.8958,4.63,8,3,0.875,0.125,komersial;lainnya;katering,Jalan Jenderal Gatot Subroto
3277883741_1837401655_STOP111,0.8125,4.88,8,4,1,0,komersial;katering,Jalan Astana Anyar
3277883741_1837401655_STOP224,0.9375,5,8,2,1,0,komersial;lainnya,Jalan Astana Anyar
3277883741_1837401655_STOP259,0.6563,4,8,3,0.625,0.125,komersial;katering,Jalan Astana Anyar
3277883741_1837401655_STOP590,0.8125,5,8,3,1,0,komersial;lainnya,Jalan Astana Anyar
3277883745_10771913957_STOP21,0.7083,4.5,8,2,0.875,0,komersial;lainnya,Jalan Tanpa Nama
3277883745_11181449059_STOP21,0.7083,4.5,8,2,0.875,0,komersial;lainnya,Jalan BKR
3277891124_1837401667_STOP500,0.75,3.88,8,3,0.75,0.25,finansial;lainnya;komersial,Jalan Peta
3277891124_7540370583_STOP500,0.75,3.88,8,3,0.75,0.25,finansial;lainnya;komersial,Jalan Tanpa Nama
3278000648_10288977250_STOP831,0.6875,4.25,8,4,0.75,0.125,lainnya;katering;komersial,Jalan Jenderal Gatot Subroto
3278000648_3376282078_STOP831,0.625,4.25,8,4,0.75,0.125,lainnya;katering;komersial;kesehatan,Jalan H. Ibrahim Adjie
3278023496_11041545702_STOP449,0.75,3.13,8,3,0.5,0.375,katering;lainnya,Jalan Layang Kiaracondong
3278023496_3278023523_STOP211,0.7917,4.25,8,3,0.75,0.125,lainnya;komersial;finansial,Jalan Layang Kiaracondong
3278023496_3278023523_STOP214,0.7292,3.63,8,4,0.625,0.25,komersial;lainnya;finansial,Jalan Layang Kiaracondong
3278023496_3278023523_STOP35,0.8125,4.5,8,2,0.875,0.125,finansial,Jalan Layang Kiaracondong
3278023496_3278023523_STOP448,0.625,2.88,8,4,0.5,0.5,komersial;finansial,Jalan Layang Kiaracondong
3278023496_3278023523_STOP449,0.75,3.13,8,3,0.5,0.375,lainnya;katering,Jalan Layang Kiaracondong
3278023496_3278023523_STOP839,0.7917,4.25,8,3,0.75,0.125,lainnya;finansial;komersial,Jalan Layang Kiaracondong
3278023496_3278023523_STOP840,0.6875,2.5,8,3,0.375,0.625,komersial;finansial,Jalan Layang Kiaracondong
3278023496_5392239227_STOP218,0.8125,3.75,8,2,0.625,0.25,katering;lainnya,Jalan Letnan Jenderal Ibrahim Adjie
3278023496_5392239227_STOP449,0.75,3.13,8,3,0.5,0.375,katering;lainnya,Jalan Letnan Jenderal Ibrahim Adjie
3278023523_3278023496_STOP211,0.7917,4.25,8,3,0.75,0.125,lainnya;komersial;finansial,Jalan Layang Kiaracondong
3278023523_3278023496_STOP214,0.7292,3.63,8,4,0.625,0.25,komersial;lainnya;finansial,Jalan Layang Kiaracondong
3278023523_3278023496_STOP35,0.8125,4.5,8,2,0.875,0.125,finansial,Jalan Layang Kiaracondong
3278023523_3278023496_STOP448,0.625,2.88,8,4,0.5,0.5,komersial;finansial,Jalan Layang Kiaracondong
3278023523_3278023496_STOP449,0.75,3.13,8,3,0.5,0.375,lainnya;katering,Jalan Layang Kiaracondong
3278023523_3278023496_STOP839,0.7917,3.25,8,4,0.5,0.375,lainnya;komersial;finansial,Jalan Layang Kiaracondong
3278023523_3278023496_STOP840,0.6875,2.5,8,3,0.375,0.625,komersial;finansial,Jalan Layang Kiaracondong
3278023523_7698632127_STOP35,0.8125,4.5,8,2,0.875,0.125,finansial,Jalan Layang Kiaracondong
3278058148_10173744442_STOP562,0.7969,3.38,8,3,0.5,0.5,lainnya;kesehatan,Jalan Ambon
3278058148_12809507139_STOP562,0.7969,3.38,8,3,0.5,0.5,lainnya;kesehatan,Jalan Madura
3278058148_1849525862_STOP155,0.8884,4.75,8,3,1,0,lainnya,Jalan Ambon
3278058148_1849525862_STOP559,0.7009,4.25,8,3,0.875,0.125,lainnya,Jalan Ambon
3278058148_1849525862_STOP562,0.7969,3.38,8,3,0.5,0.5,lainnya;kesehatan,Jalan Ambon
3278058148_1849525862_STOP577,0.8259,4.38,8,3,0.875,0.125,lainnya,Jalan Ambon
3278061603_29434777_STOP796,0.8125,4.75,8,4,1,0,lainnya;katering;komersial,Jalan Sadakeling
3278061603_6470065668_STOP796,0.75,4.25,8,4,0.875,0.125,lainnya;katering,Jalan Sadakeling
3278061603_6470065668_STOP797,0.6458,4.13,8,3,0.75,0.125,lainnya;finansial;komersial,Jalan Sadakeling
3278061604_12806120213_STOP545,0.875,4.38,8,4,0.875,0.125,komersial;lainnya;katering,Jalan Cikawao
3278061604_12806120213_STOP794,0.8125,4.63,8,3,0.875,0,katering;komersial,Jalan Cikawao
3278061604_12806120213_STOP795,0.875,4,8,3,0.75,0.25,komersial;lainnya,Jalan Cikawao
3278061604_5360355190_STOP545,0.875,4.38,8,4,0.875,0.125,komersial;katering;lainnya,Jalan Cikawao
3359249111_2519403309_STOP211,0.6875,2.13,8,2,0.25,0.75,komersial,"['Randu Sari Raya', 'Jalan Pratista Timur', 'Jalan Randu Sari Raya', 'Jalan Pratista Barat', 'Jalan Babakansari', 'Jalan Babakan Sari 1', 'Jalan Babakan Sari', 'Jalan Babakansari I']"
3359249111_2519403309_STOP214,0.7917,4.25,8,3,0.75,0.125,komersial;lainnya;finansial,"['Randu Sari Raya', 'Jalan Pratista Timur', 'Jalan Randu Sari Raya', 'Jalan Pratista Barat', 'Jalan Babakansari', 'Jalan Babakan Sari 1', 'Jalan Babakan Sari', 'Jalan Babakansari I']"
3359249111_7137977722_STOP214,0.7917,4.25,8,3,0.75,0.125,komersial;lainnya;finansial,Jalan Babakan Sari 1
3359249111_7631660258_STOP211,0.7917,4.25,8,3,0.75,0.125,lainnya;komersial;finansial,Jalan H. Ibrahim Adjie
3359249111_7631660258_STOP214,0.7917,4.25,8,3,0.75,0.125,komersial;lainnya;finansial,Jalan H. Ibrahim Adjie
3374026391_1849525906_STOP236,0.875,5,8,3,1,0,lainnya;katering,Jalan Diponegoro
3374026391_1849525906_STOP31,0.875,5,8,3,1,0,katering;lainnya,Jalan Diponegoro
3374026391_1849526022_STOP236,0.875,5,8,3,1,0,lainnya;katering,Jalan Ir. H. Djuanda
3374026391_1849526022_STOP237,0.8333,4.63,8,3,0.875,0.125,lainnya;katering,Jalan Ir. H. Djuanda
3374026391_1849526022_STOP238,0.7708,4.63,8,3,0.875,0.125,lainnya;katering,Jalan Ir. H. Djuanda
3374026391_1849526022_STOP372,1,4.88,8,4,1,0,finansial;lainnya;komersial,Jalan Ir. H. Djuanda
3374026391_2036066796_STOP236,0.875,5,8,3,1,0,lainnya;katering,Jalan Sulanjana
3374033494_5334486782_STOP683,0.875,4.88,8,5,1,0,rekreasi;lainnya;pendidikan,Jalan Kalimantan
3374033494_5360090928_STOP683,0.875,4.88,8,5,1,0,rekreasi;lainnya;pendidikan,Jalan Aceh
3374033499_12096324721_STOP293,0.75,5,8,2,1,0,kesehatan;lainnya,Jalan Tamblong
3374033499_12096324721_STOP341,0.6875,4.5,8,3,0.875,0.125,lainnya;kesehatan,Jalan Tamblong
3374033499_3375103669_STOP293,0.875,5,8,2,1,0,kesehatan,Jalan Veteran
3374033499_3375103669_STOP339,0.75,5,8,3,1,0,komersial;katering,Jalan Veteran
3374033499_3375103669_STOP701,0.9375,5,8,2,1,0,katering,Jalan Veteran
3374033502_1849525885_STOP144,0.5938,4.63,8,4,0.875,0,lainnya;katering,Jalan Asia Afrika
3374033502_1849525974_STOP144,0.75,3.75,8,5,0.625,0.25,lainnya;finansial,Jalan Lengkong Besar
3375103669_2325452463_STOP297,0.6875,4.63,8,3,0.875,0,komersial;katering,Jalan Veteran
3375103669_2325452463_STOP702,0.9375,5,8,3,1,0,komersial;katering,Jalan Veteran
3375103669_25433463_STOP339,0.8125,5,8,3,1,0,komersial;katering,Jalan Sunda
3375103669_25433463_STOP410,0.9375,4.88,8,3,1,0,kesehatan;katering;lainnya,Jalan Sunda
3375103669_25433463_STOP659,0.9375,4.5,8,2,0.875,0.125,lainnya;finansial,Jalan Sunda
3375103669_25433463_STOP702,0.875,5,8,3,1,0,komersial,Jalan Sunda
3376282077_2325451810_STOP555,0.6625,3.25,8,3,0.5,0.375,lainnya;rekreasi,Jalan Brigjend. Katamso
3376282077_6445031498_STOP555,0.725,3,8,3,0.5,0.5,lainnya,Jalan Supratman
3376282077_6445031498_STOP73,0.9375,4.75,8,3,0.875,0,lainnya;katering,Jalan Supratman
3376282078_5825223577_STOP831,0.6875,4.25,8,4,0.75,0.125,lainnya;katering;komersial;finansial,Jalan Jenderal Gatot Subroto
3376282078_7698632126_STOP35,0.8125,4.5,8,3,0.875,0.125,komersial;katering;finansial,Jalan H. Ibrahim Adjie
3376282078_7698632126_STOP831,0.6875,4.25,8,4,0.75,0.125,lainnya;katering;komersial;finansial,Jalan H. Ibrahim Adjie
3376669072_2439053889_STOP63,0.875,4.88,8,3,1,0,katering;pendidikan;komersial,Jalan Wastukancana
3376669092_1900221438_STOP170,0.7161,2,8,3,0.125,0.625,lainnya,Jalan Cihampelas
3376669092_1900221438_STOP480,0.9583,4.88,8,2,1,0,komersial;katering,Jalan Cihampelas
3376669092_1900221438_STOP482,0.875,4,8,3,0.75,0.25,lainnya;katering,Jalan Cihampelas
3376669092_1900221438_STOP64,0.875,4,8,3,0.75,0.25,katering;lainnya,Jalan Cihampelas
3376669092_29358830_STOP170,0.7485,3.5,8,3,0.5,0.25,lainnya;katering,Jalan Lamping
3376673094_3376669092_STOP170,0.8021,4,8,3,0.75,0.25,katering;lainnya,Jalan Cihampelas
3376673094_3376669092_STOP66,0.875,3.5,8,3,0.625,0.375,lainnya;katering,Jalan Cihampelas
3376673108_6627215624_STOP473,0.7083,4.75,8,3,1,0,lainnya,Jalan Dr. Setiabudi
3376673108_6627215624_STOP538,0.7188,4.5,8,3,0.875,0.125,finansial;kesehatan;lainnya,Jalan Dr. Setiabudi
3376673108_6627215624_STOP69,0.8333,4.13,8,3,0.875,0.125,lainnya,Jalan Dr. Setiabudi
3380407826_2518040289_STOP402,0.8125,3.5,8,2,0.625,0.375,finansial;kesehatan,Jalan Rumah Sakit
3380407826_3007950794_STOP205,0.7917,4.25,8,3,0.75,0.125,lainnya;katering,"['Jalan Panghegar', 'Jalan Pangaritan']"
3380407826_4191858105_STOP532,0.5,5,5,1,1,0,katering,Jalan Cinambo
3380407826_6382216825_STOP240,0.625,3.5,8,5,0.625,0.375,komersial;lainnya;katering,Jalan Rumah Sakit
3380407826_6382216825_STOP422,0.625,4.5,8,3,0.875,0.125,lainnya,Jalan Rumah Sakit
3383341287_6485352110_STOP381,0.75,4,8,4,0.75,0.25,lainnya;komersial;finansial,Jalan Soekarno-Hatta
3383341288_25446374_STOP338,0.75,3.5,8,4,0.625,0.375,komersial;finansial;lainnya,Jalan Soekarno-Hatta
3383341288_25446374_STOP381,0.75,4,8,4,0.75,0.25,lainnya;komersial;finansial,Jalan Soekarno-Hatta
3383341288_3383341287_STOP381,0.75,4,8,4,0.75,0.25,lainnya;komersial;finansial,Jalan Tanpa Nama
3419778702_1857160470_STOP537,0.875,4,8,3,0.75,0.25,kesehatan;lainnya;katering,Jalan Dipatiukur
3419778702_1857160826_STOP140,0.6771,3.38,8,4,0.625,0.375,komersial;katering;lainnya,Jalan Dipatiukur
3419778702_1857160826_STOP326,0.7708,3,8,3,0.5,0.5,lainnya;katering;komersial,Jalan Dipatiukur
3419778702_1857160826_STOP38,0.6771,3.38,8,4,0.625,0.375,lainnya;komersial;katering,Jalan Dipatiukur
3419778702_1857160826_STOP537,0.875,4,8,3,0.75,0.25,kesehatan;lainnya;katering,Jalan Dipatiukur
3445438782_29380518_STOP802,0.8542,4,8,3,0.75,0.25,lainnya;komersial,Jalan Holis
3445438782_29380518_STOP803,0.625,4.13,8,3,0.75,0.25,katering;lainnya;komersial,Jalan Holis
3445438782_3115501961_STOP497,0.75,3,8,2,0.5,0.5,kesehatan;komersial,Jalan Holis
3445438782_3115501961_STOP498,0.6875,3.5,8,3,0.625,0.375,lainnya;kesehatan,Jalan Holis
3445438782_3115501961_STOP803,0.625,4.13,8,3,0.75,0.25,lainnya;katering;komersial,Jalan Holis
3445438782_5342143067_STOP803,0.625,4.13,8,3,0.75,0.25,katering;lainnya;komersial,Jalan Tanpa Nama
3445469505_2604179154_STOP136,0.7646,4.13,8,2,0.75,0.25,komersial;lainnya,"['Jalan Rajawali Barat', 'Jalan Jend. H. Amir Machmud']"
3445469505_2604179154_STOP813,0.75,4,8,3,0.625,0.125,lainnya;katering,"['Jalan Rajawali Barat', 'Jalan Jend. H. Amir Machmud']"
3445469505_29377395_STOP136,0.8271,4.5,8,2,0.875,0.125,komersial,"['Jalan Maleber Utara', 'Jalan Paledang']"
3445469505_29377395_STOP602,0.9375,5,8,2,1,0,komersial,"['Jalan Maleber Utara', 'Jalan Paledang']"
3445484564_9167350228_STOP282,0.75,4,8,4,0.75,0.25,finansial;komersial,Jalan Jendral Sudirman
3445557996_2628296773_STOP773,0.8125,4.88,8,2,1,0,komersial;katering,"['Jalan Maleber Utara', 'Jalan Garuda']"
3445557996_29377395_STOP773,0.8125,4.88,8,2,1,0,komersial;katering,Jalan Maleber Utara
3445557996_29377395_STOP777,0.6,3.4,5,1,0.6,0.4,lainnya,Jalan Maleber Utara
3448592238_1982777430_STOP198,0.6042,3.13,8,3,0.5,0.375,lainnya;pendidikan,Jalan Soekarno-Hatta
3448592238_1982777430_STOP642,0.6146,3.13,8,3,0.5,0.375,lainnya;komersial;pendidikan,Jalan Soekarno-Hatta
3472154933_5458564731_STOP324,0.6125,2.75,8,4,0.375,0.5,lainnya;komersial,Jalan Tanpa Nama
3472154933_6411839583_STOP324,0.6125,2.75,8,4,0.375,0.5,lainnya;komersial,Jalan Buah Batu
3472154933_6411839583_STOP330,0.6875,2.75,8,3,0.375,0.5,lainnya;komersial,Jalan Buah Batu
35131375_4427752883_STOP230,0.625,3.5,8,3,0.625,0.375,komersial;lainnya,Jalan Raya Cibiru
35131375_4427752883_STOP424,0.5625,4,8,3,0.75,0.25,komersial;lainnya,Jalan Raya Cibiru
35131598_2634710039_STOP230,0.625,3,8,4,0.5,0.5,kesehatan;katering;komersial,Jalan Abdul Haris Nasution
35131598_665709306_STOP204,0.7688,3.5,8,2,0.625,0.375,finansial;lainnya,Jalan Abdul Haris Nasution
35131598_665709306_STOP230,0.6375,3.5,8,4,0.625,0.375,kesehatan;katering;komersial,Jalan Abdul Haris Nasution
35131598_665709306_STOP379,0.7312,4.88,8,3,1,0,katering;kesehatan;lainnya,Jalan Abdul Haris Nasution
35131598_665709306_STOP425,0.8313,2.63,8,3,0.375,0.625,komersial;finansial;katering,Jalan Abdul Haris Nasution
35131598_665709306_STOP6,0.7688,2.63,8,3,0.375,0.625,finansial;komersial;lainnya,Jalan Abdul Haris Nasution
35135537_12806309258_STOP419,0.875,4.88,8,4,1,0,katering;lainnya;pendidikan,Jalan Abdul Haris Nasution
35135537_12806309258_STOP420,0.875,4.88,8,4,1,0,lainnya;katering;pendidikan,Jalan Abdul Haris Nasution
35135537_12806309258_STOP421,0.875,3.88,8,4,0.75,0.25,komersial;katering;lainnya,Jalan Abdul Haris Nasution
35135537_12806309258_STOP640,0.7292,3.38,8,3,0.625,0.375,lainnya;komersial,Jalan Abdul Haris Nasution
35135537_12806309258_STOP93,0.8875,3.38,8,3,0.625,0.375,finansial;komersial;lainnya,Jalan Abdul Haris Nasution
35135537_12806309258_STOP94,0.875,4.5,8,3,0.75,0,katering;lainnya,Jalan Abdul Haris Nasution
35135537_2477126866_STOP93,0.8875,3.38,8,3,0.625,0.375,finansial;komersial;lainnya,Jalan Abdul Haris Nasution
35136034_11594016904_STOP16,0.6563,1.75,8,2,0.125,0.75,lainnya,Jalan Jenderal Ahmad Yani
35136034_303034652_STOP16,0.6563,2,8,2,0.25,0.75,lainnya,Jalan Abdul Haris Nasution
35136034_303034652_STOP206,0.75,4.75,8,2,0.875,0,komersial,Jalan Abdul Haris Nasution
35136034_303034652_STOP380,0.8125,4,8,4,0.75,0.25,kesehatan;komersial;lainnya,Jalan Abdul Haris Nasution
35136034_303034652_STOP641,0.625,4.5,8,2,0.875,0.125,lainnya,Jalan Abdul Haris Nasution
35136034_303034652_STOP96,0.5313,2.13,8,3,0.25,0.75,katering;lainnya,Jalan Abdul Haris Nasution
35137788_6412357745_STOP540,0.8125,4.88,8,3,1,0,pendidikan;katering;komersial,Jalan Tata Surya
35137789_9379377313_STOP117,0.8125,4.5,8,3,0.875,0.125,komersial;kesehatan,"['Jalan Saturnus Utara XV', 'Jalan Saturnus Tengah', 'Jalan Saturnus Selatan', 'Jalan Saturnus Utara XVII', 'Jalan Pluto Raya']"
35138338_6411536102_STOP330,0.6875,2.75,8,3,0.375,0.5,lainnya;komersial,Jalan Buah Batu
35138338_6411536102_STOP331,0.6875,4.63,8,2,1,0,finansial;lainnya,Jalan Buah Batu
35138338_6411536102_STOP718,0.6875,4.63,8,2,1,0,finansial;lainnya,Jalan Buah Batu
35138415_35138416_STOP117,0.8125,4.5,8,3,0.875,0.125,komersial;kesehatan,Jalan Pluto Raya
35138416_12692226647_STOP117,0.8125,4.5,8,3,0.875,0.125,komersial;kesehatan,Jalan Marga Cinta
35138416_35138723_STOP117,0.5813,3.88,8,3,0.75,0.25,lainnya;olahraga;komersial,"['Jalan Marga Cinta', 'Marga Cinta']"
35138416_35138723_STOP400,0.8125,5,8,4,1,0,lainnya,"['Jalan Marga Cinta', 'Marga Cinta']"
35138723_12813271265_STOP715,0.6,4.2,5,1,0.8,0.2,lainnya,Jalan Derwati
35138723_35138416_STOP117,0.5813,3.88,8,3,0.75,0.25,lainnya;olahraga;komersial,"['Jalan Marga Cinta', 'Marga Cinta']"
35138723_35138416_STOP400,0.8125,5,8,4,1,0,lainnya,"['Jalan Marga Cinta', 'Marga Cinta']"
35138922_5460962097_STOP371,0.6875,4.5,8,2,0.875,0.125,katering;lainnya,Jalan Gedebage Selatan
364328701_11028882122_STOP786,0.7292,4.88,8,3,1,0,lainnya;kesehatan,Jalan HOS. Cokroaminoto
364328701_6673594562_STOP785,0.7136,4.88,8,4,1,0,lainnya,Jalan HOS. Cokroaminoto
364328701_6673594562_STOP786,0.6667,4.88,8,4,1,0,lainnya;kesehatan,Jalan HOS. Cokroaminoto
364363786_11176912846_STOP193,0.6667,3.25,8,3,0.625,0.375,lainnya,Jalan Kebon Jukut
364363786_1916791843_STOP193,0.6667,3.38,8,3,0.625,0.375,lainnya;komersial,"['Jalan Otto Iskandardinata', 'Jalan Kebon Jukut']"
364363786_1916791843_STOP643,0.8125,3.75,8,3,0.75,0.25,katering;komersial;lainnya,"['Jalan Otto Iskandardinata', 'Jalan Kebon Jukut']"
364363786_1916791843_STOP678,0.7292,3.88,8,3,0.75,0.25,komersial;lainnya,"['Jalan Otto Iskandardinata', 'Jalan Kebon Jukut']"
364363786_1916791843_STOP832,0.7188,3.5,8,4,0.625,0.375,lainnya;katering,"['Jalan Otto Iskandardinata', 'Jalan Kebon Jukut']"
364363786_1916791843_STOP833,0.7188,3.38,8,4,0.625,0.375,lainnya;katering,"['Jalan Otto Iskandardinata', 'Jalan Kebon Jukut']"
364364130_2325451300_STOP483,0.7768,4.5,8,3,0.875,0,lainnya;katering;kesehatan,Jalan Tanpa Nama
364364130_25433677_STOP483,0.7768,4.5,8,3,0.875,0,lainnya;katering;kesehatan,Jalan Raden Adipati Aria Wiranatakusumah
364365251_2325451853_STOP485,1,5,8,2,1,0,komersial;finansial,Jalan Wastukancana
364365279_364365251_STOP485,0.7708,3,8,3,0.5,0.5,lainnya;finansial,Jalan Purnawarman
364365279_364365320_STOP485,0.7708,3,8,3,0.5,0.5,lainnya;finansial,Jalan Purnawarman
364365320_2439053868_STOP485,0.7708,2,8,3,0.25,0.75,lainnya;komersial,Jalan Wastukancana
364365320_364365251_STOP485,0.7708,2,8,3,0.25,0.75,lainnya;komersial,Jalan Wastukancana
364365556_2439023829_STOP292,0.9375,4.38,8,4,0.875,0.125,finansial;lainnya;katering,Jalan Lembong
364365556_5358212417_STOP292,0.9375,4.38,8,4,0.875,0.125,finansial;lainnya;katering,Jalan Braga
364365905_3977886808_STOP549,0.625,3.5,8,4,0.625,0.375,finansial;lainnya,Jalan Merdeka
364365905_6442968672_STOP192,0.75,3.25,8,4,0.625,0.375,finansial;lainnya,Jalan Perintis Kemerdekaan
364365905_6442968672_STOP549,0.6875,3.5,8,4,0.625,0.375,finansial;lainnya,Jalan Perintis Kemerdekaan
3862534572_3272680725_STOP362,0.8125,3.25,8,3,0.5,0.5,katering;komersial;lainnya,Bunderan Metro
3862534575_3862534572_STOP362,0.7917,3.13,8,3,0.5,0.5,katering;komersial;kesehatan,Bunderan Metro
3862534575_3869649891_STOP362,0.826,4.13,8,3,0.75,0.25,katering;kesehatan;finansial,Jalan Venus Raya
3869649891_3862534572_STOP362,0.826,4.13,8,3,0.75,0.25,katering;kesehatan;finansial,Jalan Venus Raya
3869649891_6412357745_STOP362,0.7635,4.13,8,3,0.75,0.25,kesehatan;katering,Jalan Tata Surya
3869649891_6412357745_STOP540,1,4.75,8,2,1,0,katering;komersial,Jalan Tata Surya
389137494_3248886992_STOP256,1,5,8,3,1,0,komersial;lainnya;katering,Jalan BKR
389137494_3272360369_STOP256,1,5,8,3,1,0,komersial;lainnya;katering,Jalan Sriwijaya
389137494_3272360369_STOP310,0.5,5,5,1,1,0,lainnya,Jalan Sriwijaya
389137494_3272360369_STOP319,0.75,4.88,8,3,1,0,lainnya,Jalan Sriwijaya
389137494_3277416899_STOP256,1,5,8,3,1,0,komersial;lainnya;katering,Jalan Sriwijaya
389140807_30602861_STOP544,0.7625,4,8,3,0.75,0.25,kesehatan;komersial;lainnya,Jalan Karapitan
389140807_30602861_STOP60,0.8042,4,8,2,0.75,0.25,komersial;lainnya,Jalan Karapitan
389140807_30602861_STOP796,0.8042,4,8,2,0.75,0.25,komersial;lainnya,Jalan Karapitan
389140807_3110090805_STOP544,0.7625,4,8,3,0.75,0.25,kesehatan;komersial;lainnya,Jalan Lauk Emas
389140807_3110090805_STOP60,0.875,4,8,4,0.75,0.25,lainnya;komersial,Jalan Lauk Emas
3977886808_29352423_STOP549,0.75,4.5,8,4,0.875,0.125,lainnya;finansial,Jalan Jawa
3977886808_3977886810_STOP549,0.75,4.5,8,4,0.875,0.125,lainnya;finansial,Jalan Merdeka
3977886810_10793101435_STOP292,0.9375,4.5,8,3,0.875,0.125,lainnya;katering,Jalan Merdeka
3977886810_10793101435_STOP415,0.8125,4.5,8,4,0.875,0.125,lainnya;finansial,Jalan Merdeka
3977886810_10793101435_STOP549,0.8125,4.5,8,4,0.875,0.125,lainnya;finansial,Jalan Merdeka
4118981192_4123953208_STOP453,0.875,4.88,8,2,1,0,katering;lainnya,Jalan Cisaranten Kulon
4118981192_4123953208_STOP606,0.8125,4.25,8,3,0.75,0.125,lainnya;komersial;katering,Jalan Cisaranten Kulon
4118981192_7284124068_STOP452,0.625,2.38,8,3,0.125,0.625,komersial,Soekarno Hatta Frontage Boulevard
4118981192_7284124068_STOP453,0.6875,2.88,8,3,0.375,0.5,komersial;lainnya,Soekarno Hatta Frontage Boulevard
4118981192_7284124068_STOP606,0.5625,2.63,8,3,0.25,0.625,komersial,Soekarno Hatta Frontage Boulevard
4123953208_4118981192_STOP453,0.875,4.88,8,2,1,0,katering;lainnya,Jalan Cisaranten Kulon
4123953208_4118981192_STOP606,0.875,4.63,8,3,0.875,0,lainnya;katering;komersial,Jalan Cisaranten Kulon
4123953208_5348482654_STOP532,0.8021,4.13,8,3,0.75,0.125,katering;lainnya,Jalan Cisaranten Kulon
4123957908_4123963983_STOP148,0.6875,5,8,3,1,0,lainnya;komersial,Jalan Tanpa Nama
4123963983_4123957908_STOP148,0.6875,5,8,3,1,0,lainnya;komersial,Jalan Tanpa Nama
4123963983_7132452340_STOP148,0.6875,4.75,8,2,0.875,0,lainnya,Jalan Soekarno-Hatta
4123963983_7132452340_STOP828,0.6875,4.75,8,2,0.875,0,lainnya,Jalan Soekarno-Hatta
4140347904_4141587843_STOP324,0.6875,2.75,8,4,0.375,0.5,lainnya;komersial,Jalan Ciparay
4140347904_5458564731_STOP324,0.6125,2.75,8,4,0.375,0.5,lainnya;komersial,Jalan Buah Batu
4141587843_12813271261_STOP324,0.5,5,5,1,1,0,lainnya,Jalan Logam
4141587843_12813271261_STOP330,0.6354,4.63,8,3,0.875,0.125,lainnya;komersial,Jalan Logam
4141587843_12813271261_STOP5,0.6979,4.63,8,3,0.875,0.125,lainnya;komersial;kesehatan,Jalan Logam
4141587843_4140347904_STOP324,0.6875,2.75,8,4,0.375,0.5,lainnya;komersial,Jalan Ciparay
4146694789_1107494473_STOP49,0.7083,4.5,8,3,0.875,0.125,katering;lainnya;finansial,"['Jalan Salendro', 'Jalan R.A.A. Martanegara']"
4146694789_1107494473_STOP737,0.6833,4.25,8,3,0.875,0.125,lainnya;komersial,"['Jalan Salendro', 'Jalan R.A.A. Martanegara']"
4146694789_1107494473_STOP738,0.6833,4.25,8,3,0.875,0.125,lainnya;komersial,"['Jalan Salendro', 'Jalan R.A.A. Martanegara']"
4146694789_1107494473_STOP739,0.8333,4.5,8,5,0.875,0.125,katering;komersial;lainnya,"['Jalan Salendro', 'Jalan R.A.A. Martanegara']"
4146694789_1107494473_STOP740,0.8333,4.5,8,4,0.875,0.125,komersial;katering;lainnya,"['Jalan Salendro', 'Jalan R.A.A. Martanegara']"
4146694789_29489323_STOP49,0.8125,4.5,8,3,0.875,0.125,katering;finansial;lainnya,Jalan R.A.A. Martanegara
4146694789_29489323_STOP570,0.8125,4,8,3,0.75,0.25,finansial;katering,Jalan R.A.A. Martanegara
4146694789_29489330_STOP49,0.7083,4.5,8,3,0.875,0.125,katering;lainnya;finansial,Jalan Turangga
4146694789_29489330_STOP50,0.7708,4.5,8,3,0.875,0.125,komersial;lainnya,Jalan Turangga
4146694789_29489330_STOP574,0.8125,4.25,8,3,0.75,0.125,pendidikan;lainnya,Jalan Turangga
4146694789_29489330_STOP734,0.8333,3,8,3,0.5,0.5,finansial;komersial;lainnya,Jalan Turangga
4146694789_29489330_STOP736,0.7708,3,8,3,0.5,0.5,komersial;finansial,Jalan Turangga
4146694789_29489330_STOP737,0.7083,5,8,3,1,0,katering;lainnya;pendidikan,Jalan Turangga
4169236625_29356964_STOP337,0.7024,4.13,8,3,0.75,0.125,lainnya;katering,Jalan Bungur
4169236625_7298267086_STOP337,0.7024,4.13,8,3,0.75,0.125,lainnya;katering,"['Jalan Simpang Sukaresmi', 'Jalan Lembah Sukaresmi']"
4183530883_4183530886_STOP532,0.6771,3.88,8,3,0.75,0.25,katering,Jalan Golf Raya
4183530883_4183530886_STOP533,0.6,5,5,1,1,0,finansial,Jalan Golf Raya
4183530883_4183530886_STOP534,0.8125,4.5,8,3,0.875,0.125,katering;finansial;komersial,Jalan Golf Raya
4183530883_4191858105_STOP532,0.6771,3.88,8,3,0.75,0.25,katering,Jalan Cinambo
4183530883_5348482654_STOP532,0.6771,3.88,8,3,0.75,0.25,katering,Jalan Cinambo
4183530886_11310497696_STOP720,0.8125,5,8,3,1,0,komersial;lainnya,Jalan Golf Raya
4183530886_2477132808_STOP531,0.6,3.8,5,1,0.8,0.2,komersial,Jalan Golf I
4183530886_2477132808_STOP533,0.6,3.8,5,1,0.8,0.2,komersial,Jalan Golf I
4183530886_2477132808_STOP720,0.7,4.8,5,1,1,0,komersial,Jalan Golf I
4183530886_4183530883_STOP532,0.6771,3.88,8,3,0.75,0.25,katering,Jalan Golf Raya
4183530886_4183530883_STOP533,0.6,5,5,1,1,0,finansial,Jalan Golf Raya
4183530886_4183530883_STOP534,0.8125,4.5,8,3,0.875,0.125,katering;finansial;komersial,Jalan Golf Raya
4183530886_4183530883_STOP720,0.7,4.8,5,1,1,0,komersial,Jalan Golf Raya
4191858105_3380407826_STOP532,0.5,5,5,1,1,0,katering,Jalan Cinambo
4191858105_4183530883_STOP532,0.5,5,5,1,1,0,katering,Jalan Cinambo
4191858105_4191858159_STOP532,0.5,5,5,1,1,0,katering,Jalan Cisaranten Wetan
4191858105_4191858159_STOP826,0.6458,4.5,8,3,0.875,0.125,lainnya;finansial,Jalan Cisaranten Wetan
4191858159_4191858105_STOP532,0.5,5,5,1,1,0,katering,Jalan Cisaranten Wetan
4191858159_4191858105_STOP826,0.6458,4.5,8,3,0.875,0.125,lainnya;finansial,Jalan Cisaranten Wetan
4191858159_7132472251_STOP826,0.625,3.88,8,3,0.75,0.25,katering;lainnya;finansial,Soekarno Hatta Frontage Boulevard
4191858159_7132472251_STOP827,0.625,3.88,8,3,0.75,0.25,katering;lainnya;finansial,Soekarno Hatta Frontage Boulevard
4258557080_1108653643_STOP501,0.8125,4.63,8,3,0.875,0,komersial;lainnya,Jalan Jenderal Gatot Subroto
4258557080_1108653643_STOP703,0.6875,4.25,8,3,0.75,0.125,komersial;lainnya,Jalan Jenderal Gatot Subroto
4258557080_25435214_STOP703,0.6875,4.25,8,3,0.75,0.125,komersial;lainnya,Jalan Jenderal Gatot Subroto
4262068495_320093962_STOP150,0.9018,5,8,3,1,0,kesehatan;lainnya;komersial,Jalan Dr. Setiabudi
4262068495_320094027_STOP150,0.9018,5,8,3,1,0,kesehatan;komersial;lainnya,Jalan Dokter Setiabudi
4375366198_29356737_STOP349,0.6732,3.38,8,3,0.625,0.375,lainnya;komersial,Jalan Dr. Djunjunan
4375366198_29356737_STOP392,0.7521,4.25,8,3,0.75,0.125,komersial;lainnya,Jalan Dr. Djunjunan
4375366198_29356737_STOP592,0.8482,4.75,8,2,1,0,olahraga;lainnya,Jalan Dr. Djunjunan
4375366198_29356737_STOP630,0.8146,4.13,8,4,0.75,0.125,katering;lainnya;komersial,Jalan Dr. Djunjunan
4375366198_29377839_STOP630,0.9063,4.5,8,3,0.875,0.125,katering;komersial;lainnya,Jalan Suka Mulya
4376716070_1837401675_STOP199,0.7458,4.38,8,3,0.875,0.125,katering;lainnya,Jalan Jendral Sudirman
4376716070_1837401675_STOP277,0.7946,3.75,8,3,0.75,0.25,komersial;lainnya,Jalan Jendral Sudirman
4376716070_1837401675_STOP437,0.7458,4.38,8,3,0.875,0.125,katering;lainnya,Jalan Jendral Sudirman
4376877443_1658919899_STOP353,0.8438,4.38,8,3,0.875,0.125,lainnya;komersial,Jalan Cihampelas
4376877443_1658919899_STOP64,0.9063,4.38,8,4,0.875,0.125,lainnya;katering,Jalan Cihampelas
4376877443_1900221414_STOP482,0.9375,4.5,8,4,0.875,0.125,katering;lainnya,Jalan Profesor Christiaan Eijkman
4376877443_1900221414_STOP64,0.9375,4.5,8,4,0.875,0.125,lainnya;katering,Jalan Profesor Christiaan Eijkman
4427752879_35131375_STOP230,0.5625,2.63,8,3,0.375,0.625,komersial;katering;lainnya,Jalan Raya Cibiru
4427752879_35131375_STOP424,0.5625,4,8,3,0.75,0.25,komersial;lainnya,Jalan Raya Cibiru
4427752879_4427752883_STOP230,0.5625,2.63,8,3,0.375,0.625,komersial;katering;lainnya,Jalan Tanpa Nama
4427752883_12806516351_STOP230,0.625,3.13,8,3,0.5,0.5,lainnya;komersial;katering,Jalan Raya Cibiru
4434330182_1837401665_STOP301,0.6042,3,8,3,0.375,0.375,komersial;finansial,Jalan Jendral Sudirman
4434330182_4434330186_STOP301,0.6042,3,8,3,0.375,0.375,komersial;finansial,Jalan Tanpa Nama
4434330186_5354169655_STOP301,0.6875,3.38,8,2,0.5,0.25,komersial;finansial,Jalan Jamika
4434330186_5354169655_STOP841,0.6875,4,8,3,0.625,0.125,komersial;finansial,Jalan Jamika
4434330589_3277883741_STOP224,0.9375,5,8,2,1,0,komersial;lainnya,Jalan Otto Iskandardinata
4434330589_6443280179_STOP224,0.9375,5,8,2,1,0,komersial;lainnya,Jalan Otto Iskandardinata
4620173045_12806309251_STOP100,0.7833,3,8,3,0.5,0.5,lainnya,Jalan Abdul Haris Nasution
4620173045_12806309251_STOP380,0.8125,4,8,4,0.75,0.25,lainnya;kesehatan;komersial,Jalan Abdul Haris Nasution
4620173045_12806309251_STOP93,0.7833,3,8,2,0.5,0.5,lainnya,Jalan Abdul Haris Nasution
4620173045_2477130409_STOP380,0.8125,4,8,4,0.75,0.25,lainnya;kesehatan;komersial,Jalan Pacuan Kuda
4620173045_303034652_STOP380,0.8125,4,8,4,0.75,0.25,lainnya;kesehatan;komersial,Jalan Abdul Haris Nasution
479733030_319706490_STOP19,0.625,3.25,8,3,0.5,0.375,katering;lainnya,Jalan Ciumbuleuit
4854744076_2325451719_STOP84,0.6875,3.13,8,3,0.375,0.375,finansial;komersial;lainnya,Jalan Pajajaran
5205570048_29489421_STOP529,0.8333,5,8,5,1,0,komersial;kesehatan;finansial;pendidikan,Jalan Cikutra
5205570048_29489421_STOP57,0.8333,5,8,5,1,0,kesehatan;komersial;pendidikan;finansial,Jalan Cikutra
5205570048_29489421_STOP621,0.6563,3.38,8,4,0.625,0.375,lainnya,Jalan Cikutra
5205570048_29489421_STOP623,0.5938,3.88,8,3,0.75,0.25,lainnya;komersial,Jalan Cikutra
5205570048_5205570053_STOP621,0.6563,3.38,8,4,0.625,0.375,lainnya,Jalan Jenderal Ahmad Yani
5205570048_5408954334_STOP621,0.6563,3.38,8,4,0.625,0.375,lainnya,Jalan Cikutra
5205570053_2477161772_STOP208,1,4.5,8,2,0.875,0.125,komersial,Jalan Jenderal Ahmad Yani
5205570053_2477161772_STOP209,0.8125,3.38,8,2,0.625,0.375,finansial;komersial,Jalan Jenderal Ahmad Yani
5205570053_2477161772_STOP623,0.7188,2.88,8,4,0.5,0.5,komersial;lainnya,Jalan Jenderal Ahmad Yani
5205570053_2477161772_STOP624,0.75,3,8,2,0.5,0.5,komersial;lainnya,Jalan Jenderal Ahmad Yani
5205570053_2477161772_STOP625,0.875,4.88,8,3,1,0,finansial;komersial,Jalan Jenderal Ahmad Yani
5205570053_5408954334_STOP621,0.6563,2.38,8,4,0.375,0.625,lainnya;komersial,Jalan Jenderal Ahmad Yani
5205570053_5408954334_STOP623,0.6563,2.38,8,4,0.375,0.625,lainnya;komersial,Jalan Jenderal Ahmad Yani
5269229741_3272299563_STOP368,0.625,4.38,8,3,0.875,0.125,lainnya,Jalan Soekarno-Hatta
5269229741_5444644720_STOP368,0.625,3.88,8,3,0.75,0.25,lainnya,Jalan Batu Api
5269229741_5444644720_STOP460,0.5625,4.38,8,3,0.875,0.125,lainnya;komersial,Jalan Batu Api
5278840351_2012498697_STOP77,0.875,4.88,8,4,1,0,lainnya;pendidikan;komersial;katering,Jalan HOS. Cokroaminoto
5278840351_2012498697_STOP78,0.9688,4.38,8,4,0.875,0.125,lainnya;pendidikan;katering;kesehatan,Jalan HOS. Cokroaminoto
5278840351_25433686_STOP474,0.875,4.88,8,3,1,0,komersial;finansial;pendidikan,Jalan HOS. Cokroaminoto
5278840351_25433686_STOP77,0.875,4.88,8,4,1,0,pendidikan;lainnya;komersial;katering,Jalan HOS. Cokroaminoto
5293711619_13713992504_STOP669,0.875,5,8,3,1,0,katering;komersial;lainnya,Jalan Hayam Wuruk
5293711619_13713992504_STOP805,0.875,5,8,3,1,0,katering;komersial;lainnya,Jalan Hayam Wuruk
5293711619_7190149301_STOP669,0.875,5,8,3,1,0,katering;komersial;lainnya,Jalan Banda
5293786192_2519917284_STOP575,0.8125,4.63,8,4,0.875,0.125,katering;kesehatan;pendidikan,Jalan Diponegoro
5330289517_5447158246_STOP118,0.6875,4.63,8,2,1,0,finansial;lainnya,Jalan Marga Cinta
5330289517_6609265322_STOP118,0.6875,4.63,8,2,1,0,finansial;lainnya,Jalan Buah Batu
5332863119_12633822765_STOP395,0.9063,4.63,8,3,0.875,0.125,lainnya;finansial;katering,Jalan H. Ibrahim Adjie
5332863130_1849960008_STOP216,0.8333,4.88,8,3,1,0,lainnya;finansial,Jalan Jakarta
5332863130_1849960008_STOP217,0.8125,4.63,8,4,0.875,0.125,lainnya;pendidikan,Jalan Jakarta
5332863130_1849960008_STOP612,0.75,4.63,8,4,0.875,0.125,lainnya;pendidikan,Jalan Jakarta
5332863130_1849960008_STOP636,0.8958,4.88,8,4,1,0,finansial;lainnya;pendidikan,Jalan Jakarta
5332863130_1849960008_STOP843,0.8333,4.88,8,3,1,0,finansial;lainnya,Jalan Jakarta
5334388842_25433686_STOP242,0.7143,4,8,4,0.75,0.125,katering;lainnya,Jalan dr. Rajiman
5334388842_25433686_STOP475,0.875,5,8,3,1,0,komersial;finansial;lainnya,Jalan dr. Rajiman
5334388842_25447004_STOP242,0.7143,4,8,4,0.75,0.125,katering;lainnya,Jalan dr. Rajiman
5334388857_1108586472_STOP373,1,5,8,3,1,0,finansial;lainnya,Jalan Saung Galing
5334388857_1849528721_STOP373,1,5,8,3,1,0,finansial;lainnya,Jalan Rangga Gadang
5334388861_1658919856_STOP353,0.8438,4.38,8,3,0.875,0.125,lainnya;komersial,Jalan Layang Professor Mochtar Kusumaatmadja
5334486782_32042327_STOP340,0.75,4,8,4,0.75,0.25,rekreasi;lainnya;pendidikan,Jalan Kalimantan
5334486782_32042327_STOP683,0.875,4.88,8,5,1,0,rekreasi;lainnya;pendidikan,Jalan Kalimantan
5334558654_1108586472_STOP238,0.8333,4.63,8,4,0.875,0.125,lainnya;katering,Jalan Rangga Malela
5334558654_1108586472_STOP373,0.9375,5,8,4,1,0,finansial;lainnya;katering,Jalan Rangga Malela
5334558654_1108586472_STOP578,0.75,3.5,8,3,0.625,0.375,lainnya;komersial;katering,Jalan Rangga Malela
5334558654_29359719_STOP578,0.75,3.5,8,3,0.625,0.375,komersial;lainnya;katering,Jalan Rangga Malela
5334558654_9755546377_STOP578,0.75,3.5,8,3,0.625,0.375,komersial;lainnya;katering,Jalan Saung Galing
5340138155_1658976883_STOP353,0.8958,5,8,3,1,0,kesehatan;komersial;lainnya,Jalan Pasteur
5340138155_2012565708_STOP353,0.8601,4.88,8,3,1,0,kesehatan;komersial;lainnya,Jalan Raden Adipati Aria Wiranatakusumah
5344074236_3445484564_STOP282,0.625,3.5,8,3,0.625,0.375,finansial;komersial;lainnya,Jalan Tanpa Nama
5344074236_9167350227_STOP282,0.75,4,8,4,0.75,0.25,finansial;komersial,Jalan Jendral Sudirman
5344074239_3245886198_STOP281,0.7292,3,8,2,0.5,0.5,lainnya,Jalan Raya Cijerah
5344074239_9167367930_STOP281,0.7292,3,8,2,0.5,0.5,lainnya,Jalan Jendral Sudirman
5346161426_13239081325_STOP90,0.5667,3.8,5,1,0.6,0.2,kesehatan,Jalan Tanpa Nama
5346593290_1911634996_STOP280,0.6042,2,8,4,0.25,0.75,lainnya;rekreasi,Jalan Jendral Sudirman
5346593290_1911634996_STOP375,0.75,4.25,8,3,0.875,0.125,lainnya;finansial,Jalan Jendral Sudirman
5346593290_5495698458_STOP280,0.7292,4,8,5,0.75,0.25,rekreasi;lainnya;kesehatan;komersial,Jalan Jendral Sudirman
5348422777_5354169652_STOP314,0.875,4.88,8,3,1,0,komersial,Jalan Jamika
5348422777_5354169652_STOP841,0.8958,4.88,8,2,1,0,komersial;kesehatan,Jalan Jamika
5348422779_2325452720_STOP314,0.9063,4.88,8,3,1,0,komersial,Jalan Terusan Pasir Koja
5348422779_5348422777_STOP314,0.9063,4.88,8,3,1,0,komersial,Jalan Tanpa Nama
5348482654_2477132814_STOP532,0.8021,4.13,8,3,0.75,0.125,katering;lainnya,Jalan Cisaranten Kulon
5348482654_2477132814_STOP533,0.6875,3.88,8,4,0.75,0.25,pendidikan;komersial;finansial,Jalan Cisaranten Kulon
5348482654_2477132814_STOP534,0.9375,5,8,2,1,0,finansial;lainnya,Jalan Cisaranten Kulon
5348482654_2477132814_STOP98,0.7813,4,8,3,0.625,0.125,katering;lainnya,Jalan Cisaranten Kulon
5348482654_4123953208_STOP532,0.8021,4.13,8,3,0.75,0.125,katering;lainnya,Jalan Cisaranten Kulon
5348482654_4183530883_STOP532,0.6771,3.88,8,3,0.75,0.25,katering,Jalan Cinambo
5348638990_3252877763_STOP384,0.5625,4.63,8,2,1,0,finansial;komersial,Jalan Soekarno-Hatta
5348639847_10125360885_STOP108,0.5104,3.25,8,2,0.625,0.375,lainnya,Jalan Soekarno-Hatta
5348748819_5348748820_STOP271,0.75,3.5,8,3,0.625,0.375,finansial;komersial;lainnya,Jalan Tanpa Nama
5348748819_5862690000_STOP157,0.8125,4,8,3,0.75,0.25,lainnya;komersial;katering,Jalan Leuwi Panjang
5348748819_5862690000_STOP271,0.75,3.5,8,3,0.625,0.375,finansial;komersial;lainnya,Jalan Leuwi Panjang
5348748820_5348748819_STOP271,0.75,3.5,8,3,0.625,0.375,finansial;komersial;lainnya,Jalan Tanpa Nama
5348748820_5862690014_STOP271,0.7083,3.25,8,3,0.5,0.375,finansial;komersial,Jalan Leuwi Panjang
5348770323_1014722257_STOP22,0.8333,4.88,8,3,1,0,kesehatan;komersial;lainnya,Jalan Mohammad Toha
5348770323_1014722257_STOP227,0.7083,4.5,8,2,0.875,0,lainnya;komersial,Jalan Mohammad Toha
5348770323_1014722257_STOP593,0.9375,4.5,8,2,0.875,0.125,komersial;finansial,Jalan Mohammad Toha
5348770323_10771913958_STOP227,0.7083,4.5,8,2,0.875,0,komersial;lainnya,Jalan Mohammad Toha
5348770323_10771913958_STOP270,0.7083,4.5,8,2,0.875,0,komersial;lainnya,Jalan Mohammad Toha
5348770388_6619012656_STOP119,1,4.63,8,2,0.875,0.125,lainnya;komersial,Jalan Soekarno-Hatta
5348770388_6619012656_STOP389,0.9375,4.38,8,3,0.875,0.125,lainnya;komersial,Jalan Soekarno-Hatta
5348770388_6619012656_STOP461,0.8125,3.13,8,2,0.5,0.5,lainnya,Jalan Soekarno-Hatta
5348770388_6631082518_STOP389,0.8958,4.38,8,4,0.875,0.125,lainnya;komersial,Jalan Tanpa Nama
5353615188_1658919856_STOP353,0.8958,5,8,3,1,0,komersial;kesehatan;lainnya,Jalan Layang Professor Mochtar Kusumaatmadja
5353615188_1658919856_STOP72,0.8438,4.38,8,3,0.875,0.125,lainnya;komersial,Jalan Layang Professor Mochtar Kusumaatmadja
5353724829_5340138155_STOP353,0.8601,4.88,8,3,1,0,kesehatan;komersial;lainnya,Jalan Pasteur
5353724829_7111571825_STOP353,0.7976,4.38,8,3,0.875,0.125,kesehatan;lainnya,Jalan Tanpa Nama
5353894751_6380244015_STOP535,0.5833,3.5,8,3,0.5,0.25,lainnya;komersial;katering,Jalan Tanpa Nama
5353894751_7284403249_STOP535,0.5833,3.5,8,3,0.5,0.25,komersial;katering;lainnya,Jalan Soekarno-Hatta
5353901439_10187187001_STOP120,0.8958,5,8,3,1,0,komersial;lainnya,Jalan Soekarno-Hatta
5353901439_5482193900_STOP120,0.8958,5,8,3,1,0,komersial;lainnya,Jalan Pasir Salam
5353902321_10166777280_STOP139,0.6875,1,8,2,0,1,lainnya,Jalan Haji Tatang Sumantri
5353902321_5353902328_STOP139,0.6875,1,8,2,0,1,lainnya,Jalan Mekar Agung
5353902327_5353902321_STOP139,0.6875,1,8,2,0,1,lainnya,Jalan Mekar Utama
5353902328_5353902327_STOP139,0.6875,1,8,2,0,1,lainnya,Jalan Mekar Agung
5353902328_5490125457_STOP139,0.6875,1,8,2,0,1,lainnya,Jalan Mekar Utama
5353902572_5490125456_STOP139,0.5625,2.88,8,2,0.5,0.5,lainnya;finansial,"['Jalan Mekar Utama', 'Jalan Mekar Laksana']"
5353902843_5487650882_STOP198,0.5,4.2,5,1,0.8,0.2,pendidikan,Jalan Tanpa Nama
5353902843_9253047317_STOP198,0.7813,4.38,8,3,0.875,0.125,pendidikan;komersial;lainnya,Jalan Mekar Puspita
5353902926_29489276_STOP385,0.54,4.2,5,1,0.8,0.2,komersial,Jalan Indrayasa
5353902926_6468977370_STOP385,0.54,4.2,5,1,0.8,0.2,komersial,Jalan Indrayasa
5353902941_1014722675_STOP22,0.8125,5,8,4,1,0,komersial;lainnya;kesehatan,Jalan Inhoftank
5353902941_1014722675_STOP226,0.6875,5,8,4,1,0,komersial;lainnya,Jalan Inhoftank
5353902941_1014722675_STOP607,0.75,5,8,3,1,0,komersial;lainnya,Jalan Inhoftank
5353902941_3110265315_STOP22,0.8125,5,8,4,1,0,komersial;lainnya;kesehatan,Jalan Inhoftank
5353902941_3110265315_STOP593,0.75,5,8,4,1,0,komersial;lainnya,Jalan Inhoftank
5354169648_1911634983_STOP375,0.8125,3.5,8,3,0.625,0.375,lainnya;finansial,"['Jalan Situ', 'Jalan Pagarsih Barat']"
5354169648_1911634983_STOP841,0.7708,3.88,8,2,0.75,0.25,komersial,"['Jalan Situ', 'Jalan Pagarsih Barat']"
5354169648_7624564242_STOP841,0.7708,3.88,8,2,0.75,0.25,komersial,Jalan Pagarsih Barat
5354169650_6475102309_STOP279,0.6875,3.38,8,2,0.5,0.25,komersial;finansial,Jalan Jamika
5354169650_6475102309_STOP841,0.8125,3.38,8,2,0.625,0.375,komersial,Jalan Jamika
5354169652_2325452491_STOP841,0.7708,3.88,8,2,0.75,0.25,komersial,Jalan Jamika
5354169652_5354169648_STOP841,0.7708,3.88,8,2,0.75,0.25,komersial,Jalan Tanpa Nama
5354169655_2325452490_STOP841,0.7708,3.13,8,2,0.5,0.375,komersial;finansial,Jalan Jamika
5354169655_5354169657_STOP841,0.7708,3.13,8,2,0.5,0.375,komersial;finansial,Jalan Tanpa Nama
5354169657_1911634930_STOP109,0.7917,3.5,8,3,0.625,0.375,komersial;lainnya,Jalan Pagarsih Barat
5354169657_1911634930_STOP223,0.6875,4,8,3,0.75,0.25,komersial,Jalan Pagarsih Barat
5354169657_1911634930_STOP278,0.875,4.88,8,4,1,0,finansial;komersial,Jalan Pagarsih Barat
5354169657_1911634930_STOP841,0.7292,3.63,8,3,0.625,0.25,komersial;finansial;kesehatan,Jalan Pagarsih Barat
5354169657_7624564243_STOP841,0.7083,3.13,8,2,0.5,0.375,finansial;komersial,Jalan Pagarsih Barat
5354169659_5354191264_STOP314,0.875,4.88,8,3,1,0,komersial,Jalan Jamika
5354169659_5354191264_STOP841,0.8958,4.88,8,2,1,0,komersial;kesehatan,Jalan Jamika
5354191258_2325452855_STOP158,0.8125,4,8,4,0.75,0.25,komersial;katering;lainnya,Jalan Peta
5354191258_2325452855_STOP314,0.8438,4.88,8,4,1,0,komersial,Jalan Peta
5354191261_2325452722_STOP314,0.875,4.88,8,3,1,0,komersial,Jalan Pasir Koja
5354191261_5354191258_STOP314,0.875,4.88,8,3,1,0,komersial,Jalan Tanpa Nama
5354191262_2325452718_STOP314,0.875,4.88,8,3,1,0,komersial,Jalan Pasir Koja
5354191264_2325452719_STOP314,0.875,4.88,8,3,1,0,komersial,Jalan Jamika
5354191264_5354191262_STOP314,0.875,4.88,8,3,1,0,komersial,Jalan Tanpa Nama
5354191266_2325453511_STOP158,0.6458,4.5,8,4,0.875,0.125,lainnya;finansial;katering,"['Jalan Situgunting Timur', 'Jalan Babakan Ciparay']"
5354191266_2325453511_STOP314,0.7813,5,8,4,1,0,komersial;lainnya,"['Jalan Situgunting Timur', 'Jalan Babakan Ciparay']"
5354191266_2325453511_STOP317,0.8125,3.5,8,3,0.625,0.375,lainnya;finansial,"['Jalan Situgunting Timur', 'Jalan Babakan Ciparay']"
5354191266_2325453511_STOP384,0.5625,4.63,8,2,1,0,finansial;komersial,"['Jalan Situgunting Timur', 'Jalan Babakan Ciparay']"
5354191266_5354191267_STOP314,0.8438,4.88,8,4,1,0,komersial,Jalan Situgunting Timur
5354191267_2325452724_STOP314,0.8438,4.88,8,4,1,0,komersial,Jalan Situgunting Timur
5354191267_5354191266_STOP314,0.8438,4.88,8,4,1,0,komersial,Jalan Situgunting Timur
5354191267_5354191270_STOP314,0.8438,4.88,8,4,1,0,komersial,Jalan Tanpa Nama
5354191268_2325452724_STOP314,0.8438,4.88,8,4,1,0,komersial,Jalan Peta
5354191268_5354191266_STOP314,0.8438,4.88,8,4,1,0,komersial,Jalan Tanpa Nama
5354191270_3272539236_STOP314,0.8438,4.88,8,4,1,0,komersial,Jalan Terusan Pasir Koja
5354191270_3272539236_STOP315,0.75,3.63,8,3,0.625,0.25,komersial;lainnya,Jalan Terusan Pasir Koja
5354191270_3272539236_STOP343,0.8125,4,8,4,0.625,0.125,lainnya;komersial,Jalan Terusan Pasir Koja
5354200473_6384640702_STOP101,0.75,5,8,2,1,0,lainnya;kesehatan,Jalan Alun-Alun Barat
5354200473_6384640713_STOP101,0.75,4.13,8,2,0.75,0.25,lainnya;komersial,Jalan Abdul Haris Nasution
5355765055_2614138774_STOP271,0.75,3.88,8,3,0.75,0.25,finansial;komersial,Jalan Peta
5355765055_5355765057_STOP271,0.75,3.88,8,3,0.75,0.25,finansial;komersial,Jalan Tanpa Nama
5355765057_2614138774_STOP271,0.75,3.88,8,2,0.75,0.25,komersial;finansial,Jalan Kyai Haji Wahid Hasyim
5355765057_3272542984_STOP108,0.5104,3.25,8,2,0.625,0.375,lainnya,Jalan Kyai Haji Wahid Hasyim
5355765057_3272542984_STOP157,0.75,4,8,3,0.75,0.25,lainnya;komersial,Jalan Kyai Haji Wahid Hasyim
5355765057_3272542984_STOP271,0.75,3.88,8,2,0.75,0.25,komersial;finansial,Jalan Kyai Haji Wahid Hasyim
5355765057_3272542984_STOP390,0.75,3.25,8,3,0.5,0.375,finansial;komersial;katering,Jalan Kyai Haji Wahid Hasyim
5355765057_5355765064_STOP271,0.75,3.88,8,2,0.75,0.25,komersial;finansial,Jalan Tanpa Nama
5355765058_2325416263_STOP271,0.75,3.88,8,3,0.75,0.25,finansial;komersial,Jalan Peta
5355765058_2325416263_STOP311,0.75,3.88,8,3,0.75,0.25,finansial;komersial,Jalan Peta
5355765064_2325453234_STOP312,0.9375,4.5,8,3,0.875,0.125,komersial;lainnya,Jalan Peta
5355765064_2325453234_STOP500,0.75,3.88,8,3,0.75,0.25,lainnya;finansial;komersial,Jalan Peta
5355823339_2325452725_STOP272,0.75,3.63,8,2,0.625,0.25,komersial,Jalan Astana Anyar
5355823339_2325452725_STOP436,0.625,3,8,3,0.5,0.5,komersial;lainnya,Jalan Astana Anyar
5355823339_2325452725_STOP811,0.6875,2.75,8,3,0.375,0.5,komersial,Jalan Astana Anyar
5355823339_5355823341_STOP272,0.7083,2.88,8,2,0.5,0.5,katering;komersial,Jalan Panjunan
5355823341_2325452881_STOP110,0.7083,2.88,8,2,0.5,0.5,katering;komersial,Jalan Panjunan
5355823341_2325452881_STOP272,0.7083,2.88,8,2,0.5,0.5,katering;komersial,Jalan Panjunan
5355866271_11369837187_STOP108,0.5104,3.25,8,2,0.625,0.375,lainnya,Jalan Tanpa Nama
5355866271_25446327_STOP108,0.5104,3.25,8,3,0.625,0.375,lainnya,Jalan Soekarno-Hatta
5355867147_6640711589_STOP141,0.7083,3.38,8,3,0.625,0.375,katering;komersial,Jalan Gedebage Selatan
5355897677_1014722585_STOP257,0.6563,2.25,8,3,0.25,0.625,lainnya;katering;komersial,Jalan Mohammad Toha
5355897677_1014722585_STOP258,0.6875,2.75,8,2,0.375,0.5,komersial;lainnya,Jalan Mohammad Toha
5355897677_1014722585_STOP842,0.7813,3.5,8,4,0.625,0.375,katering;komersial;lainnya,Jalan Mohammad Toha
5355897677_6621910323_STOP258,0.6875,2.75,8,2,0.375,0.5,komersial;lainnya,Jalan Mohammad Toha
5355955155_1930140493_STOP256,0.8958,5,8,2,1,0,komersial;katering,Jalan Tanpa Nama
5355955155_5369202740_STOP256,0.8958,5,8,2,1,0,komersial;katering,Jalan Sawah Kurung Raya
5356356848_7669581282_STOP305,0.75,4,8,3,0.75,0.25,komersial;katering;finansial,Jalan Sultan Agung
5356356848_7669581282_STOP672,0.8542,3.88,8,4,0.75,0.25,komersial;lainnya;katering,Jalan Sultan Agung
5356356914_1847944841_STOP670,0.679,3.25,8,3,0.5,0.25,lainnya;katering,Jalan Trunojoyo
5356356914_1849525979_STOP670,0.7813,3.75,8,3,0.625,0.125,katering;lainnya,Jalan Trunojoyo
5356356914_1849525979_STOP671,0.8125,4.75,8,4,1,0,katering;komersial,Jalan Trunojoyo
5356356914_1849525979_STOP687,0.8125,4.88,8,4,1,0,katering;lainnya,Jalan Trunojoyo
5356356914_5356356915_STOP670,0.7813,3.75,8,3,0.625,0.125,katering;lainnya,Jalan Tanpa Nama
5356356914_5356356915_STOP687,0.679,3.25,8,3,0.5,0.25,lainnya;katering,Jalan Tanpa Nama
5356356915_1847944841_STOP670,0.6165,3.25,8,3,0.5,0.25,lainnya,Jalan Diponegoro
5356356915_1847944841_STOP687,0.6165,3.25,8,3,0.5,0.25,lainnya,Jalan Diponegoro
5356356915_29427263_STOP687,0.6165,3.25,8,3,0.5,0.25,lainnya,Jalan Diponegoro
5356356915_5356356914_STOP687,0.679,3.25,8,3,0.5,0.25,lainnya;katering,Jalan Tanpa Nama
5358055095_10793008254_STOP306,0.7708,4.5,8,3,0.875,0.125,kesehatan;lainnya;finansial,Jalan L.L. RE. Martadinata
5358055095_2520649169_STOP156,0.6875,3.88,8,3,0.75,0.25,kesehatan;lainnya;katering,Jalan L.L. RE. Martadinata
5358055095_2520649169_STOP306,0.7708,4.5,8,3,0.875,0.125,kesehatan;lainnya;finansial,Jalan L.L. RE. Martadinata
5358055095_2520649169_STOP548,0.8125,4.5,8,3,0.875,0.125,komersial;katering;lainnya,Jalan L.L. RE. Martadinata
5358055095_25433364_STOP190,0.875,4.5,8,4,0.875,0.125,katering;finansial;lainnya;kesehatan,Jalan Merdeka
5358055095_25433364_STOP304,0.75,4.38,8,3,0.875,0.125,katering;lainnya,Jalan Merdeka
5358055095_25433364_STOP306,0.7708,4.5,8,3,0.875,0.125,kesehatan;lainnya;finansial,Jalan Merdeka
5358055836_2439053883_STOP103,0.875,4.5,8,2,0.875,0.125,kesehatan;komersial,Jalan Tamansari
5358055836_7857883000_STOP103,0.8125,3.5,8,2,0.625,0.375,komersial;kesehatan,Jalan Tamansari
5358208113_11294966882_STOP673,0.9688,4.88,8,4,1,0,katering;lainnya;pendidikan,Jalan Sumatra
5358208113_5358208117_STOP673,0.9688,4.88,8,4,1,0,katering;lainnya;pendidikan,Jalan Sumatra
5358208117_11294966882_STOP673,0.9688,4.88,8,4,1,0,katering;lainnya;pendidikan,Jalan Aceh
5358208117_25433364_STOP304,0.9063,4,8,3,0.75,0.25,katering;finansial,Jalan Aceh
5358208117_25433364_STOP673,0.9063,4.5,8,3,0.875,0.125,katering;lainnya,Jalan Aceh
5358212370_1849525974_STOP144,0.6667,3.38,8,3,0.5,0.25,lainnya,Jalan Dalem Kaum
5358212370_1849525974_STOP239,0.6625,4.38,8,4,0.875,0.125,rekreasi;katering;lainnya;komersial,Jalan Dalem Kaum
5358212370_1849525974_STOP754,0.6667,3.38,8,3,0.5,0.25,lainnya,Jalan Dalem Kaum
5358212370_1849525974_STOP788,0.7667,3.63,8,3,0.625,0.25,rekreasi;lainnya,Jalan Dalem Kaum
5358212370_6443246208_STOP239,0.6875,5,8,3,1,0,rekreasi;komersial;katering,Jalan Balonggede
5358212370_6443246208_STOP789,0.6937,4,8,3,0.75,0.25,kesehatan;komersial,Jalan Balonggede
5358212370_6443246208_STOP790,0.6875,3.38,8,4,0.625,0.375,kesehatan;katering;lainnya,Jalan Balonggede
5358212386_11176912847_STOP677,0.9375,4.38,8,3,0.875,0.125,lainnya;finansial,Jalan Perintis Kemerdekaan
5358212386_29354380_STOP677,0.9375,4.38,8,3,0.875,0.125,lainnya;finansial,Jalan Suniaraja
5358212386_29354380_STOP678,0.8125,4,8,3,0.75,0.25,lainnya,Jalan Suniaraja
5358212417_11176912866_STOP677,0.9375,4.38,8,3,0.875,0.125,lainnya;finansial,Jalan Suniaraja
5358394743_7713266581_STOP226,0.75,5,8,3,1,0,lainnya;komersial,Jalan Peta
5358394745_2325453369_STOP309,0.8125,5,8,3,1,0,lainnya,Jalan Otto Iskandardinata
5358394745_5358394743_STOP309,0.8125,5,8,3,1,0,lainnya,Jalan Tanpa Nama
5360090928_11382627919_STOP340,0.7292,5,8,3,1,0,rekreasi;lainnya,Jalan Aceh
5360090928_11382627919_STOP683,0.8125,4.88,8,4,1,0,rekreasi;lainnya,Jalan Aceh
5360090928_5334486782_STOP683,0.8125,4.88,8,4,1,0,rekreasi;lainnya,Jalan Kalimantan
5360090932_11382627918_STOP340,0.7917,4.88,8,4,1,0,rekreasi;lainnya,Jalan Seram
5360090932_11382627919_STOP340,0.7917,4.88,8,4,1,0,rekreasi;lainnya,Jalan Aceh
5360090932_25433301_STOP340,0.7917,4.88,8,4,1,0,rekreasi;lainnya,Jalan Aceh
5360090966_1658919998_STOP163,0.8125,4.5,8,3,0.875,0.125,katering;finansial,Jalan Layang Professor Mochtar Kusumaatmadja
5360090966_1658919998_STOP169,0.8125,4,8,3,0.75,0.25,kesehatan;lainnya;komersial,Jalan Layang Professor Mochtar Kusumaatmadja
5360090966_1658919998_STOP236,0.75,4.5,8,3,0.875,0.125,finansial;lainnya,Jalan Layang Professor Mochtar Kusumaatmadja
5360090966_1658919998_STOP354,0.75,4,8,4,0.75,0.25,lainnya;pendidikan;komersial,Jalan Layang Professor Mochtar Kusumaatmadja
5360090966_1658919998_STOP72,0.875,5,8,3,1,0,komersial;lainnya,Jalan Layang Professor Mochtar Kusumaatmadja
5360090966_1658919998_STOP723,0.6165,3.25,8,3,0.5,0.25,lainnya,Jalan Layang Professor Mochtar Kusumaatmadja
5360090966_1660260881_STOP723,0.7396,4,8,3,0.75,0.125,lainnya;finansial,Jalan Prabudimuntur
5360254305_389137494_STOP256,0.9375,4.88,8,2,1,0,komersial;lainnya,Jalan BKR
5360340202_3272574294_STOP138,0.8125,4,8,2,0.75,0.25,lainnya,Jalan Tanpa Nama
5360340202_3272575990_STOP138,0.8125,4,8,2,0.75,0.25,lainnya,Jalan Buah Batu
5360355190_240791836_STOP545,0.75,3.38,8,3,0.625,0.375,katering;lainnya;komersial,Jalan Karapitan
5360355190_240791836_STOP546,0.75,3.63,8,3,0.625,0.25,katering;komersial,Jalan Karapitan
5360355190_240791836_STOP547,0.6875,3.38,8,3,0.625,0.375,komersial;lainnya;katering,Jalan Karapitan
5360355190_3278061603_STOP545,0.75,3.38,8,3,0.625,0.375,katering;komersial;lainnya,Jalan Sadakeling
5360355190_3278061603_STOP796,0.9375,4.88,8,2,1,0,katering;komersial,Jalan Sadakeling
5369202740_1930140493_STOP256,0.8958,5,8,2,1,0,komersial;katering,Jalan Sawah Kurung Raya
5369202740_2034444650_STOP256,0.8333,5,8,2,1,0,komersial,Jalan Sawah Kurung Raya
5369274905_5369274909_STOP221,0.4896,1.75,8,2,0.125,0.875,lainnya;komersial,Jalan Pajajaran
5369274905_5369274909_STOP812,0.6042,3.88,8,3,0.625,0.25,komersial;pendidikan,Jalan Pajajaran
5369274905_8582835480_STOP812,0.5208,3.88,8,3,0.625,0.25,komersial;kesehatan,Jalan Pajajaran
5369274909_2012498686_STOP221,0.5104,2.38,8,2,0.25,0.625,lainnya,Jalan Pajajaran
5369274909_2012498686_STOP222,0.9375,5,8,2,1,0,finansial;kesehatan,Jalan Pajajaran
5369274909_2012498686_STOP646,0.7917,4.38,8,2,0.75,0.125,kesehatan;lainnya,Jalan Pajajaran
5369274909_2012498686_STOP780,0.9375,4.75,8,4,0.875,0,lainnya;finansial;kesehatan,Jalan Pajajaran
5369274909_25433768_STOP221,0.5104,2.38,8,2,0.25,0.625,lainnya,Jalan Arjuna
5369274909_5369274905_STOP221,0.4896,1.75,8,2,0.125,0.875,komersial;lainnya,Jalan Pajajaran
5369325245_3269381709_STOP665,0.8125,4.5,8,2,0.875,0.125,katering,Jalan Cibeunying Selatan
5369337988_3270489611_STOP90,0.5667,3.8,5,1,0.6,0.2,kesehatan,Jalan Tanpa Nama
5369337988_3270489660_STOP90,0.5667,3.8,5,1,0.6,0.2,kesehatan,Jalan Tanpa Nama
5369368116_5369369331_STOP576,0.8646,4.25,8,3,0.75,0.125,lainnya;katering,Jalan Tanpa Nama
5369369331_10173603859_STOP576,0.8646,4.25,8,3,0.75,0.125,lainnya;katering,Jalan Ciliwung
5369369331_5369369333_STOP576,0.8646,4.25,8,3,0.75,0.125,lainnya;katering,Jalan Tanpa Nama
5369369333_3269364717_STOP576,0.8646,4.25,8,3,0.75,0.125,lainnya;katering,Jalan Tanpa Nama
5369482496_2519917312_STOP11,0.75,5,8,3,1,0,lainnya;rekreasi;komersial,Jalan Supratman
5369482496_2519917312_STOP177,0.75,4.5,8,4,0.875,0.125,lainnya;rekreasi;katering,Jalan Supratman
5369482497_1849960685_STOP11,0.625,4.5,8,4,0.875,0.125,lainnya;rekreasi,Jalan Cisadea
5369482497_1849960685_STOP513,0.625,4.5,8,2,0.875,0.125,lainnya,Jalan Cisadea
5369482497_5369482496_STOP11,0.75,5,8,3,1,0,lainnya;rekreasi;komersial,Jalan Cisadea
5369882289_25501378_STOP724,0.8333,4.5,8,3,0.875,0.125,lainnya;katering,Jalan Tanpa Nama
5369882289_7345830954_STOP724,0.8333,4.5,8,3,0.875,0.125,lainnya;katering,Jalan Tamansari
5369882298_29359719_STOP578,0.75,3.5,8,3,0.625,0.375,komersial;lainnya;katering,Jalan Sulanjana
5369882298_29359719_STOP724,0.7708,4.5,8,3,0.875,0.125,lainnya;katering,Jalan Sulanjana
5369882298_5369882299_STOP724,0.8333,4.5,8,3,0.875,0.125,lainnya;katering,Jalan Tamansari
5369882299_1849528744_STOP724,0.8333,4.5,8,3,0.875,0.125,lainnya;katering,Jalan Tamansari
5369882299_5369882289_STOP724,0.8333,4.5,8,3,0.875,0.125,lainnya;katering,Jalan Tamansari
5374108596_12819917454_STOP346,0.6667,3.88,8,3,0.625,0.25,lainnya,Jalan Pahlawan
5374108596_12819917454_STOP527,0.7292,3.88,8,3,0.625,0.25,lainnya,Jalan Pahlawan
5374108596_12819917454_STOP54,0.875,3.75,8,4,0.625,0.25,komersial;katering;lainnya,Jalan Pahlawan
5374108596_12819917454_STOP542,0.6458,3,8,2,0.5,0.5,lainnya;katering,Jalan Pahlawan
5374108596_1849960227_STOP346,0.6667,3.88,8,3,0.625,0.25,lainnya,Jalan PH. H. Mustofa
5374108596_1849960227_STOP377,0.8125,4.5,8,3,0.875,0.125,komersial;pendidikan;lainnya,Jalan PH. H. Mustofa
5374108596_1849960227_STOP527,0.6667,3.88,8,3,0.625,0.25,lainnya;pendidikan,Jalan PH. H. Mustofa
5374108596_1849960227_STOP55,0.7438,5,8,2,1,0,komersial;lainnya,Jalan PH. H. Mustofa
5374108596_1849960227_STOP56,0.7438,5,8,3,1,0,komersial;pendidikan;lainnya,Jalan PH. H. Mustofa
5374108596_1849960655_STOP346,0.5833,4.13,8,3,0.625,0.125,lainnya;pendidikan,Jalan Pahlawan
5374108596_1849960655_STOP52,0.7292,4.13,8,3,0.75,0.125,lainnya;pendidikan,Jalan Pahlawan
5374108596_1849960655_STOP53,0.7292,4.13,8,3,0.75,0.125,pendidikan;lainnya,Jalan Pahlawan
5374108596_25773425_STOP210,0.7813,5,8,3,1,0,pendidikan;komersial;lainnya,Jalan Surapati
5374108596_25773425_STOP346,0.5417,4.13,8,5,0.625,0.125,lainnya;pendidikan,Jalan Surapati
5374108596_25773425_STOP347,0.6563,3,8,3,0.5,0.5,lainnya;komersial,Jalan Surapati
5374108596_25773425_STOP525,0.9063,4.75,8,3,0.875,0,komersial,Jalan Surapati
5374108596_25773425_STOP526,0.7813,5,8,3,1,0,komersial;pendidikan,Jalan Surapati
5374108596_25773425_STOP79,0.5,2,8,3,0.25,0.75,lainnya;katering,Jalan Surapati
5374108596_3274608590_STOP346,0.6667,3.63,8,3,0.5,0.25,lainnya,Jalan Pahlawan
5374108596_3274608590_STOP527,0.7292,3.88,8,4,0.625,0.25,lainnya,Jalan Pahlawan
5374108596_3274608590_STOP54,0.9375,4.38,8,3,0.75,0.125,katering;lainnya;komersial,Jalan Pahlawan
5374108596_3274608590_STOP542,0.6458,3,8,2,0.5,0.5,lainnya;katering,Jalan Pahlawan
5391571111_1681303075_STOP145,0.6563,1.75,8,2,0.125,0.75,lainnya,Jalan Jenderal Ahmad Yani
5391571111_1681303075_STOP213,0.75,4.5,8,3,0.875,0.125,katering;kesehatan;komersial,Jalan Jenderal Ahmad Yani
5391571111_1681303075_STOP58,0.6875,2.63,8,3,0.375,0.5,lainnya;komersial,Jalan Jenderal Ahmad Yani
5391571111_1681303075_STOP627,0.75,4.75,8,3,0.875,0,komersial;lainnya;kesehatan,Jalan Jenderal Ahmad Yani
5391571114_1681348740_STOP146,0.8438,4.13,8,3,0.75,0.125,komersial;lainnya;finansial,Jalan PH. H. Mustofa
5391571114_295556217_STOP146,0.9375,5,8,3,1,0,pendidikan;finansial,Jalan PH. H. Mustofa
5391571114_295556217_STOP344,0.6875,4.5,8,4,0.875,0.125,komersial;pendidikan;lainnya,Jalan PH. H. Mustofa
5391666889_5391666896_STOP249,0.5625,5,8,3,1,0,lainnya;komersial;katering,Jalan Jenderal Ahmad Yani
5391666890_3277871565_STOP147,0.625,5,8,2,1,0,komersial;katering,Jalan Laswi
5391666890_5391666891_STOP147,0.625,5,8,2,1,0,komersial;katering,Jalan Jenderal Ahmad Yani
5391666891_25432860_STOP147,0.625,5,8,2,1,0,komersial;katering,Jalan Laswi
5391666891_5391666897_STOP147,0.625,5,8,2,1,0,komersial;katering,Jalan Jenderal Ahmad Yani
5391666896_2520649239_STOP247,0.75,3.38,8,4,0.625,0.375,komersial,Jalan Jenderal Ahmad Yani
5391666896_2520649239_STOP248,0.6875,2.88,8,4,0.5,0.5,komersial;lainnya,Jalan Jenderal Ahmad Yani
5391666896_2520649239_STOP249,0.6875,3.38,8,4,0.625,0.375,komersial;lainnya,Jalan Jenderal Ahmad Yani
5391666896_3277871566_STOP249,0.5625,5,8,3,1,0,lainnya;komersial;katering,Jalan Jenderal Ahmad Yani
5391666897_5391666898_STOP147,0.625,5,8,2,1,0,komersial;katering,Jalan Jenderal Ahmad Yani
5391666898_3277871564_STOP147,0.625,5,8,2,1,0,komersial;katering,Jalan Jenderal Ahmad Yani
5391666898_5391666913_STOP143,0.8708,4.88,8,4,1,0,katering;lainnya;finansial,Jalan Jenderal Ahmad Yani
5391666898_5391666913_STOP147,0.6,4.88,8,3,1,0,katering;komersial,Jalan Jenderal Ahmad Yani
5391666899_25435162_STOP370,0.875,3.13,8,4,0.5,0.375,lainnya;katering;finansial,"['Jalan Kembang Sapatu', 'Jalan Terate', 'Jalan Samoja Dalam']"
5391666899_25435162_STOP585,0.5625,3.38,8,3,0.625,0.375,lainnya;komersial,"['Jalan Kembang Sapatu', 'Jalan Terate', 'Jalan Samoja Dalam']"
5391666899_25435162_STOP97,0.9375,4.25,8,3,0.75,0.125,lainnya;komersial,"['Jalan Kembang Sapatu', 'Jalan Terate', 'Jalan Samoja Dalam']"
5391666899_7201253642_STOP97,0.875,3.5,8,3,0.625,0.375,lainnya;finansial,Jalan Jenderal Ahmad Yani
5391666904_1849525950_STOP89,0.875,4.63,8,2,0.875,0.125,finansial;komersial,Jalan Gudang Utara
5391666904_7642312005_STOP89,0.875,4.63,8,2,0.875,0.125,finansial;komersial,Jalan Jenderal Ahmad Yani
5391666913_5391666898_STOP143,0.8708,4.88,8,4,1,0,katering;lainnya;finansial,Jalan Jenderal Ahmad Yani
5391666913_5391666898_STOP89,0.875,4.63,8,2,0.875,0.125,finansial;komersial,Jalan Jenderal Ahmad Yani
5391666913_5391666904_STOP89,0.875,4.63,8,2,0.875,0.125,finansial;komersial,Jalan Jenderal Ahmad Yani
5392237806_3270422962_STOP219,0.8438,4.63,8,4,0.875,0.125,finansial;katering;lainnya,Jalan Terusan Jakarta
5392237806_6637693198_STOP219,0.8438,4.63,8,4,0.875,0.125,finansial;katering;lainnya,Jalan Jakarta
5392239227_11041579711_STOP218,0.8125,3.75,8,2,0.625,0.25,katering;lainnya,Jalan H. Ibrahim Adjie
5392239227_3278023496_STOP218,0.8125,3.75,8,2,0.625,0.25,katering;lainnya,Jalan Letnan Jenderal Ibrahim Adjie
5392239229_5392239231_STOP395,0.9063,4.63,8,3,0.875,0.125,lainnya;finansial;katering,Jalan H. Ibrahim Adjie
5392239229_5392239244_STOP219,0.9063,4.63,8,3,0.875,0.125,finansial;lainnya;katering,Jalan Tanpa Nama
5392239229_5392239244_STOP395,0.9063,4.63,8,3,0.875,0.125,lainnya;finansial;katering,Jalan Tanpa Nama
5392239230_5392239229_STOP395,0.9063,4.63,8,3,0.875,0.125,lainnya;finansial;katering,Jalan H. Ibrahim Adjie
5392239231_5392237806_STOP219,0.9063,4.63,8,3,0.875,0.125,finansial;katering;lainnya,Jalan H. Ibrahim Adjie
5392239231_5392239244_STOP219,0.9063,4.63,8,3,0.875,0.125,finansial;katering;lainnya,Jalan Jakarta
5392239235_2520649218_STOP219,0.8438,4.63,8,4,0.875,0.125,finansial;katering;lainnya,Jalan H. Ibrahim Adjie
5392239235_2520649218_STOP632,0.7813,4.13,8,4,0.75,0.25,pendidikan;lainnya;finansial;katering,Jalan H. Ibrahim Adjie
5392239235_7850209633_STOP632,0.7813,4.13,8,4,0.75,0.25,pendidikan;lainnya;finansial;katering,Jalan H. Ibrahim Adjie
5392239244_5332863130_STOP219,0.9063,4.63,8,3,0.875,0.125,lainnya;finansial;katering,Jalan Jakarta
5392239244_5332863130_STOP612,0.8125,4.63,8,3,0.875,0.125,lainnya,Jalan Jakarta
5392239245_3229412583_STOP503,0.75,4.13,8,3,0.75,0.25,kesehatan;lainnya;katering,"['Jalan Layang Jaksa Agung R. Soeprapto', 'Jalan Terusan Jakarta']"
5392239245_5332863130_STOP219,0.9063,4.63,8,3,0.875,0.125,lainnya;finansial;katering,"['Jalan Layang Jaksa Agung R. Soeprapto', 'Jalan Terusan Jakarta']"
5392239245_5332863130_STOP395,0.8438,4.63,8,4,0.875,0.125,finansial;katering;lainnya,"['Jalan Layang Jaksa Agung R. Soeprapto', 'Jalan Terusan Jakarta']"
5392239245_5332863130_STOP503,0.7813,4.63,8,4,0.875,0.125,lainnya;katering;finansial;kesehatan,"['Jalan Layang Jaksa Agung R. Soeprapto', 'Jalan Terusan Jakarta']"
5392239245_5332863130_STOP612,0.8125,4.63,8,4,0.875,0.125,lainnya;pendidikan,"['Jalan Layang Jaksa Agung R. Soeprapto', 'Jalan Terusan Jakarta']"
5392239252_5332863119_STOP219,0.9063,4.63,8,3,0.875,0.125,finansial;katering;lainnya,Jalan H. Ibrahim Adjie
5392239252_5392239231_STOP219,0.9063,4.63,8,3,0.875,0.125,finansial;katering;lainnya,Jalan Terusan Jakarta
5394983542_2477140738_STOP505,0.5,4.4,5,1,0.8,0,finansial,Jalan Terusan Jakarta
5394983542_5394983543_STOP505,0.5,4.5,8,2,0.875,0,finansial;lainnya,Jalan Tanpa Nama
5394983543_3270434503_STOP505,0.5625,3.25,8,3,0.5,0.375,finansial;lainnya,Jalan Terusan Jakarta
5394983543_5394983542_STOP505,0.5,4.5,8,2,0.875,0,finansial;lainnya,Jalan Tanpa Nama
5394983544_3270445561_STOP637,0.875,4.13,8,4,0.75,0.125,pendidikan;komersial;katering,Jalan Terusan Jakarta
5394983544_5394983545_STOP637,0.875,4.13,8,4,0.75,0.125,pendidikan;komersial;katering,Jalan Tanpa Nama
5394983545_5394983544_STOP637,0.875,4.13,8,4,0.75,0.125,pendidikan;komersial;katering,Jalan Tanpa Nama
5394983545_6395644073_STOP637,0.875,4.13,8,4,0.75,0.125,pendidikan;komersial;katering,Jalan Terusan Jakarta
5394983545_6395644073_STOP90,0.875,4.13,8,4,0.75,0.125,pendidikan;komersial;katering,Jalan Terusan Jakarta
5395151832_25435174_STOP705,0.9063,3.25,8,2,0.5,0.375,lainnya,Jalan Malabar
5395151832_5395152111_STOP433,0.9063,3.25,8,2,0.5,0.375,lainnya,Jalan Malabar
5395151832_5395152111_STOP705,0.9063,3.25,8,2,0.5,0.375,lainnya,Jalan Malabar
5395151866_10825681737_STOP557,0.875,4.5,8,3,0.875,0.125,pendidikan;komersial;finansial,Jalan Jenderal Gatot Subroto
5395151866_10825681737_STOP597,0.6806,3.38,8,3,0.625,0.375,lainnya;katering,Jalan Jenderal Gatot Subroto
5395151866_29489330_STOP50,0.7708,4.5,8,3,0.875,0.125,komersial;lainnya,Jalan Jenderal Gatot Subroto
5395151866_29489330_STOP557,0.7083,4.5,8,2,0.875,0.125,komersial;finansial,Jalan Jenderal Gatot Subroto
5395152109_1107865398_STOP433,0.875,4.5,8,2,0.875,0.125,lainnya;katering,Jalan Tanpa Nama
5395152109_240789108_STOP433,0.875,4.5,8,2,0.875,0.125,lainnya;katering,Jalan Malabar
5395152109_240789108_STOP656,0.7562,4.25,8,3,0.75,0.125,katering;lainnya,Jalan Malabar
5395152111_5395151832_STOP433,0.9063,3.25,8,2,0.5,0.375,lainnya,Jalan Malabar
5395152111_5395151832_STOP705,0.9063,3.25,8,2,0.5,0.375,lainnya,Jalan Malabar
5395152111_5395152109_STOP433,0.9063,3.25,8,2,0.5,0.375,lainnya,Jalan Tanpa Nama
5395152126_11181354934_STOP435,0.6875,3.13,8,4,0.5,0.5,lainnya,Jalan Jenderal Gatot Subroto
5395152126_3277874424_STOP435,0.6875,3.13,8,4,0.5,0.5,lainnya,Jalan Tanpa Nama
5395315581_11735248699_STOP90,0.875,4.13,8,3,0.75,0.125,pendidikan;komersial;katering,Jalan Cibatu
5395315581_3270489638_STOP90,0.875,4.75,8,2,0.875,0,pendidikan;komersial,Jalan Cibatu
5397556729_5482193900_STOP120,0.8958,4.5,8,3,0.875,0.125,komersial;lainnya,Jalan Pasir Salam
5397822748_5397822942_STOP202,0.6563,3.38,8,2,0.625,0.375,finansial;komersial,Jalan H. Ibrahim Adjie
5397822748_5397822942_STOP203,0.5833,1.75,8,3,0.125,0.875,komersial;lainnya,Jalan H. Ibrahim Adjie
5397822748_5397822942_STOP444,0.7292,2.75,8,4,0.375,0.5,lainnya,Jalan H. Ibrahim Adjie
5397822748_5397822942_STOP445,0.6563,3.88,8,2,0.75,0.25,komersial;finansial,Jalan H. Ibrahim Adjie
5397822748_5397822942_STOP446,0.6464,2.63,8,4,0.375,0.625,lainnya;komersial;finansial,Jalan H. Ibrahim Adjie
5397822748_5397822942_STOP447,0.6042,2.25,8,3,0.125,0.5,lainnya;komersial,Jalan H. Ibrahim Adjie
5397822748_5397822942_STOP609,0.5,1.5,8,2,0,0.75,komersial;lainnya,Jalan H. Ibrahim Adjie
5397822748_9198770125_STOP444,0.7292,2.75,8,4,0.375,0.5,lainnya,Jalan Tanpa Nama
5397822942_2325453226_STOP447,0.6042,2.25,8,3,0.125,0.5,lainnya;komersial,Jalan Tanpa Nama
5397822942_3278000648_STOP447,0.5833,2.5,8,3,0.375,0.625,lainnya;kesehatan,Jalan H. Ibrahim Adjie
5397822942_3278000648_STOP831,0.5833,3.25,8,3,0.5,0.375,kesehatan;lainnya,Jalan H. Ibrahim Adjie
5406559329_7673681628_STOP142,0.8125,3.5,8,4,0.625,0.375,katering;lainnya;finansial,Jalan Soekarno-Hatta
5406559329_7673681628_STOP148,0.9167,4.5,8,3,0.875,0.125,komersial;finansial;kesehatan,Jalan Soekarno-Hatta
5406559329_7673681628_STOP362,0.6875,3,8,3,0.5,0.5,lainnya;finansial;komersial,Jalan Soekarno-Hatta
5406559329_7673681628_STOP363,0.75,2.38,8,3,0.375,0.625,lainnya;katering,Jalan Soekarno-Hatta
5406559329_7673681628_STOP451,0.75,4,8,3,0.75,0.25,lainnya;komersial,Jalan Soekarno-Hatta
5408954334_2519873343_STOP621,0.8125,4,8,4,0.75,0.25,lainnya;komersial,"['Jalan Jenderal Ahmad Yani', 'Jalan H. Ibrahim Adjie']"
5408954334_5205570048_STOP621,0.6563,3.38,8,4,0.625,0.375,lainnya,Jalan Cikutra
5408954335_10173744448_STOP567,0.7344,3.25,8,3,0.5,0.375,lainnya;katering,Jalan Citarum
5408954335_2520649152_STOP562,0.875,3.88,8,3,0.625,0.25,lainnya;katering,Jalan L.L. RE. Martadinata
5408954335_2520649152_STOP567,0.7344,3.25,8,3,0.5,0.375,lainnya;katering,Jalan L.L. RE. Martadinata
5408954335_6639564151_STOP567,0.7344,3.25,8,3,0.5,0.375,lainnya;katering,Jalan L.L. RE. Martadinata
5444615172_1708607132_STOP618,0.6875,4.5,8,3,0.875,0.125,katering;lainnya;komersial,Jalan Cisitu Indah
5444644720_1107494497_STOP460,0.5625,4.38,8,3,0.875,0.125,lainnya;komersial,Jalan Batu Api
5444644720_5269229741_STOP368,0.625,3.88,8,3,0.75,0.25,lainnya,Jalan Batu Api
5444644720_5269229741_STOP460,0.5625,4.38,8,3,0.875,0.125,lainnya;komersial,Jalan Batu Api
5444644749_5847788403_STOP334,0.8,3.4,5,1,0.6,0.4,finansial,Bunderan Raya-1
5444644826_5825176142_STOP595,0.8125,3.5,8,3,0.625,0.375,lainnya;finansial,Jalan Soekarno-Hatta
5444644826_5825182245_STOP595,0.8125,3.25,8,3,0.5,0.375,finansial;lainnya,Jalan Tanpa Nama
5447158246_12633822764_STOP118,0.6875,4.63,8,2,1,0,finansial;lainnya,Jalan Marga Cinta
5447158246_12633822764_STOP719,0.5625,4.13,8,3,0.875,0.125,kesehatan;komersial;lainnya,Jalan Marga Cinta
5447158246_6609265322_STOP118,0.6875,4.63,8,2,1,0,finansial;lainnya,Jalan Marga Cinta
5447158308_5447158315_STOP20,0.6945,4.75,8,4,1,0,lainnya;finansial,Jalan Terusan Kiara Condong
5447158308_5447158315_STOP716,0.75,3.38,8,3,0.625,0.375,lainnya;komersial,Jalan Terusan Kiara Condong
5447158308_5447158315_STOP717,0.75,3,8,3,0.5,0.5,komersial;kesehatan,Jalan Terusan Kiara Condong
5447158308_5458215975_STOP717,0.5625,4.13,8,3,0.875,0.125,kesehatan;komersial;lainnya,Jalan Tanpa Nama
5447158309_12633822764_STOP719,0.5625,4.13,8,3,0.875,0.125,kesehatan;komersial;lainnya,Jalan Tanpa Nama
5447158315_5447158308_STOP20,0.632,4.38,8,4,0.875,0.125,lainnya;finansial,Jalan Terusan Kiara Condong
5447158315_5447158308_STOP716,0.75,3.75,8,3,0.75,0.25,lainnya;komersial,Jalan Terusan Kiara Condong
5447158315_5447158308_STOP717,0.75,3,8,3,0.5,0.5,komersial;kesehatan,Jalan Terusan Kiara Condong
5447158315_5447158421_STOP20,0.632,4,8,4,0.75,0.25,lainnya;finansial;komersial,Jalan Terusan Kiara Condong
5447158318_8123304854_STOP36,0.5695,3.5,8,4,0.625,0.375,lainnya;komersial;finansial,Jalan Letnan Jenderal Ibrahim Adjie
5447158318_8390730117_STOP36,0.5695,3.5,8,4,0.625,0.375,lainnya;komersial;finansial,Jalan Soekarno-Hatta
5447158320_8123304882_STOP20,0.7188,4.13,8,3,0.75,0.25,lainnya;kesehatan;komersial,Jalan Soekarno-Hatta
5447158320_8123304882_STOP368,0.625,4.38,8,3,0.875,0.125,lainnya,Jalan Soekarno-Hatta
5447158320_8123304882_STOP458,0.9375,5,8,2,1,0,katering;komersial,Jalan Soekarno-Hatta
5447158320_8123304882_STOP459,0.75,3.63,8,2,0.625,0.375,komersial;lainnya,Jalan Soekarno-Hatta
5447158320_8123304882_STOP460,0.6875,4.5,8,2,0.875,0.125,komersial;lainnya,Jalan Soekarno-Hatta
5447158421_5447158320_STOP20,0.632,4,8,4,0.75,0.25,lainnya;finansial;komersial,Jalan Tanpa Nama
5447158421_8123304860_STOP20,0.632,4,8,4,0.75,0.25,lainnya;finansial;komersial,Jalan Terusan Kiara Condong
5455661685_1390997943_STOP404,0.875,4.13,8,2,0.75,0.125,katering,Jalan Cipedes Atas
5455661685_7298267086_STOP337,0.4571,4.4,5,1,0.8,0,lainnya,Jalan Sindang Sirna
5455694139_11199413656_STOP267,0.5857,4.43,7,2,0.8571,0.1429,lainnya,Jalan Rancanumpang
5455694139_11199413656_STOP386,0.9375,4.5,8,4,0.875,0.125,komersial;katering;lainnya,Jalan Rancanumpang
5455694139_11199413656_STOP387,0.9375,5,8,4,1,0,komersial;lainnya;katering,Jalan Rancanumpang
5455694139_11199413656_STOP820,0.5625,3.5,8,5,0.625,0.375,lainnya;finansial,Jalan Rancanumpang
5455694139_11199413656_STOP825,0.5857,4.43,7,2,0.8571,0.1429,lainnya,Jalan Rancanumpang
5455694139_6640792414_STOP267,0.5857,4.43,7,2,0.8571,0.1429,lainnya,Jalan Rancanumpang
5458168297_12806516351_STOP230,0.6875,3,8,4,0.5,0.5,katering;komersial;kesehatan;lainnya,Bunderan Cibiru
5458168297_4427752879_STOP230,0.6875,3,8,4,0.5,0.5,komersial;katering;kesehatan;lainnya,Jalan Raya Cibiru
5458169147_7284403242_STOP423,0.7188,4.13,8,3,0.75,0.25,pendidikan;komersial;lainnya,Jalan Soekarno-Hatta
5458169147_9443702028_STOP423,0.75,4.38,8,3,0.75,0.125,pendidikan;komersial;katering,Jalan Tanpa Nama
5458169530_11106971273_STOP230,0.7,4.38,8,3,0.875,0.125,kesehatan;katering;lainnya,Jalan Soekarno-Hatta
5458169530_11106971273_STOP356,0.7813,4.63,8,3,0.875,0.125,lainnya;komersial,Jalan Soekarno-Hatta
5458169530_11106971273_STOP379,0.7188,4.63,8,3,0.875,0.125,lainnya;katering,Jalan Soekarno-Hatta
5458169530_11106971279_STOP230,0.7,4.38,8,3,0.875,0.125,kesehatan;katering;lainnya,Jalan Soekarno-Hatta
5458169530_11106971279_STOP356,0.7813,4.63,8,3,0.875,0.125,lainnya;komersial,Jalan Soekarno-Hatta
5458169530_11106971279_STOP379,0.7188,4.63,8,3,0.875,0.125,lainnya;katering,Jalan Soekarno-Hatta
5458169533_2634710039_STOP230,0.6875,3,8,4,0.5,0.5,kesehatan;katering;komersial;lainnya,Bunderan Cibiru
5458169533_35131598_STOP230,0.625,3,8,4,0.5,0.5,kesehatan;katering;komersial,Jalan Abdul Haris Nasution
5458215975_5447158309_STOP719,0.5625,4.13,8,3,0.875,0.125,kesehatan;komersial;lainnya,Jalan Tanpa Nama
5458215975_9626125965_STOP719,0.5625,4.13,8,3,0.875,0.125,kesehatan;komersial;lainnya,Jalan Marga Cinta
5458564731_2746819080_STOP324,0.6125,2.75,8,4,0.375,0.5,lainnya;komersial,Jalan Buah Batu
5458564731_2746819080_STOP329,0.675,2.75,8,3,0.375,0.5,lainnya;komersial,Jalan Buah Batu
5458564731_3472154933_STOP324,0.6125,2.75,8,4,0.375,0.5,lainnya;komersial,Jalan Tanpa Nama
5460926047_1658956030_STOP125,0.8812,4.75,8,3,1,0,lainnya;katering,Jalan Sukawarna
5460926047_1658956030_STOP15,0.8958,4,8,3,0.75,0.25,lainnya;komersial,Jalan Sukawarna
5460926047_1658956030_STOP378,0.9125,4.25,8,4,0.875,0.125,katering;lainnya;komersial,Jalan Sukawarna
5460926047_1658956030_STOP490,0.8333,3.5,8,3,0.625,0.375,lainnya,Jalan Sukawarna
5460926047_1658956030_STOP630,0.8646,4.13,8,3,0.75,0.125,katering;lainnya,Jalan Sukawarna
5460926047_1773328595_STOP125,0.8812,4.75,8,3,1,0,lainnya;katering,Jalan Dr. Djunjunan
5460926047_1773328595_STOP241,0.7813,3.88,8,2,0.75,0.25,lainnya,Jalan Dr. Djunjunan
5460926051_1658426557_STOP127,0.6875,2.5,8,3,0.375,0.625,katering,Jalan Prof. Dr. Surya Soemantri
5460926051_1658426557_STOP241,0.875,4,8,3,0.75,0.25,lainnya,Jalan Prof. Dr. Surya Soemantri
5460926051_1658426557_STOP352,0.75,4.5,8,3,0.875,0.125,lainnya;katering;kesehatan,Jalan Prof. Dr. Surya Soemantri
5460962097_13141223516_STOP114,0.625,5,8,3,1,0,komersial;lainnya,Jalan Gedebage Selatan
5460962097_13141223516_STOP371,0.75,3.75,8,2,0.625,0.25,finansial;lainnya,Jalan Gedebage Selatan
5460962097_13141223516_STOP521,0.625,5,8,3,1,0,komersial;lainnya,Jalan Gedebage Selatan
5460962097_35138922_STOP371,0.6875,4.5,8,2,0.875,0.125,katering;lainnya,Jalan Gedebage Selatan
5460962097_5848061348_STOP371,0.875,4.13,8,3,0.75,0.25,katering;lainnya,Jalan Magna Raya
5461446468_2315712822_STOP3,0.75,5,8,2,1,0,lainnya;komersial,Jalan Tanpa Nama
5461446470_5461446468_STOP3,0.75,5,8,2,1,0,lainnya;komersial,Jalan Tanpa Nama
5461446470_5461446930_STOP3,0.75,5,8,2,1,0,lainnya;komersial,Jalan Suka Mulya
5461446930_29377839_STOP3,0.75,5,8,3,1,0,lainnya;komersial,Jalan Suka Mulya
5461446930_29377839_STOP630,0.8125,4.5,8,3,0.875,0.125,komersial;katering,Jalan Suka Mulya
5461446930_5461446468_STOP3,0.75,5,8,3,1,0,lainnya;komersial,Jalan Suka Mulya
5461446959_2315712821_STOP3,0.7,5,5,1,1,0,lainnya,Jalan Suka Mulya
5463399920_312086670_STOP233,0.6563,4.38,8,3,0.875,0.125,lainnya;katering,Jalan Sangkuriang
5463399920_312086670_STOP66,0.7708,4.25,8,3,0.75,0.125,rekreasi;katering;lainnya,Jalan Sangkuriang
5463596824_25448881_STOP519,0.9375,5,8,2,1,0,kesehatan;lainnya,Jalan Sumur Bandung
5463596824_5463596826_STOP519,0.9375,5,8,2,1,0,kesehatan;lainnya,Jalan Sumur Bandung
5463596826_25448881_STOP519,0.9375,4.63,8,2,0.875,0.125,kesehatan;lainnya,Jalan Tamansari
5463596826_29359329_STOP519,0.9375,4.63,8,2,0.875,0.125,kesehatan;lainnya,Jalan Tamansari
5463827264_1662376584_STOP591,0.8125,4,8,4,0.75,0.25,lainnya;komersial;katering,Jalan Dago Asri Raya
5463827264_1708607132_STOP591,0.875,4.5,8,3,0.875,0.125,lainnya;komersial;katering,"['Jalan Alpina', 'Jalan Dago Asri Raya', 'Jalan Cisitu Lama VIII', 'Jalan Dago Asri IV']"
5463827264_1708607132_STOP618,0.625,4.5,8,3,0.875,0.125,katering;lainnya,"['Jalan Alpina', 'Jalan Dago Asri Raya', 'Jalan Cisitu Lama VIII', 'Jalan Dago Asri IV']"
5463988176_13648191536_STOP163,0.8125,4.5,8,3,0.875,0.125,finansial;komersial,Jalan Surapati
5463988176_5825261665_STOP163,0.8125,4.5,8,3,0.875,0.125,finansial;komersial,Jalan Ir. H. Djuanda
5465992318_1663274762_STOP600,0.9125,4.38,8,3,0.875,0.125,lainnya;katering,Jalan Tanpa Nama
5465992318_1663274768_STOP268,0.975,4.88,8,3,1,0,lainnya;katering,Jalan Ir. H. Djuanda
5465992318_1663274768_STOP600,0.9125,4.38,8,3,0.875,0.125,lainnya;katering,Jalan Ir. H. Djuanda
5465992888_10261582621_STOP600,0.6875,2.88,8,2,0.375,0.375,katering,Jalan Dipatiukur
5465992888_1857160826_STOP140,0.7396,2.13,8,3,0.25,0.625,katering;komersial,Jalan Dipatiukur
5465992888_1857160826_STOP600,0.6875,2.88,8,2,0.375,0.375,katering,Jalan Dipatiukur
5465993094_1663274762_STOP268,0.975,4.88,8,3,1,0,lainnya;katering,Jalan Ir. H. Djuanda
5465993094_1663274768_STOP268,0.8125,3.5,8,4,0.625,0.375,katering;lainnya;finansial,Jalan Dayang Sumbi
5479191291_2518074025_STOP823,0.6875,4.25,8,2,0.875,0.125,katering,Jalan Pintu Masuk GBLA
5479191291_5479194193_STOP823,0.875,4.25,8,3,0.875,0.125,katering,Jalan Tanpa Nama
5479191291_5479194193_STOP824,0.75,3.75,8,3,0.75,0.25,finansial;katering,Jalan Tanpa Nama
5479191291_5479194193_STOP825,0.6875,4.75,8,4,0.875,0,lainnya,Jalan Tanpa Nama
5479194191_11136401953_STOP821,0.8125,5,8,4,1,0,katering;lainnya,Jalan Pintu Masuk GBLA
5479194191_6408095332_STOP821,0.8125,5,8,4,1,0,katering;lainnya,Jalan Viking
5479194191_8408170536_STOP821,0.8125,5,8,4,1,0,katering;lainnya,Jalan Tanpa Nama
5479194193_9729638579_STOP267,0.7,4.5,8,4,0.875,0.125,lainnya,Jalan Tanpa Nama
5479194193_9729638579_STOP825,0.6875,4.75,8,4,0.875,0,lainnya,Jalan Tanpa Nama
5479194193_9729638593_STOP825,0.6875,4.75,8,4,0.875,0,lainnya,Jalan Tanpa Nama
5482193683_5348770388_STOP120,0.8958,5,8,3,1,0,komersial;lainnya,Jalan Soekarno-Hatta
5482193683_5348770388_STOP389,0.8958,4.38,8,4,0.875,0.125,lainnya;komersial,Jalan Soekarno-Hatta
5482193683_5847788420_STOP120,0.9375,5,8,2,1,0,lainnya;komersial,Jalan Sukaati
5482193900_10187187001_STOP120,0.8958,5,8,3,1,0,komersial;lainnya,Jalan Pasir Salam
5482193900_5397556729_STOP120,0.8958,4.5,8,3,0.875,0.125,komersial;lainnya,Jalan Pasir Salam
5487650882_5353902843_STOP198,0.5,4.2,5,1,0.8,0.2,pendidikan,Jalan Tanpa Nama
5488117175_5353902926_STOP385,0.54,4.2,5,1,0.8,0.2,komersial,Jalan Indrayasa
5489855947_3383341287_STOP338,0.75,3.5,8,4,0.625,0.375,finansial;komersial;lainnya,Jalan Soekarno-Hatta
5489855947_3383341287_STOP381,0.75,4,8,4,0.75,0.25,lainnya;komersial;finansial,Jalan Soekarno-Hatta
5489855947_3383341287_STOP398,0.75,3.5,8,4,0.625,0.375,finansial;komersial;katering,Jalan Soekarno-Hatta
5490125456_5353902327_STOP139,0.6875,1,8,2,0,1,lainnya,Jalan Mekar Utama
5490125456_5490125457_STOP139,0.6875,1,8,2,0,1,lainnya,Jalan Tanpa Nama
5490125457_5353902572_STOP139,0.6875,1,8,2,0,1,lainnya,"['Jalan Mekar Utama', 'Jalan Mekar Laksana']"
5490125457_5490125456_STOP139,0.6875,1,8,2,0,1,lainnya,Jalan Tanpa Nama
5493008236_1666231704_STOP18,0.8333,2.63,8,3,0.375,0.625,katering,Jalan Jend. H. Amir Machmud
5495698458_11458642953_STOP280,0.7292,4,8,3,0.75,0.25,rekreasi;kesehatan;komersial,Jalan Jendral Sudirman
5495698458_6616544863_STOP280,0.7292,4,8,3,0.75,0.25,rekreasi;kesehatan;komersial,Jalan Jendral Sudirman
5495700165_5344074236_STOP282,0.625,3.5,8,3,0.625,0.375,komersial;finansial;lainnya,Jalan Jendral Sudirman
5495700165_5344074236_STOP491,0.6458,3,8,3,0.5,0.5,komersial;lainnya;finansial,Jalan Jendral Sudirman
5504142700_3445484564_STOP282,0.625,3.5,8,3,0.625,0.375,komersial;finansial;lainnya,Jalan Jendral Sudirman
5504142700_3445484564_STOP491,0.6458,3,8,3,0.5,0.5,lainnya;komersial;finansial,Jalan Jendral Sudirman
5504142700_5495700165_STOP491,0.6458,3,8,3,0.5,0.5,lainnya;komersial;finansial,Jalan Tanpa Nama
5504449389_2551351402_STOP179,0.75,2,8,3,0.25,0.75,lainnya;katering;komersial,Jalan Layang Cimindi
5504449389_5493008236_STOP179,0.75,2,8,3,0.25,0.75,lainnya;katering;komersial,Jalan Jend. H. Amir Machmud
5504449389_5493008236_STOP18,0.75,1.63,8,3,0.125,0.875,katering;lainnya,Jalan Jend. H. Amir Machmud
5504454497_5504449389_STOP179,0.8125,3.25,8,3,0.5,0.375,lainnya;komersial,Jalan Jend. H. Amir Machmud
5504859191_9372965562_STOP180,0.75,4,8,3,0.75,0.25,lainnya;komersial;katering,Jalan Jend. H. Amir Machmud
5509853099_5504859191_STOP14,0.625,2,8,3,0.25,0.75,finansial;lainnya;komersial,Jalan Jend. H. Amir Machmud
5509853099_5504859191_STOP180,0.6875,4,8,3,0.75,0.25,katering;lainnya;komersial,Jalan Jend. H. Amir Machmud
5509853099_5504859191_STOP603,0.5625,2.25,8,3,0.25,0.625,komersial;finansial;katering,Jalan Jend. H. Amir Machmud
5639373300_2325438077_STOP479,0.7917,4.88,8,3,1,0,lainnya;katering,Jalan Sukajadi
5639373300_5639373305_STOP479,0.7917,4.88,8,3,1,0,lainnya;katering,Jalan Tanpa Nama
5639373305_29358836_STOP478,0.875,5,8,2,1,0,katering,Jalan Dr. Setiabudi
5639373305_29358836_STOP479,0.7917,4.88,8,3,1,0,lainnya;katering,Jalan Dr. Setiabudi
5639376031_10177320000_STOP489,0.6625,3.75,8,3,0.625,0.25,lainnya;kesehatan,Jalan Cibogo
5639376031_1658431511_STOP489,0.775,4,8,3,0.75,0.25,lainnya;komersial,Jalan Cibogo
5639376089_5353615188_STOP123,0.5938,3.38,8,3,0.625,0.375,lainnya;katering;kesehatan,Jalan Tanpa Nama
5639376089_5353615188_STOP353,0.7396,4,8,3,0.75,0.25,lainnya;kesehatan;katering,Jalan Tanpa Nama
5639376089_5353615188_STOP80,0.75,3.75,8,3,0.75,0.25,kesehatan;katering;lainnya,Jalan Tanpa Nama
5639376089_5353615188_STOP81,0.6875,3.25,8,3,0.625,0.375,kesehatan;lainnya;katering,Jalan Tanpa Nama
5639376089_5826215870_STOP80,0.75,3.75,8,3,0.75,0.25,kesehatan;katering;lainnya,Jalan Pasir Kaliki
5639376089_5826215870_STOP81,0.625,3.38,8,3,0.625,0.375,kesehatan;lainnya;katering,Jalan Pasir Kaliki
5646605222_1083569114_STOP350,0.7813,4.75,8,2,1,0,komersial;lainnya,Jalan Perintis
5646605222_1083569114_STOP351,0.7813,4.75,8,2,1,0,komersial;lainnya,Jalan Perintis
5646605222_1083569114_STOP391,0.6375,3.38,8,3,0.5,0.375,katering;komersial,Jalan Perintis
5646605222_13097895693_STOP128,0.75,3.38,8,3,0.5,0.375,komersial;lainnya,"['Jalan Sariasih', 'Jalan Sari Rasa']"
5646605222_13097895693_STOP350,0.7813,4.75,8,2,1,0,komersial;lainnya,"['Jalan Sariasih', 'Jalan Sari Rasa']"
5646605222_29356722_STOP350,0.7813,4.75,8,3,1,0,lainnya;komersial,Jalan Terusan Prof. Dr. Ir. Sutami
5646605222_29356722_STOP352,0.8333,4.38,8,4,0.875,0.125,lainnya;kesehatan;katering,Jalan Terusan Prof. Dr. Ir. Sutami
5648629181_11740333992_STOP766,0.8125,3.88,8,4,0.75,0.25,lainnya,Jalan Layang Ciroyom
5648629181_29377042_STOP766,0.8125,3.88,8,4,0.75,0.25,lainnya,Jalan Arjuna
5648629181_29377042_STOP86,0.75,3.13,8,3,0.625,0.375,lainnya,Jalan Arjuna
5648631891_5504142700_STOP491,0.7083,3.5,8,3,0.625,0.375,lainnya;komersial;finansial,Jalan Jendral Sudirman
5648631891_9167367930_STOP491,0.7083,3.5,8,3,0.625,0.375,lainnya;komersial;finansial,Jalan Tanpa Nama
5825176142_3272299574_STOP595,0.75,5,8,3,1,0,lainnya,Jalan Waas
5825176142_5482193683_STOP120,0.9375,5,8,2,1,0,komersial;lainnya,Jalan Soekarno-Hatta
5825176142_5482193683_STOP122,0.9375,5,8,2,1,0,komersial;lainnya,Jalan Soekarno-Hatta
5825176142_5482193683_STOP320,0.7708,4.5,8,3,0.875,0.125,lainnya,Jalan Soekarno-Hatta
5825176142_5482193683_STOP335,0.7708,4.5,8,3,0.875,0.125,lainnya;komersial,Jalan Soekarno-Hatta
5825176142_5482193683_STOP595,0.75,5,8,3,1,0,lainnya,Jalan Soekarno-Hatta
5825176142_5825182245_STOP595,0.75,5,8,3,1,0,lainnya,Jalan Waas
5825182245_3272344712_STOP595,0.6875,3.5,8,3,0.625,0.375,finansial;lainnya,Jalan Waas
5825223577_1667742500_STOP200,0.6875,3.38,8,3,0.5,0.375,komersial;lainnya,"['Jalan Papanggungan', 'Jalan Jenderal Gatot Subroto']"
5825223577_1667742500_STOP202,0.8125,3.13,8,4,0.5,0.5,komersial;lainnya,"['Jalan Papanggungan', 'Jalan Jenderal Gatot Subroto']"
5825223577_1667742500_STOP203,0.6875,2.13,8,4,0.25,0.75,komersial;lainnya,"['Jalan Papanggungan', 'Jalan Jenderal Gatot Subroto']"
5825223577_1667742500_STOP447,0.5833,2.5,8,3,0.375,0.625,lainnya;kesehatan,"['Jalan Papanggungan', 'Jalan Jenderal Gatot Subroto']"
5825223577_1667742500_STOP609,0.5,1.5,8,2,0,0.75,komersial;lainnya,"['Jalan Papanggungan', 'Jalan Jenderal Gatot Subroto']"
5825223577_1667742500_STOP831,0.625,3.75,8,4,0.625,0.25,katering;komersial;lainnya,"['Jalan Papanggungan', 'Jalan Jenderal Gatot Subroto']"
5825223577_2325453226_STOP447,0.5833,2.5,8,3,0.375,0.625,lainnya;kesehatan,Jalan H. Ibrahim Adjie
5825223577_2325453226_STOP831,0.6875,3.75,8,3,0.625,0.25,lainnya;katering,Jalan H. Ibrahim Adjie
5825223577_3376282078_STOP831,0.6875,4.25,8,4,0.75,0.125,lainnya;katering;komersial,Jalan Jenderal Gatot Subroto
5825261665_2958252668_STOP31,0.75,4.5,8,3,0.875,0.125,finansial;lainnya,Jalan Cikapayang
5825261665_3374026391_STOP31,0.8125,4.5,8,3,0.875,0.125,finansial;lainnya,Jalan Ir. H. Djuanda
5825261667_10654541237_STOP163,0.8125,5,8,3,1,0,finansial;komersial;lainnya,Jalan Ir. H. Djuanda
5825261667_10654541237_STOP165,0.8125,5,8,2,1,0,lainnya;kesehatan,Jalan Ir. H. Djuanda
5825261667_10654541237_STOP189,0.8125,5,8,3,1,0,finansial;komersial;katering,Jalan Ir. H. Djuanda
5825261667_10654541237_STOP234,0.8875,4.5,8,3,0.875,0.125,lainnya;katering;olahraga,Jalan Ir. H. Djuanda
5825261667_10654541237_STOP235,0.825,5,8,3,1,0,katering;lainnya;finansial,Jalan Ir. H. Djuanda
5825261667_10654541237_STOP236,0.75,4.5,8,3,0.875,0.125,finansial;lainnya,Jalan Ir. H. Djuanda
5825261667_1663274712_STOP236,0.75,4.5,8,3,0.875,0.125,finansial;lainnya,Jalan Dipatiukur
5825261667_5463988176_STOP236,0.75,4.5,8,3,0.875,0.125,finansial;lainnya,Jalan Cikapayang
5825278971_10151612729_STOP265,0.5833,2,8,3,0.25,0.75,lainnya;katering,Jalan Ir. H. Djuanda
5825278971_10703340256_STOP265,0.5625,1.75,8,3,0.125,0.75,lainnya,Jalan Dipatiukur
5826215870_2958261185_STOP81,0.625,3.75,8,3,0.75,0.25,lainnya;kesehatan;katering,Jalan Pasteur
5826215870_2958261186_STOP81,0.625,3.75,8,3,0.75,0.25,lainnya;kesehatan;katering,Jalan Pasteur
5826263864_1658920028_STOP123,0.6875,3.75,8,3,0.75,0.25,lainnya;katering,Jalan Pasteur
5832175149_1660290286_STOP393,0.7813,3.88,8,4,0.75,0.25,rekreasi;lainnya;katering,Jalan Tanpa Nama
5832175149_2039584375_STOP39,0.8438,4.88,8,4,1,0,rekreasi;lainnya;katering,Jalan Sentot Alibasyah
5832175149_2039584375_STOP393,0.7813,3.88,8,4,0.75,0.25,rekreasi;lainnya;katering,Jalan Sentot Alibasyah
5832181364_10173705732_STOP575,0.8125,4.63,8,4,0.875,0.125,katering;kesehatan;pendidikan,Jalan Citarum
5832181364_10173705737_STOP575,0.8125,4.63,8,4,0.875,0.125,katering;kesehatan;pendidikan,Jalan Diponegoro
5841953280_1849525810_STOP26,0.8125,3.5,8,3,0.625,0.375,finansial;katering;lainnya,Jalan Sumatra
5841953280_1849525810_STOP682,0.9375,4.5,8,2,0.875,0.125,lainnya;finansial,Jalan Sumatra
5841953280_25433457_STOP26,0.7708,3.5,8,3,0.625,0.375,finansial;katering;komersial,Jalan Jawa
5841953280_25433457_STOP699,0.8333,4,8,3,0.75,0.25,katering;finansial;komersial,Jalan Jawa
5841953280_29352423_STOP26,0.8125,3.5,8,3,0.625,0.375,finansial;katering,Jalan Jawa
5841953280_29352423_STOP674,0.8125,5,8,3,1,0,lainnya;finansial,Jalan Jawa
5841953280_29352423_STOP681,0.875,5,8,2,1,0,lainnya;finansial,Jalan Jawa
5841953280_3374033499_STOP26,0.7708,3.5,8,3,0.625,0.375,finansial;katering;komersial,Jalan Sumatra
5841953280_3374033499_STOP293,0.8125,5,8,2,1,0,kesehatan,Jalan Sumatra
5841953280_3374033499_STOP699,0.8333,4,8,3,0.75,0.25,komersial;finansial;katering,Jalan Sumatra
5841953280_3374033499_STOP700,0.8958,5,8,4,1,0,kesehatan;komersial;katering,Jalan Sumatra
5841989830_2519917309_STOP11,0.6875,4.5,8,3,0.875,0.125,rekreasi;lainnya,Jalan Lapang Supratman
5841989830_5842012228_STOP11,0.6875,4.5,8,3,0.875,0.125,rekreasi;lainnya,Jalan Lapang Supratman
5841989830_5842012228_STOP175,0.75,5,8,3,1,0,rekreasi;kesehatan;lainnya,Jalan Lapang Supratman
5842007853_2519917308_STOP174,0.625,3.75,8,3,0.625,0.25,rekreasi;lainnya,Jalan Lapang Supratman
5842007853_2519917309_STOP11,0.6875,4.5,8,3,0.875,0.125,rekreasi;lainnya,Jalan Supratman
5842007853_2519917309_STOP174,0.625,3.75,8,3,0.625,0.25,rekreasi;lainnya,Jalan Supratman
5842012228_1849907113_STOP175,0.6042,3.75,8,4,0.625,0.25,kesehatan;rekreasi;katering;lainnya,Jalan Cendana
5842012228_5842012229_STOP175,0.6042,3.75,8,4,0.625,0.25,kesehatan;rekreasi;katering;lainnya,Jalan Lapang Supratman
5842012229_1849907162_STOP174,0.6875,4.25,8,3,0.75,0.125,rekreasi;kesehatan;lainnya,Jalan Lapang Supratman
5847788388_2500902328_STOP320,0.6875,3.5,8,3,0.625,0.375,finansial;lainnya,Jalan Batununggal Indah Raya
5847788388_2500902328_STOP334,0.8125,3.25,8,2,0.5,0.375,finansial;lainnya,Jalan Batununggal Indah Raya
5847788388_2500902328_STOP335,0.7083,4,8,3,0.75,0.25,lainnya;finansial,Jalan Batununggal Indah Raya
5847788388_2500902328_STOP595,0.8125,3.25,8,3,0.5,0.375,finansial;lainnya,Jalan Batununggal Indah Raya
5847788388_5847788389_STOP335,0.7083,4,8,3,0.75,0.25,lainnya;finansial,Jalan Batununggal Indah II
5847788389_3115157726_STOP335,0.7083,4,8,3,0.75,0.25,lainnya;finansial,Jalan Batununggal Indah Raya
5847788396_2500902327_STOP334,0.8125,3.25,8,3,0.5,0.375,finansial;lainnya,Jalan Batununggal Indah I
5847788396_2500902327_STOP595,0.8125,3.25,8,3,0.5,0.375,finansial;lainnya,Jalan Batununggal Indah I
5847788396_5847788406_STOP334,0.8125,3.25,8,2,0.5,0.375,finansial;lainnya,Bunderan Raya-1
5847788399_3115157727_STOP334,0.8125,3.25,8,2,0.5,0.375,finansial;lainnya,Bunderan Raya-1
5847788403_2500902328_STOP334,0.8,3.4,5,1,0.6,0.4,finansial,Bunderan Raya-1
5847788403_5847788389_STOP320,0.6875,3.5,8,3,0.625,0.375,finansial;lainnya,Jalan Batununggal Indah Raya
5847788403_5847788389_STOP334,0.8,3.4,5,1,0.6,0.4,finansial,Jalan Batununggal Indah Raya
5847788403_5847788389_STOP335,0.7083,4,8,3,0.75,0.25,lainnya;finansial,Jalan Batununggal Indah Raya
5847788403_5847788389_STOP595,0.8125,3.25,8,3,0.5,0.375,finansial;lainnya,Jalan Batununggal Indah Raya
5847788406_5847788399_STOP334,0.8125,3.25,8,2,0.5,0.375,finansial;lainnya,Bunderan Raya-1
5847788420_5482193683_STOP120,0.9375,5,8,2,1,0,lainnya;komersial,Jalan Sukaati
5848060882_6608982110_STOP818,0.8125,4,8,3,0.75,0.25,lainnya;kesehatan,Bunderan Bulevar Utama
5848061291_5848060882_STOP819,0.875,5,8,2,1,0,lainnya;kesehatan,Bulevar Utama
5848061292_5848061291_STOP819,0.875,5,8,2,1,0,kesehatan;lainnya,Bulevar Utama
5848061292_6608982092_STOP819,0.875,5,8,2,1,0,kesehatan;lainnya,Jalan Tanpa Nama
5848061297_6608965030_STOP647,0.8854,4.88,8,3,1,0,rekreasi;katering;lainnya,Jalan Akasia
5848061297_7216077730_STOP647,0.6354,3,8,4,0.5,0.5,finansial;rekreasi;lainnya;katering,Bulevar Barat
5848061330_7216077534_STOP371,0.75,3.75,8,2,0.625,0.25,lainnya;finansial,Jalan Magna Raya
5848061348_5460962097_STOP371,0.875,4.13,8,3,0.75,0.25,katering;lainnya,Jalan Magna Raya
5848061348_7144511425_STOP371,0.875,4.13,8,3,0.75,0.25,lainnya;katering,Jalan Magna Raya
5851048279_5358208113_STOP13,0.875,5,8,2,1,0,lainnya;rekreasi,Jalan Sumatra
5851048279_5358208113_STOP683,0.8438,4.88,8,4,1,0,lainnya;pendidikan;rekreasi;komersial,Jalan Sumatra
5852700917_3256092261_STOP7,0.6375,3.63,8,3,0.75,0.25,lainnya;rekreasi;finansial,Jalan Asia Afrika
5853120063_25435214_STOP501,0.75,4.13,8,4,0.75,0.25,lainnya;komersial,Jalan Tanpa Nama
5853120063_25435214_STOP703,0.6875,4.25,8,3,0.75,0.125,lainnya;komersial,Jalan Tanpa Nama
5853120063_4258557080_STOP501,0.75,4.13,8,4,0.75,0.25,lainnya;komersial,Jalan Burangrang
5853120063_4258557080_STOP703,0.6875,4.25,8,3,0.75,0.125,komersial;lainnya,Jalan Burangrang
5853120075_240791836_STOP546,0.625,3.5,8,2,0.625,0.375,komersial;lainnya,Jalan Emong
5853120075_240791836_STOP753,0.675,3.38,8,4,0.625,0.375,lainnya,Jalan Emong
5853120075_5853120077_STOP753,0.6875,3.5,8,3,0.625,0.375,lainnya,Jalan Tanpa Nama
5853120075_7210854542_STOP753,0.6875,3.5,8,3,0.625,0.375,lainnya,Jalan Emong
5853120075_7210854542_STOP798,0.625,3.5,8,3,0.625,0.375,komersial;lainnya,Jalan Emong
5853120077_5853120075_STOP753,0.6875,3,8,3,0.5,0.5,lainnya;komersial,Jalan Tanpa Nama
5853120077_6469933728_STOP752,0.6875,4,8,5,0.75,0.25,katering;lainnya,Jalan Burangrang
5853120077_6469933728_STOP753,0.6875,3,8,3,0.5,0.5,lainnya;komersial,Jalan Burangrang
5853120077_6469933728_STOP797,0.6875,4.25,8,4,0.75,0.125,komersial;finansial;lainnya,Jalan Burangrang
5853120077_7210854542_STOP753,0.6875,3,8,3,0.5,0.5,lainnya;komersial,Jalan Burangrang
5853120077_7210854542_STOP798,0.625,3.5,8,3,0.625,0.375,komersial;lainnya,Jalan Burangrang
5862588301_2325453511_STOP317,0.875,4.5,8,3,0.875,0.125,finansial;lainnya;komersial,Jalan Soekarno-Hatta
5862588301_2325453511_STOP342,0.8125,4,8,3,0.75,0.25,finansial;lainnya,Jalan Soekarno-Hatta
5862588301_2325453511_STOP384,0.5625,4.63,8,2,1,0,finansial;komersial,Jalan Soekarno-Hatta
5862588301_5862588302_STOP342,0.7,5,5,1,1,0,finansial,Jalan Tanpa Nama
5862588302_5862588301_STOP342,0.7,5,5,1,1,0,finansial,Jalan Tanpa Nama
5862588302_6485352111_STOP316,0.9583,5,8,2,1,0,finansial,Jalan Soekarno-Hatta
5862588302_6485352111_STOP342,0.7,5,5,1,1,0,finansial,Jalan Soekarno-Hatta
5862588302_6485352111_STOP343,0.8125,4.5,8,3,0.75,0,komersial;lainnya,Jalan Soekarno-Hatta
5862588302_6485352111_STOP381,0.7917,4,8,3,0.75,0.25,lainnya,Jalan Soekarno-Hatta
5862588302_6485352111_STOP382,0.6875,3.25,8,2,0.5,0.375,komersial;finansial,Jalan Soekarno-Hatta
5862588302_6485352111_STOP383,0.8958,5,8,2,1,0,finansial,Jalan Soekarno-Hatta
5862690000_3272382566_STOP121,0.625,2.5,8,2,0.375,0.625,komersial;kesehatan,Jalan Leuwi Panjang
5862690000_3272382566_STOP157,0.875,4.63,8,3,0.875,0.125,katering;lainnya;komersial,Jalan Leuwi Panjang
5862690000_3272382566_STOP374,0.6875,2.63,8,2,0.375,0.625,komersial;katering,Jalan Leuwi Panjang
5862690000_5862690001_STOP157,0.875,5,8,3,1,0,katering;lainnya;komersial,Jalan Tanpa Nama
5862690001_5348748820_STOP157,0.9375,5,8,3,1,0,lainnya;katering;komersial,Jalan Leuwi Panjang
5862690001_5862690000_STOP157,0.875,5,8,3,1,0,katering;lainnya;komersial,Jalan Tanpa Nama
5862690013_5348748819_STOP271,0.7083,3.25,8,3,0.5,0.375,finansial;komersial,Jalan Leuwi Panjang
5862690013_5862690014_STOP271,0.7083,3.25,8,3,0.5,0.375,finansial;komersial,Jalan Tanpa Nama
5862690014_2325416265_STOP271,0.7083,3.25,8,3,0.5,0.375,finansial;komersial,Jalan Leuwi Panjang
5862690014_2325416265_STOP311,0.7708,3.63,8,3,0.625,0.25,finansial;komersial,Jalan Leuwi Panjang
5862690014_5862690013_STOP271,0.7083,3.25,8,3,0.5,0.375,finansial;komersial,Jalan Tanpa Nama
5862744483_11181449053_STOP256,0.7708,4.63,8,2,0.875,0,katering;komersial,Jalan Mochammad Ramdhan
5862744483_2325453378_STOP256,0.7708,4.63,8,2,0.875,0,katering;komersial,Jalan Tanpa Nama
5865212130_5394983544_STOP637,0.875,4.13,8,4,0.75,0.125,pendidikan;komersial;katering,Jalan Terusan Jakarta
5865212130_5394983544_STOP90,0.875,4.63,8,3,0.875,0,pendidikan;komersial,Jalan Terusan Jakarta
5865212130_6395644073_STOP90,0.6875,4.75,8,2,1,0,pendidikan;komersial,Jalan Tanpa Nama
5865367998_11106971279_STOP356,0.7813,4.63,8,3,0.875,0.125,lainnya;komersial,Jalan Tanpa Nama
5865367998_5867096767_STOP356,0.6042,3.25,8,3,0.5,0.375,komersial;lainnya,Jalan Soekarno-Hatta
5865367998_5867096767_STOP357,0.8125,3.88,8,4,0.625,0.25,katering;pendidikan;kesehatan,Jalan Soekarno-Hatta
5865367998_5867096767_STOP423,0.7188,4.13,8,3,0.75,0.25,pendidikan;komersial;lainnya,Jalan Soekarno-Hatta
5867096767_9443702027_STOP357,0.7917,3.25,8,3,0.5,0.375,katering;kesehatan,Jalan Tanpa Nama
5867096767_9544806503_STOP357,0.7917,3.25,8,3,0.5,0.375,katering;kesehatan,Jalan Soekarno-Hatta
5867096768_5867096767_STOP357,0.7917,3.25,8,3,0.5,0.375,katering;kesehatan,Jalan Tanpa Nama
5867096768_9443702028_STOP357,0.8125,3.88,8,4,0.625,0.25,katering;pendidikan;kesehatan,Jalan Soekarno-Hatta
5867096768_9443702028_STOP423,0.8125,4.38,8,4,0.75,0.125,pendidikan;katering;komersial,Jalan Soekarno-Hatta
5993042008_2518053983_STOP114,0.625,5,8,3,1,0,komersial;lainnya,Jalan Gedebage Selatan
5993042008_6380049252_STOP114,0.625,5,8,3,1,0,komersial;lainnya,Jalan Gedebage Selatan
5993042021_6380049255_STOP114,0.625,5,8,4,1,0,lainnya;komersial,Jalan Pendamping SOR GBLA
5993042057_2518073283_STOP387,0.75,5,8,2,1,0,lainnya,Jalan Tanpa Nama
5993042057_6377275638_STOP387,0.6667,5,3,1,1,0,lainnya,Jalan Pendamping SOR GBLA
6352261923_11180921761_STOP72,0.8125,5,8,3,1,0,komersial,Jalan Tanpa Nama
6352261923_9767043233_STOP71,0.8125,5,8,3,1,0,komersial;lainnya,Jalan Tanpa Nama
6352261923_9767043233_STOP72,0.8125,5,8,3,1,0,komersial,Jalan Tanpa Nama
6377275639_2518073283_STOP387,0.6667,5,3,1,1,0,lainnya,Jalan Pendamping SOR GBLA
6377290515_5479191291_STOP822,0.6,4.8,5,1,1,0,katering,Jalan Tanpa Nama
6377290515_5479191291_STOP823,0.6875,4.25,8,2,0.875,0.125,katering,Jalan Tanpa Nama
6380049252_5993042008_STOP114,0.625,5,8,3,1,0,komersial;lainnya,Jalan Gedebage Selatan
6380049255_5993042008_STOP114,0.625,5,8,3,1,0,komersial;lainnya,Jalan Pendamping SOR GBLA
6380049255_6380049252_STOP114,0.625,5,8,3,1,0,komersial;lainnya,Jalan Tanpa Nama
6380243449_3272722525_STOP358,0.6458,2.75,8,4,0.375,0.5,lainnya;katering,Jalan Soekarno-Hatta
6380243449_3272722525_STOP403,0.625,3.5,8,6,0.625,0.375,lainnya;komersial;katering,Jalan Soekarno-Hatta
6380243450_3272722525_STOP358,0.6458,2.75,8,4,0.375,0.5,lainnya;katering,Jalan Soekarno-Hatta
6380243450_3272722525_STOP403,0.625,3.5,8,6,0.625,0.375,lainnya;komersial;katering,Jalan Soekarno-Hatta
6380243450_6380243449_STOP358,0.6458,3.5,8,4,0.5,0.25,lainnya;katering;komersial,Jalan Tanpa Nama
6380244012_6380244013_STOP535,0.7292,4.5,8,3,0.875,0.125,lainnya;komersial;katering,Jalan Tanpa Nama
6380244012_6380244014_STOP535,0.5833,3.5,8,3,0.5,0.25,komersial;katering;lainnya,Jalan Soekarno-Hatta
6380244013_7284403248_STOP535,0.7292,4.5,8,3,0.875,0.125,lainnya;komersial;katering,Jalan Soekarno-Hatta
6380244014_3272727739_STOP358,0.5833,3.5,8,3,0.5,0.25,katering;lainnya;komersial,Jalan Tanpa Nama
6380244014_6380243450_STOP358,0.5833,3.5,8,3,0.5,0.25,lainnya;katering;komersial,Jalan Soekarno-Hatta
6380244014_6380244015_STOP358,0.5833,3.5,8,3,0.5,0.25,katering;lainnya;komersial,Jalan Tanpa Nama
6380244015_5353894751_STOP535,0.5833,3.5,8,3,0.5,0.25,lainnya;komersial;katering,Jalan Tanpa Nama
6380244015_6380244013_STOP535,0.5833,3.5,8,3,0.5,0.25,komersial;katering;lainnya,Jalan Soekarno-Hatta
6380244015_6380244014_STOP535,0.5833,3.5,8,3,0.5,0.25,lainnya;komersial;katering,Jalan Tanpa Nama
6382216824_6382216825_STOP403,0.625,3.5,8,5,0.625,0.375,komersial;lainnya;katering,Jalan Rumah Sakit
6382216825_3380407826_STOP240,0.625,3.5,8,5,0.625,0.375,komersial;lainnya;katering,Jalan Rumah Sakit
6382216825_3380407826_STOP422,0.625,4.5,8,3,0.875,0.125,lainnya,Jalan Rumah Sakit
6382216825_6382216826_STOP240,0.625,3.5,8,5,0.625,0.375,komersial;lainnya;katering,Jalan Rumah Sakit
6382216826_11549683570_STOP403,0.625,3.5,8,5,0.625,0.375,komersial;lainnya;katering,Jalan Rumah Sakit
6382216826_3272728568_STOP403,0.625,3.5,8,5,0.625,0.375,komersial;lainnya;katering,Jalan Tanpa Nama
6384640702_2518040289_STOP101,0.7917,3.63,8,2,0.625,0.375,kesehatan;lainnya,Jalan Abdul Haris Nasution
6384640702_2518040289_STOP402,0.7917,3.63,8,2,0.625,0.375,kesehatan;lainnya,Jalan Abdul Haris Nasution
6384640702_5354200473_STOP101,0.75,5,8,2,1,0,lainnya;kesehatan,Jalan Alun-Alun Barat
6384640713_2858054060_STOP101,0.8313,3.13,8,2,0.5,0.5,komersial;finansial,Jalan Abdul Haris Nasution
6384640713_2858054060_STOP426,0.6667,3.25,8,2,0.5,0.375,katering;lainnya,Jalan Abdul Haris Nasution
6384640713_2858054060_STOP427,0.625,2.63,8,2,0.25,0.375,finansial;komersial,Jalan Abdul Haris Nasution
6384640713_6384640702_STOP101,0.75,4.13,8,2,0.75,0.25,lainnya;komersial,Jalan Abdul Haris Nasution
6395644073_5865212130_STOP90,0.6875,4.75,8,2,1,0,pendidikan;komersial,Jalan Tanpa Nama
6411536102_7310779096_STOP323,0.6875,3.5,8,3,0.625,0.375,finansial;lainnya;komersial,Jalan Batu Nunggal
6411536102_7513405158_STOP323,0.6875,3.5,8,3,0.625,0.375,finansial;lainnya;komersial,Jalan Buah Batu
6411839582_4140347904_STOP324,0.625,2.75,8,4,0.375,0.5,komersial;lainnya,Jalan Buah Batu
6411839582_4140347904_STOP330,0.6875,2.75,8,3,0.375,0.5,lainnya;komersial,Jalan Buah Batu
6411839583_35138338_STOP330,0.6875,2.75,8,3,0.375,0.5,lainnya;komersial,Jalan Buah Batu
6411839583_6411839582_STOP330,0.6875,2.75,8,3,0.375,0.5,lainnya;komersial,Jalan Tanpa Nama
6412131569_6609908292_STOP363,0.6875,2,8,3,0.25,0.75,lainnya;katering,Jalan Taman Jupiter
6412131569_9503919891_STOP363,0.6875,2,8,3,0.25,0.75,lainnya;katering,Jalan Tanpa Nama
6412357745_3869649891_STOP362,0.7635,4.13,8,3,0.75,0.25,kesehatan;katering,Jalan Tata Surya
6412357745_3869649891_STOP540,1,4.75,8,2,1,0,katering;komersial,Jalan Tata Surya
6413894757_1664487744_STOP361,0.6458,3.63,8,3,0.625,0.25,katering;lainnya,Jalan Tanpa Nama
6413894757_1664487744_STOP604,0.875,4.5,8,4,0.875,0.125,lainnya;komersial,Jalan Tanpa Nama
6413894757_1664487744_STOP605,0.7188,4.5,8,3,0.875,0.125,lainnya;komersial,Jalan Tanpa Nama
6413894757_7673353742_STOP361,0.6458,2.63,8,2,0.375,0.5,katering;lainnya,Jalan Soekarno-Hatta
6425545180_3115112874_STOP497,0.9375,4.75,8,4,1,0,lainnya;komersial;kesehatan,Jalan Cigondewah Kaler
6425545180_3115112874_STOP498,0.75,2.88,8,3,0.5,0.5,lainnya;komersial;kesehatan,Jalan Cigondewah Kaler
6428110632_10166777277_STOP139,0.75,3.75,8,3,0.625,0.25,lainnya,Jalan Haji Tatang Sumantri
6428110632_1982778316_STOP139,0.75,3.75,8,3,0.625,0.25,lainnya,Jalan Mohammad Toha
6428110632_3272376486_STOP139,0.75,3.75,8,3,0.625,0.25,lainnya,Jalan Mohammad Toha
6428110632_3272376486_STOP185,0.8125,3.38,8,3,0.625,0.375,komersial;lainnya,Jalan Mohammad Toha
6428110632_3272376486_STOP186,0.625,4.75,8,2,0.875,0,lainnya,Jalan Mohammad Toha
6428110632_3272376486_STOP336,0.6875,4.88,8,2,1,0,komersial;lainnya,Jalan Mohammad Toha
6428110634_1982778316_STOP139,0.75,2.75,8,3,0.375,0.5,lainnya,Jalan Mohammad Toha
6431352730_6609908292_STOP363,0.75,3.5,8,3,0.625,0.375,lainnya;katering,"['Jalan Taman Jupiter', 'Jalan Margahayu Raya Bar.']"
6431352730_6609908292_STOP364,0.875,4.38,8,3,0.875,0.125,lainnya;komersial,"['Jalan Taman Jupiter', 'Jalan Margahayu Raya Bar.']"
6431352730_6609908292_STOP540,0.9375,4.75,8,3,1,0,pendidikan;komersial;katering,"['Jalan Taman Jupiter', 'Jalan Margahayu Raya Bar.']"
6435730317_1777901409_STOP644,0.6875,4,8,3,0.75,0.25,katering;lainnya,Jalan Kancra
6435730317_1777901409_STOP645,0.7,3.25,8,2,0.5,0.5,komersial,Jalan Kancra
6436250308_10184467588_STOP466,0.8125,4.88,8,3,1,0,finansial;lainnya;kesehatan,Jalan Mutumanikam
6436250308_10184467588_STOP579,0.8125,4.38,8,3,0.875,0.125,finansial;katering,Jalan Mutumanikam
6436250308_1914135386_STOP466,0.8125,4.38,8,3,0.875,0.125,finansial;katering,Jalan Suryalaya
6436250308_1914135386_STOP467,0.875,4.38,8,3,0.875,0.125,katering;kesehatan;finansial,Jalan Suryalaya
6436250308_1914135386_STOP579,0.8125,4.38,8,3,0.875,0.125,finansial;katering,Jalan Suryalaya
6436250308_5397556729_STOP579,0.7,4.4,5,1,1,0,finansial,Jalan Suryalaya
6437394512_35138338_STOP330,0.6875,2.75,8,3,0.375,0.5,lainnya;komersial,Jalan Tanpa Nama
6437394512_6411839582_STOP330,0.6875,2.75,8,3,0.375,0.5,lainnya;komersial,Jalan Buah Batu
6438800742_1849525979_STOP686,0.9167,4.25,8,3,0.875,0.125,lainnya;katering;komersial,Jalan Trunojoyo
6438800742_25434517_STOP686,0.9167,4.25,8,3,0.875,0.125,katering;lainnya;komersial,Jalan Trunojoyo
6438800742_5356356848_STOP686,0.9167,4.25,8,3,0.875,0.125,katering;lainnya;komersial,Jalan Sultan Agung
6442486339_13123360943_STOP176,0.9583,5,8,2,1,0,kesehatan;katering,Jalan Abdul Rahman Saleh
6442486339_13123360943_STOP774,0.8333,4.5,8,3,0.875,0.125,lainnya;kesehatan;komersial,Jalan Abdul Rahman Saleh
6442486339_13123360943_STOP84,0.6875,3.88,8,3,0.625,0.25,finansial;lainnya;komersial,Jalan Abdul Rahman Saleh
6442486339_1666277222_STOP773,0.75,3.88,8,3,0.75,0.25,komersial;lainnya,Jalan Layang Nurtanio
6442486339_1666277222_STOP774,0.75,4.38,8,3,0.875,0.125,lainnya;katering;komersial,Jalan Layang Nurtanio
6442486339_1666277222_STOP775,0.75,3.38,8,4,0.625,0.375,lainnya;komersial;finansial,Jalan Layang Nurtanio
6442486339_2628296766_STOP774,0.75,4.38,8,3,0.875,0.125,lainnya;katering;komersial,Jalan Abdul Rahman Saleh
6442819831_1849525880_STOP13,0.875,5,8,2,1,0,lainnya;rekreasi,Jalan Sumatra
6442819831_5851048279_STOP13,0.875,5,8,2,1,0,lainnya;rekreasi,Jalan Belitung
6442840898_1911634983_STOP280,0.6667,3.13,8,3,0.5,0.5,lainnya;komersial;rekreasi,"['Jalan Holis', 'Jalan Nana Rohana', 'Jalan Suryani Dalam']"
6442840898_1911634983_STOP375,0.75,4.25,8,3,0.875,0.125,lainnya;finansial,"['Jalan Holis', 'Jalan Nana Rohana', 'Jalan Suryani Dalam']"
6442840898_1911634983_STOP398,0.625,3.13,8,2,0.5,0.5,komersial;finansial,"['Jalan Holis', 'Jalan Nana Rohana', 'Jalan Suryani Dalam']"
6442840898_5489855947_STOP398,0.75,3.5,8,4,0.625,0.375,finansial;komersial;katering,Jalan Holis
6442968670_364365556_STOP192,0.875,3.88,8,4,0.75,0.25,finansial;lainnya,Jalan Braga
6442968670_364365556_STOP292,0.9375,4.38,8,4,0.875,0.125,finansial;lainnya,Jalan Braga
6442968671_2439053851_STOP192,0.6875,2.75,8,4,0.5,0.5,finansial;lainnya,Jalan Perintis Kemerdekaan
6442968671_6442968670_STOP192,0.6875,2.75,8,4,0.5,0.5,finansial;lainnya,Jalan Perintis Kemerdekaan
6442968672_2439053851_STOP192,0.75,3.25,8,4,0.625,0.375,finansial;lainnya,Jalan Perintis Kemerdekaan
6442968672_6442968670_STOP192,0.75,3.25,8,4,0.625,0.375,finansial;lainnya,Jalan Perintis Kemerdekaan
6443246208_1014722265_STOP197,0.8125,4.25,8,3,0.75,0.125,lainnya;komersial,Jalan Balonggede
6443246208_1014722265_STOP471,0.6875,3.38,8,4,0.625,0.375,lainnya;katering,Jalan Balonggede
6443280179_6443280180_STOP224,0.9375,5,8,2,1,0,komersial;lainnya,Jalan Tanpa Nama
6443280179_6621856655_STOP224,0.9375,5,8,2,1,0,komersial;lainnya,Jalan Otto Iskandardinata
6443280179_6621856655_STOP309,0.9375,5,8,2,1,0,lainnya;komersial,Jalan Otto Iskandardinata
6443280180_3277883741_STOP224,0.9375,5,8,2,1,0,komersial;lainnya,Jalan Otto Iskandardinata
6443280180_6443280179_STOP224,0.9375,5,8,2,1,0,komersial;lainnya,Jalan Tanpa Nama
6445031497_2325451810_STOP555,0.725,3,8,3,0.5,0.5,lainnya,Jalan Supratman
6445031497_2325451810_STOP73,0.9375,4.75,8,3,0.875,0,lainnya;katering,Jalan Supratman
6445031497_2325451810_STOP74,0.7708,4.75,8,3,0.875,0,katering;lainnya,Jalan Supratman
6445031497_6445031498_STOP74,0.7708,4.75,8,3,0.875,0,katering;lainnya,Jalan Ciliwung
6445031498_10171865536_STOP172,0.7708,5,8,2,1,0,katering,Jalan Ciliwung
6445031498_10171865536_STOP73,0.7708,4.75,8,3,0.875,0,katering;lainnya,Jalan Ciliwung
6445031498_11707030830_STOP73,0.7708,4.75,8,3,0.875,0,katering;lainnya,Jalan Supratman
6445381505_25778222_STOP575,0.75,4.13,8,3,0.75,0.25,kesehatan;komersial;katering,Jalan Citarum
6445381505_25778222_STOP690,0.7083,3.88,8,3,0.625,0.25,komersial;kesehatan;katering,Jalan Citarum
6445381505_6445381506_STOP575,0.75,4.13,8,3,0.75,0.25,kesehatan;komersial;katering,Jalan Tanpa Nama
6445381506_1666747516_STOP575,0.8125,4.13,8,4,0.75,0.25,kesehatan;katering;komersial,Jalan Citarum
6445381506_6445381505_STOP575,0.8125,4.13,8,4,0.75,0.25,kesehatan;katering;komersial,Jalan Tanpa Nama
6445776283_10173744453_STOP667,0.7208,3.88,8,3,0.625,0.25,kesehatan;lainnya,Jalan Cisanggarung
6445776283_6445776985_STOP667,0.7833,4.38,8,2,0.75,0.125,kesehatan;lainnya,Jalan Hayam Wuruk
6445776985_11771489565_STOP667,0.7208,3.88,8,3,0.625,0.25,lainnya;kesehatan,Jalan Hayam Wuruk
6445776985_1849526010_STOP667,0.7208,3.88,8,3,0.625,0.25,lainnya;kesehatan,Jalan Cisanggarung
6445776991_13713992504_STOP805,0.875,5,8,3,1,0,katering;komersial;lainnya,Jalan Tanpa Nama
6445776991_7190149301_STOP805,0.875,5,8,3,1,0,katering;komersial;lainnya,Jalan Hayam Wuruk
6445776996_2520649113_STOP669,0.8542,4.75,8,3,1,0,katering;komersial,Jalan Banda
6445776996_6445776997_STOP669,0.8542,4.75,8,3,1,0,katering;komersial,Jalan Cilamaya
6445776997_6445777001_STOP669,0.8542,4.75,8,3,1,0,katering;komersial,Jalan Cilamaya
6445777001_10173705729_STOP669,0.875,5,8,3,1,0,katering;lainnya;komersial,Jalan Tanpa Nama
6445777001_6445777003_STOP669,0.8125,4.63,8,4,0.875,0,katering;lainnya,Jalan Cilamaya
6445777003_1847944841_STOP669,0.6373,3.25,8,3,0.5,0.25,lainnya;finansial,Jalan Diponegoro
6445777003_1847944841_STOP670,0.6165,3.25,8,3,0.5,0.25,lainnya,Jalan Diponegoro
6445777003_1849525905_STOP669,0.6373,3.25,8,3,0.5,0.25,lainnya;finansial,Jalan Diponegoro
6455291974_2518070484_STOP356,0.7813,4.63,8,3,0.875,0.125,lainnya;komersial,Jalan Pertamina
6455291974_2634710028_STOP230,0.7,4,8,4,0.75,0.25,kesehatan;katering;lainnya,Jalan Soekarno-Hatta
6455291974_2634710028_STOP356,0.7813,4.63,8,3,0.875,0.125,lainnya;komersial,Jalan Soekarno-Hatta
6455291974_2634710028_STOP379,0.6687,4.63,8,3,0.875,0.125,lainnya;katering,Jalan Soekarno-Hatta
6461589822_10171739080_STOP665,0.725,4.5,8,3,0.875,0.125,katering;komersial,Jalan Taman Cibeunying Utara
6461589822_3269381709_STOP665,0.7875,4.5,8,2,0.875,0.125,katering,Jalan Ciliwung
6461589822_3269381712_STOP665,0.75,4.5,8,3,0.875,0.125,katering;komersial,Jalan Cihapit
6461589858_12809507137_STOP507,0.7625,4.25,8,4,0.75,0,kesehatan;lainnya,Jalan Aceh
6461589858_12809507137_STOP61,0.7625,4.25,8,4,0.75,0,lainnya;kesehatan,Jalan Aceh
6461589858_12809507137_STOP662,0.75,4.5,8,4,0.875,0,komersial;kesehatan;lainnya,Jalan Aceh
6461589858_1849525899_STOP662,0.75,4.63,8,4,0.875,0,komersial;lainnya;kesehatan,Jalan Menado
6461589858_1849525899_STOP695,0.7,4.25,8,3,0.75,0,lainnya;komersial,Jalan Menado
6461589858_1849525899_STOP696,0.675,4.13,8,4,0.75,0,lainnya,Jalan Menado
6461589858_2520790639_STOP662,0.75,4.63,8,4,0.875,0,komersial;lainnya;kesehatan,Jalan Aceh
6469653354_1107865397_STOP580,0.875,4.75,8,2,1,0,lainnya;katering,Jalan Talaga Bodas
6469653354_1107865397_STOP733,0.7292,4.5,8,3,0.875,0.125,lainnya;katering;finansial,Jalan Talaga Bodas
6469653354_6469933730_STOP733,0.75,4.25,8,4,0.75,0.125,lainnya;komersial;finansial;katering,Jalan Talaga Bodas
6469653354_6469933730_STOP797,0.75,4.25,8,4,0.75,0.125,komersial;finansial;lainnya;katering,Jalan Talaga Bodas
6469933723_11347520098_STOP732,0.7875,4.63,8,3,0.875,0.125,lainnya;katering,Jalan Lodaya
6469933723_11347520098_STOP733,0.75,4.25,8,4,0.75,0.125,finansial;lainnya;komersial,Jalan Lodaya
6469933723_29434775_STOP733,0.6875,4.25,8,4,0.75,0.125,finansial;lainnya;komersial,Jalan Lodaya
6469933723_29434775_STOP797,0.75,4.25,8,4,0.75,0.125,finansial;komersial;lainnya;katering,Jalan Lodaya
6469933728_5853120077_STOP752,0.6875,4,8,5,0.75,0.25,katering;lainnya,Jalan Burangrang
6469933728_5853120077_STOP797,0.6875,4.25,8,4,0.75,0.125,komersial;finansial;lainnya,Jalan Burangrang
6469933728_6470065672_STOP797,0.6875,4.25,8,4,0.75,0.125,komersial;finansial;lainnya,Jalan Burangrang
6469933730_29434775_STOP797,0.75,4.25,8,4,0.75,0.125,komersial;finansial;lainnya;katering,Jalan Talaga Bodas
6469933730_6469933723_STOP733,0.6875,4.25,8,4,0.75,0.125,finansial;lainnya;komersial,Jalan Lodaya
6469933730_6469933723_STOP797,0.75,4.25,8,4,0.75,0.125,komersial;finansial;lainnya;katering,Jalan Lodaya
6470065668_3278061603_STOP796,0.625,3.38,8,3,0.625,0.375,lainnya;katering,Jalan Sadakeling
6470065668_3278061603_STOP797,0.6458,4.13,8,3,0.75,0.125,lainnya;komersial;finansial,Jalan Sadakeling
6470065668_6470065671_STOP797,0.6875,4.13,8,4,0.75,0.125,komersial;finansial;lainnya,Jalan Sadakeling
6470065671_6469933728_STOP797,0.6875,4.25,8,4,0.75,0.125,komersial;finansial;lainnya,Jalan Burangrang
6470065671_6470065672_STOP797,0.75,4.25,8,4,0.75,0.125,komersial;finansial;lainnya;katering,Jalan Talaga Bodas
6470065672_6469653354_STOP733,0.75,4.25,8,4,0.75,0.125,lainnya;komersial;finansial;katering,Jalan Talaga Bodas
6470065672_6469653354_STOP797,0.75,4.25,8,4,0.75,0.125,komersial;finansial;lainnya;katering,Jalan Talaga Bodas
6470065672_6469933730_STOP797,0.75,4.25,8,4,0.75,0.125,komersial;finansial;lainnya;katering,Jalan Burangrang
6470450609_25435162_STOP585,0.625,4.38,8,3,0.875,0.125,lainnya;komersial,Jalan Malabar
6470450609_25435162_STOP657,0.7188,3.5,8,3,0.625,0.375,lainnya;komersial,Jalan Malabar
6470450609_6470450610_STOP657,0.8438,3.75,8,3,0.625,0.25,lainnya,Jalan Malabar
6470450610_6470450611_STOP657,0.8438,3.75,8,3,0.625,0.25,lainnya,Jalan Malabar
6470450610_6470450617_STOP657,0.8438,3.75,8,3,0.625,0.25,lainnya,Jalan Jenderal Gatot Subroto
6470450610_6470450617_STOP838,0.8438,3.25,8,4,0.5,0.375,lainnya;kesehatan;komersial,Jalan Jenderal Gatot Subroto
6470450611_25435174_STOP705,0.8438,3.75,8,3,0.625,0.25,lainnya,Jalan Jenderal Gatot Subroto
6470450611_5395151832_STOP705,0.9063,3.25,8,2,0.5,0.375,lainnya,Jalan Malabar
6470450615_6470450609_STOP657,0.8438,3.75,8,3,0.625,0.25,lainnya,Jalan Malabar
6470450615_6470450610_STOP657,0.8438,3.75,8,3,0.625,0.25,lainnya,Jalan Jenderal Gatot Subroto
6470450617_2325452552_STOP434,0.625,3.38,8,4,0.5,0.375,lainnya;komersial,Jalan Jenderal Gatot Subroto
6470450617_2325452552_STOP837,0.8438,3.25,8,4,0.5,0.375,kesehatan;komersial;lainnya,Jalan Jenderal Gatot Subroto
6470450617_2325452552_STOP838,0.9063,3.25,8,4,0.5,0.375,lainnya;kesehatan;komersial,Jalan Jenderal Gatot Subroto
6470450617_6470450611_STOP705,0.9063,3.25,8,2,0.5,0.375,lainnya,Jalan Jenderal Gatot Subroto
6470450617_6470450611_STOP838,0.9063,3.25,8,4,0.5,0.375,lainnya;kesehatan;komersial,Jalan Jenderal Gatot Subroto
6470450620_1108653643_STOP501,0.8125,4.63,8,3,0.875,0,komersial;lainnya,Jalan Jenderal Gatot Subroto
6470450620_1108653643_STOP568,0.625,2,8,2,0.25,0.75,komersial;kesehatan,Jalan Jenderal Gatot Subroto
6470450620_1108653643_STOP657,0.7083,4,8,3,0.75,0.25,lainnya,Jalan Jenderal Gatot Subroto
6470450620_1108653643_STOP704,0.8125,4,8,3,0.75,0.25,komersial;lainnya,Jalan Jenderal Gatot Subroto
6470450620_1108653643_STOP835,0.875,4.25,8,2,0.75,0.125,katering;komersial,Jalan Jenderal Gatot Subroto
6470450620_1108653643_STOP836,0.7708,3.75,8,2,0.625,0.25,lainnya;katering,Jalan Jenderal Gatot Subroto
6470450620_6470450615_STOP657,0.8438,3.75,8,3,0.625,0.25,lainnya,Jalan Jenderal Gatot Subroto
6475102309_3252879876_STOP279,0.8125,4.5,8,3,0.875,0.125,komersial,Jalan Jendral Sudirman
6485352110_3272563961_STOP343,0.8125,4.5,8,3,0.75,0,komersial;lainnya,Jalan Soekarno-Hatta
6485352110_3272563961_STOP381,0.7292,3.5,8,4,0.625,0.375,lainnya;komersial,Jalan Soekarno-Hatta
6485352110_6485352111_STOP381,0.7292,3.5,8,4,0.625,0.375,lainnya;komersial,Jalan Tanpa Nama
6485352111_3383341288_STOP381,0.7917,3.5,8,4,0.625,0.375,lainnya;komersial,Jalan Soekarno-Hatta
6485661075_2317306738_STOP485,0.8125,3.88,8,3,0.75,0.25,katering;komersial;kesehatan,Jalan Wastukancana
6485661075_2317306738_STOP63,0.9546,4.75,8,4,1,0,katering;pendidikan;lainnya,Jalan Wastukancana
6485661075_2439053889_STOP63,0.9375,4.75,8,4,1,0,katering;pendidikan;komersial,Jalan Tanpa Nama
6608965027_7216077587_STOP371,0.875,4.13,8,2,0.75,0.25,lainnya,Jalan Tanpa Nama
6608965029_11278632590_STOP647,0.7292,4.88,8,2,1,0,rekreasi;katering,Bulevar Barat
6608965029_9824987335_STOP647,0.8437,4.88,8,3,1,0,katering;rekreasi,Jalan Akasia
6608965030_10968637160_STOP647,0.7917,4,8,3,0.75,0.25,katering;lainnya;finansial,Jalan Akasia
6608965030_10968637160_STOP819,0.6667,3,8,3,0.5,0.5,lainnya;finansial;katering,Jalan Akasia
6608965030_6608965029_STOP647,0.8854,4.88,8,3,1,0,katering;rekreasi;lainnya,Bulevar Barat
6608965044_6608965046_STOP819,0.8125,4,8,3,0.75,0.25,lainnya,Bunderan Akasia
6608965044_7561564769_STOP819,0.875,4,8,3,0.75,0.25,kesehatan;lainnya,Jalan Akasia
6608965046_6608965044_STOP819,0.8125,4,8,3,0.75,0.25,lainnya,Bunderan Akasia
6608965073_6608965046_STOP819,0.875,4,8,3,0.75,0.25,kesehatan;lainnya,Jalan Akasia
6608965073_7561564769_STOP819,0.8125,3.63,8,3,0.625,0.375,kesehatan;lainnya;finansial,Jalan Akasia
6608982087_6608965030_STOP647,0.6667,3,8,3,0.5,0.5,finansial;lainnya;katering,Bulevar Barat
6608982089_6608982087_STOP261,0.7188,3.13,8,4,0.5,0.5,finansial;lainnya;rekreasi,Jalan Tanpa Nama
6608982089_7216028474_STOP261,0.7188,3.13,8,4,0.5,0.5,finansial;lainnya;rekreasi,Bulevar Utama
6608982092_6608982089_STOP647,0.6667,3,8,3,0.5,0.5,finansial;lainnya;katering,Bulevar Utama
6608982092_6608982089_STOP819,0.875,5,8,2,1,0,kesehatan;lainnya,Bulevar Utama
6608982106_5848060882_STOP819,0.8125,4,8,3,0.75,0.25,lainnya;kesehatan,Bunderan Bulevar Utama
6608982106_7216077733_STOP819,0.875,5,8,2,1,0,lainnya;kesehatan,Bulevar Utama
6608982110_6608982115_STOP818,0.8125,4,8,3,0.75,0.25,lainnya;kesehatan,Bunderan Bulevar Utama
6608982110_9787694583_STOP386,0.5938,5,8,3,1,0,pendidikan;lainnya;komersial,Bulevar Selatan
6608982110_9787694583_STOP818,0.7708,4,8,2,0.75,0.25,lainnya;kesehatan,Bulevar Selatan
6608982115_6608982106_STOP818,0.8125,4,8,3,0.75,0.25,lainnya;kesehatan,Bunderan Bulevar Utama
6608982115_6608982106_STOP819,0.8125,4,8,3,0.75,0.25,lainnya;kesehatan,Bunderan Bulevar Utama
6609192452_1849525810_STOP682,0.9375,4.5,8,3,0.875,0.125,lainnya;katering;finansial,Jalan Sumatra
6609192452_2035792342_STOP682,0.9375,4.5,8,3,0.875,0.125,lainnya;katering;finansial,Jalan Tanpa Nama
6609192455_1849525880_STOP682,0.9375,4.5,8,3,0.875,0.125,lainnya;katering;finansial,Jalan Tanpa Nama
6609192455_5851048279_STOP682,0.9375,4.5,8,3,0.875,0.125,lainnya;katering;finansial,Jalan Sumatra
6609199259_5369482496_STOP11,0.75,5,8,3,1,0,lainnya;rekreasi;komersial,Jalan Supratman
6609199259_5369482497_STOP11,0.75,5,8,3,1,0,lainnya;rekreasi;komersial,Jalan Cisadea
6609222555_2520649220_STOP44,0.8438,3.38,8,3,0.625,0.375,kesehatan;katering;lainnya,Jalan Jakarta
6609222555_8123220090_STOP44,0.8438,3.38,8,3,0.625,0.375,kesehatan;katering;lainnya,Jalan Jenderal Ahmad Yani
6609222555_8123220109_STOP44,0.8438,3.38,8,3,0.625,0.375,kesehatan;katering;lainnya,Jalan Jenderal Ahmad Yani
6609222558_2520649239_STOP634,0.7083,3.38,8,4,0.625,0.375,lainnya;komersial,Jalan Jenderal Ahmad Yani
6609222558_6609222560_STOP634,0.7083,3.38,8,4,0.625,0.375,lainnya;komersial,Jalan Bengawan
6609222560_1849907155_STOP177,0.75,5,8,4,1,0,rekreasi;katering;kesehatan;komersial,Jalan Bengawan
6609222560_1849907155_STOP248,0.5625,2.88,8,5,0.5,0.5,lainnya;komersial,Jalan Bengawan
6609222560_1849907155_STOP633,0.625,4.5,8,3,0.875,0.125,komersial;lainnya,Jalan Bengawan
6609222560_1849907155_STOP634,0.7083,3.38,8,4,0.625,0.375,lainnya;komersial,Jalan Bengawan
6609222560_1849907155_STOP635,0.625,5,8,3,1,0,katering;komersial;lainnya,Jalan Bengawan
6609222560_6609222558_STOP634,0.7083,3.38,8,4,0.625,0.375,lainnya;komersial,Jalan Bengawan
6609222560_8123220091_STOP187,0.8438,3.38,8,3,0.625,0.375,lainnya;kesehatan;katering,Jalan Jenderal Ahmad Yani
6609222560_8123220091_STOP634,0.8125,3.38,8,4,0.625,0.375,lainnya;kesehatan;katering,Jalan Jenderal Ahmad Yani
6609245572_2325453614_STOP322,0.85,4.75,8,3,0.875,0,komersial;lainnya,Jalan Buah Batu
6609245572_2325453614_STOP332,0.725,3.75,8,3,0.625,0.25,olahraga;lainnya,Jalan Buah Batu
6609245572_6609245573_STOP322,0.8125,3.75,8,4,0.625,0.25,komersial;lainnya,Jalan Tanpa Nama
6609245573_2614138789_STOP229,0.5759,2.75,8,2,0.375,0.5,lainnya;komersial,Jalan Buah Batu
6609245573_2614138789_STOP322,0.8125,3.75,8,4,0.625,0.25,komersial;lainnya,Jalan Buah Batu
6609245573_6609245572_STOP322,0.8125,3.75,8,4,0.625,0.25,komersial;lainnya,Jalan Tanpa Nama
6609265322_6437394512_STOP118,0.6875,4.63,8,2,1,0,finansial;lainnya,Jalan Buah Batu
6609265322_6437394512_STOP330,0.625,2.75,8,3,0.375,0.5,lainnya,Jalan Buah Batu
6609265322_6437394512_STOP718,0.6875,4.63,8,2,1,0,lainnya;finansial,Jalan Buah Batu
6609292753_3115159440_STOP331,0.8,5,5,1,1,0,finansial,Jalan Batununggal Indah Raya
6609292753_3115159440_STOP718,0.6875,4.63,8,2,1,0,finansial;lainnya,Jalan Batununggal Indah Raya
6609908292_6412131569_STOP363,0.6875,2,8,3,0.25,0.75,lainnya;katering,Jalan Taman Jupiter
6609908292_6431352730_STOP363,0.6875,2,8,3,0.25,0.75,lainnya;katering,"['Jalan Taman Jupiter', 'Jalan Margahayu Raya Bar.']"
6609908292_6431352730_STOP364,0.75,4,8,4,0.75,0.25,lainnya;katering,"['Jalan Taman Jupiter', 'Jalan Margahayu Raya Bar.']"
6609908292_6431352730_STOP540,0.9375,4.88,8,3,1,0,pendidikan;komersial;lainnya,"['Jalan Taman Jupiter', 'Jalan Margahayu Raya Bar.']"
6610022881_6610022882_STOP452,0.6875,2.88,8,3,0.375,0.5,komersial;lainnya,Jalan Tanpa Nama
6610022881_7673353743_STOP359,0.6563,3.63,8,3,0.5,0.375,komersial,Jalan Soekarno-Hatta
6610022881_7673353743_STOP452,0.625,2.5,8,3,0.25,0.625,komersial;lainnya,Jalan Soekarno-Hatta
6610022882_3272718018_STOP452,0.625,2.5,8,3,0.25,0.625,komersial;lainnya,Soekarno Hatta Frontage Boulevard
6610025538_6610022881_STOP360,0.6875,2.88,8,3,0.375,0.5,komersial;lainnya,Jalan Soekarno-Hatta
6610025538_6610022881_STOP453,0.6875,4.5,8,4,0.875,0,komersial;lainnya;katering,Jalan Soekarno-Hatta
6610025538_6610022881_STOP826,0.7083,2.88,8,2,0.5,0.5,lainnya;finansial,Jalan Soekarno-Hatta
6610025538_6610022881_STOP827,0.6875,3,8,3,0.5,0.5,katering;finansial,Jalan Soekarno-Hatta
6610025538_6610025539_STOP827,0.8333,4.25,8,3,0.875,0.125,finansial;lainnya;katering,Jalan Tanpa Nama
6610025539_6610022882_STOP360,0.6875,2.88,8,3,0.375,0.5,komersial;lainnya,"['Jalan Soekarno-Hatta', 'Soekarno Hatta Frontage Boulevard']"
6610025539_6610022882_STOP452,0.6875,2.88,8,3,0.375,0.5,komersial;lainnya,"['Jalan Soekarno-Hatta', 'Soekarno Hatta Frontage Boulevard']"
6610025539_6610022882_STOP453,0.7083,3.88,8,4,0.75,0.125,komersial;lainnya,"['Jalan Soekarno-Hatta', 'Soekarno Hatta Frontage Boulevard']"
6610025539_6610022882_STOP826,0.7083,2.88,8,2,0.5,0.5,lainnya;finansial,"['Jalan Soekarno-Hatta', 'Soekarno Hatta Frontage Boulevard']"
6610025539_6610022882_STOP827,0.6875,3.38,8,3,0.625,0.375,katering;finansial;lainnya,"['Jalan Soekarno-Hatta', 'Soekarno Hatta Frontage Boulevard']"
6615747773_29377716_STOP489,0.65,4,8,3,0.75,0.25,lainnya;komersial,Kapten Tata Natanegara
6615824168_6615867400_STOP37,0.6696,3.5,8,3,0.625,0.375,lainnya;finansial;kesehatan,Jalan Soekarno-Hatta
6615824168_6615867400_STOP442,0.7083,5,8,3,1,0,finansial;lainnya;kesehatan,Jalan Soekarno-Hatta
6615824168_6615867400_STOP455,0.7083,4.5,8,3,0.875,0.125,kesehatan;lainnya,Jalan Soekarno-Hatta
6615824169_6615824168_STOP37,0.7946,3.5,8,3,0.625,0.375,lainnya;finansial;komersial,Jalan Tanpa Nama
6615824169_6615867401_STOP37,0.7946,3.5,8,3,0.625,0.375,lainnya;finansial;komersial,Jalan Soekarno-Hatta
6615824169_6615867401_STOP442,0.7083,4.88,8,2,1,0,lainnya;kesehatan,Jalan Soekarno-Hatta
6615824169_6615867401_STOP455,0.7083,4.5,8,3,0.875,0.125,kesehatan;lainnya,Jalan Soekarno-Hatta
6615831436_6615824168_STOP215,0.8125,3.5,8,3,0.625,0.375,lainnya;komersial,Jalan Soekarno-Hatta
6615831436_6615824168_STOP365,0.8125,3.5,8,2,0.625,0.375,komersial;lainnya,Jalan Soekarno-Hatta
6615831436_6615824168_STOP37,0.7946,3.5,8,3,0.625,0.375,lainnya;finansial;komersial,Jalan Soekarno-Hatta
6615831436_6615824168_STOP454,0.8571,4,8,2,0.75,0.25,komersial;finansial,Jalan Soekarno-Hatta
6615831436_6615831437_STOP215,0.8125,3.5,8,3,0.625,0.375,lainnya;komersial,Jalan Tanpa Nama
6615831437_6615824169_STOP215,0.8125,3.5,8,3,0.625,0.375,lainnya;komersial,Jalan Soekarno-Hatta
6615831437_6615824169_STOP365,0.8125,3.5,8,2,0.625,0.375,komersial;lainnya,Jalan Soekarno-Hatta
6615831437_6615824169_STOP454,0.8571,4,8,2,0.75,0.25,komersial;finansial,Jalan Soekarno-Hatta
6615832573_3272226044_STOP366,0.75,3.5,8,3,0.625,0.375,pendidikan;finansial;lainnya,Jalan Soekarno-Hatta
6615832573_3272226044_STOP439,0.8125,4.25,8,3,0.875,0.125,lainnya;komersial;pendidikan,Jalan Soekarno-Hatta
6615832573_3272226044_STOP830,0.6875,4.13,8,3,0.75,0.125,lainnya;katering;komersial,Jalan Soekarno-Hatta
6615832573_6615860878_STOP830,0.6875,4.13,8,3,0.75,0.125,lainnya;katering;komersial,Jalan Tanpa Nama
6615860878_6615831436_STOP215,0.8125,3.5,8,3,0.625,0.375,lainnya;komersial,Jalan Soekarno-Hatta
6615860878_6615831436_STOP366,0.75,3.5,8,3,0.625,0.375,pendidikan;finansial;lainnya,Jalan Soekarno-Hatta
6615860878_6615831436_STOP439,0.8125,4.25,8,3,0.875,0.125,lainnya;komersial;pendidikan,Jalan Soekarno-Hatta
6615860878_6615831436_STOP440,0.9375,4,8,4,0.75,0.25,lainnya;finansial;pendidikan;komersial,Jalan Soekarno-Hatta
6615860878_6615831436_STOP829,0.8125,4.88,8,3,1,0,komersial;lainnya,Jalan Soekarno-Hatta
6615860878_6615831436_STOP830,0.6875,4.13,8,3,0.75,0.125,lainnya;katering;komersial,Jalan Soekarno-Hatta
6615860878_6615832573_STOP830,0.6875,4.13,8,3,0.75,0.125,lainnya;katering;komersial,Jalan Tanpa Nama
6615862315_3272670870_STOP362,0.75,3.5,8,3,0.625,0.375,lainnya;komersial;katering,Jalan Soekarno-Hatta
6615862315_3272670870_STOP451,0.8125,4.13,8,3,0.75,0.25,lainnya;katering;komersial,Jalan Soekarno-Hatta
6615862315_6615862316_STOP451,0.8125,4.5,8,3,0.875,0.125,lainnya;komersial;katering,Jalan Tanpa Nama
6615862316_3272680714_STOP451,0.8125,4.13,8,3,0.75,0.25,lainnya;katering;komersial,Jalan Soekarno-Hatta
6615867400_3272660513_STOP442,0.75,3,8,4,0.5,0.5,finansial;lainnya,Jalan Soekarno-Hatta
6615867401_5406559329_STOP363,0.75,2.5,8,4,0.375,0.625,lainnya;finansial;katering,Jalan Soekarno-Hatta
6615867401_5406559329_STOP442,0.75,3,8,4,0.5,0.5,finansial;lainnya,Jalan Soekarno-Hatta
6615867401_6615867400_STOP442,0.75,4,8,4,0.75,0.25,finansial;lainnya,Jalan Tanpa Nama
6615877057_3272708317_STOP240,0.8958,4.75,8,3,1,0,lainnya,Jalan Soekarno-Hatta
6615877057_3272708317_STOP827,0.8333,4.5,8,3,0.875,0.125,lainnya;finansial,Jalan Soekarno-Hatta
6615877058_6610025539_STOP240,0.8125,4.88,8,3,1,0,lainnya;komersial,"['Jalan Soekarno-Hatta', 'Soekarno Hatta Frontage Boulevard']"
6615877058_6610025539_STOP827,0.8333,4.38,8,3,0.875,0.125,lainnya;finansial,"['Jalan Soekarno-Hatta', 'Soekarno Hatta Frontage Boulevard']"
6615877058_6615877057_STOP240,0.8125,4.88,8,3,1,0,lainnya;komersial,Jalan Tanpa Nama
6615995650_5353894751_STOP358,0.6458,2.75,8,4,0.375,0.5,lainnya;katering,Jalan Soekarno-Hatta
6615995650_5353894751_STOP403,0.625,3.75,8,6,0.625,0.25,lainnya;komersial;katering,Jalan Soekarno-Hatta
6615995650_5353894751_STOP535,0.5833,3.5,8,3,0.5,0.25,lainnya;komersial;katering,Jalan Soekarno-Hatta
6615995650_9340090484_STOP403,0.625,3.75,8,6,0.625,0.25,lainnya;komersial;katering,Jalan Tanpa Nama
6616389060_11369837185_STOP108,0.5104,3.25,8,3,0.625,0.375,lainnya,Jalan Kyai Haji Wahid Hasyim
6616389060_29489287_STOP108,0.7708,4.5,8,3,0.875,0.125,lainnya;kesehatan,Jalan Kyai Haji Wahid Hasyim
6616440046_6616440053_STOP448,0.625,2.88,8,4,0.5,0.5,komersial;finansial,Jalan H. Ibrahim Adjie
6616440049_6616440046_STOP448,0.625,2.88,8,4,0.5,0.5,komersial;finansial,Jalan Tanpa Nama
6616440049_7190369535_STOP448,0.625,2.88,8,4,0.5,0.5,komersial;finansial,Jalan H. Ibrahim Adjie
6616440050_6616440049_STOP448,0.625,2.88,8,4,0.5,0.5,komersial;finansial,Jalan H. Ibrahim Adjie
6616440053_6616440050_STOP448,0.625,2.88,8,4,0.5,0.5,komersial;finansial,Jalan Tanpa Nama
6616440053_7698632127_STOP35,0.8125,4.5,8,2,0.875,0.125,finansial,Jalan H. Ibrahim Adjie
6616440053_7698632127_STOP448,0.625,3.38,8,4,0.625,0.375,finansial;komersial;lainnya,Jalan H. Ibrahim Adjie
6616544861_5346593290_STOP280,0.7292,4,8,5,0.75,0.25,rekreasi;lainnya;kesehatan;komersial,Jalan Jendral Sudirman
6616544861_6616544863_STOP280,0.7292,4,8,3,0.75,0.25,rekreasi;kesehatan;komersial,Jalan Garuda
6616544863_11458642953_STOP280,0.7292,4,8,3,0.75,0.25,rekreasi;kesehatan;komersial,Jalan Tanpa Nama
6616544863_11711275765_STOP280,0.8438,4,8,3,0.75,0.25,kesehatan;komersial,Jalan Jendral Sudirman
6616756437_3445469505_STOP136,0.9375,5,8,2,1,0,komersial,Jalan Jend. H. Amir Machmud
6616756437_3445469505_STOP602,0.6875,4.38,8,3,0.875,0.125,komersial,Jalan Jend. H. Amir Machmud
6616855143_5509853099_STOP14,0.6875,2.88,8,3,0.5,0.5,lainnya;finansial,Jalan Jend. H. Amir Machmud
6618370830_2325453232_STOP131,0.6375,2.88,8,4,0.5,0.5,komersial;lainnya,Jalan Pelajar Pejuang 45
6618370830_2325453232_STOP184,0.7,4,8,4,0.875,0.125,lainnya;komersial;katering,Jalan Pelajar Pejuang 45
6618370830_6618370831_STOP131,0.6875,3,8,4,0.5,0.5,komersial;lainnya;kesehatan,Jalan Tanpa Nama
6618370831_3272578338_STOP131,0.6875,3,8,4,0.5,0.5,komersial;lainnya;kesehatan,Jalan Pelajar Pejuang 45
6618370831_6618370830_STOP131,0.6875,3,8,4,0.5,0.5,komersial;lainnya;kesehatan,Jalan Tanpa Nama
6619012655_6619012656_STOP461,0.75,3.5,8,2,0.625,0.375,lainnya,Jalan Tanpa Nama
6619012655_6631082518_STOP119,1,4.63,8,2,0.875,0.125,lainnya;komersial,Jalan Soekarno-Hatta
6619012655_6631082518_STOP389,0.9375,4.38,8,3,0.875,0.125,lainnya;komersial,Jalan Soekarno-Hatta
6619012655_6631082518_STOP461,0.8125,3.13,8,2,0.5,0.5,lainnya,Jalan Soekarno-Hatta
6619012656_3272376483_STOP185,0.75,3.75,8,3,0.75,0.25,lainnya;komersial,Jalan Soekarno-Hatta
6619012656_3272376483_STOP319,0.875,5,8,2,1,0,lainnya;finansial,Jalan Soekarno-Hatta
6619012656_3272376483_STOP336,0.9375,3,8,3,0.5,0.5,finansial;lainnya,Jalan Soekarno-Hatta
6619012656_3272376483_STOP461,0.75,4,8,2,0.75,0.25,lainnya,Jalan Soekarno-Hatta
6619012656_6619012655_STOP461,0.75,3.5,8,2,0.625,0.375,lainnya,Jalan Tanpa Nama
6621856655_5358394745_STOP309,0.9375,5,8,2,1,0,lainnya;komersial,Jalan Otto Iskandardinata
6621856655_6621856656_STOP309,0.9375,5,8,2,1,0,lainnya;komersial,Jalan Tanpa Nama
6621856656_6443280180_STOP224,0.9375,5,8,2,1,0,komersial;lainnya,Jalan Otto Iskandardinata
6621856656_6443280180_STOP309,0.9375,5,8,2,1,0,lainnya;komersial,Jalan Otto Iskandardinata
6621856656_6621856655_STOP309,0.9375,5,8,2,1,0,lainnya;komersial,Jalan Tanpa Nama
6621910323_10771913956_STOP258,0.7083,4.5,8,2,0.875,0,komersial;lainnya,Jalan Tanpa Nama
6621910323_11181449058_STOP258,0.7083,4.5,8,2,0.875,0,komersial;lainnya,Jalan Mohammad Toha
6621969574_29356961_STOP337,0.7708,4.5,8,4,0.875,0.125,komersial;katering,"['Jalan Bungur', 'Jalan Karang Tineung']"
6621969574_29356961_STOP477,0.75,4.75,8,5,0.875,0,katering;lainnya,"['Jalan Bungur', 'Jalan Karang Tineung']"
6621969574_29356964_STOP337,0.7441,3.63,8,4,0.625,0.25,lainnya;katering;komersial,Jalan Bungur
6622030454_6622030455_STOP305,0.7083,3.38,8,4,0.625,0.375,komersial;katering;finansial,Jalan Tanpa Nama
6622030454_7669581282_STOP305,0.75,4,8,3,0.75,0.25,katering;komersial;finansial,Jalan Ir. H. Djuanda
6622030455_1663283377_STOP305,0.75,4,8,3,0.75,0.25,komersial;katering;finansial,Jalan Ir. H. Djuanda
6622030455_1663283377_STOP672,0.8333,3.88,8,4,0.75,0.25,lainnya;komersial;katering,Jalan Ir. H. Djuanda
6622030455_6622030454_STOP305,0.75,4,8,3,0.75,0.25,komersial;katering;finansial,Jalan Tanpa Nama
6622058663_1916791843_STOP832,0.8125,4.63,8,3,0.875,0.125,lainnya,Jalan Aceh
6622058663_25434270_STOP832,0.8125,4.63,8,3,0.875,0.125,lainnya,Jalan Kebon Kawung
6622058664_25434270_STOP245,0.75,3.63,8,3,0.625,0.375,lainnya,Jalan Cicendo
6622058664_6622058663_STOP245,0.75,3.63,8,3,0.625,0.375,lainnya,Jalan Cicendo
6622103719_6622058664_STOP243,0.8125,5,8,3,1,0,komersial;kesehatan,Jalan Cicendo
6622103719_6622058664_STOP245,0.8438,4.13,8,3,0.75,0.25,kesehatan;lainnya,Jalan Cicendo
6622103719_6622058664_STOP757,0.7292,3.88,8,3,0.625,0.25,kesehatan;lainnya,Jalan Cicendo
6622103728_6622103719_STOP243,0.7083,4.25,8,4,0.75,0.125,komersial;lainnya;kesehatan,Jalan Pajajaran
6622103728_6622103730_STOP243,0.7083,4.25,8,4,0.75,0.125,komersial;lainnya;kesehatan,Jalan Pajajaran
6622103729_6622103719_STOP244,0.7083,4.25,8,4,0.75,0.125,komersial;lainnya;kesehatan,Jalan Pajajaran
6622103729_6622103730_STOP244,0.7083,4.25,8,4,0.75,0.125,komersial;lainnya;kesehatan,Jalan Pajajaran
6622103730_2962096536_STOP244,0.7083,4.25,8,4,0.75,0.125,komersial;lainnya;kesehatan,Jalan Cihampelas
6622103730_2962096536_STOP483,0.8021,4.13,8,5,0.75,0.125,lainnya;katering,Jalan Cihampelas
6622103730_2962096536_STOP62,0.7708,4.13,8,4,0.75,0.125,lainnya;komersial,Jalan Cihampelas
6622409111_5648629181_STOP766,0.8125,3.88,8,4,0.75,0.25,lainnya;katering,Jalan Arjuna
6622409111_7300869689_STOP766,0.8125,3.88,8,4,0.75,0.25,lainnya;katering,Jalan Arjuna
6622409115_13261248357_STOP762,0.5625,3.75,8,3,0.625,0.25,lainnya,Jalan Arjuna
6622409115_13261248357_STOP763,0.875,4.5,8,3,0.875,0.125,lainnya;katering,Jalan Arjuna
6622409115_13261248357_STOP764,0.6875,3.5,8,3,0.625,0.375,lainnya,Jalan Arjuna
6622409115_13261248357_STOP765,1,5,8,2,1,0,lainnya;katering,Jalan Arjuna
6622409115_13261248357_STOP766,0.875,4.5,8,3,0.875,0.125,lainnya;katering,Jalan Arjuna
6622409115_6622409111_STOP766,0.875,4.5,8,3,0.875,0.125,lainnya;katering,Jalan Arjuna
6622409117_2477710340_STOP176,0.875,4.38,8,3,0.875,0.125,komersial;lainnya;katering,Jalan Komodor Udara Supadio
6622409117_2477710340_STOP765,0.875,4.5,8,3,0.875,0.125,lainnya;katering,Jalan Komodor Udara Supadio
6622409117_2477710340_STOP767,0.75,4,8,3,0.75,0.25,kesehatan;lainnya,Jalan Komodor Udara Supadio
6622409117_2477710340_STOP768,0.8125,4.5,8,3,0.875,0.125,kesehatan;lainnya,Jalan Komodor Udara Supadio
6622409117_2477710340_STOP770,0.875,4.88,8,3,1,0,lainnya;kesehatan,Jalan Komodor Udara Supadio
6622409117_2477710340_STOP772,0.8333,4.5,8,3,0.875,0.125,komersial;kesehatan;lainnya,Jalan Komodor Udara Supadio
6622409117_2477710340_STOP774,0.8125,4.5,8,3,0.875,0.125,lainnya;komersial;katering,Jalan Komodor Udara Supadio
6622409117_25434098_STOP765,0.8125,3.88,8,4,0.75,0.25,lainnya;katering,Jalan Arjuna
6622500668_319706149_STOP19,0.6875,4.5,8,2,0.875,0.125,lainnya,Jalan Rereongan Sarupi
6622500668_479733030_STOP19,0.6875,3.5,8,3,0.625,0.375,lainnya;katering,Jalan Rereongan Sarupi
6627215624_13136294320_STOP473,0.625,4.38,8,2,0.875,0.125,lainnya,Jalan Dr. Setiabudi
6627215624_3376673108_STOP473,0.625,4.38,8,2,0.875,0.125,lainnya,Jalan Dr. Setiabudi
6627215624_3376673108_STOP538,0.7188,4.5,8,3,0.875,0.125,finansial;kesehatan;lainnya,Jalan Dr. Setiabudi
6627215624_3376673108_STOP69,0.8333,4.13,8,3,0.875,0.125,lainnya,Jalan Dr. Setiabudi
6631082518_5348770388_STOP389,0.8958,4.38,8,4,0.875,0.125,lainnya;komersial,Jalan Tanpa Nama
6631082518_5353901439_STOP120,0.8958,4.88,8,3,1,0,komersial;lainnya,Jalan Soekarno-Hatta
6631082518_5353901439_STOP389,0.8958,4.38,8,4,0.875,0.125,lainnya;komersial,Jalan Soekarno-Hatta
6637693188_2520649232_STOP219,0.8438,4.63,8,4,0.875,0.125,finansial;katering;lainnya,Jalan Terusan Jakarta
6637693193_5392239252_STOP219,0.8438,4.63,8,4,0.875,0.125,finansial;katering;lainnya,Jalan Terusan Jakarta
6637693193_6637693188_STOP219,0.8438,4.63,8,4,0.875,0.125,finansial;katering;lainnya,Jalan Tanpa Nama
6637693198_5332863130_STOP219,0.9063,4.63,8,3,0.875,0.125,lainnya;finansial;katering,Jalan Jakarta
6637693198_5332863130_STOP612,0.875,4.63,8,3,0.875,0.125,lainnya,Jalan Jakarta
6637693198_5392239244_STOP219,0.9063,4.63,8,3,0.875,0.125,finansial;katering;lainnya,Jalan Tanpa Nama
6637726062_1660264881_STOP171,0.7,4.13,8,3,0.75,0.125,lainnya,Jalan Surapati
6637726062_1660264881_STOP328,0.6875,3.38,8,3,0.625,0.375,komersial;lainnya,Jalan Surapati
6637726062_1660264881_STOP348,0.6875,4.63,8,3,0.875,0,lainnya;komersial,Jalan Surapati
6637726062_1660264881_STOP393,0.7188,3.38,8,3,0.625,0.375,lainnya;katering;komersial,Jalan Surapati
6637726062_1660264881_STOP523,0.5868,3.38,8,2,0.5,0.25,lainnya,Jalan Surapati
6637726062_1660264881_STOP524,0.625,4.38,8,2,0.875,0.125,komersial;pendidikan,Jalan Surapati
6637726062_1660264881_STOP608,0.625,2.5,8,3,0.375,0.625,komersial;lainnya,Jalan Surapati
6637726062_25773425_STOP524,0.6875,4,8,2,0.75,0.25,katering;komersial,Jalan Surapati
6639564151_10101152065_STOP154,0.75,4,8,3,0.75,0.125,lainnya;katering,Jalan L.L. RE. Martadinata
6639564151_10101152065_STOP508,0.75,4,8,3,0.75,0.125,lainnya;katering,Jalan L.L. RE. Martadinata
6639564151_10101152065_STOP509,0.75,3.5,8,3,0.625,0.25,lainnya,Jalan L.L. RE. Martadinata
6639564151_10101152065_STOP567,0.6719,3.13,8,4,0.5,0.5,lainnya;kesehatan,Jalan L.L. RE. Martadinata
6639564151_5408954335_STOP567,0.6719,3.13,8,4,0.5,0.5,lainnya;kesehatan,Jalan L.L. RE. Martadinata
6639564151_7211100688_STOP567,0.6719,3.13,8,4,0.5,0.5,lainnya;kesehatan,Jalan Lombok
6639639832_25448847_STOP514,0.8625,4.38,8,2,0.875,0.125,katering;lainnya,Jalan Ir. H. Djuanda
6639639832_25448847_STOP600,0.8625,4.38,8,2,0.875,0.125,lainnya;katering,Jalan Ir. H. Djuanda
6639639832_6639639833_STOP600,0.8625,4.38,8,2,0.875,0.125,lainnya;katering,Jalan Tanpa Nama
6639639833_11303467321_STOP600,0.85,4.13,8,2,0.75,0.125,lainnya,Jalan Ir. H. Djuanda
6640711589_11910120724_STOP141,0.7083,3.38,8,3,0.625,0.375,katering;komersial,Jalan Gedebage Utama
6640711589_3272722527_STOP141,0.7083,3.38,8,3,0.625,0.375,katering;komersial,Jalan Gedebage Selatan
6640711589_3272722527_STOP403,0.6875,4,8,4,0.75,0.25,katering;lainnya;komersial,Jalan Gedebage Selatan
6640792414_3272727748_STOP357,0.7188,3.13,8,4,0.5,0.375,finansial;kesehatan;katering,"['Jalan Cimincrang', 'Jalan Rancanumpang']"
6640792414_9729638580_STOP267,0.7,4.5,8,4,0.875,0.125,lainnya,Jalan Tanpa Nama
665709306_2858054060_STOP425,0.7813,3.5,8,2,0.625,0.375,lainnya;komersial,"['Jalan Cilengkrang II', 'Jalan Desa Cipadung']"
665709306_3007950794_STOP205,0.8125,3.63,8,3,0.625,0.375,lainnya;katering,Jalan Abdul Haris Nasution
665709306_3007950794_STOP425,0.75,2.88,8,3,0.5,0.5,finansial;lainnya;kesehatan,Jalan Abdul Haris Nasution
665709306_35131598_STOP204,0.7688,3.5,8,2,0.625,0.375,finansial;lainnya,Jalan Abdul Haris Nasution
665709306_35131598_STOP379,0.6375,4,8,4,0.75,0.25,katering;kesehatan;lainnya,Jalan Abdul Haris Nasution
665709306_35131598_STOP425,0.8313,2.63,8,3,0.375,0.625,komersial;finansial;katering,Jalan Abdul Haris Nasution
665709306_35131598_STOP6,0.7688,2.63,8,3,0.375,0.625,finansial;komersial;lainnya,Jalan Abdul Haris Nasution
6673594562_2628264119_STOP785,0.7136,5,8,3,1,0,lainnya,Jalan HOS. Cokroaminoto
6673594562_364328701_STOP785,0.7136,4.88,8,4,1,0,lainnya,Jalan HOS. Cokroaminoto
6673594562_364328701_STOP786,0.6667,4.88,8,4,1,0,lainnya;kesehatan,Jalan HOS. Cokroaminoto
6715130339_1914135257_STOP468,0.75,4,8,5,0.75,0.25,lainnya;komersial;finansial,Jalan Buah Batu
6715130339_6715130340_STOP468,0.75,4,8,5,0.75,0.25,lainnya;komersial;finansial,Jalan Kliningan
6715130340_10184462928_STOP133,0.6875,3.5,8,6,0.625,0.375,lainnya;komersial;katering,Jalan Buah Batu
6715130340_10184462928_STOP468,0.75,4,8,5,0.75,0.25,lainnya;komersial;finansial,Jalan Buah Batu
6715130340_10184462928_STOP711,0.8125,3.75,8,4,0.625,0.25,katering;lainnya;komersial;finansial,Jalan Buah Batu
6715130340_1980677025_STOP133,0.75,4,8,5,0.75,0.25,komersial;lainnya;finansial,Jalan Kliningan
6715130340_1980677025_STOP468,0.75,4,8,5,0.75,0.25,lainnya;komersial;finansial,Jalan Kliningan
6715130340_1980677025_STOP581,0.7292,4.38,8,3,0.875,0.125,lainnya;komersial,Jalan Kliningan
6715130340_1980677025_STOP582,0.8542,3.38,8,5,0.625,0.375,komersial;lainnya;finansial,Jalan Kliningan
6715130340_1980677025_STOP584,0.7292,4.38,8,3,0.875,0.125,lainnya;komersial,Jalan Kliningan
6715130340_1980677025_STOP651,0.7917,3.5,8,2,0.625,0.375,komersial;katering,Jalan Kliningan
6715130346_10696379242_STOP466,0.875,4.88,8,3,1,0,finansial;kesehatan;lainnya,Jalan Buah Batu
6715130346_10696379242_STOP467,0.875,4.25,8,3,0.875,0.125,kesehatan;katering;finansial,Jalan Buah Batu
6715130346_10696379242_STOP579,0.75,4.25,8,3,0.875,0.125,finansial;katering,Jalan Buah Batu
6715130346_10696379242_STOP583,0.8125,4,8,3,0.75,0.25,finansial;komersial,Jalan Buah Batu
6715130346_1980602387_STOP466,0.875,4.88,8,3,1,0,finansial;kesehatan;lainnya,Jalan Solontongan
6715130346_1980602387_STOP467,0.8125,5,8,3,1,0,lainnya;kesehatan;katering,Jalan Solontongan
6715130346_1980602387_STOP652,0.5625,3.38,8,4,0.625,0.375,lainnya,Jalan Solontongan
700728686_1083569114_STOP391,0.65,3.75,8,3,0.625,0.25,katering;komersial,Jalan Tanpa Nama
700728686_13097895692_STOP129,0.525,2.5,8,3,0.375,0.625,katering;lainnya;komersial,Jalan Sariwangi
700728686_13097895692_STOP391,0.65,3.75,8,3,0.625,0.25,katering;komersial,Jalan Sariwangi
700728686_306334264_STOP391,0.65,4.25,8,3,0.75,0.125,katering;komersial,Jalan Sariwangi
7111571825_11295049620_STOP123,0.6875,3.75,8,3,0.75,0.25,lainnya;katering,Jalan Pasteur
7111571825_11295049620_STOP353,0.7396,4,8,3,0.75,0.25,kesehatan;lainnya;katering,Jalan Pasteur
7111571825_5353724829_STOP353,0.7976,4.38,8,3,0.875,0.125,kesehatan;lainnya,Jalan Tanpa Nama
7132443584_7132473285_STOP361,0.6458,2.63,8,2,0.375,0.5,lainnya;katering,Jalan Tanpa Nama
7132443584_7284143550_STOP359,0.5938,3.63,8,3,0.5,0.25,komersial;lainnya,Jalan Soekarno-Hatta
7132443584_7284143550_STOP360,0.6875,2.88,8,3,0.375,0.5,komersial;lainnya,Jalan Soekarno-Hatta
7132443584_7284143550_STOP361,0.6458,2.63,8,2,0.375,0.5,lainnya;katering,Jalan Soekarno-Hatta
7132443584_7284143550_STOP452,0.625,2.38,8,3,0.125,0.625,komersial,Jalan Soekarno-Hatta
7132443584_7284143550_STOP453,0.6875,2.88,8,3,0.375,0.5,komersial;lainnya,Jalan Soekarno-Hatta
7132443584_7284143550_STOP606,0.5625,2.63,8,3,0.25,0.625,komersial,Jalan Soekarno-Hatta
7132452340_7132473285_STOP361,0.6458,2.63,8,2,0.375,0.5,katering;lainnya,Jalan Soekarno-Hatta
7132472250_3244221166_STOP827,0.8333,4.25,8,3,0.875,0.125,finansial;lainnya;katering,Jalan Soekarno-Hatta
7132472251_7132472250_STOP827,0.625,3.88,8,3,0.75,0.25,katering;lainnya;finansial,Jalan Tanpa Nama
7132472251_9327097034_STOP240,0.8958,4.75,8,3,1,0,lainnya,"['Jalan Soekarno-Hatta', 'Soekarno Hatta Frontage Boulevard']"
7132472251_9327097034_STOP827,0.8333,4.25,8,3,0.875,0.125,finansial;lainnya;katering,"['Jalan Soekarno-Hatta', 'Soekarno Hatta Frontage Boulevard']"
7132473285_4118981192_STOP359,0.6563,3.63,8,3,0.5,0.375,komersial,Jalan Soekarno-Hatta
7132473285_4118981192_STOP361,0.6458,2.63,8,2,0.375,0.5,lainnya;katering,Jalan Soekarno-Hatta
7137977722_11041545702_STOP214,0.7292,3.63,8,4,0.625,0.25,lainnya;komersial;finansial,Jalan H. Ibrahim Adjie
7137977722_11041545702_STOP218,0.8125,3.75,8,2,0.625,0.25,katering;lainnya,Jalan H. Ibrahim Adjie
7137977722_11041545702_STOP449,0.75,3.13,8,3,0.5,0.375,lainnya;katering,Jalan H. Ibrahim Adjie
7137977722_3359249111_STOP214,0.7917,4.25,8,3,0.75,0.125,komersial;lainnya;finansial,Jalan Babakan Sari 1
7144511425_7216077542_STOP371,0.75,3.75,8,2,0.625,0.25,lainnya;finansial,Jalan Magna Raya
7179028071_7179028076_STOP834,0.8125,4.5,8,4,0.875,0.125,komersial;lainnya;kesehatan,Jalan Jenderal Gatot Subroto
7179028071_7179028083_STOP834,0.8125,4.5,8,4,0.875,0.125,komersial;lainnya;kesehatan,Jalan Tanpa Nama
7179028072_3277363483_STOP658,0.9375,4.88,8,2,1,0,lainnya;kesehatan,Jalan Asia Afrika
7179028074_1849525794_STOP658,1,5,8,2,1,0,kesehatan,Jalan Sunda
7179028075_7179028074_STOP658,0.875,4.5,8,3,0.875,0.125,komersial;kesehatan;katering,Jalan Tanpa Nama
7179028075_7179028083_STOP658,0.875,4.5,8,3,0.875,0.125,komersial;kesehatan;katering,Jalan Jenderal Ahmad Yani
7179028075_7179048891_STOP658,0.875,4.5,8,3,0.875,0.125,komersial;kesehatan;katering,Jalan Tanpa Nama
7179028075_7179048891_STOP834,0.8125,4.5,8,4,0.875,0.125,komersial;lainnya;kesehatan,Jalan Tanpa Nama
7179028076_7179028072_STOP658,0.9375,4.88,8,2,1,0,kesehatan;lainnya,Jalan Jenderal Gatot Subroto
7179028076_7179028078_STOP658,0.9375,4.88,8,2,1,0,kesehatan;lainnya,Jalan Sunda
7179028078_10158095824_STOP658,0.9375,4.88,8,2,1,0,kesehatan;lainnya,Jalan Sunda
7179028078_7179028072_STOP658,0.9375,4.88,8,2,1,0,kesehatan;lainnya,Jalan Jenderal Ahmad Yani
7179028083_10158095824_STOP658,0.875,4.88,8,3,1,0,kesehatan;komersial;lainnya,Jalan Tanpa Nama
7179028083_7179028078_STOP658,0.875,4.88,8,3,1,0,kesehatan;komersial;lainnya,Jalan Jenderal Ahmad Yani
7179048891_25435214_STOP703,0.6875,4.25,8,3,0.75,0.125,lainnya;komersial,Jalan Jenderal Gatot Subroto
7179048891_25435214_STOP834,0.75,4.5,8,4,0.875,0.125,lainnya;komersial;katering,Jalan Jenderal Gatot Subroto
7179048891_7179028071_STOP834,0.8125,4.5,8,4,0.875,0.125,komersial;lainnya;kesehatan,Jalan Jenderal Gatot Subroto
7190149301_11727886518_STOP564,0.875,4.5,8,3,0.875,0.125,pendidikan;finansial;lainnya,Jalan Banda
7190149301_11727886518_STOP805,0.7917,4.25,8,2,0.875,0.125,komersial;katering,Jalan Banda
7190149301_6445776996_STOP805,0.8542,4.75,8,3,1,0,katering;komersial,Jalan Cilamaya
7190369535_7631660261_STOP448,0.6875,2.5,8,3,0.375,0.625,finansial;komersial,Jalan H. Ibrahim Adjie
7190369535_7631660261_STOP840,0.6875,2.5,8,3,0.375,0.625,komersial;finansial,Jalan H. Ibrahim Adjie
7190369536_6616440046_STOP448,0.6875,3,8,3,0.5,0.5,finansial;komersial,Jalan H. Ibrahim Adjie
7190369536_7190369535_STOP448,0.6875,3,8,3,0.5,0.5,finansial;komersial,Jalan Tanpa Nama
7201253639_1849525878_STOP97,0.9375,4,8,3,0.75,0.25,lainnya;finansial;komersial,Jalan Jenderal Ahmad Yani
7201253642_25435163_STOP97,0.875,3.5,8,3,0.625,0.375,finansial;lainnya,Jalan Jenderal Ahmad Yani
7201253642_7201253639_STOP97,0.875,3.5,8,3,0.625,0.375,finansial;lainnya,Jalan Malabar
7210854542_240791856_STOP798,0.625,3.5,8,3,0.625,0.375,komersial;lainnya,Jalan Burangrang
7210854542_5853120075_STOP798,0.625,3.5,8,3,0.625,0.375,komersial;lainnya,Jalan Emong
7210854542_5853120077_STOP798,0.625,3.5,8,3,0.625,0.375,komersial;lainnya,Jalan Burangrang
7211100688_10173744442_STOP562,0.8594,3.75,8,3,0.625,0.375,kesehatan;lainnya,Jalan Lombok
7211100688_10173744442_STOP567,0.875,4.13,8,3,0.75,0.25,kesehatan;lainnya,Jalan Lombok
7211100688_5408954335_STOP567,0.7969,3.63,8,3,0.625,0.375,lainnya;kesehatan,Jalan Lombok
7211115101_2520649113_STOP669,0.875,5,8,3,1,0,katering;lainnya;komersial,Jalan Cilamaya
7211115101_6445776997_STOP669,0.875,5,8,3,1,0,katering;lainnya;komersial,Jalan Tanpa Nama
7216028473_7216028474_STOP261,0.6771,3.13,8,4,0.5,0.5,finansial;lainnya;rekreasi,Jalan Tanpa Nama
7216028473_7216077666_STOP261,0.6771,3.13,8,4,0.5,0.5,finansial;lainnya;rekreasi,Bulevar Utama
7216028474_6608982087_STOP261,0.7188,3.13,8,4,0.5,0.5,finansial;lainnya;rekreasi,Bulevar Barat
7216028474_7216028475_STOP261,0.7188,3.13,8,4,0.5,0.5,finansial;lainnya;rekreasi,Bulevar Utama
7216028475_7216077674_STOP261,0.7188,3.13,8,4,0.5,0.5,finansial;lainnya;rekreasi,Bulevar Utama
7216028475_7216077729_STOP261,0.7188,3.13,8,4,0.5,0.5,finansial;lainnya;rekreasi,Jalan Tanpa Nama
7216077534_5848061348_STOP371,0.875,4.13,8,2,0.75,0.25,lainnya,Jalan Magna Raya
7216077534_7144511425_STOP371,0.75,3.75,8,2,0.625,0.25,lainnya;finansial,Jalan Tanpa Nama
7216077542_5848061330_STOP371,0.75,3.75,8,2,0.625,0.25,lainnya;finansial,Jalan Tanpa Nama
7216077542_7287159351_STOP371,0.75,3.75,8,2,0.625,0.25,lainnya;finansial,Jalan Magna Raya
7216077542_7287159351_STOP647,0.7292,4.88,8,2,1,0,rekreasi;katering,Jalan Magna Raya
7216077543_5848061330_STOP371,0.75,3.75,8,2,0.625,0.25,lainnya;finansial,Jalan Magna Raya
7216077577_7287159347_STOP647,0.6,4.8,5,1,1,0,rekreasi,Bundaran Bulevar Barat
7216077587_7144511425_STOP371,0.75,3.75,8,2,0.625,0.25,lainnya;finansial,Jalan Tanpa Nama
7216077587_7216077542_STOP371,0.75,3.75,8,2,0.625,0.25,lainnya;finansial,Jalan Tanpa Nama
7216077611_10596847110_STOP386,0.875,5,8,2,1,0,katering;komersial,Bulevar Raya
7216077611_11199413648_STOP386,0.875,5,8,2,1,0,katering;komersial,Bulevar Raya
7216077611_11199413648_STOP387,0.875,5,8,4,1,0,komersial;lainnya;katering,Bulevar Raya
7216077612_10596741996_STOP386,0.875,5,8,2,1,0,katering;komersial,Bulevar Selatan
7216077612_10596847027_STOP386,0.875,5,8,2,1,0,katering;komersial,Bulevar Raya
7216077612_11373181571_STOP386,0.875,5,8,2,1,0,katering;komersial,"['Bulevar Selatan', 'Jembatan Cisaranten Baru']"
7216077612_11373181571_STOP820,0.875,4.5,8,3,0.875,0.125,lainnya;katering;komersial,"['Bulevar Selatan', 'Jembatan Cisaranten Baru']"
7216077613_6608982115_STOP386,0.7188,4.88,8,3,1,0,pendidikan;lainnya,Bulevar Selatan
7216077613_6608982115_STOP818,0.7708,4,8,2,0.75,0.25,lainnya;kesehatan,Bulevar Selatan
7216077613_9787694583_STOP386,0.5938,5,8,3,1,0,pendidikan;lainnya;komersial,Jalan Tanpa Nama
7216077614_10596741996_STOP386,0.6563,5,8,3,1,0,komersial;lainnya;pendidikan,Bulevar Selatan
7216077614_9800628721_STOP386,0.5938,5,8,3,1,0,pendidikan;lainnya;komersial,Jalan Tanpa Nama
7216077664_7216077665_STOP285,0.8542,2.88,8,3,0.375,0.625,komersial;katering,Jalan Tanpa Nama
7216077664_7216077669_STOP261,0.8333,5,8,3,1,0,lainnya;katering,Grand Bulevar
7216077664_7216077669_STOP285,0.8542,2.88,8,3,0.375,0.625,komersial;katering,Grand Bulevar
7216077665_7216077664_STOP285,0.8542,2.88,8,3,0.375,0.625,komersial;katering,Jalan Tanpa Nama
7216077665_7216077723_STOP285,0.9167,4.63,8,2,0.875,0.125,kesehatan;katering,Grand Bulevar
7216077666_5848061292_STOP261,0.625,3,8,4,0.5,0.5,finansial;lainnya;katering,Bulevar Utama
7216077666_5848061292_STOP819,0.875,5,8,2,1,0,kesehatan;lainnya,Bulevar Utama
7216077669_7216028473_STOP261,0.8958,5,8,3,1,0,lainnya;katering,Grand Bulevar
7216077669_7216077666_STOP261,0.8958,5,8,3,1,0,lainnya;katering,Jalan Tanpa Nama
7216077670_7216077665_STOP261,0.8333,5,8,3,1,0,lainnya;katering,Grand Bulevar
7216077670_7216077665_STOP285,0.875,3.25,8,3,0.5,0.5,komersial;katering;lainnya,Grand Bulevar
7216077673_7216077670_STOP261,0.6771,3.13,8,3,0.5,0.5,lainnya;rekreasi;finansial,Jalan Tanpa Nama
7216077673_7216077729_STOP261,0.6771,3.13,8,3,0.5,0.5,lainnya;rekreasi;finansial,Bulevar Utama
7216077674_11270910342_STOP261,0.6771,3.13,8,3,0.5,0.5,rekreasi;lainnya;finansial,Bulevar Utama
7216077701_10596741983_STOP388,0.75,5,8,2,1,0,rekreasi;lainnya,Bulevar Utama
7216077701_7290653024_STOP388,0.75,5,8,2,1,0,rekreasi;lainnya,Jalan Tanpa Nama
7216077704_7216077701_STOP388,0.75,5,8,2,1,0,rekreasi;lainnya,Bulevar Utama
7216077704_7216077742_STOP388,0.75,5,8,2,1,0,lainnya;rekreasi,Jalan Tanpa Nama
7216077722_7216077664_STOP285,0.9167,4.63,8,2,0.875,0.125,kesehatan;katering,Grand Bulevar
7216077722_7216077723_STOP285,0.9375,5,8,2,1,0,kesehatan;komersial,Bunderan Grand Bulevar
7216077723_9807780224_STOP285,0.9375,5,8,2,1,0,kesehatan;komersial,Bunderan Grand Bulevar
7216077729_7216028473_STOP261,0.6771,3.13,8,4,0.5,0.5,finansial;lainnya;rekreasi,Bulevar Utama
7216077729_7216077670_STOP261,0.6771,3.13,8,4,0.5,0.5,finansial;lainnya;rekreasi,Grand Bulevar
7216077730_7216028475_STOP647,0.6354,3,8,4,0.5,0.5,finansial;lainnya;rekreasi;katering,Bulevar Barat
7216077730_7216077674_STOP647,0.6354,3,8,4,0.5,0.5,finansial;lainnya;rekreasi;katering,Jalan Tanpa Nama
7216077733_5848061291_STOP819,0.875,5,8,2,1,0,kesehatan;lainnya,Jalan Tanpa Nama
7216077733_6608982092_STOP819,0.875,5,8,2,1,0,kesehatan;lainnya,Bulevar Utama
7216077735_11270910344_STOP261,0.8125,5,8,3,1,0,lainnya;katering,Bulevar Utama
7216077735_13539499879_STOP261,0.8125,5,8,3,1,0,lainnya;katering,Jalan Tanpa Nama
7216077742_7216077704_STOP388,0.8125,5,8,2,1,0,lainnya,Jalan Tanpa Nama
7216077742_7216077735_STOP261,0.8125,5,8,2,1,0,lainnya,Bulevar Utama
7216077742_7216077735_STOP388,0.8125,5,8,2,1,0,lainnya,Bulevar Utama
7219072027_2500902327_STOP595,0.8125,3.25,8,3,0.5,0.375,finansial;lainnya,Jalan Waas
7219072027_5847788406_STOP334,0.8125,3.25,8,3,0.5,0.375,finansial;lainnya,Jalan Batununggal Indah I
7219072027_5847788406_STOP595,0.8125,3.25,8,3,0.5,0.375,finansial;lainnya,Jalan Batununggal Indah I
7262996419_1849907113_STOP175,0.6667,4.13,8,4,0.75,0.125,kesehatan;rekreasi;katering,Jalan Cendana
7262996419_1849907113_STOP553,0.6667,4.13,8,4,0.75,0.125,kesehatan;katering;rekreasi,Jalan Cendana
7262996419_1849907113_STOP554,0.7917,3.63,8,4,0.625,0.25,katering;kesehatan,Jalan Cendana
7262996419_1849907130_STOP554,0.7917,3.63,8,4,0.625,0.25,katering;kesehatan,Jalan Cendana
7265367233_6622500668_STOP19,0.6875,4.38,8,3,0.875,0.125,lainnya,Jalan Rereongan Sarupi
7284124068_4191858159_STOP453,0.6875,4.5,8,4,0.875,0,komersial;lainnya;katering,"['Jalan Soekarno-Hatta', 'Soekarno Hatta Frontage Boulevard']"
7284124068_4191858159_STOP826,0.7083,3.88,8,3,0.75,0.25,lainnya;katering,"['Jalan Soekarno-Hatta', 'Soekarno Hatta Frontage Boulevard']"
7284124068_7284143550_STOP453,0.6875,4.5,8,4,0.875,0,komersial;lainnya;katering,Jalan Tanpa Nama
7284143550_7132472250_STOP453,0.7083,3.88,8,4,0.75,0.125,komersial;lainnya,Jalan Soekarno-Hatta
7284143550_7132472250_STOP826,0.6458,3.88,8,3,0.75,0.25,lainnya;finansial,Jalan Soekarno-Hatta
7284143550_7132472250_STOP827,0.6875,3.38,8,3,0.625,0.375,katering;finansial;lainnya,Jalan Soekarno-Hatta
7284403241_11259520257_STOP356,0.6042,3.25,8,3,0.5,0.375,komersial;lainnya,Jalan Soekarno-Hatta
7284403241_11259520257_STOP423,0.6563,4,8,3,0.75,0.25,komersial;lainnya,Jalan Soekarno-Hatta
7284403242_2518070484_STOP356,0.6042,3.25,8,3,0.5,0.375,lainnya;komersial,Jalan Soekarno-Hatta
7284403242_2518070484_STOP423,0.6563,4,8,3,0.75,0.25,komersial;lainnya,Jalan Soekarno-Hatta
7284403242_7284403241_STOP423,0.6563,4,8,3,0.75,0.25,komersial;lainnya,Jalan Tanpa Nama
7284403244_7284403245_STOP535,0.625,4.5,8,3,0.875,0.125,lainnya;komersial,Jalan Tanpa Nama
7284403244_9544624433_STOP357,0.75,4.5,8,3,0.875,0.125,lainnya;katering,Jalan Soekarno-Hatta
7284403244_9544624433_STOP535,0.625,4.5,8,2,0.875,0.125,lainnya,Jalan Soekarno-Hatta
7284403245_7284403244_STOP535,0.625,4.5,8,3,0.875,0.125,lainnya;komersial,Jalan Tanpa Nama
7284403245_9544624434_STOP357,0.75,4.5,8,3,0.875,0.125,lainnya;katering,Jalan Soekarno-Hatta
7284403245_9544624434_STOP535,0.625,4.5,8,2,0.875,0.125,lainnya,Jalan Soekarno-Hatta
7284403246_6380244012_STOP535,0.7292,4.5,8,3,0.875,0.125,lainnya;komersial;katering,Jalan Soekarno-Hatta
7284403247_3272727739_STOP535,0.7292,4.5,8,3,0.875,0.125,lainnya;komersial;katering,Jalan Soekarno-Hatta
7284403247_7284403246_STOP535,0.7292,4.5,8,3,0.875,0.125,lainnya;komersial;katering,Jalan Tanpa Nama
7284403248_7284403244_STOP535,0.7292,4.5,8,3,0.875,0.125,lainnya;komersial;katering,Jalan Soekarno-Hatta
7284403248_7284403249_STOP535,0.7292,4.5,8,3,0.875,0.125,lainnya;komersial;katering,Jalan Tanpa Nama
7284403249_7284403245_STOP535,0.7292,4.5,8,3,0.875,0.125,lainnya;komersial;katering,Jalan Soekarno-Hatta
7287159347_11278632590_STOP647,0.7292,4.88,8,2,1,0,rekreasi;katering,Bundaran Bulevar Barat
7287159347_9824987335_STOP647,0.7292,4.88,8,2,1,0,rekreasi;katering,Bulevar Barat
7287159351_9584171464_STOP647,0.6,4.8,5,1,1,0,rekreasi,Bundaran Bulevar Barat
7290653024_7216077701_STOP388,0.75,5,8,2,1,0,rekreasi;lainnya,Jalan Tanpa Nama
7290653024_7216077742_STOP388,0.75,5,8,2,1,0,lainnya;rekreasi,Bulevar Utama
7298267086_11366943120_STOP337,0.7024,4.13,8,3,0.75,0.125,lainnya;katering,Jalan Sindang Sirna
7298267086_5455661685_STOP337,0.4571,4.4,5,1,0.8,0,lainnya,Jalan Sindang Sirna
7300869689_6622409117_STOP766,0.8125,3.88,8,4,0.75,0.25,lainnya;katering,Jalan Arjuna
7310779096_3115159440_STOP323,0.6875,3.75,8,3,0.75,0.25,finansial;lainnya,"['Jalan Batununggal', 'Jalan Batununggal Indah Raya']"
7310779096_3115159440_STOP331,0.6875,4.63,8,2,1,0,finansial;lainnya,"['Jalan Batununggal', 'Jalan Batununggal Indah Raya']"
7310779096_3115159440_STOP718,0.6875,4.63,8,2,1,0,finansial;lainnya,"['Jalan Batununggal', 'Jalan Batununggal Indah Raya']"
7310779096_7513405158_STOP323,0.6875,3.75,8,3,0.75,0.25,finansial;lainnya,Jalan Batununggal
7345830954_12813237929_STOP724,0.8333,4.5,8,3,0.875,0.125,lainnya;katering,Jalan Tamansari
7345830954_5369882298_STOP724,0.8333,4.5,8,3,0.875,0.125,lainnya;katering,Jalan Tamansari
7345830961_12813237929_STOP72,0.75,3.63,8,3,0.625,0.25,katering;lainnya;komersial,Jalan Tamansari
7345830961_2325449629_STOP72,0.75,3.63,8,2,0.625,0.25,katering;komersial,Jalan Tanpa Nama
7345830961_2958252669_STOP72,0.75,3.63,8,3,0.625,0.25,katering;lainnya;komersial,Jalan Tamansari
7513405158_2325453616_STOP323,0.6875,3,8,4,0.5,0.5,lainnya;olahraga;komersial,Jalan Buah Batu
7540370583_1837401667_STOP311,0.75,3.88,8,3,0.75,0.25,finansial;komersial,Jalan Kyai Haji Wahid Hasyim
7540370583_2325452881_STOP272,0.7083,2.88,8,2,0.5,0.5,katering;komersial,Jalan Kyai Haji Wahid Hasyim
7540370583_2325452881_STOP311,0.75,3.88,8,4,0.75,0.25,finansial;lainnya;komersial,Jalan Kyai Haji Wahid Hasyim
7540370583_2325452881_STOP430,0.8125,3.38,8,2,0.625,0.375,kesehatan;finansial,Jalan Kyai Haji Wahid Hasyim
7540370583_5355765058_STOP311,0.75,3.88,8,3,0.75,0.25,finansial;komersial,Jalan Tanpa Nama
7561564769_10968637156_STOP819,0.8125,3.63,8,3,0.625,0.375,kesehatan;lainnya;finansial,Jalan Akasia
7561564769_6608965073_STOP819,0.8125,3.63,8,3,0.625,0.375,kesehatan;lainnya;finansial,Jalan Akasia
7624564242_2325452491_STOP841,0.7708,3.88,8,2,0.75,0.25,komersial,Jalan Pagarsih Barat
7624564242_5354169648_STOP841,0.7708,3.88,8,2,0.75,0.25,komersial,Jalan Pagarsih Barat
7624564242_5354169650_STOP841,0.7708,3.88,8,2,0.75,0.25,komersial,Jalan Tanpa Nama
7624564243_2325452490_STOP841,0.7083,3.13,8,2,0.5,0.375,finansial;komersial,Jalan Pagarsih Barat
7624564243_5354169657_STOP841,0.7083,3.13,8,2,0.5,0.375,finansial;komersial,Jalan Pagarsih Barat
7624564243_5354169659_STOP841,0.7083,3.13,8,2,0.5,0.375,finansial;komersial,Jalan Tanpa Nama
7631660258_7631660259_STOP211,0.7917,4.25,8,3,0.75,0.125,lainnya;komersial;finansial,Jalan Tanpa Nama
7631660258_7631660260_STOP211,0.7917,4.25,8,3,0.75,0.125,lainnya;komersial;finansial,Jalan H. Ibrahim Adjie
7631660258_7631660260_STOP839,0.7917,4.25,8,3,0.75,0.125,lainnya;finansial;komersial,Jalan H. Ibrahim Adjie
7631660259_7137977722_STOP211,0.7917,4.25,8,3,0.75,0.125,lainnya;komersial;finansial,Jalan H. Ibrahim Adjie
7631660259_7137977722_STOP214,0.7917,4.25,8,3,0.75,0.125,lainnya;komersial;finansial,Jalan H. Ibrahim Adjie
7631660259_7631660258_STOP211,0.7917,4.25,8,3,0.75,0.125,lainnya;komersial;finansial,Jalan Tanpa Nama
7631660260_7190369536_STOP448,0.6875,2.5,8,3,0.375,0.625,komersial;finansial,Jalan H. Ibrahim Adjie
7631660260_7190369536_STOP839,0.6875,2.13,8,4,0.25,0.75,komersial;lainnya,Jalan H. Ibrahim Adjie
7631660260_7190369536_STOP840,0.6875,2.5,8,3,0.375,0.625,komersial;finansial,Jalan H. Ibrahim Adjie
7631660260_7631660261_STOP839,0.6875,2.13,8,4,0.25,0.75,komersial;lainnya,Jalan Tanpa Nama
7631660261_7631660259_STOP211,0.7917,4.25,8,3,0.75,0.125,lainnya;komersial;finansial,Jalan H. Ibrahim Adjie
7631660261_7631660259_STOP839,0.7917,4.25,8,3,0.75,0.125,lainnya;finansial;komersial,Jalan H. Ibrahim Adjie
7631660261_7631660259_STOP840,0.6875,2.13,8,4,0.25,0.75,komersial;lainnya,Jalan H. Ibrahim Adjie
7631660261_7631660260_STOP840,0.6875,2.13,8,4,0.25,0.75,komersial;lainnya,Jalan Tanpa Nama
7642312005_3277871582_STOP89,0.8125,4.13,8,3,0.75,0.25,lainnya;komersial;finansial,Jalan Tanpa Nama
7642312005_5391666899_STOP212,0.875,4.75,8,3,0.875,0,lainnya;komersial,Jalan Jenderal Ahmad Yani
7642312005_5391666899_STOP89,0.8125,4.13,8,3,0.75,0.25,lainnya;komersial;finansial,Jalan Jenderal Ahmad Yani
7642312005_5391666899_STOP97,0.875,4.25,8,3,0.75,0.125,lainnya;komersial,Jalan Jenderal Ahmad Yani
7643243807_1849907130_STOP554,0.7917,3.63,8,4,0.625,0.25,katering;kesehatan,Jalan Bengawan
7643243807_1855697149_STOP284,0.7042,3.5,8,4,0.625,0.25,katering;kesehatan,Jalan Bengawan
7643243807_1855697149_STOP554,0.7917,3.63,8,4,0.625,0.25,katering;kesehatan,Jalan Bengawan
7643243807_7262996419_STOP554,0.7917,3.63,8,4,0.625,0.25,katering;kesehatan,Jalan Cendana
7669230599_10793008258_STOP684,0.8125,3.75,8,5,0.625,0.25,katering;lainnya,Jalan Seram
7669230599_10793008258_STOP800,0.75,3.75,8,5,0.625,0.25,lainnya;katering;komersial,Jalan Seram
7669230599_1849525862_STOP155,0.8021,3.38,8,3,0.5,0.375,komersial;kesehatan;lainnya,Jalan Ambon
7669230599_1849525862_STOP283,0.8021,3.5,8,3,0.5,0.375,kesehatan;rekreasi;komersial,Jalan Ambon
7669230599_1849525862_STOP684,0.875,4.25,8,6,0.75,0.125,rekreasi;lainnya;katering,Jalan Ambon
7669230602_5334388857_STOP373,1,5,8,3,1,0,finansial;lainnya,Jalan Rangga Gadang
7669230602_7669230603_STOP373,1,5,8,3,1,0,finansial;lainnya,Jalan Ir. H. Djuanda
7669230603_2036066796_STOP236,0.875,5,8,3,1,0,lainnya;katering,Jalan Ir. H. Djuanda
7669230603_2036066796_STOP237,0.9375,5,8,4,1,0,lainnya;finansial;katering,Jalan Ir. H. Djuanda
7669230603_2036066796_STOP238,0.7708,4.63,8,2,0.875,0.125,katering,Jalan Ir. H. Djuanda
7669230603_2036066796_STOP373,1,5,8,4,1,0,finansial;lainnya,Jalan Ir. H. Djuanda
7669581282_5358055095_STOP305,0.75,4,8,3,0.75,0.25,finansial;katering;komersial,Jalan Ir. H. Djuanda
7669581282_5358055095_STOP306,0.7083,4.5,8,3,0.875,0.125,kesehatan;lainnya;finansial,Jalan Ir. H. Djuanda
7673353740_6615862315_STOP148,0.8885,4.5,8,2,0.875,0.125,finansial;kesehatan,Jalan Soekarno-Hatta
7673353740_6615862315_STOP451,0.7917,4,8,3,0.75,0.25,komersial;lainnya;kesehatan,Jalan Soekarno-Hatta
7673353740_6615862315_STOP828,0.75,4.63,8,3,0.875,0.125,lainnya;katering,Jalan Soekarno-Hatta
7673353740_7673353741_STOP828,0.6875,4.75,8,2,0.875,0,lainnya,Jalan Tanpa Nama
7673353741_6615862316_STOP148,0.8125,5,8,2,1,0,finansial;lainnya,Jalan Soekarno-Hatta
7673353741_6615862316_STOP451,0.8125,4.5,8,3,0.875,0.125,komersial;lainnya;katering,Jalan Soekarno-Hatta
7673353741_6615862316_STOP828,0.75,4.63,8,3,0.875,0.125,lainnya;katering,Jalan Soekarno-Hatta
7673353742_7673353741_STOP828,0.7708,4,8,3,0.75,0.25,lainnya;katering,Jalan Soekarno-Hatta
7673353743_3255889295_STOP359,0.5938,3.25,8,2,0.5,0.375,lainnya;komersial,Jalan Soekarno-Hatta
7673353743_3255889295_STOP361,0.6458,2.63,8,2,0.375,0.5,katering;lainnya,Jalan Soekarno-Hatta
7673353744_6413894757_STOP359,0.5938,3.25,8,2,0.5,0.375,lainnya;komersial,"['Jalan Soekarno-Hatta', 'Soekarno Hatta Frontage Boulevard']"
7673353744_6413894757_STOP361,0.6458,2.63,8,2,0.375,0.5,lainnya;katering,"['Jalan Soekarno-Hatta', 'Soekarno Hatta Frontage Boulevard']"
7673353744_7673353743_STOP359,0.5938,3.63,8,3,0.5,0.25,komersial;lainnya,Jalan Tanpa Nama
7673681627_3255889293_STOP148,0.8125,5,8,2,1,0,lainnya;finansial,Jalan Soekarno-Hatta
7673681627_3255889293_STOP828,0.6875,4.75,8,2,0.875,0,lainnya,Jalan Soekarno-Hatta
7673681628_4123963983_STOP148,0.8125,5,8,2,1,0,finansial;lainnya,Jalan Soekarno-Hatta
7673681628_7673681627_STOP148,0.9167,4.5,8,3,0.875,0.125,komersial;finansial;kesehatan,Jalan Tanpa Nama
7687331829_364365905_STOP191,0.6563,3.38,8,3,0.625,0.375,lainnya;komersial,Jalan Merdeka
7687331829_364365905_STOP304,0.7813,4.25,8,3,0.875,0.125,finansial;lainnya;komersial,Jalan Merdeka
7687331829_364365905_STOP549,0.5,3,8,4,0.5,0.5,finansial;lainnya;komersial,Jalan Merdeka
7698632126_3278023523_STOP35,0.8125,4.5,8,2,0.875,0.125,finansial,Jalan Layang Kiaracondong
7698632126_6616440050_STOP35,0.8125,4.5,8,2,0.875,0.125,finansial,Jalan H. Ibrahim Adjie
7698632126_6616440050_STOP448,0.625,3.38,8,4,0.625,0.375,finansial;komersial;lainnya,Jalan H. Ibrahim Adjie
7698632127_5825223577_STOP35,0.875,4.5,8,3,0.875,0.125,finansial;komersial;katering,Jalan H. Ibrahim Adjie
7698632127_5825223577_STOP831,0.6875,4.25,8,4,0.75,0.125,katering;komersial;lainnya;finansial,Jalan H. Ibrahim Adjie
7698884005_11041545704_STOP218,0.8125,3.75,8,2,0.625,0.25,lainnya;katering,Jalan H. Ibrahim Adjie
7698884005_11041545704_STOP450,0.625,2.5,8,3,0.25,0.5,komersial;lainnya,Jalan H. Ibrahim Adjie
7698884005_11041579717_STOP450,0.65,1.88,8,2,0.125,0.75,komersial;katering,Jalan Tanpa Nama
7699079503_5392239230_STOP450,0.65,1.88,8,2,0.125,0.75,komersial;katering,Jalan H. Ibrahim Adjie
7699079503_5392239230_STOP611,0.8375,3.88,8,2,0.625,0.25,lainnya;katering,Jalan H. Ibrahim Adjie
7699079503_7699079504_STOP450,0.625,2.13,8,3,0.125,0.625,komersial;katering,Jalan Tanpa Nama
7699079504_5392239230_STOP450,0.65,1.88,8,2,0.125,0.75,komersial;katering,Jalan H. Ibrahim Adjie
7699079504_5392239230_STOP611,0.8375,3.88,8,2,0.625,0.25,lainnya;katering,Jalan H. Ibrahim Adjie
7699079504_7699079503_STOP450,0.625,2.13,8,3,0.125,0.625,komersial;katering,Jalan Tanpa Nama
7709492203_11224280874_STOP442,0.75,4,8,4,0.75,0.25,finansial;lainnya,Jalan Tanpa Nama
7709492203_7715425663_STOP364,0.7083,5,8,3,1,0,finansial;lainnya;kesehatan,Jalan Soekarno-Hatta
7709492203_7715425663_STOP365,0.8125,3.5,8,2,0.625,0.375,lainnya;komersial,Jalan Soekarno-Hatta
7709492203_7715425663_STOP37,0.7946,3.5,8,3,0.625,0.375,finansial;lainnya;komersial,Jalan Soekarno-Hatta
7709492203_7715425663_STOP442,0.75,4,8,4,0.75,0.25,finansial;lainnya,Jalan Soekarno-Hatta
7709492203_7715425663_STOP454,0.8571,4,8,2,0.75,0.25,komersial;finansial,Jalan Soekarno-Hatta
7709492203_7715425663_STOP455,0.7708,5,8,2,1,0,kesehatan;komersial,Jalan Soekarno-Hatta
7713266581_3272566403_STOP226,0.75,4.75,8,3,0.875,0,lainnya;komersial,Jalan Peta
7713266581_3272566403_STOP270,0.75,4.25,8,3,0.75,0.125,komersial;lainnya,Jalan Peta
7713266581_7713266582_STOP226,0.75,4.75,8,3,0.875,0,lainnya;komersial,Jalan Tanpa Nama
7713266582_2325453374_STOP226,0.75,5,8,3,1,0,lainnya;komersial,Jalan Peta
7713266582_7713266581_STOP226,0.75,4.75,8,3,0.875,0,lainnya;komersial,Jalan Tanpa Nama
7715289717_3269364726_STOP172,0.75,4.5,8,3,0.875,0.125,katering;komersial,Jalan Cilaki
7715289717_3269364726_STOP666,0.8646,4.25,8,2,0.75,0.125,katering,Jalan Cilaki
7715289717_3269364726_STOP690,0.8646,4.25,8,3,0.75,0.125,katering;lainnya,Jalan Cilaki
7715289717_3269364726_STOP691,0.8646,4.25,8,2,0.75,0.125,katering,Jalan Cilaki
7715326201_10198287484_STOP576,0.975,5,8,2,1,0,katering,Jalan Ciliwung
7715326201_10198287484_STOP665,0.975,5,8,2,1,0,katering,Jalan Ciliwung
7715326201_10198287484_STOP666,0.975,5,8,2,1,0,katering,Jalan Ciliwung
7715326201_7715326202_STOP576,0.975,5,8,2,1,0,katering,Jalan Tanpa Nama
7715326202_10173603868_STOP576,0.9271,4.38,8,3,0.75,0.125,katering;lainnya,Jalan Ciliwung
7715326202_7715326201_STOP576,0.975,5,8,2,1,0,katering,Jalan Tanpa Nama
7715326208_10198287485_STOP665,0.725,4.5,8,3,0.875,0.125,katering;komersial,Jalan Ciliwung
7715326208_6461589822_STOP665,0.725,4.5,8,3,0.875,0.125,katering;komersial,Jalan Taman Cibeunying Utara
7715326213_12862489542_STOP172,0.8125,4.88,8,3,1,0,katering;komersial,Jalan Ciliwung
7715326213_1855697067_STOP172,0.75,4.5,8,3,0.875,0.125,komersial;katering,Jalan Tanpa Nama
7715326215_7715326208_STOP665,0.7875,4.5,8,2,0.875,0.125,katering,Jalan Ciliwung
7715327378_1849907125_STOP177,0.6875,4.5,8,3,0.875,0.125,lainnya;katering,Jalan Supratman
7715327378_1849907125_STOP513,0.6875,4.5,8,3,0.875,0.125,lainnya;katering,Jalan Supratman
7715327378_1849907125_STOP633,0.625,4.5,8,3,0.875,0.125,lainnya;komersial,Jalan Supratman
7715327378_1849907125_STOP635,0.625,4.5,8,3,0.875,0.125,lainnya;komersial,Jalan Supratman
7715397583_1855697067_STOP172,0.8125,4.88,8,3,1,0,komersial;katering,Jalan Ciliwung
7715425660_8390722310_STOP36,0.6111,3.25,8,3,0.625,0.375,finansial;lainnya;komersial,Jalan Soekarno-Hatta
7715425660_8390722310_STOP366,0.75,3.5,8,3,0.625,0.375,finansial;pendidikan;lainnya,Jalan Soekarno-Hatta
7715425660_8390722310_STOP367,0.6042,3.13,8,3,0.625,0.375,lainnya;finansial,Jalan Soekarno-Hatta
7715425660_8390722310_STOP439,0.6875,3.75,8,3,0.75,0.25,komersial;lainnya,Jalan Soekarno-Hatta
7715425660_8390722310_STOP441,0.9375,4,8,4,0.75,0.25,lainnya;finansial;pendidikan;komersial,Jalan Soekarno-Hatta
7715425660_8390722310_STOP457,0.75,4.38,8,3,0.75,0.125,lainnya;katering,Jalan Soekarno-Hatta
7715425660_8390722310_STOP829,0.8125,4.88,8,3,1,0,komersial;lainnya,Jalan Soekarno-Hatta
7715425660_8390722310_STOP830,0.6875,4.25,8,3,0.75,0.125,katering;lainnya,Jalan Soekarno-Hatta
7715425661_7715425660_STOP829,0.875,5,8,4,1,0,komersial;lainnya,Jalan Tanpa Nama
7715425661_8390722310_STOP201,0.6111,3.13,8,3,0.625,0.375,lainnya;finansial,Jalan Soekarno-Hatta
7715425661_8390722310_STOP36,0.6111,3.25,8,3,0.625,0.375,finansial;lainnya;komersial,Jalan Soekarno-Hatta
7715425661_8390722310_STOP366,0.75,3.5,8,3,0.625,0.375,finansial;pendidikan;lainnya,Jalan Soekarno-Hatta
7715425661_8390722310_STOP367,0.6042,3.13,8,3,0.625,0.375,lainnya;finansial,Jalan Soekarno-Hatta
7715425661_8390722310_STOP439,0.75,3.38,8,3,0.625,0.375,komersial;lainnya;finansial,Jalan Soekarno-Hatta
7715425661_8390722310_STOP441,0.9375,4,8,4,0.75,0.25,lainnya;finansial;pendidikan;komersial,Jalan Soekarno-Hatta
7715425661_8390722310_STOP457,0.75,4.38,8,3,0.75,0.125,lainnya;katering,Jalan Soekarno-Hatta
7715425661_8390722310_STOP829,0.8125,4.88,8,3,1,0,komersial;lainnya,Jalan Soekarno-Hatta
7715425661_8390722310_STOP830,0.6875,4.25,8,3,0.75,0.125,katering;lainnya,Jalan Soekarno-Hatta
7715425662_7715425660_STOP215,0.8125,3.5,8,3,0.625,0.375,lainnya;komersial,Jalan Soekarno-Hatta
7715425662_7715425660_STOP365,0.8125,3.5,8,3,0.625,0.375,lainnya;komersial,Jalan Soekarno-Hatta
7715425662_7715425660_STOP829,0.9375,5,8,4,1,0,komersial;lainnya,Jalan Soekarno-Hatta
7715425662_7715425663_STOP365,0.8125,3.5,8,3,0.625,0.375,lainnya;komersial,Jalan Tanpa Nama
7715425663_7715425661_STOP215,0.8125,3.5,8,3,0.625,0.375,lainnya;komersial,Jalan Soekarno-Hatta
7715425663_7715425661_STOP829,0.9375,5,8,4,1,0,komersial;lainnya,Jalan Soekarno-Hatta
7724450410_1849528744_STOP724,0.8333,4.5,8,3,0.875,0.125,lainnya;katering,Jalan Sawunggaling
7724450410_1849528769_STOP724,0.75,4,8,3,0.75,0.25,lainnya,Jalan Sawunggaling
7850209633_5392237806_STOP219,0.7813,4.13,8,4,0.75,0.25,finansial;lainnya;katering;pendidikan,Jalan H. Ibrahim Adjie
7850209633_6637693198_STOP219,0.7813,4.13,8,4,0.75,0.25,finansial;lainnya;katering;pendidikan,Jalan Tanpa Nama
7856163870_1013421522_STOP239,0.625,4.5,8,3,0.875,0.125,rekreasi;katering;lainnya,Jalan Dalem Kaum
7856163871_7856163870_STOP239,0.625,4.5,8,3,0.875,0.125,katering;lainnya;rekreasi,"['Jalan Dewi Sartika', 'Jalan Dalem Kaum']"
7856163871_7856163870_STOP318,0.625,3.88,8,3,0.75,0.25,komersial;katering,"['Jalan Dewi Sartika', 'Jalan Dalem Kaum']"
7856163871_7856163872_STOP318,0.625,3.88,8,3,0.75,0.25,komersial;katering,Jalan Tanpa Nama
7856163872_7856163870_STOP239,0.625,4.5,8,3,0.875,0.125,katering;lainnya;rekreasi,Jalan Dewi Sartika
7856163872_7856163870_STOP318,0.625,3.88,8,3,0.75,0.25,komersial;katering,Jalan Dewi Sartika
7856163872_7856163871_STOP318,0.625,3.88,8,3,0.75,0.25,komersial;katering,Jalan Tanpa Nama
7857882999_5358055836_STOP103,0.8125,3.5,8,2,0.625,0.375,komersial;kesehatan,Jalan Harian Banga
7857882999_7857883000_STOP103,0.8125,3.5,8,2,0.625,0.375,komersial;kesehatan,Jalan Tanpa Nama
7857883000_1849528731_STOP103,0.875,4.5,8,2,0.875,0.125,kesehatan;komersial,Jalan Tamansari
7857883000_1849528731_STOP724,0.8333,4.5,8,3,0.875,0.125,lainnya;katering,Jalan Tamansari
7983673000_12809082542_STOP327,0.6667,3.5,8,3,0.625,0.375,katering;komersial;kesehatan,Jalan Sederhana
7983673000_29379232_STOP327,0.6667,3,8,3,0.5,0.5,katering;komersial,Jalan Sederhana
7983673000_5639376089_STOP327,0.6667,3.5,8,3,0.625,0.375,katering;komersial;kesehatan,Jalan Pasir Kaliki
7983673000_5639376089_STOP550,0.875,3.63,8,2,0.625,0.375,kesehatan;lainnya,Jalan Pasir Kaliki
7983673000_5639376089_STOP80,0.75,3.38,8,3,0.625,0.375,kesehatan;katering;lainnya,Jalan Pasir Kaliki
7983673000_5639376089_STOP85,0.8125,3.13,8,2,0.5,0.5,lainnya;kesehatan,Jalan Pasir Kaliki
7990471529_2250555721_STOP307,0.725,3.63,8,3,0.625,0.375,komersial;finansial,Jalan Otto Iskandardinata
7990471529_2250555721_STOP815,0.725,3.88,8,3,0.625,0.25,finansial;komersial,Jalan Otto Iskandardinata
8123220088_2520649249_STOP44,0.8125,3.5,8,4,0.625,0.25,lainnya;komersial;katering,Jalan Sukabumi
8123220088_8123220089_STOP44,0.8125,3.5,8,4,0.625,0.25,lainnya;komersial;katering,Jalan Jakarta
8123220089_8123220090_STOP44,0.8125,3.5,8,3,0.625,0.25,komersial;katering;lainnya,Jalan Jakarta
8123220090_6609222558_STOP44,0.8438,3.38,8,3,0.625,0.375,kesehatan;katering;lainnya,Jalan Jenderal Ahmad Yani
8123220090_6609222558_STOP634,0.7188,2.88,8,4,0.5,0.5,lainnya;katering;kesehatan,Jalan Jenderal Ahmad Yani
8123220091_10154700107_STOP187,0.8438,3.38,8,3,0.625,0.375,kesehatan;lainnya;katering,Jalan Supratman
8123220091_2520649220_STOP187,0.8438,3.38,8,3,0.625,0.375,kesehatan;lainnya;katering,Jalan Jenderal Ahmad Yani
8123220109_1849960732_STOP251,0.75,4.25,8,3,0.75,0.125,finansial;lainnya,Jalan Jenderal Ahmad Yani
8123220109_1849960732_STOP44,0.8482,3.88,8,3,0.75,0.25,lainnya;kesehatan;katering,Jalan Jenderal Ahmad Yani
8123304854_3272242233_STOP36,0.5695,3.5,8,4,0.625,0.375,lainnya;finansial;komersial,Jalan Terusan Kiara Condong
8123304854_8123304860_STOP36,0.5695,3.5,8,4,0.625,0.375,lainnya;finansial;komersial,Jalan Soekarno-Hatta
8123304860_5447158320_STOP20,0.5695,3.5,8,4,0.625,0.375,lainnya;finansial;komersial,Jalan Soekarno-Hatta
8123304860_8123304864_STOP20,0.5695,3.5,8,4,0.625,0.375,lainnya;finansial;komersial,Jalan Letnan Jenderal Ibrahim Adjie
8123304864_5447158318_STOP36,0.5695,3.5,8,4,0.625,0.375,lainnya;komersial;finansial,Jalan Soekarno-Hatta
8123304864_8123313718_STOP36,0.5695,3.5,8,4,0.625,0.375,lainnya;komersial;finansial,Jalan H. Ibrahim Adjie
8123304864_8123313718_STOP443,0.632,3.38,8,4,0.625,0.375,komersial;lainnya;finansial,Jalan H. Ibrahim Adjie
8123304870_2614138808_STOP229,0.5759,2.75,8,2,0.375,0.5,komersial;lainnya,Jalan Soekarno-Hatta
8123304870_8123304884_STOP229,0.5759,2.75,8,2,0.375,0.5,komersial;lainnya,Jalan Buah Batu
8123304882_2614138804_STOP229,0.5759,2.75,8,2,0.375,0.5,komersial;lainnya,Jalan Tanpa Nama
8123304882_2614138804_STOP460,0.6875,4.5,8,2,0.875,0.125,komersial;lainnya,Jalan Tanpa Nama
8123304882_8123304883_STOP229,0.6696,4.5,8,2,0.875,0.125,komersial,Jalan Soekarno-Hatta
8123304882_8123304883_STOP460,0.6875,4.5,8,2,0.875,0.125,komersial;lainnya,Jalan Soekarno-Hatta
8123304883_2614138794_STOP229,0.5759,2.75,8,2,0.375,0.5,komersial;lainnya,Jalan Tanpa Nama
8123304883_8123304884_STOP229,0.5759,2.75,8,2,0.375,0.5,komersial;lainnya,Jalan Soekarno-Hatta
8123304884_2614138794_STOP229,0.5759,2.75,8,2,0.375,0.5,komersial;lainnya,Jalan Buah Batu
8123304884_3272653270_STOP229,0.5759,2.75,8,2,0.375,0.5,komersial;lainnya,Jalan Soekarno-Hatta
8123304890_2614138810_STOP229,0.5759,2.75,8,2,0.375,0.5,komersial;lainnya,Jalan Buah Batu
8123304890_8123304870_STOP229,0.5759,2.75,8,2,0.375,0.5,komersial;lainnya,Jalan Soekarno-Hatta
8123304891_5444644826_STOP321,0.75,3.25,8,3,0.5,0.375,lainnya;finansial,Jalan Soekarno-Hatta
8123304891_5444644826_STOP333,0.875,4.63,8,2,0.875,0.125,katering;komersial,Jalan Soekarno-Hatta
8123304891_5444644826_STOP334,0.7083,3.25,8,2,0.5,0.375,finansial;lainnya,Jalan Soekarno-Hatta
8123304891_5444644826_STOP595,0.8125,3.75,8,3,0.625,0.25,lainnya;finansial,Jalan Soekarno-Hatta
8123304891_5444644826_STOP596,0.8958,5,8,2,1,0,komersial;lainnya,Jalan Soekarno-Hatta
8123313717_8123304864_STOP20,0.5695,3.5,8,4,0.625,0.375,lainnya;komersial;finansial,Jalan Soekarno-Hatta
8123313717_8123304864_STOP36,0.5695,3.5,8,4,0.625,0.375,lainnya;komersial;finansial,Jalan Soekarno-Hatta
8123313717_8123313718_STOP20,0.5695,3.5,8,4,0.625,0.375,lainnya;komersial;finansial,Jalan Tanpa Nama
8123313717_8123313718_STOP443,0.5695,3.5,8,4,0.625,0.375,lainnya;komersial;finansial,Jalan Tanpa Nama
8123313718_5397822748_STOP152,0.6042,2.13,8,4,0.25,0.625,lainnya;komersial,Jalan H. Ibrahim Adjie
8123313718_5397822748_STOP443,0.5417,2.38,8,3,0.375,0.625,komersial;lainnya,Jalan H. Ibrahim Adjie
8123313718_5397822748_STOP444,0.7292,2.75,8,4,0.375,0.5,lainnya,Jalan H. Ibrahim Adjie
8123313737_9462969629_STOP200,0.75,4.38,8,3,0.75,0.125,lainnya;katering,Jalan Soekarno-Hatta
8123313737_9462969629_STOP201,0.6042,3.13,8,3,0.625,0.375,lainnya;finansial,Jalan Soekarno-Hatta
8123313737_9462969629_STOP36,0.6111,3.25,8,3,0.625,0.375,finansial;lainnya;komersial,Jalan Soekarno-Hatta
8123313737_9462969629_STOP367,0.6667,3.13,8,3,0.625,0.375,lainnya,Jalan Soekarno-Hatta
8123313737_9462969629_STOP457,0.75,4.38,8,3,0.75,0.125,lainnya;katering,Jalan Soekarno-Hatta
8123313737_9462969629_STOP830,0.75,4.38,8,3,0.75,0.125,lainnya;katering,Jalan Soekarno-Hatta
8123313737_9462969630_STOP200,0.75,4.38,8,3,0.75,0.125,lainnya;katering,Jalan Soekarno-Hatta
8123313737_9462969630_STOP201,0.6042,3.13,8,3,0.625,0.375,lainnya;finansial,Jalan Soekarno-Hatta
8123313737_9462969630_STOP36,0.6111,3.25,8,3,0.625,0.375,lainnya;finansial;komersial,Jalan Soekarno-Hatta
8123313737_9462969630_STOP367,0.6667,3.13,8,3,0.625,0.375,lainnya,Jalan Soekarno-Hatta
8123313737_9462969630_STOP457,0.75,4.38,8,3,0.75,0.125,lainnya;katering,Jalan Soekarno-Hatta
8123313737_9462969630_STOP830,0.75,4.38,8,3,0.75,0.125,lainnya;katering,Jalan Soekarno-Hatta
8390722310_8390730124_STOP36,0.632,3.25,8,3,0.625,0.375,finansial;komersial;lainnya,Jalan Soekarno-Hatta
8390730117_8123313737_STOP36,0.632,3.38,8,4,0.625,0.375,komersial;finansial;lainnya,Jalan Soekarno-Hatta
8390730122_5447158318_STOP443,0.5417,2.38,8,3,0.375,0.625,komersial;lainnya,Jalan H. Ibrahim Adjie
8390730122_8390730117_STOP36,0.632,3.38,8,4,0.625,0.375,komersial;finansial;lainnya,Jalan Tanpa Nama
8390730122_8390730117_STOP443,0.5417,2.38,8,3,0.375,0.625,komersial;lainnya,Jalan Tanpa Nama
8390730124_3272242233_STOP36,0.5695,3.5,8,4,0.625,0.375,finansial;lainnya;komersial,Jalan Tanpa Nama
8390730124_8123304854_STOP36,0.5695,3.5,8,4,0.625,0.375,finansial;lainnya;komersial,Jalan Soekarno-Hatta
8408170536_5479194191_STOP821,0.8125,5,8,4,1,0,katering;lainnya,Jalan Tanpa Nama
8418013666_13551225788_STOP253,0.6875,3,8,5,0.5,0.5,katering;komersial;pendidikan;lainnya,Jalan Laswi
8418013666_13551225788_STOP46,0.7813,4.5,8,2,0.875,0.125,komersial,Jalan Laswi
8418013666_13551225788_STOP727,0.5938,2.63,8,4,0.375,0.625,lainnya;komersial;katering,Jalan Laswi
8456621393_6615877057_STOP240,0.6875,4,8,3,0.75,0.25,komersial;lainnya,Jalan Soekarno-Hatta
8456621393_6615877058_STOP240,0.75,4,8,3,0.75,0.25,komersial;lainnya,Soekarno Hatta Frontage Boulevard
8456621395_3272728568_STOP403,0.625,3.5,8,5,0.625,0.375,komersial;katering;lainnya,Jalan Soekarno-Hatta
8456621395_9340090484_STOP403,0.5625,3,8,5,0.5,0.5,lainnya;komersial;katering,Jalan Soekarno-Hatta
8456621396_11549683569_STOP240,0.6875,4,8,5,0.75,0.25,lainnya;komersial;katering,Jalan Soekarno-Hatta
8456621396_6382216824_STOP240,0.6875,4,8,5,0.75,0.25,lainnya;komersial;katering,Jalan Tanpa Nama
8456621396_6382216824_STOP403,0.6875,4,8,5,0.75,0.25,komersial;lainnya;katering,Jalan Tanpa Nama
8499551926_3115041391_STOP463,0.6875,4,8,3,0.75,0.25,lainnya,Jalan Soekarno-Hatta
8499551926_3115041391_STOP464,0.625,3,8,3,0.5,0.5,lainnya,Jalan Soekarno-Hatta
8499551926_3115041391_STOP465,0.7188,5,8,3,1,0,lainnya;komersial,Jalan Soekarno-Hatta
8499551926_8499551927_STOP464,0.625,3,8,3,0.5,0.5,lainnya,Jalan Tanpa Nama
8499551927_3272371131_STOP185,0.625,3.88,8,3,0.75,0.25,komersial;lainnya,Jalan Soekarno-Hatta
8499551927_3272371131_STOP462,0.625,2,8,3,0.25,0.75,lainnya,Jalan Soekarno-Hatta
8499551927_3272371131_STOP464,0.625,2.5,8,3,0.375,0.625,lainnya,Jalan Soekarno-Hatta
8499551927_3272371131_STOP816,0.625,3,8,3,0.5,0.5,lainnya,Jalan Soekarno-Hatta
8499551927_8499551926_STOP464,0.625,3,8,3,0.5,0.5,lainnya,Jalan Tanpa Nama
8582835480_11138593390_STOP812,0.75,4.75,8,3,0.875,0,kesehatan;finansial;komersial,Jalan Pajajaran
8582835480_11138593390_STOP84,0.8125,4,8,3,0.625,0.125,lainnya;komersial;finansial,Jalan Pajajaran
8582835480_5369274905_STOP812,0.5208,3.88,8,3,0.625,0.25,komersial;kesehatan,Jalan Pajajaran
8841514869_3115157722_STOP122,0.8958,4.5,8,2,0.875,0.125,lainnya,Jalan Bantununggal Asih Lll
8913742090_29427236_STOP723,0.7396,4,8,3,0.75,0.125,finansial;lainnya,Jalan Aria Jipang
8913742090_5360090966_STOP723,0.7396,4,8,3,0.75,0.125,finansial;lainnya,Jalan Surapati
8979178865_11181448973_STOP706,0.7708,4.5,8,3,0.875,0.125,katering;kesehatan;lainnya,Jalan R.A.A. Martanegara
8979178865_11181448979_STOP706,0.7708,4.5,8,3,0.875,0.125,katering;kesehatan;lainnya,Jalan Tanpa Nama
8979186743_11181448974_STOP746,0.8125,4.5,8,3,0.875,0.125,komersial;katering,Jalan Lodaya
8979186743_3272589082_STOP706,0.7708,4.5,8,3,0.875,0.125,komersial;katering;kesehatan,Jalan Tanpa Nama
8979186743_3272589082_STOP746,0.8125,4.5,8,3,0.875,0.125,komersial;katering,Jalan Tanpa Nama
9152581660_10043935232_STOP121,0.65,4,8,3,0.75,0.25,kesehatan;komersial,Jalan Soekarno-Hatta
9152581660_10043935232_STOP198,0.75,4.25,8,3,0.875,0.125,lainnya;kesehatan;pendidikan,Jalan Soekarno-Hatta
9152581660_5348638990_STOP108,0.5104,3.25,8,3,0.625,0.375,lainnya,"['Jalan Soekarno-Hatta', 'Jalan Layang Kopo']"
9152581660_5348638990_STOP121,0.65,4,8,3,0.75,0.25,kesehatan;komersial,"['Jalan Soekarno-Hatta', 'Jalan Layang Kopo']"
9152581660_5348638990_STOP198,0.75,4.25,8,3,0.875,0.125,lainnya;kesehatan;pendidikan,"['Jalan Soekarno-Hatta', 'Jalan Layang Kopo']"
9152581660_5348638990_STOP384,0.75,4.38,8,2,0.875,0.125,katering,"['Jalan Soekarno-Hatta', 'Jalan Layang Kopo']"
9152581660_5348638990_STOP385,0.75,3.75,8,2,0.625,0.25,finansial;lainnya,"['Jalan Soekarno-Hatta', 'Jalan Layang Kopo']"
9152581660_5348638990_STOP396,0.75,4.38,8,2,0.875,0.125,katering,"['Jalan Soekarno-Hatta', 'Jalan Layang Kopo']"
9167350227_2604179154_STOP282,0.75,4.5,8,2,0.875,0.125,finansial;lainnya,Jalan Jendral Sudirman
9167350227_2604179154_STOP376,0.875,4.75,8,2,0.875,0,katering;lainnya,Jalan Jendral Sudirman
9167350228_9167350227_STOP282,0.75,4.5,8,2,0.875,0.125,finansial;lainnya,Jalan Tanpa Nama
9167367930_5495700165_STOP281,0.7083,3.5,8,3,0.625,0.375,lainnya;komersial;finansial,Jalan Jendral Sudirman
9167367930_5648631891_STOP281,0.7083,3.5,8,3,0.625,0.375,lainnya;komersial;finansial,Jalan Tanpa Nama
9198770125_8390730122_STOP152,0.6042,2.13,8,4,0.25,0.625,lainnya;komersial,Jalan H. Ibrahim Adjie
9198770125_8390730122_STOP443,0.5417,2.38,8,3,0.375,0.625,komersial;lainnya,Jalan H. Ibrahim Adjie
9198770125_8390730122_STOP444,0.7292,2.75,8,4,0.375,0.5,lainnya,Jalan H. Ibrahim Adjie
9253047317_3115041391_STOP198,0.7813,4.38,8,3,0.875,0.125,pendidikan;komersial;lainnya,"['Jalan Karasak Barat', 'Jalan Mekar Wangi', 'Jalan Mekar Puspita']"
9253047317_3115041391_STOP465,0.7188,5,8,3,1,0,lainnya;komersial,"['Jalan Karasak Barat', 'Jalan Mekar Wangi', 'Jalan Mekar Puspita']"
9253047317_5487650882_STOP198,0.7813,4.38,8,3,0.875,0.125,pendidikan;komersial;lainnya,Jalan Mekar Puspita
9327097034_3272725789_STOP240,0.6875,3.88,8,3,0.75,0.25,komersial;lainnya,Soekarno Hatta Frontage Boulevard
9336983410_29358934_STOP628,0.9018,5,8,3,1,0,katering;lainnya,Jalan Karangsari
9336983410_29358935_STOP628,0.875,5,8,3,1,0,katering;lainnya,Jalan Tanpa Nama
9336983410_29379986_STOP628,0.875,5,8,3,1,0,katering;lainnya,Jalan Karangsari
9340090484_6380244015_STOP358,0.6458,3,8,4,0.375,0.375,lainnya;katering,Jalan Soekarno-Hatta
9340090484_6380244015_STOP403,0.5417,3.25,8,5,0.5,0.375,lainnya;komersial;katering,Jalan Soekarno-Hatta
9372965562_6616756437_STOP180,0.75,4,8,4,0.75,0.25,lainnya;komersial;katering,Jalan Jend. H. Amir Machmud
9372965562_6616756437_STOP602,0.6875,4.38,8,3,0.875,0.125,komersial,Jalan Jend. H. Amir Machmud
9379377310_35138415_STOP117,0.8125,4.5,8,3,0.875,0.125,komersial;kesehatan,Jalan Pluto Raya
9379377310_9379377313_STOP117,0.8125,4.5,8,3,0.875,0.125,komersial;kesehatan,Jalan Pluto Raya
9379377313_35137789_STOP117,0.8125,4.5,8,3,0.875,0.125,komersial;kesehatan,"['Jalan Saturnus Utara XV', 'Jalan Saturnus Tengah', 'Jalan Saturnus Selatan', 'Jalan Saturnus Utara XVII', 'Jalan Pluto Raya']"
9379377313_35138415_STOP117,0.8125,4.5,8,3,0.875,0.125,komersial;kesehatan,Jalan Pluto Raya
9443702027_3272727748_STOP357,0.7917,3.25,8,3,0.5,0.375,katering;kesehatan,Jalan Soekarno-Hatta
9443702028_5458169147_STOP423,0.75,4.38,8,3,0.75,0.125,pendidikan;komersial;katering,Jalan Tanpa Nama
9443702028_7284403241_STOP423,0.7188,4.13,8,3,0.75,0.25,pendidikan;komersial;lainnya,Jalan Soekarno-Hatta
9462969629_6615860878_STOP830,0.6875,4.25,8,3,0.75,0.125,katering;lainnya,Jalan Soekarno-Hatta
9462969629_9462969630_STOP830,0.75,4.38,8,3,0.75,0.125,lainnya;katering,Jalan Tanpa Nama
9462969630_6615832573_STOP830,0.6875,4.25,8,3,0.75,0.125,lainnya;katering,Jalan Soekarno-Hatta
9462969630_9462969629_STOP830,0.75,4.38,8,3,0.75,0.125,lainnya;katering,Jalan Tanpa Nama
9462999285_3245886198_STOP281,0.8333,4.5,8,2,0.875,0.125,lainnya;finansial,Jalan Jendral Sudirman
9462999285_9471344359_STOP281,0.8333,4.5,8,2,0.875,0.125,lainnya;finansial,Jalan Tanpa Nama
9471344359_5344074239_STOP281,0.8333,4.5,8,2,0.875,0.125,lainnya;finansial,Jalan Jendral Sudirman
9471344359_9462999285_STOP281,0.8333,4.5,8,2,0.875,0.125,lainnya;finansial,Jalan Tanpa Nama
9503884773_12813271264_STOP117,0.8125,4.5,8,3,0.875,0.125,komersial;kesehatan,Jalan Rancabolang
9503884773_12813271264_STOP363,0.9375,4.88,8,2,1,0,lainnya;komersial,Jalan Rancabolang
9503884773_12813271264_STOP540,0.9375,4.75,8,3,1,0,pendidikan;katering;komersial,Jalan Rancabolang
9503884773_1856651006_STOP363,0.9375,4.88,8,2,1,0,lainnya;komersial,Jalan Rancabolang
9503884773_9503919892_STOP363,0.9375,4.88,8,2,1,0,lainnya;komersial,Jalan Tanpa Nama
9503919891_1856651006_STOP363,0.75,3,8,3,0.5,0.5,katering;lainnya,Jalan Tanpa Nama
9503919891_9503919892_STOP363,0.75,3,8,3,0.5,0.5,katering;lainnya,Jalan Tanpa Nama
9503919892_6609908292_STOP363,0.6875,2,8,3,0.25,0.75,katering;lainnya,Jalan Tanpa Nama
9503919892_9503919891_STOP363,0.75,3,8,3,0.5,0.5,lainnya;katering,Jalan Tanpa Nama
9532363495_29380518_STOP338,0.75,3.5,8,4,0.625,0.375,komersial;finansial;lainnya,Jalan Holis
9532363495_29380518_STOP381,0.875,4,8,4,0.75,0.25,lainnya;komersial;katering,Jalan Holis
9532363495_29380518_STOP802,0.8542,4,8,3,0.75,0.25,lainnya;komersial,Jalan Holis
9532363495_9532363497_STOP338,0.75,3.5,8,4,0.625,0.375,finansial;komersial;lainnya,Jalan Holis
9532363497_11711275766_STOP280,0.8438,4,8,3,0.75,0.25,kesehatan;komersial,Jalan Soekarno-Hatta
9532363497_11711275766_STOP338,0.75,3.5,8,4,0.625,0.375,finansial;komersial;lainnya,Jalan Soekarno-Hatta
9532363497_11711275766_STOP398,0.625,3.13,8,3,0.5,0.5,katering;komersial;finansial,Jalan Soekarno-Hatta
9532363497_9532363495_STOP338,0.75,3.5,8,4,0.625,0.375,finansial;komersial;lainnya,Jalan Holis
9544624433_5867096768_STOP357,0.7813,4,8,4,0.625,0.125,lainnya;katering;finansial,Jalan Soekarno-Hatta
9544624434_5458169147_STOP357,0.7813,4,8,4,0.625,0.125,katering;lainnya;finansial,Jalan Soekarno-Hatta
9544624434_5458169147_STOP423,0.8125,4.38,8,4,0.75,0.125,pendidikan;katering;komersial,Jalan Soekarno-Hatta
9544624434_9544624433_STOP357,0.7813,4,8,4,0.625,0.125,lainnya;katering;finansial,Jalan Tanpa Nama
9544806498_7284403246_STOP357,0.625,4.5,8,2,0.875,0.125,lainnya,Jalan Soekarno-Hatta
9544806498_7284403246_STOP535,0.6875,4.5,8,4,0.875,0.125,lainnya;komersial;katering,Jalan Soekarno-Hatta
9544806499_7284403247_STOP357,0.625,4.5,8,2,0.875,0.125,lainnya,Jalan Soekarno-Hatta
9544806499_7284403247_STOP535,0.6875,4.5,8,4,0.875,0.125,lainnya;komersial;katering,Jalan Soekarno-Hatta
9544806499_9544806498_STOP357,0.625,4.5,8,2,0.875,0.125,lainnya,Jalan Tanpa Nama
9544806503_3272727747_STOP357,0.75,3.75,8,4,0.625,0.25,katering;lainnya;kesehatan,Jalan Tanpa Nama
9544806503_9544806498_STOP357,0.7813,4,8,4,0.625,0.125,lainnya;katering;finansial,Jalan Soekarno-Hatta
9584171464_10995250561_STOP647,0.6,4.8,5,1,1,0,rekreasi,Jalan Gedebage Raya
9584171464_7216077577_STOP647,0.6,4.8,5,1,1,0,rekreasi,Bundaran Bulevar Barat
9626125965_12813271261_STOP5,0.6979,4.5,8,3,0.875,0.125,lainnya;kesehatan;komersial,Jalan Marga Cinta
9626125965_5447158309_STOP5,0.5625,4.13,8,3,0.875,0.125,kesehatan;komersial;lainnya,Jalan Marga Cinta
9642166986_13257407280_STOP773,0.875,5,8,3,1,0,komersial;katering,Jalan Tanpa Nama
9642166986_3445557996_STOP773,0.875,5,8,3,1,0,komersial;katering,Jalan Garuda
9713565227_29489276_STOP385,0.54,4.2,5,1,0.8,0.2,komersial,Jalan Raya Cibaduyut
9713565227_29489276_STOP397,0.75,4.5,8,3,0.875,0.125,finansial;katering;lainnya,Jalan Raya Cibaduyut
9713565227_29489276_STOP499,0.8542,2.38,8,3,0.375,0.625,lainnya;katering,Jalan Raya Cibaduyut
9729638579_5455694139_STOP267,0.7,4.5,8,4,0.875,0.125,lainnya,Jalan Tanpa Nama
9729638579_9729638580_STOP267,0.7,4.5,8,4,0.875,0.125,lainnya,Jalan Tanpa Nama
9729638580_9729638579_STOP267,0.7,4.5,8,4,0.875,0.125,lainnya,Jalan Tanpa Nama
9729638580_9729638593_STOP267,0.7,4.5,8,4,0.875,0.125,lainnya,Jalan Tanpa Nama
9729638580_9729638593_STOP825,0.6875,4.75,8,4,0.875,0,lainnya,Jalan Tanpa Nama
9729638593_2518074025_STOP823,0.875,4.25,8,3,0.875,0.125,katering,Jalan Tanpa Nama
9729638593_2518074025_STOP824,0.75,3.75,8,3,0.75,0.25,finansial;katering,Jalan Tanpa Nama
9729638593_2518074025_STOP825,0.6875,4.75,8,4,0.875,0,lainnya,Jalan Tanpa Nama
9729638593_5479194193_STOP825,0.6875,4.75,8,4,0.875,0,lainnya,Jalan Tanpa Nama
9749128082_1662376584_STOP591,0.8125,4,8,4,0.75,0.25,komersial;lainnya;katering,Jalan Ir. H. Djuanda
9749128082_5463827264_STOP591,0.8125,4,8,4,0.75,0.25,komersial;lainnya;katering,Jalan Dago Asri Raya
9755546377_2036066796_STOP169,0.875,4,8,3,0.75,0.25,lainnya;kesehatan;komersial,Jalan Sulanjana
9755546377_2036066796_STOP236,0.875,5,8,3,1,0,lainnya;katering,Jalan Sulanjana
9755546377_2036066796_STOP578,0.8125,3.5,8,3,0.625,0.375,komersial;kesehatan;lainnya,Jalan Sulanjana
9755546377_29359719_STOP578,0.75,3.5,8,3,0.625,0.375,komersial;lainnya;katering,Jalan Sulanjana
9755546377_5334558654_STOP578,0.75,3.5,8,3,0.625,0.375,komersial;lainnya;katering,Jalan Saung Galing
9762128207_2041502893_STOP340,0.8229,5,8,3,1,0,lainnya;rekreasi;komersial,Jalan Sumbawa
9762128207_2041502893_STOP409,0.7188,3.5,8,3,0.625,0.375,lainnya;komersial,Jalan Sumbawa
9762128207_2041502893_STOP660,0.7604,4.5,8,3,0.875,0.125,lainnya;komersial,Jalan Sumbawa
9762128207_25433301_STOP340,0.8229,5,8,3,1,0,lainnya;rekreasi;komersial,Jalan Sumbawa
9767043233_11180921757_STOP71,0.8125,5,8,3,1,0,komersial;lainnya,Jalan Tamansari
9767043233_11262097537_STOP594,0.625,3,8,3,0.5,0.5,lainnya;komersial,Jalan Tamansari
9767043233_11262097537_STOP70,0.8542,4,8,3,0.75,0.25,finansial;lainnya;pendidikan,Jalan Tamansari
9767043233_11262097537_STOP71,0.75,4.5,8,4,0.875,0.125,komersial;lainnya,Jalan Tamansari
9767043233_11262097537_STOP725,0.7986,3.5,8,3,0.625,0.375,pendidikan;lainnya,Jalan Tamansari
9787694583_7216077614_STOP386,0.5938,5,8,3,1,0,pendidikan;lainnya;komersial,Bulevar Selatan
9800628721_7216077613_STOP386,0.5938,5,8,3,1,0,pendidikan;lainnya;komersial,Bulevar Selatan
9803456823_11136401953_STOP821,0.8125,5,8,4,1,0,katering;lainnya,Jalan Viking
9807780220_10596847016_STOP285,0.9375,5,8,2,1,0,kesehatan;komersial,Bunderan Grand Bulevar
9807780224_11270931757_STOP285,0.9375,5,8,2,1,0,kesehatan;komersial,Bulevar Teknopolis
9807780224_9807780220_STOP285,0.9375,5,8,2,1,0,kesehatan;komersial,Bunderan Grand Bulevar
9824987335_5848061297_STOP647,0.8437,4.88,8,3,1,0,rekreasi;katering,Bulevar Barat
9832971266_11181448955_STOP255,0.75,3.13,8,4,0.5,0.5,lainnya;katering,Jalan Pelajar Pejuang 45
9832971266_11181448955_STOP435,0.75,3.88,8,4,0.625,0.25,lainnya;pendidikan,Jalan Pelajar Pejuang 45
9832971266_11181448955_STOP572,0.7,3.13,8,3,0.5,0.5,lainnya;komersial,Jalan Pelajar Pejuang 45
9832971267_10167417684_STOP252,0.625,2.63,8,4,0.375,0.625,lainnya;pendidikan,Jalan Layang Laswi - Pelajar Pejuang 45
9832971267_10167417684_STOP253,0.5729,2.5,8,4,0.375,0.625,lainnya;katering;pendidikan,Jalan Layang Laswi - Pelajar Pejuang 45
9832971267_10167417684_STOP435,0.75,3.13,8,4,0.5,0.5,lainnya;pendidikan,Jalan Layang Laswi - Pelajar Pejuang 45
9832971267_9832971266_STOP435,0.75,3.13,8,4,0.5,0.5,lainnya;pendidikan,Jalan Layang Laswi - Pelajar Pejuang 45
9832971270_3277874425_STOP435,0.6875,3.38,8,5,0.5,0.375,lainnya;pendidikan,Jalan Pelajar Pejuang 45
9832971270_9832971267_STOP435,0.6875,3.38,8,5,0.5,0.375,lainnya;pendidikan,Jalan Layang Laswi - Pelajar Pejuang 45
9834915546_3277871582_STOP212,0.875,4.75,8,3,0.875,0,lainnya;komersial,Jalan Jenderal Ahmad Yani
9834915547_1849525877_STOP212,0.875,4.75,8,2,0.875,0,lainnya;komersial,Jalan Gandapura
9834915547_9834915546_STOP212,0.875,4.25,8,3,0.75,0.125,lainnya;komersial,Jalan Gandapura
9834956696_3269421791_STOP172,0.8125,4.88,8,3,1,0,katering;komersial,Jalan Bengawan
9834956696_3269421803_STOP172,0.875,4.88,8,4,1,0,komersial;katering,Jalan Bengawan
9834956696_3269421803_STOP554,0.85,4.38,8,4,0.875,0.125,kesehatan;katering;lainnya,Jalan Bengawan
9834956696_7715397583_STOP172,0.8125,4.88,8,3,1,0,katering;komersial,Jalan Tanpa Nama
9857713262_11382060932_STOP550,0.8125,5,8,2,1,0,kesehatan,Jalan Pasir Kaliki
9857713262_11382060932_STOP80,0.75,2.88,8,3,0.5,0.5,lainnya;katering;kesehatan,Jalan Pasir Kaliki
9857713262_11382060932_STOP85,0.8125,3.13,8,2,0.5,0.5,lainnya;kesehatan,Jalan Pasir Kaliki
9895279782_1663274703_STOP163,0.8125,4.5,8,3,0.875,0.125,finansial;komersial,Jalan Tanpa Nama
9895279782_1663274703_STOP31,0.8125,4.5,8,3,0.875,0.125,finansial;komersial,Jalan Tanpa Nama
9895279782_5825261665_STOP31,0.8125,4.5,8,3,0.875,0.125,finansial;komersial,Jalan Prabu Dimuntur
9973785684_8499551926_STOP185,0.625,3.88,8,3,0.75,0.25,komersial;lainnya,Jalan Soekarno-Hatta
9973785684_8499551926_STOP462,0.625,2,8,3,0.25,0.75,lainnya,Jalan Soekarno-Hatta
9973785684_8499551926_STOP464,0.625,2,8,3,0.25,0.75,lainnya,Jalan Soekarno-Hatta
9973785684_8499551926_STOP816,0.625,2.5,8,3,0.375,0.625,lainnya,Jalan Soekarno-Hatta