place_id,name,lat,lon,rating,total_reviews,category,types,nearest_stop,stop_lat,stop_lon
ChIJuQpPdArmaC4RH7bU5_22esA,Witel Bandung Barat (Plaza Telkom Rajawali),-6.912773,107.5756051,4.3,712,lainnya,"establishment,point_of_interest",Terminal Elang,-6.9133505,107.5756825
ChIJOT6yDArmaC4RI7r0eMceD_s,SPBU Pertamina 34-40126,-6.912915799999999,107.5746204,4.3,649,lainnya,"establishment,gas_station,point_of_interest",Terminal Elang,-6.9133505,107.5756825
ChIJtQVG_QvmaC4RJgTJ2o0jdiM,Masjid Garuda,-6.913314499999999,107.5769978,4.7,322,lainnya,"establishment,mosque,place_of_worship,point_of_interest",Terminal Elang,-6.9133505,107.5756825
ChIJwxr-uAvmaC4RHpw3UZX1OSk,Toserba Ling Chick,-6.912840699999999,107.5779364,4.1,105,katering,"establishment,food,grocery_or_supermarket,point_of_interest,store",Terminal Elang,-6.9133505,107.5756825
ChIJo87geQnmaC4RV1EUkDvLoCI,Splash Kitchen,-6.9147509,107.5775291,4.3,55,katering,"cafe,establishment,food,point_of_interest,restaurant",Terminal Elang,-6.9133505,107.5756825
ChIJSYLPm1HmaC4RYoCiu8EeYtM,Namin Hotel - Bandung,-6.8950833,107.6144706,4.2,1362,lainnya,"establishment,lodging,point_of_interest",Rumah Sakit Santo Borromeus B,-6.8948767,107.613435
ChIJ_QTi6ScUby4Rx-_lXUrk8bM,Palais Dago Hotel,-6.896286099999999,107.6131094,4.5,1008,lainnya,"establishment,lodging,point_of_interest",Rumah Sakit Santo Borromeus B,-6.8948767,107.613435
ChIJZX_HvVHmaC4RHIWTD0hKQds,Rebel Gym,-6.896555999999999,107.6142787,4.4,272,olahraga,"establishment,gym,health,point_of_interest",Rumah Sakit Santo Borromeus B,-6.8948767,107.613435
ChIJ_zL7QFHmaC4R5LxO0ByevTA,JPKM Surya Sumirat - Borromeus Healthcare,-6.894053,107.6127542,4.9,66,kesehatan,"establishment,health,hospital,local_government_office,point_of_interest",Rumah Sakit Santo Borromeus B,-6.8948767,107.613435
ChIJC-a9BVHmaC4RgHHI-pM1l38,Borromeus Children Medical Center,-6.8939501,107.6133649,3.8,63,kesehatan,"establishment,health,hospital,point_of_interest",Rumah Sakit Santo Borromeus B,-6.8948767,107.613435
ChIJCSYyqzrmaC4R_bQ3y9Njhps,favehotel Braga Bandung,-6.917141300000001,107.6084439,0.0,0,lainnya,"establishment,lodging,point_of_interest",Banceuy,-6.9187567,107.6065579
ChIJE_kFiiTmaC4Rihw033ipuFk,Golden Flower Hotel,-6.9204187,107.6048758,4.3,7265,lainnya,"establishment,lodging,point_of_interest",Banceuy,-6.9187567,107.6065579
ChIJCSYyqzrmaC4Rv87O_Sb1-sg,Gino Feruci Braga Hotel,-6.9178153,107.6090632,4.3,6292,lainnya,"establishment,lodging,point_of_interest",Banceuy,-6.9187567,107.6065579
ChIJ_cRr2STmaC4R0KLHkfKoW2U,Toko Aneka Benang,-6.9189171,107.6064383,4.4,672,komersial,"establishment,home_goods_store,point_of_interest,store",Banceuy,-6.9187567,107.6065579
ChIJMTlX1CTmaC4RlVmrq_5Xgu4,PADASUKA MOTOR,-6.916865100000001,107.6063616,4.4,285,lainnya,"establishment,point_of_interest",Banceuy,-6.9187567,107.6065579
ChIJQci5BWPmaC4R18vlU_RWy8w,PT Tridaya Sinergi Indonesia,-6.8911862,107.5885162,4.7,263,komersial,"establishment,point_of_interest,store",Sukagalih,-6.8922883,107.5903565
ChIJY6VSB2PmaC4RcQ6BFEm91xc,OYO 3805 Ceria House Sultan Premier,-6.8900036,107.5890014,4.4,205,lainnya,"establishment,lodging,point_of_interest",Sukagalih,-6.8922883,107.5903565
ChIJY9GtLp7oaC4R1i9l4zdw8_Q,Autovision Bandung - Official Showroom & Service Center,-6.890128900000001,107.5898572,4.7,203,komersial,"establishment,point_of_interest,store",Sukagalih,-6.8922883,107.5903565
ChIJ0UnPP17maC4RzcPxq4S8LnU,Elastico7 Indonesia,-6.893040999999999,107.588267,4.6,131,komersial,"clothing_store,establishment,point_of_interest,store",Sukagalih,-6.8922883,107.5903565
ChIJJQAAQIjmaC4RMcTb94mk44E,Kantorpos DC Bandung Cipedes,-6.894092,107.5900482,3.0,66,finansial,"establishment,finance,point_of_interest,post_office",Sukagalih,-6.8922883,107.5903565
ChIJHQQ5nljvaC4RnynUvhr0XWc,Indomaret gempolsari,-6.930185799999999,107.5581142,3.8,103,finansial,"atm,convenience_store,establishment,finance,food",Perumnas Cijerah,-6.9298,107.5589046
ChIJi1VsIPblaC4R2N_4BbdWqFE,Alfamart Gempol Sari,-6.929864599999999,107.5580809,3.4,31,komersial,"convenience_store,establishment,food,grocery_or_supermarket,point_of_interest",Perumnas Cijerah,-6.9298,107.5589046
ChIJoeotKfblaC4Rh1UNB2ziXys,Karya Abadi Agen BRI Link,-6.9298486,107.5588896,4.7,14,komersial,"establishment,point_of_interest,store",Perumnas Cijerah,-6.9298,107.5589046
ChIJ31ySHQDlaC4RdLJ1PZe179Y,Ope laundry,-6.9297407,107.5588353,3.4,14,lainnya,"establishment,laundry,point_of_interest",Perumnas Cijerah,-6.9298,107.5589046
ChIJwadHo1jvaC4RRO4WMfWOcoI,Warung Nasi Ibu Yati,-6.9310139,107.5572825,4.2,5,katering,"establishment,food,point_of_interest,restaurant",Perumnas Cijerah,-6.9298,107.5589046
ChIJx3dWG0foaC4Rh3DtG9KY_Zg,Annisa Salon Muslimah - Margacinta,-6.9546429,107.6426015,4.6,174,lainnya,"beauty_salon,establishment,point_of_interest",Terminal Angkot Buah Batu-GBA,-6.9544022,107.6402849
ChIJoyInh0boaC4RvcuZcQMpS3k,Lapangan Voli COSA (Cordon Sport and Art),-6.955248099999999,107.6397229,4.2,67,lainnya,"establishment,point_of_interest",Terminal Angkot Buah Batu-GBA,-6.9544022,107.6402849
ChIJcadk60boaC4RinAN8g-zlrQ,Apotek Sulistia Farma,-6.954322899999999,107.640886,4.5,62,kesehatan,"establishment,health,pharmacy,point_of_interest,store",Terminal Angkot Buah Batu-GBA,-6.9544022,107.6402849
ChIJE27J_0XoaC4RauEPpttF0To,Pegadaian Pasar Kordon,-6.9550239,107.6389648,4.5,56,finansial,"establishment,finance,point_of_interest,store",Terminal Angkot Buah Batu-GBA,-6.9544022,107.6402849
ChIJm3oDtEboaC4RGtrfTJYJnQM,Licko Music Studio,-6.953139,107.64036,4.4,48,komersial,"establishment,point_of_interest,store",Terminal Angkot Buah Batu-GBA,-6.9544022,107.6402849
ChIJ2z-EIdbCaC4RMH1P-sANqCk,Pondok Pesantren Salafi AR-RAAID,-6.930724499999999,107.715882,5.0,454,lainnya,"establishment,point_of_interest",UIN SGD/Cipadung,-6.9323756,107.7157532
ChIJDfdSAyjDaC4RF83rUqCqs20,Ayam Penyet Esti,-6.933805,107.716582,4.4,236,katering,"establishment,food,point_of_interest,restaurant",UIN SGD/Cipadung,-6.9323756,107.7157532
ChIJdUnTMtbCaC4RO8EVGZg7lUA,Indomaret Cipadung F2TX,-6.9319394,107.7153443,3.9,110,komersial,"convenience_store,establishment,food,grocery_or_supermarket,point_of_interest",UIN SGD/Cipadung,-6.9323756,107.7157532
ChIJyWRNwCrDaC4Rdts53ImuAAs,Barokah Rental Mobil & Motor,-6.9322651,107.716645,4.3,91,lainnya,"car_rental,establishment,point_of_interest",UIN SGD/Cipadung,-6.9323756,107.7157532
ChIJBW1xztfCaC4RrCXM4D_jsH4,bank bjb KCP A.H Nasution,-6.932293800000001,107.7153365,4.3,83,finansial,"atm,bank,establishment,finance,point_of_interest",UIN SGD/Cipadung,-6.9323756,107.7157532
ChIJMcIOvp3oaC4RZdAMyaoSdBc,Alun-alun Kota Bandung,-6.921829499999999,107.6070623,4.6,119016,rekreasi,"establishment,park,point_of_interest",Alun-alun Bandung,-6.9212854,107.607149
ChIJ1RIjvSXmaC4Rn7u8rwSSLPw,Masjid Raya Bandung,-6.9216897,107.6061399,4.6,9334,lainnya,"establishment,mosque,place_of_worship,point_of_interest",Alun-alun Bandung,-6.9212854,107.607149
ChIJiVKXLyTmaC4RL-Y9rO4-YGs,Plaza Parahyangan,-6.922484,107.6059834,4.3,6117,komersial,"establishment,point_of_interest,shopping_mall",Alun-alun Bandung,-6.9212854,107.607149
ChIJcX25ZiTmaC4R_ASeA8NBtn4,Zodiak Asia Afrika Hotel Bandung,-6.9211306,107.6048997,4.2,2664,lainnya,"establishment,lodging,point_of_interest",Alun-alun Bandung,-6.9212854,107.607149
ChIJNfP39pfmaC4RJejKUSvAOfo,KPAD Gegerkalong,-6.867284199999999,107.5879023,4.4,1341,lainnya,"establishment,point_of_interest",KPAD,-6.8679567,107.5862145
ChIJu4vq47zmaC4RzL-hrIqAQW0,Masjid At-Taqwa KPAD,-6.866697599999999,107.5860829,4.8,1029,lainnya,"establishment,mosque,place_of_worship,point_of_interest",KPAD,-6.8679567,107.5862145
ChIJR26El5fmaC4RPtp39aJB0oo,aQualis Laundry & Green Dry Clean - Gegerkalong,-6.8692047,107.5872418,5.0,75,lainnya,"establishment,laundry,point_of_interest",KPAD,-6.8679567,107.5862145
ChIJ8XqsnKLmaC4RuRBnfe1bXbQ,Bass Music Studio,-6.8671976,107.5855305,4.4,64,komersial,"establishment,point_of_interest,store",KPAD,-6.8679567,107.5862145
ChIJZY6lsqLmaC4RpHZYBwt-FB0,TK AT-TAQWA,-6.866530999999999,107.586153,4.8,41,pendidikan,"establishment,point_of_interest,school",KPAD,-6.8679567,107.5862145
ChIJ_8NeYFvmaC4REyTIpA7NnA8,Amaris Hotel Cihampelas,-6.8902366,107.6037406,4.3,4197,lainnya,"establishment,lodging,point_of_interest",,-6.8916476,107.6026994
ChIJb-auU1nmaC4RCyPrneTV6W4,Rumah Sakit Advent Bandung,-6.892076599999999,107.6032797,4.6,3971,kesehatan,"establishment,health,hospital,point_of_interest",,-6.8916476,107.6026994
ChIJmZT861vmaC4R0sWdETed9t0,Cihampelas Hotel 2 - Bandung,-6.890001199999999,107.6044012,4.0,1335,lainnya,"establishment,lodging,point_of_interest",,-6.8916476,107.6026994
ChIJL34T1F7maC4Rp6vHVmnGd-8,Mine Home Hotel Bandung,-6.8901536,107.6035644,4.3,378,lainnya,"establishment,lodging,point_of_interest",,-6.8916476,107.6026994
ChIJu4JpsV7maC4RZJK09ZXdXr8,Inangba Coffee Shop,-6.8914343,107.6030908,4.5,150,katering,"cafe,establishment,food,point_of_interest,store",,-6.8916476,107.6026994
ChIJz-W9BVHmaC4RZFDw4qOXe6A,Rumah Sakit Santo Borromeus Instalasi Gawat Darurat,-6.893546799999999,107.6135134,3.7,106,kesehatan,"establishment,health,point_of_interest",Rumah Sakit Santo Borromeus A,-6.8944686,107.6129282
ChIJof7rXlDmaC4RF0Amy7M1rXw,Apotek Bumi Medika Ganesha,-6.8944579,107.6113911,4.3,72,kesehatan,"establishment,health,pharmacy,point_of_interest,store",Rumah Sakit Santo Borromeus A,-6.8944686,107.6129282
ChIJeVnDrwHpaC4R0LDnq34a5rs,PLN Icon Plus SBU Regional Jawa Barat,-6.908324899999999,107.6312746,4.9,3900,lainnya,"establishment,point_of_interest",Pussenif,-6.9079995,107.6306984
ChIJu3OF0cnnaC4RwhGLQuun0-4,Taman Lapang Supratman,-6.907551,107.6301153,4.4,1941,rekreasi,"establishment,park,point_of_interest",Pussenif,-6.9079995,107.6306984
ChIJu86KA8nnaC4R9e0HEB6bWbc,UPTD Puskesmas Salam Kota Bandung,-6.909899599999999,107.6299918,3.4,144,kesehatan,"establishment,health,point_of_interest",Pussenif,-6.9079995,107.6306984
ChIJ0-FpJLbnaC4R-Oz7hvUDmYI,RedDoorz near Gedung Sate 3,-6.906452,107.629393,3.9,107,lainnya,"establishment,lodging,point_of_interest",Pussenif,-6.9079995,107.6306984
ChIJVQuxrkzmaC4RkU00RtGfhAc,Florash Bandung - Florist,-6.909814099999999,107.629925,4.9,72,komersial,"establishment,florist,point_of_interest,store",Pussenif,-6.9079995,107.6306984
ChIJSSBhX2vmaC4R08LUMJxGxiQ,Daya Parts Shop,-6.9073538,107.5919164,4.3,962,komersial,"car_repair,establishment,point_of_interest,store",Seberang Kantor Kelurahan Arjuna,-6.9085147,107.5918925
ChIJUyvRvWzmaC4RoJZpIqKoj94,Sam Medical Pusat Alat Kesehatan,-6.9072194,107.5908601,4.2,90,kesehatan,"establishment,health,point_of_interest,store",Seberang Kantor Kelurahan Arjuna,-6.9085147,107.5918925
ChIJpZwFnBTmaC4RXKxVovQ4X24,I Burn Rust By Dye Restoration ( JASA CAT MOTOR ),-6.9099317,107.592276,4.9,78,lainnya,"car_repair,establishment,point_of_interest",Seberang Kantor Kelurahan Arjuna,-6.9085147,107.5918925
ChIJdWawUBPmaC4R4kny_RxFU_U,PDAM Tirtawening Kantor Kas Pembantu Arjuna,-6.9086936,107.5914275,2.1,44,lainnya,"establishment,point_of_interest",Seberang Kantor Kelurahan Arjuna,-6.9085147,107.5918925
ChIJyaT5rGzmaC4RusQBSwqTarA,PT. Rekatama Putra Gegana Aviation,-6.9084397,107.5917721,4.4,27,lainnya,"establishment,point_of_interest",Seberang Kantor Kelurahan Arjuna,-6.9085147,107.5918925
ChIJm4jH6DbmaC4Rn67rnw95h9o,Taman Lalu Lintas Ade Irma Suryani Nasution,-6.911211,107.6133389,4.4,13298,rekreasi,"amusement_park,establishment,park,point_of_interest,school",Taman Lalu Lintas Kota Bandung,-6.9124464,107.613865
ChIJ9Y1eujbmaC4Ran4SvDBDbQA,Centrum Million Balls,-6.912186999999999,107.616097,4.2,1858,lainnya,"amusement_park,establishment,point_of_interest",Taman Lalu Lintas Kota Bandung,-6.9124464,107.613865
ChIJJes0CzHmaC4RylXxfegGkLo,Bank BTN KC Bandung,-6.9145385,107.6135976,4.1,543,finansial,"atm,bank,establishment,finance,point_of_interest",Taman Lalu Lintas Kota Bandung,-6.9124464,107.613865
ChIJ24L3xzHmaC4RnXM2vU6GMLo,Ganesha Operation Sumatera 35,-6.913634399999999,107.6132489,4.9,455,lainnya,"establishment,point_of_interest",Taman Lalu Lintas Kota Bandung,-6.9124464,107.613865
ChIJz_xsFDHmaC4RlcC1fxnTFpQ,BIRO HUKUM PAGUYUBAN PASUNDAN,-6.911353699999999,107.6122281,4.8,263,lainnya,"establishment,point_of_interest",Taman Lalu Lintas Kota Bandung,-6.9124464,107.613865
ChIJ-dIhq8_laC4RQWSD1_5sMf0,Bebek Salero- Cimindi,-6.8967742,107.5593965,4.1,647,katering,"establishment,food,point_of_interest,restaurant",Stasiun Cimindi,-6.8962764,107.5605207
ChIJAVSKztLlaC4RNMAw4nnJ3vM,Toko Coklat MGC,-6.8956468,107.5598747,4.5,492,katering,"establishment,food,point_of_interest,store",Stasiun Cimindi,-6.8962764,107.5605207
ChIJF4DcS87laC4Rdl5tvwiOfOk,Bandung Photo,-6.8966715,107.5609219,4.4,400,lainnya,"establishment,point_of_interest",Stasiun Cimindi,-6.8962764,107.5605207
ChIJNSoh6c_laC4RwLSSdTIWGpo,OYO 3463 Cimahi Guest House,-6.898192400000001,107.5612579,3.7,330,lainnya,"establishment,lodging,point_of_interest",Stasiun Cimindi,-6.8962764,107.5605207
ChIJU1GPY87laC4Rj_chhreAjjw,Toko Bahan Kue Tunas Mekar,-6.8948771,107.5597416,4.2,231,katering,"establishment,food,furniture_store,home_goods_store,point_of_interest",Stasiun Cimindi,-6.8962764,107.5605207
ChIJUwmqWXvmaC4R4gLdgkzyM2E,Rooms Inc BTC Pasteur,-6.893168699999999,107.5851231,4.5,2505,lainnya,"establishment,lodging,point_of_interest",Mall d'Botanica,-6.8925026,107.5849629
ChIJ4___v0XmaC4RHYDapIR2QeM,Lintas Shuttle Bandung Trade Center,-6.8929947,107.5848809,4.2,2436,lainnya,"establishment,point_of_interest",Mall d'Botanica,-6.8925026,107.5849629
ChIJ4WV9lnzmaC4RVTIRrX6Wjnk,Auto2000 Pasteur,-6.892344,107.584485,4.7,2024,komersial,"car_dealer,establishment,point_of_interest,store",Mall d'Botanica,-6.8925026,107.5849629
ChIJiS_0sHzmaC4Rz_5C1fRTLRc,Restoran Simpang Raya Bandung,-6.89267,107.585303,4.3,1563,katering,"establishment,food,point_of_interest,restaurant",Mall d'Botanica,-6.8925026,107.5849629
ChIJk1Vs6HzmaC4RwLbzLB_b6J4,Ilos Hotel,-6.8909483,107.5846211,4.5,895,lainnya,"establishment,lodging,point_of_interest",Mall d'Botanica,-6.8925026,107.5849629
ChIJcSN6EpPnaC4RJdQVy4HzEgE,Mutiara Super Kitchen Cicaheum,-6.9023382,107.6559348,4.4,1919,komersial,"establishment,furniture_store,home_goods_store,point_of_interest,store",Depan Terminal Cicaheum,-6.9022659,107.6568021
ChIJabeRa5LnaC4R1v2mSj9UT_I,Dunkin' Donuts Cabang Cicaheum Kiaracondong,-6.9022846,107.6557839,4.5,464,katering,"bakery,establishment,food,point_of_interest,store",Depan Terminal Cicaheum,-6.9022659,107.6568021
ChIJDewQdJLnaC4RsXSr-UfhVf0,PT. Pahala Kencana Terminal Cicaheum,-6.9023164,107.6570532,3.5,168,lainnya,"establishment,point_of_interest,travel_agency",Depan Terminal Cicaheum,-6.9022659,107.6568021
ChIJ-ZBMapLnaC4R4fXBmkS3p1Y,Optik Internasional,-6.9022894,107.6557354,4.8,74,kesehatan,"establishment,health,point_of_interest,store",Depan Terminal Cicaheum,-6.9022659,107.6568021
ChIJveoIdJLnaC4R4hVf4RmEODM,Shantika Cicaheum,-6.9022694,107.6566519,4.4,52,lainnya,"establishment,point_of_interest,travel_agency",Depan Terminal Cicaheum,-6.9022659,107.6568021
ChIJa5lHfvXmaC4RTjWeB_fdTis,Pasar Sederhana . Perumda Pasar Juara - Kota Bandung,-6.8907968,107.5993557,4.3,4706,lainnya,"establishment,point_of_interest",Pasar Sederhana,-6.8907401,107.5995862
ChIJjZBx4V3maC4RzsYWxnWXq-8,OYO 237 Arwiga Hotel,-6.8929135,107.5989156,4.1,565,lainnya,"establishment,lodging,point_of_interest",Pasar Sederhana,-6.8907401,107.5995862
ChIJXSmEs1_maC4R2ld7SxZ8fck,JOKER Variasi + Modifikasi motor Bandung. Rek BCA: . . . . 0176. a/n. Andre Wiguna (selain nama ini palsu).,-6.889850399999999,107.5996379,4.2,321,lainnya,"car_repair,establishment,point_of_interest",Pasar Sederhana,-6.8907401,107.5995862
ChIJlVzXTF7maC4RC0Sc0eU7Rv4,Indra Bengkel HP,-6.8899347,107.5998033,4.1,216,komersial,"establishment,point_of_interest,store",Pasar Sederhana,-6.8907401,107.5995862
ChIJyz2ijF7maC4RMYKQk_nBlgA,FedEx World Service Center,-6.8910515,107.6012284,4.1,114,lainnya,"establishment,point_of_interest",Pasar Sederhana,-6.8907401,107.5995862
ChIJ1RVtgc7laC4ROAXDeTagGho,Twin Tulipware Indonesia,-6.8941317,107.5589428,4.6,244,komersial,"establishment,home_goods_store,point_of_interest,store",Pangkalan Angkot Cimindi,-6.8953708,107.5602144
ChIJk_kfy4zmaC4RkVbARFTuAIs,Azhar Servis Bandung,-6.864841999999999,107.6039634,5.0,181,lainnya,"establishment,point_of_interest",RSAU dr. Salamun,-6.8635935,107.6049365
ChIJvy187cPmaC4RBhvfUojLvIQ,952 Bandung Radio,-6.8621995,107.6050933,4.7,124,lainnya,"establishment,point_of_interest",RSAU dr. Salamun,-6.8635935,107.6049365
ChIJX2l9R8LmaC4RT7oan_vsRFM,POLTEKES TNI AU Ciumbuleuit Bandung,-6.8653887,107.6054168,4.6,100,pendidikan,"establishment,point_of_interest,university",RSAU dr. Salamun,-6.8635935,107.6049365
ChIJjcH58cPmaC4RTyntavmo_xY,Hazelhouse Villa,-6.8621345,107.6048023,4.1,68,lainnya,"establishment,lodging,point_of_interest",RSAU dr. Salamun,-6.8635935,107.6049365
ChIJhbsZScLmaC4Rmv2uDO2FxIU,Rumah Makan Padang Sambalado,-6.8649416,107.6055757,4.2,45,katering,"establishment,food,point_of_interest,restaurant",RSAU dr. Salamun,-6.8635935,107.6049365
ChIJI9iDjxToaC4RCKxbJE1ci2M,SAMSAT Soekarno Hatta,-6.945765799999999,107.6427946,4.6,4378,finansial,"accounting,establishment,finance,local_government_office,point_of_interest",Simpang Soetta Kiaracondong,-6.945948,107.6408655
ChIJJdrOq2voaC4RE1pAYVbCs5E,Merdeka Motor Kiara Condong,-6.94459,107.642091,4.4,731,komersial,"car_dealer,establishment,point_of_interest,store",Simpang Soetta Kiaracondong,-6.945948,107.6408655
ChIJZTrfJWroaC4RX0nWCrrA9V8,ERHA Ultimate Bandung Timur,-6.945520999999999,107.6392747,5.0,617,kesehatan,"doctor,establishment,health,point_of_interest",Simpang Soetta Kiaracondong,-6.945948,107.6408655
ChIJYZu89mroaC4R3qdlWWNPTws,Badan Pendapatan Daerah Provinsi Jawa Barat (Bapenda Jabar),-6.9463018,107.6427086,4.3,197,lainnya,"establishment,local_government_office,point_of_interest",Simpang Soetta Kiaracondong,-6.945948,107.6408655
ChIJ28x3TmroaC4RrkJBigutqrI,BP3MI Jawa Barat,-6.9454,107.641402,4.1,96,lainnya,"establishment,point_of_interest",Simpang Soetta Kiaracondong,-6.945948,107.6408655
ChIJn_BTt5voaC4RBdwFWwjP4ac,Kolam Renang Tirta Lega,-6.935567199999999,107.6055869,3.9,604,lainnya,"establishment,point_of_interest",PT INTI B (BKR 5),-6.9374679,107.6067581
ChIJta83b5roaC4Rc3wjDxdg85U,Rock Line Music,-6.937679999999999,107.6059643,4.5,399,komersial,"establishment,point_of_interest,store",PT INTI B (BKR 5),-6.9374679,107.6067581
ChIJ7bKb3ZHoaC4RNabmfni5Cnk,PT Widya Bhakti Inti,-6.9379181,107.607582,3.6,152,kesehatan,"establishment,health,point_of_interest",PT INTI B (BKR 5),-6.9374679,107.6067581
ChIJy2dc_5DoaC4RFBG15HXoU3w,Prodia • Bandung - Moh. Toha,-6.9395481,107.6062734,4.7,88,kesehatan,"establishment,health,point_of_interest",PT INTI B (BKR 5),-6.9374679,107.6067581
ChIJncIeY5roaC4RqN3YwqaSJ1k,PT Inti Konten Indonesia (INTENS),-6.938512999999999,107.6069542,4.6,47,lainnya,"establishment,point_of_interest",PT INTI B (BKR 5),-6.9374679,107.6067581
ChIJk7YF-pDoaC4R8lM_LwK-KR0,Opi Kerudung,-6.9406006,107.6063416,4.6,224,komersial,"clothing_store,establishment,point_of_interest,store",Sekolah Ganesha,-6.9391033,107.6062243
ChIJJdRyI-DmaC4RxhpSmsFGoUw,The Regia Dago,-6.8673883,107.6209125,4.1,562,lainnya,"establishment,lodging,point_of_interest",Terminal Dago,-6.8670976,107.6212499
ChIJ8RrkFfnmaC4RjRkqaqho4GA,Kursus Mengemudi Vanza,-6.869029299999999,107.6209455,4.9,278,lainnya,"establishment,point_of_interest",Terminal Dago,-6.8670976,107.6212499
ChIJp6cXkcnnaC4REjv-JXVk0Rc,Chicken Little Party,-6.868130900000001,107.6207898,4.7,141,katering,"establishment,food,point_of_interest,restaurant",Terminal Dago,-6.8670976,107.6212499
ChIJvQUkOuDmaC4RL7sphnNGrmc,Bio Clean Laundry / KasihBunda Laundry Dago,-6.8679408,107.6204368,4.2,35,lainnya,"establishment,laundry,point_of_interest",Terminal Dago,-6.8670976,107.6212499
ChIJxUdpEODmaC4R_f4I8fzzER0,Dago Inn,-6.8667525,107.6207304,3.9,22,lainnya,"establishment,lodging,point_of_interest",Terminal Dago,-6.8670976,107.6212499
ChIJdZejjOHmaC4RvsRn1stE9CE,The Jayakarta Suites Bandung,-6.8706,107.619437,4.5,10093,lainnya,"establishment,lodging,point_of_interest",Taman Budaya,-6.8682486,107.6204881
ChIJtSkQJB3naC4RtcWCNpX0Xxs,Hijaz Aqiqah - Jual Kambing Domba dan Paket Aqiqah Bandung Cimahi dan Kabupaten Bandung,-6.8694026,107.6217451,4.9,49,katering,"establishment,food,point_of_interest",Taman Budaya,-6.8682486,107.6204881
ChIJ9V2Eb0jmaC4RSg8SReEgGvU,PMI Jawa Barat,-6.8706556,107.6203909,4.7,228,lainnya,"establishment,point_of_interest",SPBU Dago Atas,-6.8686294,107.6206901
ChIJkz4hxzHmaC4R-bcAiJji5NA,EIGER Adventure Flagship Store Sumatera Bandung,-6.916191899999999,107.6132851,4.7,8939,komersial,"establishment,point_of_interest,store",SMP Negeri 2 Bandung,-6.9144392,107.6140378
ChIJG-DtHTHmaC4R2fLqLdyNk74,FOX HARRIS Hotel City Center,-6.914486399999999,107.6128672,4.4,4315,katering,"establishment,food,lodging,point_of_interest,restaurant",SMP Negeri 2 Bandung,-6.9144392,107.6140378
ChIJJes0CzHmaC4RJXR69eZcLQU,DBS,-6.914433900000001,107.6125133,4.7,200,finansial,"atm,bank,establishment,finance,point_of_interest",SMP Negeri 2 Bandung,-6.9144392,107.6140378
ChIJ6xjQYILoaC4R0dKCUDv_bhw,Atmosphere Resort Café,-6.926646,107.613321,4.5,8219,katering,"establishment,food,point_of_interest,restaurant",Jalan Jati,-6.9262034,107.6126685
ChIJM8n54inmaC4R-RKBrDPsVxc,Amanda Brownies Cikawao,-6.9271993,107.6134603,4.4,351,katering,"bakery,establishment,food,point_of_interest,store",Jalan Jati,-6.9262034,107.6126685
ChIJhWYQsynmaC4RYyiKVyIh1Qo,Toko Hasil,-6.926552399999999,107.6127836,5.0,330,komersial,"establishment,hardware_store,point_of_interest,store",Jalan Jati,-6.9262034,107.6126685
ChIJe3murSnmaC4R_X_59HyQ99U,Mie Baso Boing,-6.9259472,107.6128697,4.8,178,katering,"establishment,food,point_of_interest,restaurant",Jalan Jati,-6.9262034,107.6126685
ChIJMxTpzCsbEQURHCLVr-NHH2k,House Of Culinaire,-6.926908099999999,107.6128788,4.7,111,komersial,"establishment,home_goods_store,point_of_interest,store",Jalan Jati,-6.9262034,107.6126685
ChIJRX1ifILoaC4RFEqO9J4Vc-s,Vector Print On Demand,-6.928608499999999,107.6129437,4.8,930,lainnya,"establishment,point_of_interest",UNPAS Lengkong Besar,-6.9290682,107.613063
ChIJ_ZejqYPoaC4RUDH6a-p1UTE,Image Hotel & Resto,-6.9310847,107.612663,3.5,686,lainnya,"establishment,lodging,point_of_interest",UNPAS Lengkong Besar,-6.9290682,107.613063
ChIJwRvmYoLoaC4RV7wIlbqs2Fc,UNPAS Lengkong,-6.9289643,107.6127441,4.6,471,pendidikan,"establishment,point_of_interest,university",UNPAS Lengkong Besar,-6.9290682,107.613063
ChIJJfaGSCnmaC4R-WegaLWVY1c,MCM Bandung,-6.9286107,107.6129651,4.8,203,lainnya,"establishment,point_of_interest",UNPAS Lengkong Besar,-6.9290682,107.613063
ChIJfQ9jtSnmaC4Rv1hwQY_qgqc,Uday Enterprise - Bandung,-6.9296569,107.6126843,4.8,78,lainnya,"establishment,point_of_interest",UNPAS Lengkong Besar,-6.9290682,107.613063
ChIJlcrHHIPoaC4RNIBIB5dv24U,Bandung Helmet Gallery,-6.9308333,107.6116667,4.2,722,komersial,"establishment,point_of_interest,store",SDN 020 Lengkong Besar,-6.9304315,107.6129073
ChIJOZE34oLoaC4Rx8mK1SnWKqI,Jaya niaga,-6.930661499999999,107.6115696,4.4,127,komersial,"car_repair,establishment,point_of_interest,store",SDN 020 Lengkong Besar,-6.9304315,107.6129073
ChIJb37fgyfmaC4RrUB1171qafg,ITC Kebon Kalapa,-6.9284303,107.6064129,4.1,12715,komersial,"establishment,point_of_interest,shopping_mall",Terminal Abdul Muis/Kebon Kalapa,-6.9276218,107.6058721
ChIJNxLIcyfmaC4R4tOQ2FkzoEc,Willys Motor,-6.9273104,107.6062537,4.5,556,komersial,"car_dealer,car_repair,establishment,home_goods_store,point_of_interest",Terminal Abdul Muis/Kebon Kalapa,-6.9276218,107.6058721
ChIJQ2T_wJ3oaC4RyvOLv24kuyc,OYO 2554 Hotel Arimbi Lama,-6.9297583,107.6052755,2.8,72,lainnya,"establishment,lodging,point_of_interest",Terminal Abdul Muis/Kebon Kalapa,-6.9276218,107.6058721
ChIJocoofifmaC4R__PBD59DENc,Alisan,-6.928061,107.6066738,4.4,65,komersial,"clothing_store,establishment,point_of_interest,store",Terminal Abdul Muis/Kebon Kalapa,-6.9276218,107.6058721
ChIJr7qrayfmaC4R8_YSXYTVrgI,Gereja Yesus Sejati (GYS) Bandung,-6.9272424,107.6054574,4.7,55,lainnya,"church,establishment,place_of_worship,point_of_interest",Terminal Abdul Muis/Kebon Kalapa,-6.9276218,107.6058721
ChIJMy_0BE_maC4RL-IWFY-85Ws,MOXY Bandung,-6.900354,107.612039,4.5,4313,lainnya,"establishment,lodging,point_of_interest",Danamon Cikapayang,-6.8995199,107.6128298
ChIJSYUEvE_maC4RuOps_9NDsfc,Balai Karkes Bandung,-6.899098,107.6113965,4.5,537,kesehatan,"establishment,health,local_government_office,point_of_interest",Danamon Cikapayang,-6.8995199,107.6128298
ChIJ2ST8v0_maC4RhTPx7UihFo8,GII Hok Im Tong - Dago,-6.8986082,107.6119473,4.8,363,lainnya,"church,establishment,place_of_worship,point_of_interest",Danamon Cikapayang,-6.8995199,107.6128298
ChIJh7i-FFTmaC4R8FK506dtQi8,Flashyshop Bandung,-6.898165,107.613315,4.5,162,komersial,"clothing_store,establishment,point_of_interest,store",Danamon Cikapayang,-6.8995199,107.6128298
ChIJ3cwt1mfoaC4RM8qWWquxyls,Radio Mara 106.7 FM Bandung,-6.8979145,107.613744,4.7,62,lainnya,"establishment,point_of_interest",Danamon Cikapayang,-6.8995199,107.6128298
ChIJw-AM2vzmaC4RPicGmF0rf5k,TOSERBA BORMA DAGO,-6.877072999999999,107.6181504,4.4,7412,katering,"establishment,food,grocery_or_supermarket,point_of_interest,store",Kanayakan,-6.8775126,107.6173539
ChIJ86yw3-LmaC4RZE-Djao_2pk,Bakso Rusuk Samanhudi Dago,-6.877535,107.6174529,4.5,2118,katering,"establishment,food,point_of_interest,restaurant",Kanayakan,-6.8775126,107.6173539
ChIJRS8DyPzmaC4RsErw3sgHYe4,Bukit Dago Hotel,-6.8770576,107.617146,4.0,1622,lainnya,"establishment,lodging,point_of_interest",Kanayakan,-6.8775126,107.6173539
ChIJN5Hqw_zmaC4RKIOH5GIQnLg,Pizza Hut Delivery - PHD Indonesia,-6.877566799999999,107.6175207,4.5,1005,katering,"establishment,food,meal_delivery,meal_takeaway,point_of_interest",Kanayakan,-6.8775126,107.6173539
ChIJxSjLVKTnaC4RdZ7XuCKi3gI,Kopi Salarea,-6.8780015,107.6176544,4.8,437,katering,"cafe,establishment,food,point_of_interest,store",Kanayakan,-6.8775126,107.6173539
ChIJPxTx8OLmaC4RoTFMF6688Q4,Sheraton Bandung Hotel & Towers,-6.874330899999999,107.6194183,4.6,6638,lainnya,"establishment,lodging,point_of_interest",Dago Pojok,-6.8744812,107.6189415
ChIJfXGXKOPmaC4Rsn8PSdH7efE,Bengkel Honda Ahass Putra Jaya,-6.875611999999999,107.6183417,4.8,3665,lainnya,"car_repair,establishment,point_of_interest",Dago Pojok,-6.8744812,107.6189415
ChIJX6TsWOLmaC4RHYoVrUvrfPo,The Silk At Dago,-6.8737374,107.6195749,4.3,1192,lainnya,"establishment,lodging,point_of_interest",Dago Pojok,-6.8744812,107.6189415
ChIJm-99AOPmaC4R8ZKdava_X6I,Hostel Dago 22,-6.8733749,107.6179183,4.3,368,lainnya,"establishment,lodging,point_of_interest",Dago Pojok,-6.8744812,107.6189415
ChIJm40GZcXnaC4R5Px4oW84juo,ASCARYA Computer,-6.911497199999999,107.6443171,4.7,199,komersial,"electronics_store,establishment,point_of_interest,store",BTM,-6.9113638,107.6435561
ChIJJ_rqH8LnaC4RDVkgGf8STos,Heinzy Komputer (PC Rakitan Bandung),-6.911700199999999,107.6438107,4.9,167,komersial,"electronics_store,establishment,point_of_interest,store",BTM,-6.9113638,107.6435561
ChIJj0eBjsHnaC4Rkx6o8KtH6mo,CV Jhony Cartridge,-6.911029,107.643339,4.5,99,lainnya,"establishment,point_of_interest",BTM,-6.9113638,107.6435561
ChIJB6rrvS3maC4RhXHvu46r4AA,Jasa Service Komputer & Laptop Panggilan Bandung,-6.911494599999999,107.6443112,4.3,48,lainnya,"establishment,point_of_interest",BTM,-6.9113638,107.6435561
ChIJP4gsR-znaC4R6CIQz7KvrVU,JACO,-6.9114772,107.6433345,4.5,11,komersial,"establishment,point_of_interest,store",BTM,-6.9113638,107.6435561
ChIJlaPVvnToaC4Rp-DkTw13Sxw,Dealer Honda Daya Motor Kiaracondong (Official),-6.930939899999999,107.6440852,4.8,2628,komersial,"car_dealer,car_repair,establishment,point_of_interest,store",Pegadaian Kiaracondong,-6.9303632,107.6440355
ChIJkVBQuXToaC4RUU2tFkxlOTA,Mie Binong 319,-6.9311833,107.6438673,4.3,539,katering,"establishment,food,point_of_interest,restaurant",Pegadaian Kiaracondong,-6.9303632,107.6440355
ChIJcy3miHToaC4R0TRT4phRixY,OYO 495 D'Papaya Garden,-6.931372,107.6425254,4.1,208,lainnya,"establishment,lodging,point_of_interest",Pegadaian Kiaracondong,-6.9303632,107.6440355
ChIJ3XMV23ToaC4RrbI5yeZ2mjQ,Pinjaman Tunai Jaminan BPKB Tanpa Survey BPR KS Cabang Kiaracondong,-6.929963,107.6441816,4.4,115,finansial,"bank,establishment,finance,point_of_interest",Pegadaian Kiaracondong,-6.9303632,107.6440355
ChIJbRXa4XLoaC4R9Wl25kxMkm0,Pegadaian Kiaracondong,-6.9303102,107.6441128,4.0,64,finansial,"establishment,finance,point_of_interest,store",Pegadaian Kiaracondong,-6.9303632,107.6440355
ChIJk1ixBGvoaC4Rvl_79TZK_DM,Jackal Holidays Pariwisata,-6.9444053,107.6430083,4.3,367,lainnya,"establishment,point_of_interest,travel_agency",Simpang Samsat Kiaracondong,-6.9449417,107.6427786
ChIJhaAj_i_oaC4RaPiBfHwYwOI,J&T DC Margacinta,-6.943547400000001,107.6436016,3.2,301,lainnya,"establishment,point_of_interest",Simpang Samsat Kiaracondong,-6.9449417,107.6427786
ChIJ1ZuyTBroaC4RQ5Lxxf9JY9U,SMKN 7 Kota Bandung,-6.940638799999999,107.659982,4.8,439,lainnya,"establishment,point_of_interest",Jasa Raharja Jabar,-6.9400293,107.6582421
ChIJ80n8KxfoaC4Ragd57jIyyEQ,Ganesha Operation MTC,-6.9414875,107.6588766,5.0,406,lainnya,"establishment,point_of_interest",Jasa Raharja Jabar,-6.9400293,107.6582421
ChIJRSmQpxDoaC4RYXc9BnCBPFg,Kantor Wilayah BPN Provinsi Jawa Barat,-6.9409925,107.656961,4.6,151,lainnya,"establishment,point_of_interest",Jasa Raharja Jabar,-6.9400293,107.6582421
ChIJu_GsWl3oaC4RLPDvPXQQb6k,PT. Propan Raya ICC,-6.939430499999999,107.658373,4.5,147,lainnya,"establishment,point_of_interest",Jasa Raharja Jabar,-6.9400293,107.6582421
ChIJY13ufRroaC4R36xZsOECdAk,PT Andalan Mutu Energi,-6.939387099999999,107.657504,4.9,116,lainnya,"electrician,establishment,point_of_interest",Jasa Raharja Jabar,-6.9400293,107.6582421
ChIJXRdECE3maC4Rg1r76u45BqI,Monumen Perjuangan Rakyat Jawa Barat,-6.8934327,107.6185513,4.6,19853,lainnya,"establishment,point_of_interest,tourist_attraction",UNPAD Dipatiukur,-6.892885,107.6180829
ChIJMSkAilPmaC4RvPw_4PefGWw,Nasi Goreng Rempah Mafia Dipati Ukur,-6.8918577,107.6173471,4.2,4386,katering,"establishment,food,point_of_interest,restaurant",UNPAD Dipatiukur,-6.892885,107.6180829
ChIJb1yGiFPmaC4RhK_lCtC1Jxc,Fotokopi Jaya Abadi,-6.8920519,107.6177354,4.5,1251,komersial,"establishment,point_of_interest,store",UNPAD Dipatiukur,-6.892885,107.6180829
ChIJ3QPnalTmaC4RqY7vf3M-Ivs,Masjid Al-Jihad Universitas Padjadjaran,-6.892212799999999,107.6166596,4.6,587,lainnya,"establishment,mosque,place_of_worship,point_of_interest",UNPAD Dipatiukur,-6.892885,107.6180829
ChIJqRFtBFPmaC4R5exGXwDfJBc,Ayam Penyet Bu Erte,-6.8941387,107.6190569,4.3,429,katering,"establishment,food,point_of_interest,restaurant",UNPAD Dipatiukur,-6.892885,107.6180829
ChIJz66niUzmaC4RfAfM0LmCpSY,Lapangan Gasibu,-6.900306899999999,107.6187099,4.6,28702,rekreasi,"establishment,park,point_of_interest",Lapangan Gasibu A,-6.901132,107.6199289
ChIJveuvykzmaC4R9jRz_5tzU54,Museum Geologi Bandung,-6.900716200000001,107.6214553,4.7,18704,lainnya,"establishment,museum,point_of_interest",Lapangan Gasibu A,-6.901132,107.6199289
ChIJ5WaIXkzmaC4R7fd11cl6vjc,Gedung Sate,-6.9024715,107.6187018,4.7,8636,lainnya,"establishment,point_of_interest,tourist_attraction",Lapangan Gasibu A,-6.901132,107.6199289
ChIJY9Iv_7DnaC4R4Vj9ryRFecU,Vio Hotel Surapati,-6.8989465,107.6197509,4.4,1781,lainnya,"establishment,lodging,point_of_interest",Lapangan Gasibu A,-6.901132,107.6199289
ChIJKUjzZDrmaC4R8R_gsaNdx5I,Vio Hotel Cimanuk,-6.903083499999999,107.6212425,4.2,1407,lainnya,"establishment,lodging,point_of_interest",Lapangan Gasibu A,-6.901132,107.6199289
ChIJIQnijbTnaC4RG8p4wAd4s9w,RM Alas Daun - Bandung,-6.901729100000001,107.6251484,4.3,11163,katering,"establishment,food,point_of_interest,restaurant",PUSDAI A,-6.9010136,107.6241889
ChIJESkEg7PnaC4R5Kq_ujhH6R8,HDL 293 Seafood,-6.901410599999999,107.6247671,4.3,6933,katering,"establishment,food,point_of_interest,restaurant",PUSDAI A,-6.9010136,107.6241889
ChIJ45AmQrPnaC4Rpi0Z4ZOljgE,RRI Bandung,-6.9007307,107.6241081,4.6,911,lainnya,"establishment,point_of_interest",PUSDAI A,-6.9010136,107.6241889
ChIJo-9fgbPnaC4R3n5KGpOP0Mk,Prof Dr Azhali,-6.9016633,107.6245335,4.4,101,kesehatan,"doctor,establishment,health,point_of_interest",PUSDAI A,-6.9010136,107.6241889
ChIJS64au7PnaC4Rg-qCfSn8wNU,tarjiem,-6.9003322,107.6242234,4.5,69,lainnya,"establishment,point_of_interest",PUSDAI A,-6.9010136,107.6241889
ChIJA44LncrnaC4Rq2jevTdhQ1g,Bellamie Boulangerie,-6.906895899999999,107.6237194,4.6,8406,katering,"bakery,cafe,establishment,food,point_of_interest",Riau Cihapit,-6.9082156,107.6238571
ChIJBbS1hLXnaC4RcUY_aZg47G8,Tibera Hotel,-6.9080989,107.6261711,4.7,1169,lainnya,"establishment,lodging,point_of_interest",Riau Cihapit,-6.9082156,107.6238571
ChIJjzprX8rnaC4R5MRyzMmdu3U,Pramita Bandung Martadinata,-6.908362899999999,107.624541,4.5,1018,kesehatan,"establishment,health,point_of_interest",Riau Cihapit,-6.9082156,107.6238571
ChIJ6YON6crnaC4RZgG0xyLy7wk,Mom n Jo Spa Bandung,-6.908792,107.6230307,4.9,568,komersial,"clothing_store,establishment,health,point_of_interest,spa",Riau Cihapit,-6.9082156,107.6238571
ChIJHdSASDXmaC4RNqEQJyPWUgU,Pension Guesthouse,-6.909231999999999,107.623518,4.6,226,lainnya,"establishment,lodging,point_of_interest",Riau Cihapit,-6.9082156,107.6238571
ChIJoZVe78vnaC4RAoJVFT4L4N4,Pizza Hut Ristorante,-6.9111738,107.6266715,4.7,7016,katering,"establishment,food,point_of_interest,restaurant",Tugu Tunas Taman Pramuka,-6.9105838,107.6265198
ChIJcc1RyTLmaC4RClHKLkuDPPM,Restoran Sederhana,-6.9115749,107.6272371,4.3,1138,katering,"establishment,food,point_of_interest,restaurant",Tugu Tunas Taman Pramuka,-6.9105838,107.6265198
ChIJUVsn9svnaC4R75Jof1qiP2Q,Sambel Hejo,-6.912075499999999,107.626503,4.3,657,katering,"establishment,food,point_of_interest,restaurant",Tugu Tunas Taman Pramuka,-6.9105838,107.6265198
ChIJJfNMUcrnaC4RsiSUlBlqDa0,Aru Studio,-6.911308,107.627701,4.4,230,komersial,"establishment,point_of_interest,store",Tugu Tunas Taman Pramuka,-6.9105838,107.6265198
ChIJdblCwc7naC4RwIBKTGXL-lI,Hotel Grand Tebu,-6.9129957,107.6293198,4.5,5556,lainnya,"establishment,lodging,point_of_interest",Anggrek,-6.9129624,107.6285986
ChIJ9RgV6c7naC4RFa2HeJrbdt0,Cafe Bali,-6.913827,107.629321,4.4,5204,katering,"cafe,establishment,food,point_of_interest,restaurant",Anggrek,-6.9129624,107.6285986
ChIJFbqs5cvnaC4RKqEJlAgj56Q,"BAWEAN ""Sweetheart"" Bakery Cabang Riau",-6.912160399999999,107.6280304,4.6,2241,katering,"bakery,establishment,food,point_of_interest,store",Anggrek,-6.9129624,107.6285986
ChIJuSia887naC4ReWNSnMDMBWQ,Hotel Dafam RIO Bandung,-6.914163599999999,107.629078,4.6,2237,lainnya,"establishment,lodging,point_of_interest",Anggrek,-6.9129624,107.6285986
ChIJJ_iVnc7naC4RDeSy0O1b0AI,ZAP Clinic.,-6.912020699999999,107.6277053,5.0,1537,kesehatan,"doctor,establishment,health,point_of_interest",Anggrek,-6.9129624,107.6285986
ChIJVVVVFcbnaC4RYDnETAK9fZo,SPBU Pertamina 34.401.10,-6.91344,107.6338672,4.3,2262,lainnya,"establishment,gas_station,point_of_interest",Simpang Supratman - Ahmad Yani,-6.9131125,107.6347767
ChIJQ3xwl8XnaC4R6eGQBQctUeo,OmaMIE - Masakan Manado,-6.9136961,107.6346386,4.3,365,katering,"establishment,food,point_of_interest,restaurant",Simpang Supratman - Ahmad Yani,-6.9131125,107.6347767
ChIJYxapkMPnaC4RQouubRyniIQ,Jakarta Rugs & Carpets,-6.913931,107.6348267,4.6,214,komersial,"establishment,furniture_store,home_goods_store,point_of_interest,store",Simpang Supratman - Ahmad Yani,-6.9131125,107.6347767
ChIJbYcYJ8TnaC4Rot5y9ug68no,Bank Mandiri Bandung Cibeunying,-6.9122697,107.6361901,4.8,196,finansial,"atm,bank,establishment,finance,point_of_interest",Simpang Supratman - Ahmad Yani,-6.9131125,107.6347767
ChIJyVh6k8XnaC4RT_MVpr0Ez0A,Barbershop P & Z,-6.913214099999999,107.634417,4.5,164,kesehatan,"establishment,hair_care,health,point_of_interest",Simpang Supratman - Ahmad Yani,-6.9131125,107.6347767
ChIJF-4dZMXnaC4RDtRM50jIAWU,AZKO IBCC,-6.915271,107.633519,4.8,4524,komersial,"establishment,home_goods_store,point_of_interest,store",DPRD Kota Bandung,-6.9157665,107.6345341
ChIJaYJ_UsXnaC4RSJ876_K3pA4,Dinas Pemadam Kebakaran dan Penyelamatan - Kota Bandung,-6.9166097,107.6339962,4.8,175,lainnya,"establishment,fire_station,point_of_interest",DPRD Kota Bandung,-6.9157665,107.6345341
ChIJHxh5NcXnaC4RXfp8uDDQl1Q,Kantor DPRD Kota Bandung,-6.91648,107.634423,3.9,111,lainnya,"establishment,local_government_office,point_of_interest",DPRD Kota Bandung,-6.9157665,107.6345341
ChIJjT1BV8XnaC4RF2nuLMHucuQ,Dinas Penanaman Modal dan Pelayanan Terpadu Satu Pintu (DPMPTSP) Kota Bandung,-6.9162655,107.6341778,3.4,72,lainnya,"establishment,point_of_interest",DPRD Kota Bandung,-6.9157665,107.6345341
ChIJY_-Gdm3oaC4RKokKsOwF5XM,PT Pos Logistik Indonesia - Branch Bandung,-6.9149879,107.6348622,4.4,54,lainnya,"establishment,point_of_interest",DPRD Kota Bandung,-6.9157665,107.6345341
ChIJpX11hTjkaC4RCs-1pmcWL5I,AdorableProjects,-6.917300699999999,107.6310305,4.9,3882,komersial,"establishment,point_of_interest,shoe_store,store",Bandung Creative Hub B,-6.9184662,107.631219
ChIJZcC28UbmaC4Rp8xbKUE59a0,Agrodana Futures,-6.917039,107.6302949,4.8,683,lainnya,"establishment,point_of_interest",Bandung Creative Hub B,-6.9184662,107.631219
ChIJ7wZFA9DnaC4RfX5y5MIE2Ho,SMK Pekerjaan Umum Negeri Bandung,-6.917504300000001,107.6323673,4.7,196,lainnya,"establishment,point_of_interest",Bandung Creative Hub B,-6.9184662,107.631219
ChIJYxaf10vmaC4RRC_6F04ISmc,Wingman Denim,-6.916591599999999,107.6306863,4.7,187,komersial,"clothing_store,establishment,point_of_interest,store",Bandung Creative Hub B,-6.9184662,107.631219
ChIJ4Rt9XUnmaC4RwXS-Wa3ExsM,Wellborn Flagship Store,-6.9172942,107.6309885,4.7,155,komersial,"clothing_store,establishment,point_of_interest,store",Bandung Creative Hub B,-6.9184662,107.631219
ChIJSygxoDXmaC4RXqifutvyKow,Amaroossa Hotel Bandung,-6.908499,107.6184802,4.3,4496,lainnya,"establishment,lodging,point_of_interest",Seberang Stadion Siliwangi,-6.9110001,107.618398
ChIJAVKvVDTmaC4RB2ixxw4B-I4,Bawean Sweetheart Bakery & Resto,-6.910081099999999,107.6180748,4.6,2261,katering,"bakery,establishment,food,point_of_interest,restaurant",Seberang Stadion Siliwangi,-6.9110001,107.618398
ChIJ6XZcxTLmaC4RA92JmKyeB2c,Brodo Bandung,-6.9102501,107.6185104,4.4,1261,komersial,"clothing_store,establishment,point_of_interest,shoe_store,store",Seberang Stadion Siliwangi,-6.9110001,107.618398
ChIJk8997DTmaC4RN2zJawaKTTY,Oasis Siliwangi Hotel Bandung,-6.9115543,107.6194613,4.3,1109,lainnya,"establishment,lodging,point_of_interest",Seberang Stadion Siliwangi,-6.9110001,107.618398
ChIJHWn5ljTmaC4RTFWgxJN-mD4,Graha Tirta Siliwangi,-6.911365,107.6187362,4.4,849,lainnya,"establishment,point_of_interest",Seberang Stadion Siliwangi,-6.9110001,107.618398
ChIJs02THH7oaC4R3ez-sD4o55s,Vapehitz,-6.929899,107.6224808,4.8,2661,komersial,"establishment,point_of_interest,store",Simpang Pasar Palasari,-6.9304294,107.6225299
ChIJczVJk3_oaC4RU1NBlvQy5pM,Natasha Skin Clinic Talaga Bodas,-6.9284654,107.6232611,4.9,1871,kesehatan,"establishment,health,point_of_interest",Simpang Pasar Palasari,-6.9304294,107.6225299
ChIJzYBIYH7oaC4RlLWDq5darnk,Rumah Yatim,-6.931231899999999,107.6233902,4.7,150,lainnya,"establishment,point_of_interest",Simpang Pasar Palasari,-6.9304294,107.6225299
ChIJAbLkz3_oaC4R1wXkYFF99yI,Guest House Rumah Tawa Syariah 1,-6.929651600000001,107.6223502,4.3,146,lainnya,"establishment,lodging,point_of_interest",Simpang Pasar Palasari,-6.9304294,107.6225299
ChIJ3bHT1NLCaC4RTqdkRJEF_CE,Persona Study: Privat Bahasa Inggris di Bandung Terbaik,-6.9306076,107.6219944,5.0,61,lainnya,"establishment,point_of_interest",Simpang Pasar Palasari,-6.9304294,107.6225299
ChIJH_hS8XDoaC4Rv6hEpqzJfPs,Alfamart Terusan Martanegara,-6.9346017,107.6352219,4.2,124,komersial,"convenience_store,establishment,food,point_of_interest,store",Simpang Turangga Martanegara,-6.9344181,107.6336654
ChIJW-69VHDoaC4RlgHfsihXQmI,Rumah Pijat Taurus,-6.9351764,107.6354644,4.2,67,lainnya,"establishment,point_of_interest",Simpang Turangga Martanegara,-6.9344181,107.6336654
ChIJXVHum3DoaC4RekhqmrmIcGs,Nasi Pecel Madiun 48,-6.9341722,107.6337639,4.4,38,katering,"establishment,food,point_of_interest,restaurant",Simpang Turangga Martanegara,-6.9344181,107.6336654
ChIJxzbwaHroaC4RCFhRC7sMygY,Bank BRI Unit Turangga,-6.9344112,107.6321223,3.7,25,finansial,"atm,bank,establishment,finance,point_of_interest",Simpang Turangga Martanegara,-6.9344181,107.6336654
ChIJuaKJQnroaC4RMFZDoDnlooQ,Virtual Office Bandung,-6.93429,107.631784,4.2,25,lainnya,"establishment,point_of_interest",Simpang Turangga Martanegara,-6.9344181,107.6336654
ChIJvSoC1XfoaC4RRNu3ybQ7p7k,Ibis Bandung Trans Studio Hotel,-6.927261,107.636406,4.5,15025,lainnya,"establishment,lodging,point_of_interest",Seberang TK Kartika X-2 Jalan Turangga,-6.928207,107.6358621
ChIJO1jUpNfnaC4RKps6Pq9pk3c,The Trans Luxury Hotel,-6.927052000000001,107.6362678,4.8,14136,lainnya,"establishment,lodging,point_of_interest",Seberang TK Kartika X-2 Jalan Turangga,-6.928207,107.6358621
ChIJmzu9-NjnaC4Rk6LghUDv0W4,Samsung Store • Trans Studio Mall,-6.927129799999999,107.6362371,5.0,957,komersial,"electronics_store,establishment,point_of_interest,store",Seberang TK Kartika X-2 Jalan Turangga,-6.928207,107.6358621
ChIJ34eAOXboaC4RZOTPMIWvvug,Bank Mandiri Gatot Subroto,-6.9281308,107.6372361,4.8,320,finansial,"atm,bank,establishment,finance,point_of_interest",Seberang TK Kartika X-2 Jalan Turangga,-6.928207,107.6358621
ChIJGRbbzXfoaC4RIGIRkClYUig,Ford Bandung - PT Saluyu Gatsu Motor,-6.9280043,107.6360942,4.4,262,komersial,"car_dealer,establishment,point_of_interest,store",Seberang TK Kartika X-2 Jalan Turangga,-6.928207,107.6358621
ChIJm_r6RrbnaC4RovwMIQhk3jM,Mercure Bandung Nexa Supratman,-6.904924400000001,107.629197,4.6,7958,lainnya,"establishment,lodging,point_of_interest",Muararajeun Baru,-6.906013,107.6304694
ChIJJeYwN7bnaC4R_-aBxu4L9sQ,Plasa Telkom Digital Supratman,-6.9059091,107.6296829,4.2,683,lainnya,"establishment,point_of_interest",Muararajeun Baru,-6.906013,107.6304694
ChIJD_gEabbnaC4RgdWertdoQ8k,Hotel Sanira,-6.905201,107.628717,3.8,396,lainnya,"establishment,lodging,point_of_interest",Muararajeun Baru,-6.906013,107.6304694
ChIJ4R8zsLfnaC4R7rSdlmuolow,DPD PKS Kota Bandung,-6.904908000000001,107.6309885,4.7,315,lainnya,"establishment,point_of_interest",Muararajeun Baru,-6.906013,107.6304694
ChIJ21xTkLrnaC4RknWjcP1MEE4,HR Photo,-6.89845,107.6341745,4.4,1588,lainnya,"establishment,point_of_interest",Griya Pahlawan,-6.9002914,107.6342946
ChIJA51UbrrnaC4REFnWZJIBT8w,SPBU Pertamina 3440114,-6.899729,107.6343505,4.3,1538,lainnya,"establishment,gas_station,point_of_interest",Griya Pahlawan,-6.9002914,107.6342946
ChIJDfh8a7rnaC4RY9vzEiINvOo,Game Master - Griya Pahlawan,-6.900239099999999,107.6344682,4.0,864,lainnya,"establishment,point_of_interest",Griya Pahlawan,-6.9002914,107.6342946
ChIJq7KLeLrnaC4RMa4xoOBq5U4,SMK ICB CINTA NIAGA,-6.8993395,107.6339117,4.8,623,pendidikan,"establishment,point_of_interest,school",Griya Pahlawan,-6.9002914,107.6342946
ChIJVVVhC7DnaC4Rg3YqZk_pkBg,RedDoorz Plus @ Surapati 2,-6.8980215,107.6330071,3.8,132,lainnya,"establishment,lodging,point_of_interest",Griya Pahlawan,-6.9002914,107.6342946
ChIJkbQ5W7fnaC4R_4SNS39JVS8,SMK Cipta Skill,-6.9006652,107.6323304,4.2,307,pendidikan,"establishment,point_of_interest,school",Seberang Griya Pahlawan,-6.9002864,107.6341557
ChIJTfHsvqXnaC4RNUydU69eQQI,Breadpoint Bakery Cikutra,-6.8927419,107.6350967,4.7,343,katering,"bakery,establishment,food,point_of_interest,store",Taman Makam Pahlawan Cikutra,-6.8928501,107.6356478
ChIJ64eVP6XnaC4RsVnijHTWZlc,Bita Enarcon Engineering,-6.8942046,107.6353907,4.5,110,lainnya,"establishment,point_of_interest",Taman Makam Pahlawan Cikutra,-6.8928501,107.6356478
ChIJ2yEolE_maC4Rr8uUpbZ5cNk,PT. Atrya Swascipta Rekayasa,-6.893427699999999,107.6348953,4.7,102,lainnya,"establishment,point_of_interest",Taman Makam Pahlawan Cikutra,-6.8928501,107.6356478
ChIJ7wgesKXnaC4R54ZmPwhC2hQ,TB. Wargi Putra II,-6.893128399999999,107.63566,4.5,32,komersial,"establishment,point_of_interest,store",Taman Makam Pahlawan Cikutra,-6.8928501,107.6356478
ChIJe7a0v-TmaC4RtJmGt9QojZY,Resilience Development Initiative (RDI),-6.8928555,107.6349513,4.9,27,lainnya,"establishment,point_of_interest",Taman Makam Pahlawan Cikutra,-6.8928501,107.6356478
ChIJZR4Szr3naC4RYXIENqLN17Y,The Posters Hotel Mice,-6.898493299999999,107.6385488,4.1,2540,lainnya,"establishment,lodging,point_of_interest",Sukasenang Raya 1,-6.8985385,107.6371687
ChIJ5dEEG7vnaC4R29uEeuARcOE,Honda Mitra Jaya,-6.8981558,107.6368226,4.7,1143,komersial,"car_repair,establishment,point_of_interest,store",Sukasenang Raya 1,-6.8985385,107.6371687
ChIJaTu2JrvnaC4R4I5TO6fO1Z4,Institut Teknologi Nasional Bandung (ITENAS),-6.897198299999999,107.636371,4.7,1061,pendidikan,"establishment,point_of_interest,university",Sukasenang Raya 1,-6.8985385,107.6371687
ChIJY2sHaMLnaC4RJjq7Ti43qn8,Raja Tour Bandung,-6.898209899999999,107.6385031,4.9,626,lainnya,"establishment,point_of_interest,travel_agency",Sukasenang Raya 1,-6.8985385,107.6371687
ChIJjcikacLnaC4RM7RdcL66bLM,Viva Wisata,-6.898209899999999,107.6385031,4.9,436,lainnya,"establishment,point_of_interest,travel_agency",Sukasenang Raya 1,-6.8985385,107.6371687
ChIJezIyTrznaC4R7DU7FhVXFTo,PRIME PARK Hotel Bandung - PP Hospitality - PT PP Properti Tbk,-6.8989384,107.6416997,4.5,4999,lainnya,"establishment,lodging,point_of_interest",Sukapada,-6.8999587,107.6439455
ChIJ_UZKxL3naC4ROdk-etOjkDc,Klinik Mutiara Cikutra,-6.9003652,107.6432116,4.6,1484,kesehatan,"dentist,doctor,establishment,health,hospital",Sukapada,-6.8999587,107.6439455
ChIJVZ3_1JfnaC4ROk3baY3fVXI,Universitas Widyatama,-6.8980096,107.6452788,4.5,1206,pendidikan,"establishment,point_of_interest,university",Sukapada,-6.8999587,107.6439455
ChIJ71RLur3naC4ROzZ6ZquFAgg,Universitas Widyatama Pascasarjana,-6.899489399999999,107.6432142,4.5,146,pendidikan,"establishment,point_of_interest,university",Sukapada,-6.8999587,107.6439455
ChIJQ5KWCr7naC4RCZcZBpjPct8,Human Initiative Jawa Barat,-6.901201599999999,107.6441323,4.4,92,komersial,"establishment,point_of_interest,store",Sukapada,-6.8999587,107.6439455
ChIJaVE7SIXoaC4RIiKY0PwthW8,Superindo Moch. Ramdhan,-6.9374996,107.6098777,4.3,2110,katering,"establishment,food,grocery_or_supermarket,point_of_interest,store",Masjid An Nur PT INTI,-6.9377495,107.6084278
ChIJXTqZJIXoaC4Rga5wYbgOuSw,Maximus - Toko Velg dan Ban Mobil Bandung,-6.936917999999999,107.609891,4.9,1518,komersial,"car_repair,establishment,point_of_interest,store",Masjid An Nur PT INTI,-6.9377495,107.6084278
ChIJp88m1AjoaC4RY0Zgi6htJ_k,MABES Touring & Adventure,-6.9378127,107.6093656,4.4,120,komersial,"establishment,point_of_interest,store",Masjid An Nur PT INTI,-6.9377495,107.6084278
ChIJ_Zy874HoaC4RPVo_UKqXnsQ,MutualPlus,-6.9299336,107.6159819,4.9,1980,kesehatan,"establishment,health,local_government_office,point_of_interest",Lauk Emas,-6.9301524,107.616466
ChIJNcjZ-4HoaC4R3LXS7uCxMqs,Variasi 53,-6.9284373,107.615951,4.4,376,komersial,"car_repair,establishment,point_of_interest,store",Lauk Emas,-6.9301524,107.616466
ChIJoVywmYHoaC4Rhz1gy_tY7Oc,101.1 MGTRADIO,-6.929990999999999,107.616869,4.6,172,lainnya,"establishment,point_of_interest",Lauk Emas,-6.9301524,107.616466
ChIJ1WDekYHoaC4RwDskrNkZpKI,Big Stamp,-6.929664499999999,107.6163712,4.7,130,komersial,"establishment,point_of_interest,store",Lauk Emas,-6.9301524,107.616466
ChIJw2lk7IHoaC4RQWACFFMJymw,IBID Balai lelang,-6.929295,107.616394,4.4,95,lainnya,"establishment,point_of_interest",Lauk Emas,-6.9301524,107.616466
ChIJQZtrF0_maC4RNw8lc3lFxTg,Barcode Pool Tables,-6.9092392,107.6193566,4.5,1145,lainnya,"establishment,point_of_interest",PMI Kota Bandung,-6.9089241,107.6195289
ChIJWduzuTXmaC4RquXdUOB0fbc,PMI Kota Bandung,-6.9087291,107.6195963,4.6,841,kesehatan,"establishment,health,point_of_interest",PMI Kota Bandung,-6.9089241,107.6195289
ChIJIfwQCjXmaC4Rd7kegWRPx88,Siliwangi Bowling Center,-6.9092733,107.6193196,4.3,695,lainnya,"bowling_alley,establishment,point_of_interest",PMI Kota Bandung,-6.9089241,107.6195289
ChIJFROP1kbmaC4RJOzyO0MeGIc,Novotel Bandung,-6.9048517,107.604083,4.6,10195,lainnya,"establishment,lodging,point_of_interest",STHB,-6.9062374,107.6043014
ChIJ820zlUbmaC4Rp4n3TeiKOdg,Hotel California Bandung,-6.9037693,107.6052596,4.5,3305,lainnya,"establishment,lodging,point_of_interest",STHB,-6.9062374,107.6043014
ChIJDfh1T0fmaC4RErfiuzZkqgQ,Kalibre Flagship Store Bandung,-6.906800899999999,107.6045932,4.6,912,komersial,"establishment,point_of_interest,store",STHB,-6.9062374,107.6043014
ChIJm3dwPEfmaC4R2wsubGMSTWM,Poin Phila Hotel,-6.9061111,107.6047222,4.4,562,lainnya,"establishment,lodging,point_of_interest",STHB,-6.9062374,107.6043014
ChIJjwWot0DmaC4RrOe4Y3UOlz4,RSIA Melinda,-6.9069686,107.6032797,4.1,299,kesehatan,"establishment,health,hospital,point_of_interest",STHB,-6.9062374,107.6043014
ChIJvZyz50fmaC4RH8homv9o-TI,Serela Merdeka Hotel,-6.90656,107.60927,4.1,2095,lainnya,"establishment,lodging,point_of_interest",Pasar Kembang Wastukencana,-6.9048877,107.6072906
ChIJ4yknrUfmaC4RvcxHOQsi3Dk,Mie Tulang Pak Anan,-6.9053203,107.6073141,4.4,729,katering,"establishment,food,point_of_interest,restaurant",Pasar Kembang Wastukencana,-6.9048877,107.6072906
ChIJ1-BeuGXoaC4Ril9HLfiKol8,Universitas Pasundan - Kampus Tamansari,-6.9048215,107.6082554,4.5,519,pendidikan,"establishment,point_of_interest,university",Pasar Kembang Wastukencana,-6.9048877,107.6072906
ChIJxfvkazjmaC4RT-ix185cZzs,Tiara Florist,-6.904585399999999,107.6071746,4.3,375,komersial,"establishment,florist,point_of_interest,store",Pasar Kembang Wastukencana,-6.9048877,107.6072906
ChIJL1hYX1vmaC4RdyRPM6EsV-k,Hotel Aston Tropicana Bandung,-6.896163,107.6036167,4.8,25867,lainnya,"establishment,lodging,point_of_interest",Cihampelas Eyckman,-6.8959112,107.6040037
ChIJ687ZnVzmaC4RkgDKUTzCqPw,favehotel Premier - Cihampelas,-6.896211099999999,107.6034164,4.6,9773,katering,"establishment,food,lodging,point_of_interest,restaurant",Cihampelas Eyckman,-6.8959112,107.6040037
ChIJ_8NeYFvmaC4RTKNjAy4caL4,Sensa Hotel,-6.894699500000001,107.6049883,4.5,4623,katering,"establishment,food,lodging,point_of_interest,restaurant",Cihampelas Eyckman,-6.8959112,107.6040037
ChIJZdLfUVnmaC4RPmNqLKbPd1o,De Batara Hotel,-6.8981362,107.6041937,4.1,3117,lainnya,"establishment,lodging,point_of_interest",Cihampelas Eyckman,-6.8959112,107.6040037
ChIJZdLfUVnmaC4R2lWDtZwEBJU,Hotel Serela Cihampelas,-6.8946212,107.6037299,4.1,3091,lainnya,"establishment,lodging,point_of_interest",Cihampelas Eyckman,-6.8959112,107.6040037
ChIJUarm0BfmaC4R4__2xnl8Nq8,Teras Cikapundung BBWS,-6.8843878,107.6068848,4.3,8866,rekreasi,"establishment,park,point_of_interest",Gandok,-6.8835718,107.6056867
ChIJJb6SWfHmaC4R8ah55klj104,Galeri Ciumbuleuit Hotel,-6.8812494,107.6045957,4.4,4659,lainnya,"establishment,lodging,point_of_interest",Gandok,-6.8835718,107.6056867
ChIJj9nw-PbmaC4RRqNa8CTJsdM,Dalaraos,-6.8845234,107.6062175,4.7,1905,katering,"establishment,food,point_of_interest,restaurant",Gandok,-6.8835718,107.6056867
ChIJGTjfqwzmaC4RKmQh3gzy7fw,Pondok Lensa Bandung,-6.8825107,107.6046378,4.7,1465,lainnya,"establishment,point_of_interest",Gandok,-6.8835718,107.6056867
ChIJySbyYFvmaC4RNbU0Ahd0GNg,Hotel Nalendra,-6.885389399999999,107.6041264,3.9,1353,lainnya,"establishment,lodging,point_of_interest",Gandok,-6.8835718,107.6056867
ChIJDUtfgjLmaC4RkRl7uYg0y0c,Kolam Renang Karang Setra,-6.8784215,107.5946827,4.2,6455,lainnya,"amusement_park,establishment,point_of_interest",Sukawangi,-6.8780721,107.596174
ChIJ12mfzfLmaC4RfBAJLdS9A6Y,HokBen,-6.8789235,107.5978115,4.4,3326,katering,"establishment,food,point_of_interest,restaurant",Sukawangi,-6.8780721,107.596174
ChIJy7zTIY3maC4Rdrmp_y7vctw,Rumah Buah Sukajadi,-6.8794676,107.5966299,4.6,1590,katering,"establishment,food,point_of_interest,store",Sukawangi,-6.8780721,107.596174
ChIJG2lfa43maC4RQsiPD_3guFs,Bakmi Parahyangan,-6.878483,107.596012,4.2,950,katering,"establishment,food,point_of_interest,restaurant",Sukawangi,-6.8780721,107.596174
ChIJVVVVFb7maC4R4Y5C6Eghmco,Ramen 38 Sanpachi Mayfair,-6.8795092,107.596455,4.5,698,katering,"establishment,food,point_of_interest,restaurant",Sukawangi,-6.8780721,107.596174
ChIJAyi_UpbmaC4Rmb6b7m-iSlY,Hotel Salon Fora &LongHill Cafe Fora,-6.870270000000001,107.5930398,4.1,838,katering,"beauty_salon,establishment,food,lodging,point_of_interest",Simpang Gegerkalong Hilir,-6.8693777,107.5936354
ChIJcXuClJXmaC4RQG0vuvX-ezU,Pizza Hut Delivery - PHD Indonesia,-6.868056699999999,107.5936039,4.6,572,katering,"establishment,food,meal_delivery,meal_takeaway,point_of_interest",Simpang Gegerkalong Hilir,-6.8693777,107.5936354
ChIJd1sryJXmaC4RS066OO6JBhY,Yamaha Bandung Raya,-6.869196,107.593388,4.2,483,komersial,"car_repair,establishment,parking,point_of_interest,store",Simpang Gegerkalong Hilir,-6.8693777,107.5936354
ChIJWb_doZXmaC4Ribo55ezriPs,Enhaii Hotel,-6.8683359,107.5946282,4.4,457,lainnya,"establishment,lodging,point_of_interest",Simpang Gegerkalong Hilir,-6.8693777,107.5936354
ChIJqT0OS5TmaC4RljRCpV4diF0,SURABI IMUT GEGER KALONG,-6.8684701,107.5922374,4.3,452,katering,"establishment,food,point_of_interest,restaurant",Simpang Gegerkalong Hilir,-6.8693777,107.5936354
ChIJh1CXTLjmaC4RlwtWLVhK7VA,Travello Hotel Bandung,-6.8613,107.5956,4.4,3236,lainnya,"establishment,lodging,point_of_interest",Museum Pendidikan Nasional UPI,-6.8600465,107.5946739
ChIJB5YisrnmaC4R6CzTtUj0Opo,Yomart isola,-6.858528499999999,107.5945237,4.2,192,finansial,"atm,convenience_store,establishment,finance,food",Museum Pendidikan Nasional UPI,-6.8600465,107.5946739
ChIJTyrPZLnmaC4RiF1MykteRfk,Fakultas Pendidikan Ekonomi dan Bisnis,-6.860068699999999,107.5923903,4.8,162,pendidikan,"establishment,point_of_interest,university",Museum Pendidikan Nasional UPI,-6.8600465,107.5946739
ChIJN90JJbnmaC4R7pjrP2W4yT8,"Gedung Rektorat UPI, ISOLA",-6.8611419,107.594341,4.7,67,lainnya,"establishment,point_of_interest",Museum Pendidikan Nasional UPI,-6.8600465,107.5946739
ChIJrxX65LXmaC4RjefkHABnRnU,Celah Celah Langit,-6.859881,107.5957938,4.8,56,lainnya,"establishment,point_of_interest",Museum Pendidikan Nasional UPI,-6.8600465,107.5946739
ChIJWb5cvFDmaC4R18CW5PcvTOw,Taman Ganesha,-6.8939452,107.6104603,4.6,2246,rekreasi,"establishment,park,point_of_interest,tourist_attraction",Gelap Nyawang,-6.8943964,107.6085894
ChIJ0RLgd1rmaC4RxqK0EliLvKc,PT. LAPI ITB,-6.8940088,107.6097753,4.7,162,lainnya,"establishment,point_of_interest",Gelap Nyawang,-6.8943964,107.6085894
ChIJBVcJ4X_oaC4RQrwFUSgKpx8,Kantor Cabang Neutron Yogyakarta Bandung-1 Tamansari,-6.895672599999999,107.6090304,4.9,133,pendidikan,"establishment,point_of_interest,university",Gelap Nyawang,-6.8943964,107.6085894
ChIJd2RcclrmaC4RA-MwoyNMPZo,International Relation Office (IRO) ITB,-6.893814799999999,107.6091092,4.7,125,lainnya,"establishment,point_of_interest",Gelap Nyawang,-6.8943964,107.6085894
ChIJW6CUblrmaC4RfkbMRPN_DOg,BNI Cabang ITB,-6.894118,107.608724,3.7,115,finansial,"bank,establishment,finance,point_of_interest",Gelap Nyawang,-6.8943964,107.6085894
ChIJn_YVclDmaC4Rnf-Z3l4BXt0,Perumda Tirtawening Kota Bandung,-6.896026200000001,107.610545,2.3,2138,lainnya,"establishment,point_of_interest",Pelesiran,-6.8970569,107.6095652
ChIJOZIy-0_maC4RO5PPzX2XJWQ,Sapadia Guest House Bandung,-6.8980108,107.6105687,4.2,530,lainnya,"establishment,lodging,point_of_interest",Pelesiran,-6.8970569,107.6095652
ChIJdYQeaEXmaC4R1U8s4YGBR0I,QUEENOVA & ABAYA UMROH FATMA (AUF),-6.89866,107.608884,4.9,500,komersial,"clothing_store,establishment,point_of_interest,store",Pelesiran,-6.8970569,107.6095652
ChIJ8byUiU_maC4RaKh6-8or47M,Direktorat Pendidikan ITB,-6.8988318,107.6100192,4.5,124,pendidikan,"establishment,point_of_interest,university",Pelesiran,-6.8970569,107.6095652
ChIJG7mOZzrmaC4Rm03d9smn8zA,Azko Balubur Town Square,-6.898724899999999,107.6089121,4.6,925,komersial,"establishment,home_goods_store,point_of_interest,store",Balubur Town Square,-6.8987075,107.6092842
ChIJt27YZUXmaC4RSKCKVdgGSuM,Service Macbook Bandung - Gadgetarian Apple,-6.898774599999999,107.608941,4.6,591,lainnya,"establishment,point_of_interest",Balubur Town Square,-6.8987075,107.6092842
ChIJm6tNb0XmaC4R8DIs8WlsJas,HokBen,-6.8988089,107.6091196,3.9,313,katering,"establishment,food,point_of_interest,restaurant",Balubur Town Square,-6.8987075,107.6092842
ChIJ8dkSgU_maC4Ra0ju4oa0Mi8,Nurita Salon,-6.8996871,107.6099598,4.5,295,katering,"beauty_salon,cafe,establishment,food,point_of_interest",Balubur Town Square,-6.8987075,107.6092842
ChIJq4eh3rXnaC4ROjquErb5ShQ,Shabu Hachi Cilaki Bandung,-6.9054438,107.6271204,4.8,13472,katering,"establishment,food,point_of_interest,restaurant",Ciliwung,-6.9040712,107.6281786
ChIJeR09B7TnaC4R7C2hNjva0Dg,Mitra Hotel Bandung,-6.9019102,107.6273254,4.3,3712,lainnya,"establishment,lodging,point_of_interest",Ciliwung,-6.9040712,107.6281786
ChIJdURHcbPnaC4R0mghVA5B0cU,Natasha Skin Clinic Supratman,-6.9031213,107.627958,4.9,1705,kesehatan,"establishment,health,point_of_interest",Ciliwung,-6.9040712,107.6281786
ChIJj_1EfLbnaC4RV7-VguSlNw0,Lomie Ciliwung,-6.9045418,107.628216,4.7,1058,katering,"establishment,food,point_of_interest,restaurant",Ciliwung,-6.9040712,107.6281786
ChIJ68r-WkvmaC4RQbTWCZM8uRI,Museum Pos Indonesia,-6.902061499999999,107.6197439,4.6,1368,lainnya,"establishment,museum,point_of_interest,tourist_attraction",Lapangan Gasibu B,-6.9013276,107.6201481
ChIJB902mDLmaC4RYQ8ULNX5vq4,MKS Shoes,-6.9025753,107.6249968,4.6,221,komersial,"establishment,point_of_interest,shoe_store,store",PUSDAI B,-6.9012082,107.6241716
ChIJk6IWj2rmaC4RLuSsQjWnNkM,Istana Plaza,-6.9057347,107.5970082,4.3,25624,komersial,"establishment,point_of_interest,shopping_mall",Istana Plaza,-6.9050239,107.5974769
ChIJI0ujPRbmaC4Roh6kful3dTU,Collector Parfum,-6.904122300000001,107.5976968,4.6,4830,komersial,"clothing_store,establishment,point_of_interest,store",Istana Plaza,-6.9050239,107.5974769
ChIJsSt3l2rmaC4RpQFB8HnY1cQ,Hotel Victory,-6.9067833,107.5957924,4.1,392,lainnya,"establishment,lodging,point_of_interest",Istana Plaza,-6.9050239,107.5974769
ChIJvQcaZWrmaC4Rm7hEFcNOqc4,ASTC Ariyanti,-6.9051686,107.5974,4.4,160,lainnya,"beauty_salon,establishment,point_of_interest",Istana Plaza,-6.9050239,107.5974769
ChIJ-0CJe2rmaC4RPehpnae65qw,Program 1 Tahun Siap Kerja LPP Ariyanti,-6.9051114,107.5972875,4.7,121,pendidikan,"establishment,point_of_interest,university",Istana Plaza,-6.9050239,107.5974769
ChIJ33qggGrmaC4RNMfOeU422aA,Domino's Pizza,-6.905761399999999,107.5974409,4.4,1436,katering,"establishment,food,meal_delivery,meal_takeaway,point_of_interest",Depan Istana Plaza,-6.9054463,107.59766
ChIJ5Tk7D7HnaC4R1u9if0lX6uE,GOR Yayasan Taruna Bakti,-6.899732699999999,107.6294508,4.6,502,lainnya,"establishment,point_of_interest",Dapen Telkom,-6.899801,107.6285878
ChIJkXWFc7HnaC4RDsdhsX5Rjdo,Dana Pensiun (Dapen) Telkom,-6.899589700000001,107.62871,4.6,183,lainnya,"establishment,point_of_interest",Dapen Telkom,-6.899801,107.6285878
ChIJZVLUDLHnaC4RCqevjsDn4XI,Surapati Motor,-6.8997509,107.62902,3.8,103,lainnya,"car_repair,establishment,point_of_interest",Dapen Telkom,-6.899801,107.6285878
ChIJpXy927PnaC4RCeSuc-EOKs0,Susu Murni & Roti Bakar,-6.900134299999999,107.6269513,4.6,97,katering,"cafe,establishment,food,point_of_interest",Dapen Telkom,-6.899801,107.6285878
ChIJxV9GgX_maC4RK-_noZuOz5w,Ibis bandung Pasteur,-6.8998084,107.5960787,4.5,7940,lainnya,"establishment,lodging,point_of_interest",Garunggang Kulon,-6.8989255,107.5972577
ChIJm_SjBWjmaC4RLIy3Xyw8ioo,SPBU Pertamina 34.401.34 Pasirkaliki,-6.898061999999999,107.597284,4.4,1837,lainnya,"establishment,gas_station,point_of_interest",Garunggang Kulon,-6.8989255,107.5972577
ChIJswEwMZboaC4RVtHOiQmuC2I,Apotek Kimia Farma Pasir Kaliki,-6.8973257,107.5971179,4.7,495,kesehatan,"establishment,health,pharmacy,point_of_interest,store",Garunggang Kulon,-6.8989255,107.5972577
ChIJ6ZM4lpHoaC4Rj1pUoNfSK2Q,TWM TRANSPORT,-6.899973900000001,107.5965552,4.2,206,lainnya,"car_rental,establishment,local_government_office,point_of_interest,tourist_attraction",Garunggang Kulon,-6.8989255,107.5972577
ChIJMY7NPmjmaC4RHVN-iZu-8gc,Jasa Prima Rental Motor Dan Mobil Bandung,-6.900087,107.5968187,3.1,200,lainnya,"establishment,point_of_interest",Garunggang Kulon,-6.8989255,107.5972577
ChIJEeM_zmnmaC4RDyyrAVl9BMM,Bebek Kaleyo Bandung,-6.9007938,107.5970769,4.6,12402,katering,"establishment,food,point_of_interest,restaurant",Djunjunan Paskal,-6.9004402,107.5968182
ChIJa9V65GnmaC4RK2VkdPV8lKM,Gormeteria,-6.90158,107.5978563,4.6,8055,katering,"establishment,food,point_of_interest,restaurant",Djunjunan Paskal,-6.9004402,107.5968182
ChIJ4_T7eELmaC4Rfp95eKbOlgc,VIO Hotel Westhoff,-6.9008699,107.5979964,4.3,1487,lainnya,"establishment,lodging,point_of_interest",Djunjunan Paskal,-6.9004402,107.5968182
ChIJEwiYeizmaC4Rf1-3nl1mbcw,International Women University (IWU),-6.9015868,107.5972338,4.5,737,pendidikan,"establishment,point_of_interest,university",Djunjunan Paskal,-6.9004402,107.5968182
ChIJoe304mnmaC4Rg1_Lv2k3PdM,Dimsum Sembilan Ayam,-6.902054799999999,107.5977174,4.5,6909,katering,"establishment,food,point_of_interest,restaurant",IWU,-6.9015756,107.5973584
ChIJp0S6jmrmaC4RVY_aSTzebyc,HokBen,-6.9029269,107.597763,4.3,1177,katering,"establishment,food,point_of_interest,restaurant",IWU,-6.9015756,107.5973584
ChIJB0hz2RLmaC4R64vYfP47-q0,GBI Aruna,-6.908224499999999,107.5874633,4.8,1032,lainnya,"church,establishment,place_of_worship,point_of_interest",Husein Pajajaran,-6.9069438,107.5881929
ChIJFaxVf37jaC4Rmsnrg5QosTU,Bank Mandiri KCP Bandung Pajajaran,-6.907203399999999,107.5900438,4.7,749,finansial,"atm,bank,establishment,finance,point_of_interest",Husein Pajajaran,-6.9069438,107.5881929
ChIJMQS-H23maC4RDteZje5jYNE,Hotel Bandung Indah,-6.9070407,107.5888084,4.0,194,lainnya,"establishment,lodging,point_of_interest",Husein Pajajaran,-6.9069438,107.5881929
ChIJD30ww3LmaC4RESG-gjhXGDo,BPR KS ABDURACHMAN SALEH,-6.906924,107.5862876,4.6,150,finansial,"atm,bank,establishment,finance,point_of_interest",Husein Pajajaran,-6.9069438,107.5881929
ChIJKYihX2vmaC4Rnlp7nJuSErc,Gemafia. CV,-6.9070982,107.5884598,4.5,120,komersial,"establishment,point_of_interest,store",Husein Pajajaran,-6.9069438,107.5881929
ChIJY4cQPGjmaC4RwZ8WBhlu6tU,"SAYA SUKA, Oleh-oleh Bandung",-6.8994658,107.5967981,4.7,129,katering,"bakery,establishment,food,point_of_interest,restaurant",Paskal RSHS,-6.8982418,107.5974486
ChIJG6IwgRXmaC4Ru3Oa6jeT3T0,Toko Alkes,-6.8970657,107.5971473,3.9,30,kesehatan,"establishment,health,point_of_interest",Paskal RSHS,-6.8982418,107.5974486
ChIJPXk2JWjmaC4RVfeOJpSWXS0,CBR Ritel Paskal,-6.899671300000001,107.5971049,4.1,20,kesehatan,"establishment,health,point_of_interest",Paskal RSHS,-6.8982418,107.5974486
ChIJl3mqVRDmaC4RK32Oz0ejXCc,i-tech Rajawali,-6.9160713,107.5878367,4.3,154,komersial,"establishment,point_of_interest,store",Stasiun Ciroyom,-6.9141618,107.5890996
ChIJxRbZRg7maC4RURL4Apt21iI,Bank OCBC Bandung - Rajawali,-6.916138999999999,107.588877,4.6,68,finansial,"atm,bank,establishment,finance,point_of_interest",Stasiun Ciroyom,-6.9141618,107.5890996
ChIJRxYwsRPmaC4RW8eQk76gcCI,PT Kalibaru,-6.912237999999999,107.589389,3.9,64,lainnya,"establishment,point_of_interest",Stasiun Ciroyom,-6.9141618,107.5890996
ChIJvxUODBPmaC4RDLHWCzDtq8k,Dinas Ketahanan Pangan dan Pertanian Kota Bandung,-6.912169,107.5892363,4.4,54,lainnya,"establishment,local_government_office,point_of_interest",Stasiun Ciroyom,-6.9141618,107.5890996
ChIJyfOZChHmaC4RkwFz5iUpBtU,Grosir murah Bandung,-6.914581999999999,107.5890744,3.9,27,lainnya,"establishment,point_of_interest",Stasiun Ciroyom,-6.9141618,107.5890996
ChIJZXyWDennaC4R65wYZ-HpLY0,HokBen,-6.912834399999999,107.6489557,4.3,1646,katering,"establishment,food,point_of_interest,restaurant",Borma Antapani,-6.9128635,107.6494872
ChIJv_8dBeznaC4Rw5u5Yn5iKmQ,Alqueby Hotel,-6.9118781,107.6509247,4.3,1484,lainnya,"establishment,lodging,point_of_interest",Borma Antapani,-6.9128635,107.6494872
ChIJsVlGEunnaC4REwzTfdYEv30,Dunkin Donuts,-6.9128039,107.6490346,4.6,508,katering,"bakery,establishment,food,point_of_interest,restaurant",Borma Antapani,-6.9128635,107.6494872
ChIJv_Z7ZennaC4RfDANsbmG0ck,Dewa Futsal,-6.911900999999999,107.649066,4.4,491,lainnya,"establishment,point_of_interest",Borma Antapani,-6.9128635,107.6494872
ChIJcaF7qOnnaC4RAwrrIp3Swlg,Apotek K-24 Ters Jakarta Bandung,-6.9129302,107.6479108,4.1,265,kesehatan,"establishment,health,pharmacy,point_of_interest,store",Borma Antapani,-6.9128635,107.6494872
ChIJIaPRG0HmaC4Rtbe9KBfWyvE,Ruckerpark Coffee and Culture,-6.905194499999999,107.601412,4.6,1110,katering,"cafe,establishment,food,point_of_interest,store",GOR Padjajaran,-6.9069123,107.6018432
ChIJBU-1F2vmaC4RNyBKGgOK5Qc,Sentra Wyata Guna Bandung,-6.906667700000001,107.6018428,4.4,822,lainnya,"establishment,point_of_interest",GOR Padjajaran,-6.9069123,107.6018432
ChIJA-NrhkDmaC4RsFHCls2N_1Y,Gedung KONI Jawa Barat,-6.9073297,107.6022176,4.2,20,lainnya,"establishment,point_of_interest",GOR Padjajaran,-6.9069123,107.6018432
ChIJX-zBeD_maC4RSwuW6c9WGO0,"Sekretariat Institut Karate-Do Nasional ""Inkanas"" Jawa Barat",-6.9083555,107.6009286,4.6,20,lainnya,"establishment,point_of_interest",GOR Padjajaran,-6.9069123,107.6018432
ChIJ7QGXc9LnaC4RM4AQBTMwDHY,OYO 2195 Al Jazeerah Residence Syariah,-6.9175448,107.626302,3.9,142,lainnya,"establishment,lodging,point_of_interest",Jaya Plaza,-6.9173661,107.6268117
ChIJ6TaZwMXnaC4ROmOAyacmW1g,Pegadaian Cikudapateuh,-6.917662099999999,107.6270296,3.8,141,finansial,"atm,establishment,finance,point_of_interest,store",Jaya Plaza,-6.9173661,107.6268117
ChIJHQenCtLnaC4RIbnkYBmgA_Y,Astrindo Sentosa. PT,-6.9174794,107.6258322,4.4,58,lainnya,"establishment,point_of_interest",Jaya Plaza,-6.9173661,107.6268117
ChIJiTJ1LizmaC4R_wA7VRlZhgE,PROsignal Indonesia,-6.918112799999999,107.6267257,4.8,49,komersial,"car_repair,establishment,point_of_interest,store",Jaya Plaza,-6.9173661,107.6268117
ChIJS4z0ENLnaC4RUlHJ0Glazfs,I . Want Electronics,-6.9180169,107.6266983,4.6,46,komersial,"electronics_store,establishment,point_of_interest,store",Jaya Plaza,-6.9173661,107.6268117
ChIJz19iovfnaC4RN87StRiIRt8,Bolu Pisang Bu Wita,-6.914582599999999,107.6666561,4.8,632,katering,"bakery,establishment,food,point_of_interest,store",Terminal Antapani,-6.9152054,107.665817
ChIJp0frge_naC4R_3Uee-U49vw,Apotek Kimia Farma Antapani,-6.915081199999999,107.6672678,4.8,199,kesehatan,"establishment,health,pharmacy,point_of_interest,store",Terminal Antapani,-6.9152054,107.665817
ChIJhUXrWovnaC4RDlL3JMYqAeA,Growing Tree Daycare & Preschool,-6.914628700000001,107.6653743,4.8,50,pendidikan,"establishment,point_of_interest,school",Terminal Antapani,-6.9152054,107.665817
ChIJlwmOdffnaC4RHIu6qWRhT5c,Indomaret Antapani 313,-6.914797099999999,107.6658647,3.3,44,komersial,"convenience_store,establishment,food,point_of_interest,store",Terminal Antapani,-6.9152054,107.665817
ChIJBUMAr_fnaC4RDXpVNykGf9k,Masker Kecantikan Naturgo,-6.913837399999999,107.665777,4.4,36,komersial,"establishment,point_of_interest,store",Terminal Antapani,-6.9152054,107.665817
ChIJtYBIeqznaC4RTRqifMmqeJg,Pasar Sadang Serang,-6.8916802,107.6249044,4.3,2163,lainnya,"establishment,point_of_interest",Terminal Sadang Serang,-6.8912725,107.6249697
ChIJJbFeJ_vmaC4RKMALc_YWLwE,Arfa Rental Motor Bandung,-6.892050900000001,107.6244501,3.7,183,lainnya,"establishment,point_of_interest,travel_agency",Terminal Sadang Serang,-6.8912725,107.6249697
ChIJRaWcyKvnaC4RdNhTpmVlQuo,Telkom Sadang Serang,-6.8895744,107.6261301,4.5,128,lainnya,"establishment,point_of_interest",Terminal Sadang Serang,-6.8912725,107.6249697
ChIJz1Q_l6vnaC4ROqo8YZMlY54,Dinas Lingkungan Hidup dan Kebersihan Kota Bandung,-6.890710899999999,107.6254085,3.5,81,lainnya,"establishment,local_government_office,point_of_interest",Terminal Sadang Serang,-6.8912725,107.6249697
ChIJQ50P3vrmaC4RLu35x4oxxic,DAUN Architect - Arsitek Bandung,-6.8899342,107.6250695,4.8,36,lainnya,"establishment,point_of_interest",Terminal Sadang Serang,-6.8912725,107.6249697
ChIJXaaGz4rmaC4R6drpJxw10Vg,Sukajadi Hotel and Gallery,-6.8856388,107.5969927,4.3,3522,lainnya,"art_gallery,establishment,lodging,point_of_interest",Junction 8 Sukajadi,-6.8839703,107.5967067
ChIJ67iOZzrmaC4RinhM56UbDPY,Karang Setra Hotel & Cottages,-6.8832689,107.5955578,4.3,2632,lainnya,"establishment,lodging,point_of_interest",Junction 8 Sukajadi,-6.8839703,107.5967067
ChIJWx7kQYvmaC4RX16CaG9Wi0c,Pandora Experience Bandung,-6.883478500000001,107.5962985,4.5,739,lainnya,"establishment,point_of_interest,tourist_attraction",Junction 8 Sukajadi,-6.8839703,107.5967067
ChIJpdGD2vTmaC4RnOTlhl7oNG0,JNE Cemara,-6.884248,107.598593,4.4,405,komersial,"establishment,point_of_interest,store",Junction 8 Sukajadi,-6.8839703,107.5967067
ChIJIzfU8WfmaC4RkIUYwy3HHEY,RedDoorz near Paris Van Java,-6.8849826,107.5968938,4.0,63,lainnya,"establishment,lodging,point_of_interest",Junction 8 Sukajadi,-6.8839703,107.5967067
ChIJG9AdvWDdaC4Reyg_9uLiobc,SPBU Pertamina 33.40101,-6.9045049,107.6734802,4.2,2065,lainnya,"establishment,gas_station,point_of_interest",Borma Pasirimpun,-6.9046867,107.6759239
ChIJRTwme2fdaC4RY9UL-hdcEmw,Sutanto Motor,-6.9046543,107.6773248,4.1,510,lainnya,"car_repair,establishment,point_of_interest",Borma Pasirimpun,-6.9046867,107.6759239
ChIJYcmZc7fnaC4RTxvpwuw_Zow,Prodigo A.H Nasution,-6.9048501,107.6776589,4.8,444,komersial,"establishment,point_of_interest,shoe_store,store",Borma Pasirimpun,-6.9046867,107.6759239
ChIJlSMDwEPdaC4Ryu1L7C4FaYk,LPTQ Jabar,-6.9046486,107.6767702,4.3,431,lainnya,"establishment,point_of_interest",Borma Pasirimpun,-6.9046867,107.6759239
ChIJt15_fV3daC4R5uJ5HP41nUM,Alfamart Sukamiskin,-6.905036,107.678323,3.8,134,finansial,"atm,convenience_store,establishment,finance,food",Borma Pasirimpun,-6.9046867,107.6759239
ChIJo4e0xUPdaC4RSlr8U3oNaow,"Direktorat Bina Teknik Jalan dan Jembatan, Ditjen Bina Marga, Kementerian PU PR",-6.908082899999999,107.6858943,4.3,92,lainnya,"establishment,point_of_interest",Gerbang Pusjatan,-6.9071785,107.6856668
ChIJp0sP-EHdaC4Rapj5pHrCHDM,spotlight rental foto studio,-6.905395400000001,107.6867741,4.5,38,lainnya,"establishment,point_of_interest",Gerbang Pusjatan,-6.9071785,107.6856668
ChIJ7ym9LMTnaC4RwZATed8OGwU,Tiara Service Centre. PT,-6.907144199999999,107.6854244,4.3,7,lainnya,"establishment,point_of_interest",Gerbang Pusjatan,-6.9071785,107.6856668
ChIJNcYW8EHdaC4RHAWHaccbCcA,Beauty Consultant JAFRA Bandung,-6.905249,107.6875538,4.2,5,komersial,"establishment,point_of_interest,store",Gerbang Pusjatan,-6.9071785,107.6856668
ChIJS4d3W0LdaC4Rsf-SkTq2NQQ,KEDAI SUSU MURNI MUYMUY,-6.906393,107.6843072,4.3,3,katering,"cafe,establishment,food,point_of_interest",Gerbang Pusjatan,-6.9071785,107.6856668
ChIJXaVUwkLdaC4R4IdSjRgFP5g,Bank Mandiri Bandung Ujungberung,-6.913241299999999,107.695128,4.7,1133,finansial,"atm,bank,establishment,finance,point_of_interest",SDN Andir Kidul,-6.913719,107.6955416
ChIJtflbNDjdaC4RTunN62cNoa8,J.co Donuts & Coffee,-6.9143925,107.6967009,4.4,478,katering,"bakery,cafe,establishment,food,point_of_interest",SDN Andir Kidul,-6.913719,107.6955416
ChIJCZRpOmjmaC4RHTh0bKgOBik,Mayasari Ujung Berung - Bakery Oleh Oleh Khas Bandung,-6.9128808,107.6941224,4.8,441,katering,"bakery,establishment,food,point_of_interest,store",SDN Andir Kidul,-6.913719,107.6955416
ChIJVe-oRjjdaC4R4dNveAd6aC0,PT. PLN (persero) ULP UJUNGBERUNG,-6.913324,107.6949086,3.0,437,lainnya,"establishment,point_of_interest",SDN Andir Kidul,-6.913719,107.6955416
ChIJm9DGXEfdaC4Rm-eA5yiJsTo,Humaira Salon & spa muslimah,-6.912981299999999,107.6938713,4.7,268,lainnya,"beauty_salon,establishment,point_of_interest",SDN Andir Kidul,-6.913719,107.6955416
ChIJZVNx4EbdaC4RmQ_3dXVtsus,RSU Hermina Arcamanik,-6.904863799999999,107.6667529,4.4,5924,kesehatan,"establishment,health,hospital,point_of_interest",SDN Cikadut,-6.9039605,107.6656608
ChIJVVVVlYjnaC4RIQphG9WpQ-4,SPBU Pertamina 34-40244 Cikadut,-6.904117100000001,107.6651033,4.3,1819,lainnya,"establishment,gas_station,point_of_interest",SDN Cikadut,-6.9039605,107.6656608
ChIJ1eah6YrnaC4RLl9-t-X2-wA,RM Talago Biru,-6.9040138,107.6666615,4.4,560,katering,"establishment,food,point_of_interest,restaurant",SDN Cikadut,-6.9039605,107.6656608
ChIJpYm57IrnaC4RxhlgRz-Iwrk,Sekolah Menengah Kejuruan Al - Hadi Bandung,-6.903982399999999,107.6673502,4.2,150,lainnya,"establishment,point_of_interest",SDN Cikadut,-6.9039605,107.6656608
ChIJc0ycwYrnaC4RP3b6_cnEDDo,Hadi Motor,-6.9044989,107.6670894,4.0,143,lainnya,"car_repair,establishment,point_of_interest",SDN Cikadut,-6.9039605,107.6656608
ChIJmXaeAdPnaC4R216x3YneF3Q,Urbanview Hotel Grand Malabar Bandung,-6.9200374,107.6242113,4.1,353,lainnya,"establishment,lodging,point_of_interest",Cikudapateuh,-6.9187119,107.6245892
ChIJFVnnP83naC4RVenMoDTBtLM,JNE Segitiga Mas,-6.9181903,107.6250791,4.3,271,lainnya,"establishment,point_of_interest",Cikudapateuh,-6.9187119,107.6245892
ChIJvdJ0983naC4RZdd76qnD3KQ,Mega Comp Grosir Aksesoris Komputer,-6.9176134,107.6256903,4.6,80,komersial,"establishment,point_of_interest,store",Cikudapateuh,-6.9187119,107.6245892
ChIJd7PIEtLnaC4ReBcTTtM_-NA,One Day Service,-6.9180457,107.6260134,4.6,78,lainnya,"car_repair,establishment,point_of_interest",Cikudapateuh,-6.9187119,107.6245892
ChIJmQKsJ03daC4RPyVSB9oAxbQ,Rawon Surabaya Delivery,-6.9240714,107.6836833,4.5,84,katering,"establishment,food,point_of_interest",Pangkalan Angkot Panghegar,-6.9237767,107.6835637
ChIJYd-Pt0zdaC4RwGUGVmcYjxk,Raja Napogos Catering,-6.924771,107.6852705,4.5,61,katering,"establishment,food,point_of_interest,restaurant",Pangkalan Angkot Panghegar,-6.9237767,107.6835637
ChIJibAyJKXCaC4Rg1MA3W0Od5c,Pegadaian UPC Cisaranten Kulon,-6.921548199999999,107.6842064,4.3,45,finansial,"establishment,finance,point_of_interest,store",Pangkalan Angkot Panghegar,-6.9237767,107.6835637
ChIJB2bP_UzdaC4RbBsUoFihjws,Kost putri famncoz & rumah kontrakan,-6.923982199999999,107.6835019,4.4,29,lainnya,"establishment,lodging,point_of_interest",Pangkalan Angkot Panghegar,-6.9237767,107.6835637
ChIJQytwC03daC4RFDcxyzL1lIg,Mouse Clothing Production,-6.923203099999999,107.6823914,4.5,29,komersial,"clothing_store,establishment,point_of_interest,store",Pangkalan Angkot Panghegar,-6.9237767,107.6835637
ChIJ2U0T29LnaC4RHmOuNdZ-ZpY,Pasar Kosambi,-6.9190346,107.6220503,4.2,13269,lainnya,"establishment,point_of_interest",Pasar Kosambi,-6.9198411,107.6221462
ChIJw_tU0NLnaC4RNDbXL3BHacU,Yogya Kosambi,-6.920045,107.6214067,4.4,1736,komersial,"department_store,establishment,food,grocery_or_supermarket,point_of_interest",Pasar Kosambi,-6.9198411,107.6221462
ChIJabTr2sXnaC4RxM6-OEzDGKQ,Megah Sports,-6.920202499999999,107.6218162,4.4,671,komersial,"establishment,point_of_interest,store",Pasar Kosambi,-6.9198411,107.6221462
ChIJ5f-0yirmaC4RQni_q4pGTnI,PENGOBATAN HJ.MAK EROT KEBON JERUK ( Aa.HILMAN ),-6.9223547,107.6215302,2.6,534,kesehatan,"establishment,health,point_of_interest",Pasar Kosambi,-6.9198411,107.6221462
ChIJEc33xDndaC4Rj7Nnq4xEl7M,Jaya Mandiri Trans,-6.903905099999999,107.677464,4.4,80,lainnya,"establishment,point_of_interest,travel_agency",Lapas Sukamiskin,-6.9046706,107.6749963
ChIJgSb3HDDdaC4RS2MY7mGFEUo,Griya Ujungberung,-6.915073899999999,107.7040795,4.2,2647,finansial,"atm,department_store,establishment,finance,food",Terminal Ujungberung,-6.9140518,107.7027758
ChIJ5axPHzvdaC4RggLnre4KHUo,d'BestO Cigending,-6.9115308,107.7028709,4.1,375,katering,"establishment,food,point_of_interest,restaurant",Terminal Ujungberung,-6.9140518,107.7027758
ChIJr_ZaoTrdaC4RQMIhWjYxpNU,Ganesha Operation - Ujungberung,-6.9143786,107.7031496,5.0,349,lainnya,"establishment,point_of_interest",Terminal Ujungberung,-6.9140518,107.7027758
ChIJ6YhvBDDdaC4R-Tsvaxyd0uE,Ananda Lifestyle Store - Ujung Berung,-6.914929,107.703906,4.0,191,komersial,"establishment,point_of_interest,shopping_mall",Terminal Ujungberung,-6.9140518,107.7027758
ChIJW36N1zrdaC4RwR6vg26CtpA,Pakaian Rajut,-6.9124621,107.703468,3.9,68,komersial,"clothing_store,establishment,point_of_interest,store",Terminal Ujungberung,-6.9140518,107.7027758
ChIJmYRP61DmaC4RBsnT1nDQCF0,Masjid Salman ITB,-6.8937059,107.6111822,4.9,17733,lainnya,"establishment,mosque,place_of_worship,point_of_interest,tourist_attraction",Lapangan Seni Rupa,-6.8931418,107.610915
ChIJg2NEp1DmaC4RDwC1tCJ372Y,PAS ITB,-6.8936205,107.6113758,4.7,179,lainnya,"establishment,point_of_interest",Lapangan Seni Rupa,-6.8931418,107.610915
ChIJ_____1bmaC4Ri6Q1GV5Nbb0,Bank Mandiri Bandung ITB,-6.892044299999999,107.6107596,4.8,105,finansial,"atm,bank,establishment,finance,point_of_interest",Lapangan Seni Rupa,-6.8931418,107.610915
ChIJO8AKUPXnaC4Rsncu-iEvwtU,Fakultas Seni Rupa dan Desain ITB,-6.8927264,107.6106796,4.9,92,lainnya,"establishment,point_of_interest",Lapangan Seni Rupa,-6.8931418,107.610915
ChIJDb3AQUbmaC4RVJanuzyMXWI,Klinik Unisba,-6.903903799999999,107.6080955,4.7,103,kesehatan,"establishment,health,point_of_interest",Unisba,-6.90457,107.6080404
ChIJ_aVCOUbmaC4RnB7jXtXB5Ug,Indomaret Taman Sari 16,-6.9039731,107.6085014,4.0,92,komersial,"convenience_store,establishment,food,grocery_or_supermarket,point_of_interest",Unisba,-6.90457,107.6080404
ChIJY6AL1kfmaC4RA2Z8hNwwFek,Sidola Computer,-6.9053869,107.6094827,4.6,83,komersial,"electronics_store,establishment,point_of_interest,store",Unisba,-6.90457,107.6080404
ChIJ8YJiaMbCaC4RVud9DsyhPyQ,Shakti Hotel Bandung,-6.937336200000001,107.6971759,4.3,6137,katering,"establishment,food,lodging,point_of_interest,restaurant",Pasar Induk Gedebage,-6.9364203,107.6972651
ChIJdQbzYxToaC4RcZWB_TXWl2U,PT. Sentinel Mitra Adiyaksa - Jasa Pengamanan dan Jasa Kebersihan Terbaik,-6.9371868,107.6960192,4.6,202,lainnya,"establishment,point_of_interest",Pasar Induk Gedebage,-6.9364203,107.6972651
ChIJy7_NHjjoaC4R7rLMEUZ822c,PT. Thursina Mediana Utama,-6.9361875,107.6968987,4.6,53,lainnya,"establishment,point_of_interest",Pasar Induk Gedebage,-6.9364203,107.6972651
ChIJDepKVs_CaC4R96vXs-sFU_k,"BIRU KARYA (PRODUSEN PJU, LASER CUTTING, POWDER COATING)",-6.935054099999999,107.6990013,4.7,38,lainnya,"establishment,point_of_interest",Pasar Induk Gedebage,-6.9364203,107.6972651
ChIJdYKEC-_DaC4RsUCDYHrR-5M,Sentra Ikan Hias Bandung,-6.9360703,107.6973208,4.4,38,komersial,"establishment,point_of_interest,shopping_mall",Pasar Induk Gedebage,-6.9364203,107.6972651
ChIJdyRMtXTmaC4R1zTXQ8EhcDM,Noah's Barn Coffeenery,-6.914806599999999,107.5775687,4.5,1659,katering,"cafe,establishment,food,point_of_interest,store",Terminal Elang Damri,-6.9145242,107.5753528
ChIJLQ_ELhHoaC4R_4UILcd-s0I,Neonflex,-6.9166878,107.5747548,4.6,148,komersial,"car_repair,establishment,point_of_interest,store",Terminal Elang Damri,-6.9145242,107.5753528
ChIJjQ9eBrnoaC4RK7wvqM9OWjg,Hotel Arimbi Kopo,-6.946502199999999,107.5894079,3.7,1280,lainnya,"establishment,lodging,point_of_interest",Puskesmas Kopo,-6.9463291,107.589276
ChIJ9V0NVLjoaC4RD0VtKk4H_xw,Klinik & Laboratorium Parahita Bandung Kopo,-6.9473208,107.5887116,4.7,330,kesehatan,"establishment,health,point_of_interest",Puskesmas Kopo,-6.9463291,107.589276
ChIJgV-XDrnoaC4R_gLzg8Xnm-k,SPOT ON 2726 Kopo 355,-6.946098200000001,107.5894764,4.2,201,lainnya,"establishment,lodging,point_of_interest",Puskesmas Kopo,-6.9463291,107.589276
ChIJD5yK0bjoaC4R829DAI3GOrY,Breadpoint Bakery Pusat,-6.9472024,107.590965,4.2,88,katering,"bakery,establishment,food,point_of_interest,store",Puskesmas Kopo,-6.9463291,107.589276
ChIJ0fKiF7noaC4RoouXu90MFiE,Pahala Kencana,-6.9462541,107.5903089,4.0,51,lainnya,"establishment,point_of_interest,travel_agency",Puskesmas Kopo,-6.9463291,107.589276
ChIJcSUKrBjmaC4RR5tWkUHPwnk,POLAR One Stop Digital Printing,-6.9233704,107.5974914,3.9,407,komersial,"establishment,point_of_interest,store",Karanganyar,-6.9226452,107.5985172
ChIJLUFwHiLmaC4R3XT57rJwS1w,Gema Computer Bandung,-6.9231561,107.5987657,4.1,366,komersial,"electronics_store,establishment,point_of_interest,store",Karanganyar,-6.9226452,107.5985172
ChIJ-WNkZyDmaC4R7-4MCZezrUM,Kantor Cabang Pembantu CIMB Niaga Bandung - Astana Anyar,-6.9244203,107.5988464,4.8,296,finansial,"atm,bank,establishment,finance,point_of_interest",Karanganyar,-6.9226452,107.5985172
ChIJ16ohBCLmaC4R-b1_mXdAoQ4,P14 Printing,-6.9230546,107.598223,4.4,291,komersial,"establishment,point_of_interest,store",Karanganyar,-6.9226452,107.5985172
ChIJBTbsACLmaC4Rd4iqV-UZbh8,Glowink Print,-6.9233932,107.5979887,4.9,164,lainnya,"establishment,point_of_interest",Karanganyar,-6.9226452,107.5985172
ChIJrbVuc57oaC4RdW01siCXZ7Q,d'best Hotel,-6.9297711,107.6033275,4.2,2079,lainnya,"establishment,lodging,point_of_interest",Pasar Astana Anyar,-6.9307099,107.6012379
ChIJjRxdmZ7oaC4RajYLVlJV94Y,Elizabeth Otista Bandung,-6.931996300000001,107.603231,4.6,654,komersial,"clothing_store,establishment,point_of_interest,shoe_store,store",Pasar Astana Anyar,-6.9307099,107.6012379
ChIJMdK8wZ7oaC4R1YPf5ihPjBA,POP pancing,-6.932542499999999,107.6019363,4.5,538,komersial,"establishment,point_of_interest,store",Pasar Astana Anyar,-6.9307099,107.6012379
ChIJH-_B7CHmaC4R5RbIBxTl5sU,Brilink Triwarna Leather,-6.929818099999999,107.6006299,4.5,45,komersial,"establishment,point_of_interest,store",Pasar Astana Anyar,-6.9307099,107.6012379
ChIJ2212yp_oaC4RAKfctT5GAhI,Sushibul,-6.9299328,107.6006115,3.9,39,katering,"establishment,food,point_of_interest,restaurant",Pasar Astana Anyar,-6.9307099,107.6012379
ChIJWRapg57oaC4RzRRyzeLrJ0k,Fahira,-6.9315799,107.6034557,4.3,124,komersial,"clothing_store,establishment,point_of_interest,store",Pasar Astana Anyar,-6.9306827,107.601334
ChIJTZd-3BHmaC4RaJYQzi0kMus,Pertamina - SPBU 34 40129 Ciroyom,-6.9152419,107.5865602,4.3,758,lainnya,"establishment,gas_station,point_of_interest",Yayasan LPPN,-6.9156895,107.5853882
ChIJleB_8A_maC4RFZrzlx62wZg,Toko Gaya Abadi Mebeul,-6.9183533,107.5852982,4.8,202,komersial,"establishment,furniture_store,home_goods_store,point_of_interest,store",Yayasan LPPN,-6.9156895,107.5853882
ChIJne4fUCT51y0RGGgOqANFoR0,Baja Sakti Utama - Distributor Besi Baja | Toko Besi Bandung (Cipta Utama),-6.915919799999999,107.5866455,4.8,66,komersial,"establishment,point_of_interest,store",Yayasan LPPN,-6.9156895,107.5853882
ChIJne4fUCT51y0R7z56Xm1ALBY,AKIKI Catering,-6.9158998,107.5853915,5.0,26,katering,"establishment,food,point_of_interest",Yayasan LPPN,-6.9156895,107.5853882
ChIJzfhAnmrmaC4RVTr7hsI7XPg,Hilton Bandung,-6.9130232,107.5977782,4.7,11989,lainnya,"establishment,lodging,point_of_interest",Paskal 23,-6.9155756,107.5980816
ChIJHf94Az3maC4Rq-2YTqQZuKM,Gino Feruci Kebonjati Hotel,-6.9163786,107.5988089,4.3,5007,lainnya,"establishment,lodging,point_of_interest",Paskal 23,-6.9155756,107.5980816
ChIJ1__mIBbmaC4R455sDJyR01k,Satu Kantor Hypersquare,-6.914543399999999,107.5976768,4.4,4969,lainnya,"establishment,point_of_interest",Paskal 23,-6.9155756,107.5980816
ChIJP_YXbDzmaC4R8y49_jBH3j8,El Cavana Hotel,-6.9149803,107.598744,4.3,3507,lainnya,"establishment,lodging,point_of_interest",Paskal 23,-6.9155756,107.5980816
ChIJaTffNxbmaC4R2fi6wApdPt8,Molars Dental Aesthetics PASKAL - DOKTER GIGI BANDUNG,-6.9154218,107.5965349,4.9,1538,kesehatan,"dentist,establishment,health,point_of_interest",Paskal 23,-6.9155756,107.5980816
ChIJK5LTHYrCaC4RmEBjHACh4CY,Orbit Telekom,-6.965602199999999,107.6867206,4.4,237,komersial,"establishment,point_of_interest,store",Simpang Derwati,-6.9667117,107.6866808
ChIJ7egPvInCaC4RUe5aOuXe9CM,Alfamart Derwati,-6.9648914,107.6848053,3.9,55,finansial,"atm,convenience_store,establishment,finance,food",Simpang Derwati,-6.9667117,107.6866808
ChIJcT8tH4rCaC4Rb9kTDvVfzXk,Kang SelYana Birojasa Bandung,-6.965212999999999,107.6870798,3.8,32,lainnya,"establishment,point_of_interest",Simpang Derwati,-6.9667117,107.6866808
ChIJt5cNi4nCaC4RN0LQ2_yvons,Peci Pakol Afghan,-6.965077699999999,107.6863847,4.8,11,komersial,"establishment,point_of_interest,shopping_mall",Simpang Derwati,-6.9667117,107.6866808
ChIJE-MaFYrCaC4RuVFiAM15am4,CV HARKA UTAMA,-6.9652781,107.687944,4.8,5,lainnya,"establishment,point_of_interest",Simpang Derwati,-6.9667117,107.6866808
ChIJdVAtA5DDaC4RsGUZ1Q54fQQ,Klinik Pratama ADIMULIA Derwati – Dokter Umum Gigi Skincare Akupuntur Fisioterapi,-6.9646043,107.679882,5.0,461,kesehatan,"doctor,establishment,health,physiotherapist,point_of_interest",SMP Negeri 51 Bandung,-6.9644956,107.6798153
ChIJO9uieojCaC4RUu2y4BDrO3w,Indomaret Derwati TMER,-6.964782899999999,107.6813774,4.1,160,komersial,"convenience_store,establishment,food,point_of_interest,store",SMP Negeri 51 Bandung,-6.9644956,107.6798153
ChIJP4sfeojCaC4R_RKZplHcUWg,Derwati Mas Marketing Office,-6.964733000000001,107.6810769,4.3,39,lainnya,"establishment,general_contractor,point_of_interest",SMP Negeri 51 Bandung,-6.9644956,107.6798153
ChIJxT7n4dzDaC4RLRuYU5SKJUE,AMANDAmart Derwati,-6.964488999999999,107.6798994,4.2,24,lainnya,"establishment,point_of_interest",SMP Negeri 51 Bandung,-6.9644956,107.6798153
ChIJFey_-ovDaC4RkzDMmp7uJq4,Fisioterapi & Akupuntur Klinik Pratama Adimulia,-6.964445899999999,107.6799194,5.0,16,kesehatan,"establishment,health,point_of_interest",SMP Negeri 51 Bandung,-6.9644956,107.6798153
ChIJwzDy4zjoaC4Rb95Dzgle_As,Bank Mandiri Bandung Ciwastra,-6.955140099999999,107.6512621,4.9,399,finansial,"bank,establishment,finance,point_of_interest",Pandanwangi,-6.9554886,107.6518404
ChIJKf44ODroaC4RcIvwyMtP2CY,Bangunan Mart,-6.9556653,107.652417,4.5,379,komersial,"establishment,point_of_interest,store",Pandanwangi,-6.9554886,107.6518404
ChIJu89iKjroaC4R_CnNkmBU_4Y,Calysta Skin Care,-6.955118199999999,107.6517775,4.9,355,kesehatan,"beauty_salon,establishment,health,point_of_interest",Pandanwangi,-6.9554886,107.6518404
ChIJdyBgVTjoaC4RFiqMGO1qI0E,Lazeta Salon,-6.9556429,107.6507541,4.5,225,lainnya,"beauty_salon,establishment,point_of_interest",Pandanwangi,-6.9554886,107.6518404
ChIJobDjKjroaC4RoN-cRXsL-2Y,Desain Kreasi - Jasa Website Bandung,-6.9543816,107.6521256,4.9,101,lainnya,"establishment,point_of_interest",Pandanwangi,-6.9554886,107.6518404
ChIJhww5LCnoaC4RS3G677FFjOU,SPBU Pertamina Ciwastra,-6.960162500000001,107.6632352,4.2,1000,lainnya,"establishment,gas_station,point_of_interest",Ciwastra Pluto Raya,-6.9597306,107.6615272
ChIJJbGRGy_oaC4RQgB0ABK2WyU,Indomaret Ciwastra 94,-6.959531999999999,107.66094,4.5,863,komersial,"department_store,establishment,point_of_interest,store",Ciwastra Pluto Raya,-6.9597306,107.6615272
ChIJzQvqBy_oaC4RwVEOlJFvwn0,Apotek Griya Farma,-6.959375499999999,107.6607971,4.8,416,kesehatan,"establishment,health,hospital,pharmacy,point_of_interest",Ciwastra Pluto Raya,-6.9597306,107.6615272
ChIJ3etBBS_oaC4RpR0d8s2OHVg,Yomart Ciwastra 3,-6.9592809,107.6606304,4.3,134,komersial,"convenience_store,establishment,food,point_of_interest,store",Ciwastra Pluto Raya,-6.9597306,107.6615272
ChIJoawc0S7oaC4RVjA7i3dJlQM,Bugar Raga Fitness,-6.960757699999999,107.6620591,4.7,106,olahraga,"establishment,gym,health,point_of_interest",Ciwastra Pluto Raya,-6.9597306,107.6615272
ChIJx0gS8kPoaC4Rg1yJkORUbiI,SPBU Pertamina 34-40238,-6.952257599999999,107.6380646,4.2,1145,lainnya,"establishment,gas_station,point_of_interest",Simpang Kordon Buah Batu,-6.954353,107.6393855
ChIJleuDO_XoaC4Re8nxPgsWHTk,PT Len Industri (Persero),-6.9495312,107.6194507,4.5,1426,lainnya,"establishment,point_of_interest",PT LEN Industri A,-6.949139,107.6190269
ChIJf7sKTvXoaC4RquXkET5_ZNQ,KIA Siloam Motor,-6.948864899999999,107.6207472,4.4,644,komersial,"car_dealer,establishment,point_of_interest,store",PT LEN Industri A,-6.949139,107.6190269
ChIJQ3whLB3paC4RqxGDxjtvp9g,DHL Express Service Point (DHL Express - Soekarno Hatta Bandung),-6.9489094,107.6192333,4.5,343,lainnya,"establishment,point_of_interest",PT LEN Industri A,-6.949139,107.6190269
ChIJP4YpF17oaC4RJ1KiNr_eTd4,Daihatsu Bandung - PT. Astra International Tbk,-6.949482499999999,107.6185943,4.6,225,komersial,"establishment,point_of_interest,store",PT LEN Industri A,-6.949139,107.6190269
ChIJY2T36_ToaC4R1TtLoSkioPg,Asuransi Astra (Garda Center) - Astra Biz Center Bandung,-6.949489,107.617692,4.5,141,lainnya,"establishment,point_of_interest",PT LEN Industri A,-6.949139,107.6190269
ChIJ_efeDafEaC4RhIFGcUI3YIE,Dealer Honda Daya Motor Soekarno Hatta Bandung,-6.949478,107.62224,4.9,3950,komersial,"car_dealer,establishment,point_of_interest,store",Pasirluyu Selatan/Sukaati,-6.9493037,107.6213691
ChIJM6rBt1_oaC4RCIbTJCk1MQs,PIA Hotel Bandung,-6.949865399999999,107.623791,3.9,1137,lainnya,"establishment,lodging,point_of_interest",Pasirluyu Selatan/Sukaati,-6.9493037,107.6213691
ChIJfUmgll_oaC4RuvUawaRSGJQ,UNIVERSITAS INABA,-6.9499227,107.6228534,4.6,224,pendidikan,"establishment,point_of_interest,university",Pasirluyu Selatan/Sukaati,-6.9493037,107.6213691
ChIJARhv3cPoaC4Ri43HGsMo2Og,Bekam & Ruqyah Center Bandung (BRC) - Cibaduyut,-6.9480233,107.5952454,4.9,1003,kesehatan,"establishment,health,point_of_interest",Leuwipanjang Soekarno Hatta,-6.946792,107.5934452
ChIJcSC_F7noaC4RvAdPeQTO1II,Yomart Fresh Cibaduyut,-6.9478725,107.5925228,4.3,285,komersial,"convenience_store,establishment,food,grocery_or_supermarket,point_of_interest",Leuwipanjang Soekarno Hatta,-6.946792,107.5934452
ChIJzVpE0b7oaC4RZ2f_yP1u2XY,BPR Artha Mitra Kencana,-6.946372999999999,107.592686,3.9,200,finansial,"bank,establishment,finance,point_of_interest",Leuwipanjang Soekarno Hatta,-6.946792,107.5934452
ChIJefDP5cPoaC4RG3yCyo_5DHo,JK Collection,-6.948616700000001,107.5944851,4.4,183,komersial,"establishment,point_of_interest,shoe_store,store",Leuwipanjang Soekarno Hatta,-6.946792,107.5934452
ChIJ-fGmur_oaC4RyESpq8NK8So,BLUD UPTD Angkutan Dinas Perhubungan Kota Bandung,-6.9464377,107.5933392,3.9,175,lainnya,"establishment,local_government_office,point_of_interest",Leuwipanjang Soekarno Hatta,-6.946792,107.5934452
ChIJ6eBudojoaC4RHUm4gIi6yT4,Megah Jaya,-6.9497436,107.6221093,4.3,124,lainnya,"car_repair,establishment,point_of_interest",STIE Inaba,-6.9494319,107.6228417
ChIJD5ykoEbkaC4R17wv4Qe477Y,Makaffah Salon,-6.891033999999999,107.572325,4.5,181,komersial,"beauty_salon,clothing_store,establishment,point_of_interest,store",Simpang Dakota,-6.8935277,107.5725593
ChIJV2YZptXlaC4RkgjZ7ikU4NE,CFC,-6.8909419,107.5721712,3.6,76,katering,"establishment,food,point_of_interest,restaurant",Simpang Dakota,-6.8935277,107.5725593
ChIJFzS2qXzmaC4Rm_KEW2JyDtU,BCA KCP Dakota,-6.892519099999999,107.5725838,4.3,39,finansial,"atm,bank,establishment,finance,point_of_interest",Simpang Dakota,-6.8935277,107.5725593
ChIJ8QjxLtblaC4RX9JBG6IbGnw,GE Power - GE Nusantara Turbine Services Center,-6.893941600000001,107.5743028,4.6,36,lainnya,"establishment,point_of_interest",Simpang Dakota,-6.8935277,107.5725593
ChIJF5-kytblaC4Rx_qadIzvV8Q,QAIAS,-6.893881700000001,107.5739233,5.0,35,lainnya,"establishment,point_of_interest",Simpang Dakota,-6.8935277,107.5725593
ChIJK45W6WTmaC4RqNfA0IOO48Q,Vio Hotel Pasteur,-6.8920637,107.5822168,4.3,3874,lainnya,"establishment,lodging,point_of_interest",BPJS Pasteur,-6.8921945,107.5829083
ChIJ9z76rGTmaC4RbMqqhvUsMCA,Cititrans Pasteur,-6.8925519,107.5834895,4.4,3762,lainnya,"establishment,point_of_interest",BPJS Pasteur,-6.8921945,107.5829083
ChIJt5Hh2mXmaC4RCs7kOuyWRDA,Lintas Shuttle Drop Off Pasteur,-6.892031999999999,107.5835766,4.2,1815,lainnya,"establishment,point_of_interest",BPJS Pasteur,-6.8921945,107.5829083
ChIJzTqHb2DmaC4RmwJYrF_Ni5I,de Java Hotel,-6.8888532,107.5970563,4.4,4362,lainnya,"establishment,lodging,point_of_interest",Sukagalih PVJ,-6.8913252,107.5968917
ChIJI3PIQ2DmaC4RDbmPOHx8-g8,Pepper Lunch,-6.8899005,107.5957725,4.6,859,katering,"establishment,food,point_of_interest,restaurant",Sukagalih PVJ,-6.8913252,107.5968917
ChIJ0U7aSGDmaC4R7yOzhhgqTq0,Gardenice Rink,-6.890512699999999,107.5958587,4.6,821,lainnya,"establishment,point_of_interest",Sukagalih PVJ,-6.8913252,107.5968917
ChIJYepqjmDmaC4RzPfSxCHqMb4,Twig House,-6.8905556,107.5966667,4.4,369,komersial,"clothing_store,establishment,point_of_interest,store",Sukagalih PVJ,-6.8913252,107.5968917
ChIJex__aoTmaC4RKRdfJb5bbOY,The Majesty Apartment,-6.8833777,107.5810734,4.3,1541,lainnya,"establishment,point_of_interest",Maranatha,-6.8857326,107.5813271
ChIJpTV-IofmaC4RWEg3Szj0Yak,HokBen,-6.8861285,107.5816833,4.3,1175,katering,"establishment,food,point_of_interest,restaurant",Maranatha,-6.8857326,107.5813271
ChIJ5SiFG4TmaC4RDIuU7iIbNdQ,D'crepes,-6.886215699999999,107.5815361,4.2,269,katering,"establishment,food,point_of_interest,restaurant,store",Maranatha,-6.8857326,107.5813271
ChIJZSmkPIfmaC4RRVZSuRXQ-oQ,Mayasari Surya Sumantri,-6.8862108,107.5811356,4.3,109,katering,"bakery,establishment,food,point_of_interest,store",Maranatha,-6.8857326,107.5813271
ChIJcVPLJYfmaC4RyaCcP08l7XQ,Maranatha Toastmasters Club,-6.885930399999999,107.5810275,4.5,97,lainnya,"establishment,point_of_interest",Maranatha,-6.8857326,107.5813271
ChIJmecU6JzmaC4RIPYR-SiPmV0,JNE Sarijadi,-6.8761483,107.5786799,4.3,347,lainnya,"establishment,point_of_interest",Simpang Sarimanah Sariasih,-6.8763753,107.5782658
ChIJVeJk-ZzmaC4R9T6GWNsmv7w,Linoleum Shop,-6.8760521,107.5784819,4.5,110,komersial,"clothing_store,establishment,point_of_interest,store",Simpang Sarimanah Sariasih,-6.8763753,107.5782658
ChIJoxqf05zmaC4ReGKbH7B9-qQ,Indomaret sarimanah 58,-6.8777817,107.5777216,4.0,66,komersial,"convenience_store,establishment,food,point_of_interest,store",Simpang Sarimanah Sariasih,-6.8763753,107.5782658
ChIJL1VVlZzmaC4R3JJn2TRQ2qw,Indomaret Sari Asih,-6.8760598,107.5785759,3.6,56,komersial,"convenience_store,establishment,food,point_of_interest,store",Simpang Sarimanah Sariasih,-6.8763753,107.5782658
ChIJD_Wu0_DnaC4RE6R3hmbmluQ,Bandung Etnik,-6.877000499999999,107.5781666,3.8,46,komersial,"establishment,point_of_interest,store",Simpang Sarimanah Sariasih,-6.8763753,107.5782658
ChIJx1jaDILmaC4RiIq_ytngf-4,Clean 8 Car Wash & Cafe,-6.8817984,107.574362,3.7,574,lainnya,"car_repair,car_wash,establishment,point_of_interest",Pasar Cibogo Sarijadi,-6.8826172,107.5751341
ChIJtbn0C2ToaC4RWU65QXHeqbg,Sushi Teiyo,-6.884388700000001,107.574534,4.5,365,katering,"establishment,food,point_of_interest,restaurant",Pasar Cibogo Sarijadi,-6.8826172,107.5751341
ChIJj2EFKZTmaC4R9uHAnUH9uY4,Warung Sate Durin,-6.882269399999999,107.5766065,4.5,192,katering,"establishment,food,point_of_interest,restaurant",Pasar Cibogo Sarijadi,-6.8826172,107.5751341
ChIJm37Q6CnkaC4RttrGb411Apw,Alfamart Terusan Sutami,-6.8822151,107.5732964,3.8,159,komersial,"convenience_store,establishment,food,grocery_or_supermarket,point_of_interest",Pasar Cibogo Sarijadi,-6.8826172,107.5751341
ChIJ747yToLmaC4R5W0Uh42hhtY,Indomaret Perintis 2,-6.8813185,107.5764312,3.9,128,komersial,"convenience_store,establishment,food,point_of_interest,store",Pasar Cibogo Sarijadi,-6.8826172,107.5751341
ChIJndjj1l_vaC4RFHoaFZwgpdw,Terminal Angkot Bumiasri-Ciroyom,-6.9324284,107.5508141,4.1,102,lainnya,"establishment,point_of_interest",Terminal Bumi Asri,-6.9325142,107.5508136
ChIJy2oNBlrvaC4RajJBPcpErBc,PT. BUMIASRI ANGSATANA MEDIKA,-6.9322973,107.5509375,5.0,82,kesehatan,"establishment,health,point_of_interest",Terminal Bumi Asri,-6.9325142,107.5508136
ChIJEzhzFV7vaC4RwhDfo6eKodE,Jasa Live Streaming Bandung PT. GEANI PRODUCTION INDONESIA,-6.9336996,107.5521149,5.0,25,lainnya,"establishment,point_of_interest",Terminal Bumi Asri,-6.9325142,107.5508136
ChIJKeQq11_vaC4RQCC9ksCfB8E,Apotek Bumi Asri,-6.9324816,107.5509666,4.2,18,kesehatan,"establishment,health,pharmacy,point_of_interest,store",Terminal Bumi Asri,-6.9325142,107.5508136
ChIJSSUizcfnaC4RVZ4zHUesX8I,Sincerely Indonesia,-6.9327059,107.5508985,4.8,10,lainnya,"establishment,point_of_interest",Terminal Bumi Asri,-6.9325142,107.5508136
ChIJR2XbVnzoaC4Rrcm3RoIWbQo,Horison Ultima Bandung,-6.935329299999999,107.6252088,4.2,10722,lainnya,"establishment,lodging,point_of_interest",BKR Buah Batu,-6.9363191,107.6232892
ChIJqWUGGn3oaC4RxURdhxhExE8,Shell SPBU Pelajar Pejuang,-6.9363782,107.6238325,4.5,1963,lainnya,"establishment,gas_station,point_of_interest",BKR Buah Batu,-6.9363191,107.6232892
ChIJE0I2nYXoaC4RIEbusfpcSXE,PT. Asuransi Raksa Pratikara,-6.937090899999999,107.6219633,4.8,653,lainnya,"establishment,point_of_interest",BKR Buah Batu,-6.9363191,107.6232892
ChIJFfsuNn3oaC4R5nQxvw-RVhg,Oye Mart Buah Batu,-6.9375822,107.6231271,4.4,488,katering,"establishment,food,grocery_or_supermarket,point_of_interest,store",BKR Buah Batu,-6.9363191,107.6232892
ChIJWRHAEX3oaC4R506nBJweD2U,EIGER ADVENTURE STORE PELAJAR PEJUANG BANDUNG,-6.9360222,107.6235086,4.6,366,komersial,"clothing_store,establishment,point_of_interest,store",BKR Buah Batu,-6.9363191,107.6232892
ChIJUQeWv0zoaC4RYT7g84d4wZU,Domino's Pizza Transmart Buahbatu,-6.967151899999999,107.6379265,4.4,1155,katering,"establishment,food,meal_delivery,meal_takeaway,point_of_interest",Cipagalo,-6.965731,107.63796
ChIJDVnHSEzoaC4R4naa_Ec1jq0,Sentral Cargo Bandung Buah Batu,-6.964970099999999,107.6371508,4.3,155,lainnya,"establishment,point_of_interest",Cipagalo,-6.965731,107.63796
ChIJ3eYKQ0zoaC4RbpxrQZ18274,PT. Karya Cahaya Anue,-6.9650683,107.6375483,4.7,106,lainnya,"establishment,point_of_interest",Cipagalo,-6.965731,107.63796
ChIJlSFwk0zoaC4RPGO8vsNJDAc,The Coffee Bean & Tea Leaf,-6.966661200000001,107.6383165,4.2,54,katering,"cafe,establishment,food,point_of_interest",Cipagalo,-6.965731,107.63796
ChIJ93oU6kzoaC4RfW5Mbytx-G0,Kantor Desa Cipagalo,-6.9671398,107.6374025,4.4,51,lainnya,"establishment,point_of_interest",Cipagalo,-6.965731,107.63796
ChIJtbn0C2ToaC4R2XA4z-Ti-yw,Merauke,-6.941999,107.6278135,4.5,2944,komersial,"establishment,point_of_interest,store",Seberang ISBI Bandung,-6.9426484,107.6282551
ChIJuXLk0GLoaC4R2XCrtRxZ0OM,BNI BUAH BATU,-6.9412325,107.6271608,4.4,176,finansial,"atm,bank,establishment,finance,point_of_interest",Seberang ISBI Bandung,-6.9426484,107.6282551
ChIJO57X-GPoaC4RaUwrwUD5IlM,Atlantic Expo,-6.9426606,107.6273019,5.0,101,lainnya,"establishment,point_of_interest",Seberang ISBI Bandung,-6.9426484,107.6282551
ChIJr9q6E2PoaC4RR2zH-7iCMsM,PT Permata Indo Sejahtera,-6.9424167,107.6276731,4.0,87,lainnya,"establishment,point_of_interest",Seberang ISBI Bandung,-6.9426484,107.6282551
ChIJ_aediGPoaC4RP7j7PeOdT7Y,G.K. Sunan Ambu ISBI Bandung,-6.943120599999999,107.6280433,4.7,82,lainnya,"establishment,point_of_interest",Seberang ISBI Bandung,-6.9426484,107.6282551
ChIJbYmcEu7maC4RRijB2oKhHLA,Universitas Katolik Parahyangan,-6.8753737,107.6048696,4.7,1253,pendidikan,"establishment,point_of_interest,university",UNPAR,-6.8753453,107.604545
ChIJL23SPunmaC4R5E9tQtVc3EY,Omuniuum,-6.8748361,107.6044003,4.6,322,komersial,"book_store,clothing_store,establishment,point_of_interest,store",UNPAR,-6.8753453,107.604545
ChIJ1UuRMuzmaC4ReA825X957iw,Mansion Nine,-6.8743515,107.602974,4.3,214,lainnya,"establishment,lodging,point_of_interest",UNPAR,-6.8753453,107.604545
ChIJVd_BdLXnaC4R10VTUyO0eOQ,Gombal Asap (Sego Sambal Ikan Asap),-6.8748394,107.6044102,4.6,101,katering,"establishment,food,point_of_interest,restaurant",UNPAR,-6.8753453,107.604545
ChIJo3vHQu7maC4RbZEED8UMBjU,Gedung PPAG UNPAR,-6.875983499999999,107.6049441,4.9,84,pendidikan,"establishment,point_of_interest,school",UNPAR,-6.8753453,107.604545
ChIJQ5dY5cfoaC4RwNIeS00vvsg,SPBU Pertamina 34-40214,-6.950392900000001,107.586758,4.3,1320,lainnya,"establishment,gas_station,point_of_interest",SD Negeri 005 Babakan Ciparay,-6.9490743,107.587264
ChIJmxwVDbPoaC4RlBqOGp0_O6M,JNE Kopo Caringin,-6.9484572,107.5879136,3.9,224,lainnya,"establishment,point_of_interest",SD Negeri 005 Babakan Ciparay,-6.9490743,107.587264
ChIJ0SwpCrjoaC4RWfGNwZLsiGw,KSM Auto Service,-6.9497884,107.5870897,4.1,90,lainnya,"car_repair,establishment,point_of_interest",SD Negeri 005 Babakan Ciparay,-6.9490743,107.587264
ChIJzUcea7joaC4RTtGXYd49j4o,PT. National Label,-6.9484736,107.5875129,4.6,55,komersial,"establishment,point_of_interest,store",SD Negeri 005 Babakan Ciparay,-6.9490743,107.587264
ChIJOUf7w93laC4ROd0qLiPqVW8,PT Daya Adicipta Motora,-6.9066604,107.5672443,4.7,5901,komersial,"car_dealer,car_repair,establishment,point_of_interest,store",Paledang,-6.9058033,107.566368
ChIJq1KARNzlaC4Rq_GqYUHJBkM,PT Astra Daihatsu,-6.905630599999999,107.5663518,4.8,1476,komersial,"car_dealer,establishment,point_of_interest,store",Paledang,-6.9058033,107.566368
ChIJoXp81AjlaC4RpaKr1K7aT9I,Ars Living Cimahi,-6.9059371,107.5661261,5.0,793,komersial,"establishment,furniture_store,home_goods_store,point_of_interest,store",Paledang,-6.9058033,107.566368
ChIJKXrfgdzlaC4R_TvfbxSwmWM,Blue Bird Pool Cimahi,-6.904429299999999,107.5646063,4.5,294,lainnya,"establishment,point_of_interest",Paledang,-6.9058033,107.566368
ChIJi227dtvlaC4Rga5Js97g7uw,Pusat Ban,-6.906115199999999,107.5662572,4.5,113,lainnya,"car_repair,establishment,point_of_interest",Paledang,-6.9058033,107.566368
ChIJyQmzOiTmaC4RPXt1It1jrN4,Plaza parahyangan,-6.917408099999999,107.6040408,4.3,2475,komersial,"establishment,point_of_interest,shopping_mall",Pasar Baru,-6.9164456,107.6045276
ChIJRTLKQjvmaC4R0_zNd0gg0hE,Rumah Makan Ampera Otista,-6.9169443,107.6045353,4.3,1078,katering,"establishment,food,point_of_interest,restaurant",Pasar Baru,-6.9164456,107.6045276
ChIJra8dOjvmaC4RBmc5vh7D9bA,Irian Motor Toyota,-6.9162415,107.6030352,4.4,912,komersial,"car_repair,establishment,point_of_interest,store",Pasar Baru,-6.9164456,107.6045276
ChIJu2enCmvnaC4Rc-8f65WIX9Q,Hotel Guntur Bandung,-6.9138664,107.6043157,4.5,907,lainnya,"establishment,lodging,point_of_interest",Pasar Baru,-6.9164456,107.6045276
ChIJFX8SPzvmaC4R0tpnq4Hsj_g,Sama Jaya,-6.9170092,107.6052528,4.4,552,komersial,"establishment,point_of_interest,store",Pasar Baru,-6.9164456,107.6045276
ChIJia8zRn3oaC4R2GN2aWlOuU0,Pusat Alat Bantu Dengar Indonesia,-6.9373565,107.6228037,4.7,196,kesehatan,"establishment,health,point_of_interest,store",Simpang Buah Batu BKR,-6.9374405,107.6222837
ChIJ4S3UZ33oaC4REtv21K5Erco,Axis Seat Cover,-6.9364752,107.6220774,4.8,136,lainnya,"car_repair,establishment,point_of_interest",Simpang Buah Batu BKR,-6.9374405,107.6222837
ChIJb6DVan3oaC4RBNQhkjoKAbA,SMK Bina Warga Bandung,-6.9364928,107.622603,4.6,124,lainnya,"establishment,point_of_interest",Simpang Buah Batu BKR,-6.9374405,107.6222837
ChIJ654jmvHoaC4R7rl0HAMMO-Q,SPBU Pertamina 34-40239,-6.9548392,107.611733,4.1,1440,lainnya,"establishment,gas_station,point_of_interest",Jalan Haji Tatang Sumantri,-6.9546803,107.6114323
ChIJA2KlV_DoaC4R_OotDt-7iy8,Mitra Andi's,-6.954973099999999,107.610297,3.9,414,lainnya,"establishment,point_of_interest,travel_agency",Jalan Haji Tatang Sumantri,-6.9546803,107.6114323
ChIJGWOqHO7oaC4RaHqdSLMtMO0,Alfamart Mekar Utama,-6.9546999,107.6096039,4.0,232,finansial,"atm,convenience_store,establishment,finance,food",Jalan Haji Tatang Sumantri,-6.9546803,107.6114323
ChIJYbN-g6boaC4R1pu31fONmqw,AEON delight Indonesia,-6.9543918,107.611289,4.8,64,lainnya,"establishment,point_of_interest",Jalan Haji Tatang Sumantri,-6.9546803,107.6114323
ChIJu7gy9RnpaC4R7RJCKPVrRiI,Scuto Bandung Laminating Mobil,-6.955171,107.6107174,3.9,54,lainnya,"establishment,point_of_interest",Jalan Haji Tatang Sumantri,-6.9546803,107.6114323
ChIJy2cSE1TmaC4RRQNy_KccWG8,Sambal Lalap,-6.890932899999999,107.6170214,4.4,1030,katering,"establishment,food,point_of_interest,restaurant",Dipatiukur,-6.8923042,107.6178302
ChIJP6EbrbjCaC4RBo65qOwKqSk,Rumah Makan Barokah Sambal Rumbat Ibu Hj. Nunung,-6.9403071,107.6919533,4.2,168,katering,"establishment,food,point_of_interest,restaurant",Bulog Gedebage,-6.9402847,107.6921548
ChIJgzxRsrjCaC4RBFU0X_agIQI,Kirayacell Babakan Penghulu,-6.9402319,107.6918505,3.9,24,komersial,"establishment,point_of_interest,store",Bulog Gedebage,-6.9402847,107.6921548
ChIJURUdsrjCaC4RK1sIrllwJDM,Dokar - Donat Bakar,-6.940219799999999,107.6917752,4.6,17,katering,"cafe,establishment,food,point_of_interest",Bulog Gedebage,-6.9402847,107.6921548
ChIJ43Xl2rjCaC4RmawzwGf9Wvk,Sewa Molen Stamper Ahsan Jaya Teknik,-6.940000500000001,107.6920893,4.9,17,lainnya,"establishment,point_of_interest",Bulog Gedebage,-6.9402847,107.6921548
ChIJQZlxDwDDaC4RHoMu3kLz8Es,Agen JNE Express Cinambo,-6.9400147,107.6919706,2.4,16,lainnya,"establishment,point_of_interest",Bulog Gedebage,-6.9402847,107.6921548
ChIJvX4hagfmaC4Rt2JU_EVTu4o,McDonald's Soekarno Hatta,-6.9396632,107.6627055,4.4,7037,katering,"establishment,food,point_of_interest,restaurant",Kawaluyaan,-6.9389469,107.6635447
ChIJd9tPhxzoaC4RxHBKCi82lDU,Bali World Hotel,-6.9384194,107.6632457,4.2,3873,lainnya,"establishment,lodging,point_of_interest",Kawaluyaan,-6.9389469,107.6635447
ChIJj4-cXRzoaC4RANkMfEvc7XE,Ayam Bakar KQ5,-6.9393544,107.6646575,4.4,3203,katering,"establishment,food,point_of_interest,restaurant",Kawaluyaan,-6.9389469,107.6635447
ChIJa_aviBvoaC4Rv8NFFCmEfFM,SPBU Pertamina 34-40201,-6.939623099999999,107.6625278,4.0,927,lainnya,"establishment,gas_station,point_of_interest",Kawaluyaan,-6.9389469,107.6635447
ChIJoe3mXRzoaC4RUDUcV5qa31Q,BNI SOEKARNO-HATTA,-6.9392891,107.6654283,3.9,129,finansial,"atm,bank,establishment,finance,point_of_interest",Kawaluyaan,-6.9389469,107.6635447
ChIJ3_vZDM7naC4RA8TKJybNImY,Prima Rasa Bakery & Pastry,-6.9157642,107.6278733,4.6,5546,katering,"bakery,establishment,food,point_of_interest,store",Dinas Pendidikan Kota Bandung,-6.9164091,107.6286916
ChIJBUJ67CrmaC4RoOBT2qWETX8,Makmur Jaya Coffee Roasters - Soka,-6.9158462,107.6275339,4.7,2052,katering,"cafe,establishment,food,point_of_interest,store",Dinas Pendidikan Kota Bandung,-6.9164091,107.6286916
ChIJvcypxdHnaC4RTu_UTOOd53w,Radio Maestro,-6.918146999999999,107.6286806,4.7,375,lainnya,"establishment,point_of_interest",Dinas Pendidikan Kota Bandung,-6.9164091,107.6286916
ChIJHREpHC_maC4RFhuMcU-xCU8,Hotel Savoy Homann Bandung,-6.9219824,107.6104446,4.6,10379,lainnya,"establishment,lodging,point_of_interest",Monumen 0 KM Kota Bandung,-6.9216731,107.6110208
ChIJ66PbeC_maC4RMxLwD6swTL0,Kimaya Braga Bandung by HARRIS,-6.920725,107.6103814,4.5,6912,katering,"cafe,establishment,food,gym,health",Monumen 0 KM Kota Bandung,-6.9216731,107.6110208
ChIJvb_F9S7maC4RlNMf4GuKLSs,The Naripan Hotel,-6.9196594,107.6117445,3.9,2358,lainnya,"establishment,lodging,point_of_interest",Monumen 0 KM Kota Bandung,-6.9216731,107.6110208
ChIJT5aRFS_maC4Ry-3yZh3H5vY,Bank Mandiri Bandung Asia Afrika Utara,-6.921583,107.613429,4.3,509,finansial,"bank,establishment,finance,point_of_interest",Monumen 0 KM Kota Bandung,-6.9216731,107.6110208
ChIJGyzSoijmaC4RnczTYvkKTqk,Hotel Mawar,-6.9236328,107.6098026,4.1,453,lainnya,"establishment,lodging,point_of_interest",Monumen 0 KM Kota Bandung,-6.9216731,107.6110208
ChIJ0UobOZLnaC4RADXJoUL3FdU,Pusat Distro,-6.901821699999999,107.6549974,4.7,66,komersial,"clothing_store,establishment,point_of_interest,store",Seberang Terminal Cicaheum,-6.9020762,107.6567951
ChIJMXAkxZPnaC4RgKiPvfQwejQ,BEST CORPORATION SYARIAH,-6.9014934,107.652633,4.3,616,lainnya,"establishment,point_of_interest",Surapati Core,-6.9018313,107.6525389
ChIJ5___P5bnaC4RrxGlUv7xqIs,BSI KCP Suropaticore,-6.9014926,107.6525033,4.4,196,finansial,"bank,establishment,finance,point_of_interest",Surapati Core,-6.9018313,107.6525389
ChIJbYcYJ8TnaC4RYw0EagofrBM,LCC Motor,-6.90286,107.65386,4.4,154,lainnya,"car_repair,establishment,point_of_interest",Surapati Core,-6.9018313,107.6525389
ChIJ2wsK6JPnaC4RiEXbc9AbTok,Bank BTN Syariah KCPS Surapati Core,-6.9014979,107.652534,4.9,71,finansial,"atm,bank,establishment,finance,point_of_interest",Surapati Core,-6.9018313,107.6525389
ChIJU_6_wZPnaC4RWVGrFjkmYtQ,Rumah Buku Mufti Agency,-6.9020075,107.6526675,4.6,61,komersial,"book_store,establishment,point_of_interest,store",Surapati Core,-6.9018313,107.6525389
ChIJRZ5Jy8_naC4RbaecuNiq4BY,Siliwangi Store,-6.9160574,107.6303769,4.7,228,katering,"cafe,establishment,food,point_of_interest,store",Stadion Persib Sidolig,-6.9163321,107.6291928
ChIJg4U_eafCaC4RtJL_OrczonU,RSAI Bandung,-6.939800000000001,107.66879,4.5,4292,kesehatan,"establishment,health,hospital,point_of_interest",RS Al Islam,-6.9388706,107.6693348
ChIJS5JUeh3oaC4Rnqz74mWbqQo,Wuling Arista Soekarno Hatta,-6.938417299999999,107.6682104,4.5,352,komersial,"car_dealer,establishment,point_of_interest,store",RS Al Islam,-6.9388706,107.6693348
ChIJfzXRXKbCaC4R0GsFc6DrdYg,Bank Syariah Indonesia RS Al Islam Bandung,-6.9395868,107.6692246,4.9,148,finansial,"atm,bank,establishment,finance,point_of_interest",RS Al Islam,-6.9388706,107.6693348
ChIJjRsmTxHoaC4RfeFwqLKK1Fw,Bengkel mobil Mercedes-benz,-6.9382896,107.6675567,4.7,83,lainnya,"car_repair,establishment,point_of_interest",RS Al Islam,-6.9388706,107.6693348
ChIJJes0CzHmaC4RGHte8TlKLzo,Pengadilan Militer II - 09 Bandung,-6.9383653,107.6708634,4.9,36,lainnya,"courthouse,establishment,point_of_interest",RS Al Islam,-6.9388706,107.6693348
ChIJC-_z6F3maC4R9YlbiV2PN78,Ardan Hotel,-6.893303599999999,107.5991068,4.4,1453,lainnya,"establishment,lodging,point_of_interest",Makmur,-6.8941076,107.5990044
ChIJc5nj413maC4RHB4VaXLnmCw,RedDoorz @ Arwiga Hotel near RS Hasan Sadikin Bandung,-6.8929706,107.598898,4.0,163,lainnya,"establishment,lodging,point_of_interest",Makmur,-6.8941076,107.5990044
ChIJh1Em7F3maC4RvNslXn5bwEU,Pegadaian Sukajadi,-6.8935866,107.5990717,3.6,134,finansial,"establishment,finance,point_of_interest",Makmur,-6.8941076,107.5990044
ChIJAyX04F3maC4RwVhzw8GFDgM,BJS Bandung,-6.892729699999999,107.5992632,4.4,116,komersial,"establishment,point_of_interest,store",Makmur,-6.8941076,107.5990044
ChIJrRMIlJXmaC4RgxNX30glEFU,Rumah Mode Factory Outlet,-6.882943999999999,107.5996813,4.5,20617,komersial,"establishment,point_of_interest,store",Setiabudi Hegarmanah,-6.8829191,107.6023677
ChIJx43xAu3maC4RN3Nj-XoAHlA,Grand Serela Setiabudhi Bandung,-6.8810425,107.6012146,4.0,3107,lainnya,"establishment,lodging,point_of_interest",Setiabudi Hegarmanah,-6.8829191,107.6023677
ChIJC2awfPPmaC4RikmY3FDnodA,Asmila Boutique Hotel,-6.8819987,107.6001324,4.4,1037,lainnya,"establishment,lodging,point_of_interest",Setiabudi Hegarmanah,-6.8829191,107.6023677
ChIJOWkHke7maC4RLQsNrDNLzbE,Warung De Harmony,-6.881670799999999,107.6040646,4.7,528,katering,"establishment,food,point_of_interest,restaurant",Setiabudi Hegarmanah,-6.8829191,107.6023677
ChIJQdkdybjmaC4RoMuu0JWWpvs,Pusat Alat Bantu Dengar - Kasoem Hearing Centre - Bandung Setiabudi,-6.882697899999999,107.6017138,4.8,329,kesehatan,"doctor,establishment,health,point_of_interest,store",Setiabudi Hegarmanah,-6.8829191,107.6023677
ChIJs6XbsbXnaC4RbB14BvvPAKw,Pecel Kediri,-6.902903599999999,107.6211689,4.4,399,katering,"establishment,food,point_of_interest,restaurant",Seberang  Museum Geologi,-6.9012818,107.6211108
ChIJnfvQeGzoaC4Rems0KfzuNWU,Idea's Hotel,-6.9422526,107.6417498,4.2,1897,lainnya,"establishment,lodging,point_of_interest",SPBU Ibrahim Adjie,-6.9429006,107.6421592
ChIJnbKIeGvoaC4RYvZsg2kUm2A,SPBU Pertamina 34.40257,-6.9429618,107.6423049,4.2,1182,lainnya,"establishment,gas_station,point_of_interest",SPBU Ibrahim Adjie,-6.9429006,107.6421592
ChIJAYeQaTzmaC4RVXRhIX_AwTQ,Stasiun Bandung,-6.914646599999999,107.6024376,4.5,9989,transportasi,"establishment,point_of_interest,train_station,transit_station",Stasiun Hall,-6.9160396,107.602443
ChIJP1BNYjzmaC4RybjaJJHFqJg,Sate Hadori (Pusat),-6.915381,107.6028399,4.5,2898,katering,"establishment,food,point_of_interest,restaurant",Stasiun Hall,-6.9160396,107.602443
ChIJbQcCbj3maC4RiPguLTPDzh8,Zodiak Kebonjati Hotel Bandung,-6.9158976,107.600886,3.8,742,lainnya,"establishment,lodging,point_of_interest",Stasiun Hall,-6.9160396,107.602443
ChIJRZ94kjzmaC4RpkD9_N42xPM,Inti Medical Bandung,-6.9162647,107.6025106,4.5,696,kesehatan,"establishment,health,point_of_interest,store",Stasiun Hall,-6.9160396,107.602443
ChIJLzHN8rTnaC4R1JDh9p-ovRo,Citarum Hotel,-6.9043666,107.6230461,4.5,1711,lainnya,"establishment,lodging,point_of_interest",Ditjen Bina Konstruksi Kementerian PU,-6.9069055,107.622935
ChIJCyXzHLXnaC4RlAG3MDL5oFE,Selaras Guest House & Restaurant,-6.904762499999999,107.6237432,4.5,1198,katering,"establishment,food,lodging,point_of_interest,restaurant",Ditjen Bina Konstruksi Kementerian PU,-6.9069055,107.622935
ChIJmVhwb2DdaC4R3Z5CrV_YFOs,Rumah Aqiqah Bandung,-6.906719,107.6240203,4.9,904,katering,"establishment,food,point_of_interest",Ditjen Bina Konstruksi Kementerian PU,-6.9069055,107.622935
ChIJWSAvmzXmaC4R98cDCZXa8sU,Hotel Flores Gallery,-6.908075800000001,107.6179733,4.2,585,lainnya,"establishment,lodging,point_of_interest",Banda Saparua,-6.9072421,107.61695
ChIJB_XBkzXmaC4RVXWkSguERvo,Prudential Life Assurance. PT,-6.9069616,107.6173647,4.2,233,lainnya,"establishment,insurance_agency,point_of_interest",Banda Saparua,-6.9072421,107.61695
ChIJj8plTDTmaC4R1hTNNivSR5E,HijabChic,-6.9071592,107.6167037,4.4,154,komersial,"clothing_store,establishment,point_of_interest,store",Banda Saparua,-6.9072421,107.61695
ChIJi-TA9-PmaC4RyYchzZUld04,Vodjo,-6.9068805,107.6173268,4.8,75,lainnya,"establishment,point_of_interest",Banda Saparua,-6.9072421,107.61695
ChIJuTJoxzHmaC4RqFIm4O3Imzs,Hotel Santika Bandung,-6.9076176,107.6119761,4.5,4071,lainnya,"establishment,lodging,point_of_interest",Riau Junction,-6.9069916,107.6116846
ChIJtWvvKzbmaC4RF6iLVdibx50,The Summit Siliwangi Hotel,-6.9076621,107.6129418,4.3,1165,lainnya,"establishment,lodging,point_of_interest",Riau Junction,-6.9069916,107.6116846
ChIJj-zpi_LnaC4R94_5cYRdIXY,Gandasari Hotel,-6.9080239,107.6129776,4.1,845,katering,"cafe,establishment,food,lodging,point_of_interest",Riau Junction,-6.9069916,107.6116846
ChIJjzumOkjmaC4Rw7d1NB8ENmM,SERUNI PHOTOGRAPHY,-6.907119,107.6099735,4.5,557,lainnya,"establishment,point_of_interest",Riau Junction,-6.9069916,107.6116846
ChIJ2QJRoKPoaC4RENJdhXx1dbY,Grand Pasundan Convention Hotel,-6.9367396,107.593498,4.4,8349,lainnya,"establishment,lodging,point_of_interest",SDN Babakan Tarogong,-6.9384699,107.5940999
ChIJRYxjkKPoaC4RsJcWLLNeZD8,Fora Guest House Taman Lingkar,-6.9371638,107.5922848,4.5,726,katering,"establishment,food,lodging,point_of_interest,restaurant",SDN Babakan Tarogong,-6.9384699,107.5940999
ChIJ_27qu7zoaC4RDP2kR9O5HrY,SPBU Pertamina 34.402.42 Kopo,-6.9400443,107.592864,4.2,716,lainnya,"establishment,gas_station,point_of_interest",SDN Babakan Tarogong,-6.9384699,107.5940999
ChIJpQSuPKPoaC4RPWKLm1dtULs,Cookie Komunika,-6.9382131,107.5944733,4.0,210,komersial,"establishment,point_of_interest,store",SDN Babakan Tarogong,-6.9384699,107.5940999
ChIJI-_MjrvoaC4RLUE00RzPods,Maspion Servis Center,-6.9398925,107.593685,4.7,77,lainnya,"establishment,point_of_interest",SDN Babakan Tarogong,-6.9384699,107.5940999
ChIJp2Td_afoaC4RcPLWwn97umQ,HARRIS Hotel & Conventions Festlink Bandung,-6.929580800000001,107.5865762,4.6,9714,lainnya,"establishment,lodging,point_of_interest",Festival Citylink,-6.9291833,107.5871614
ChIJgehj_KfoaC4Rl7YUbnJLUPw,POP! Hotel Festival Citylink Bandung,-6.9294674,107.5861757,4.3,5213,lainnya,"establishment,lodging,point_of_interest",Festival Citylink,-6.9291833,107.5871614
ChIJH0ii7afoaC4R1Fy2BdGQhCY,LOTTE MART BANDUNG FESTIVAL CITY,-6.929807599999999,107.5866333,4.4,2377,finansial,"atm,establishment,finance,food,grocery_or_supermarket",Festival Citylink,-6.9291833,107.5871614
ChIJEYp46KfoaC4RCBn1TVt6Wvc,J.CO Donuts • festLink,-6.9294104,107.5870173,4.5,1352,katering,"bakery,cafe,establishment,food,point_of_interest",Festival Citylink,-6.9291833,107.5871614
ChIJj_-N7KfoaC4RD6Py5ISh-r0,Game Master Citylink,-6.9296558,107.5860381,4.7,704,lainnya,"establishment,point_of_interest",Festival Citylink,-6.9291833,107.5871614
ChIJ-_-vlU3maC4RJ6GnkQpl1rg,Se'i Sapi Lamalera,-6.8982585,107.6174532,4.6,11229,katering,"establishment,food,point_of_interest,restaurant",Gasibu,-6.8992242,107.6179718
ChIJ62TRiukaEQURhrh2QXSMi1I,Telkom Indonesia Graha Merah Putih Bandung,-6.898181,107.619195,4.6,1993,lainnya,"establishment,point_of_interest",Gasibu,-6.8992242,107.6179718
ChIJh_I2brPnaC4R7NL3POGbe2c,Bank Mandiri KCP Bandung Surapati,-6.8995012,107.6168693,4.6,675,finansial,"atm,bank,establishment,finance,point_of_interest",Gasibu,-6.8992242,107.6179718
ChIJq-Iz0O_naC4Rgw6iPBaO_RM,"DARMA Hipnoterapi Bandung - Terapi Kecemasan, Trauma & Luka Batin",-6.8970645,107.6147239,4.6,44,kesehatan,"establishment,health,point_of_interest",Panatayudha B,-6.8979463,107.6161299
ChIJNSo51U3maC4RfxP1xG0dJsA,Tricada Intronik (Tritronik),-6.899445099999999,107.6157758,4.8,43,lainnya,"establishment,point_of_interest",Panatayudha B,-6.8979463,107.6161299
ChIJl28eAVLmaC4Re36tDx9xkyI,Bank BRI Unit Dipatiukur,-6.896929,107.615871,3.0,28,finansial,"atm,bank,establishment,finance,point_of_interest",Panatayudha B,-6.8979463,107.6161299
ChIJc1znl03maC4Rugq9OyQehk8,Alfamart H. Hasan,-6.8983104,107.6176701,3.7,22,komersial,"convenience_store,establishment,food,grocery_or_supermarket,point_of_interest",Panatayudha B,-6.8979463,107.6161299
ChIJIbQAD1HmaC4RhLH1lPIedTM,Indomaret,-6.8939638,107.6135886,4.2,31,komersial,"convenience_store,establishment,food,point_of_interest,store",Rumah Sakit Santo Borromeus,-6.8942995,107.613073
ChIJPdIGdlbmaC4R98x7Rp8e128,Richeese Factory Dipatiukur,-6.8878312,107.6150776,4.3,3104,katering,"establishment,food,point_of_interest,restaurant",Masjid Baiturrahman,-6.8866077,107.6150134
ChIJixgIqvjmaC4RA4keBuYkLWM,Universitas Komputer Indonesia (UNIKOM),-6.8870248,107.61547,4.8,2003,pendidikan,"establishment,point_of_interest,university",Masjid Baiturrahman,-6.8866077,107.6150134
ChIJz_KoYfjmaC4RVjRB7TBndQs,Tune Hotel,-6.885809999999999,107.612488,4.2,1078,lainnya,"establishment,lodging,point_of_interest",Masjid Baiturrahman,-6.8866077,107.6150134
ChIJGZHPr_jmaC4RCTAPoM88AbQ,Rumah Makan Boga Raso,-6.885941099999999,107.6148699,4.5,176,katering,"establishment,food,point_of_interest,restaurant",Masjid Baiturrahman,-6.8866077,107.6150134
ChIJ3UJxLVTmaC4RpUrOPd80RLo,ATM BNI,-6.8867135,107.6151659,4.1,41,finansial,"bank,establishment,finance,point_of_interest",Masjid Baiturrahman,-6.8866077,107.6150134
ChIJ302SPE7maC4R9W_5uwI4JBo,CO&CO Space,-6.897841199999999,107.6137406,4.4,383,lainnya,"establishment,point_of_interest,real_estate_agency",Cikapayang Dago 2,-6.8988066,107.6135041
ChIJ377IO07maC4RS6Qfq3JLado,Loka Lima,-6.897841,107.613741,4.4,296,katering,"establishment,food,point_of_interest,restaurant",Cikapayang Dago 2,-6.8988066,107.6135041
ChIJN7mLXGDmaC4Rh2tKgTVpv2A,Little Tokyo Shabu Shabu,-6.8993657,107.6143648,4.8,260,katering,"establishment,food,point_of_interest,restaurant",Cikapayang Dago 2,-6.8988066,107.6135041
ChIJx7J8TvjmaC4RUTPQGXC9SZI,House Sangkuriang Bandung,-6.8845928,107.6115341,4.5,2621,lainnya,"establishment,lodging,point_of_interest",Babakan Siliwangi,-6.8851544,107.6115122
ChIJJQ4EI_jmaC4RzsRUvrgsuPE,Sasana Olahraga Ganesha (Saraga) ITB,-6.8856584,107.6103208,4.6,1668,lainnya,"establishment,point_of_interest",Babakan Siliwangi,-6.8851544,107.6115122
ChIJFQ2odfjmaC4REQwFAkT9Qtw,Saraga ITB Swimming Pool,-6.8862899,107.6106699,4.5,1561,lainnya,"establishment,point_of_interest",Babakan Siliwangi,-6.8851544,107.6115122
ChIJmRagq_nmaC4Ram4FE67Tx_E,cikopi di cisitu,-6.884199000000001,107.612381,4.6,1058,katering,"cafe,establishment,food,point_of_interest,store",Babakan Siliwangi,-6.8851544,107.6115122
ChIJ_zm31FHmaC4REH38Wr-v004,Oleh Oleh Bandung | Batagor Coy | Kuliner Bandung Paling Dicari,-6.896941099999999,107.6126385,4.5,627,katering,"establishment,food,point_of_interest,restaurant",SMAN 1 Bandung,-6.8954684,107.612791
ChIJ4_7_W1DmaC4RBk3bQTKGzRE,Ganesha Mocktail,-6.8948554,107.6115855,4.4,316,katering,"cafe,establishment,food,point_of_interest,restaurant",SMAN 1 Bandung,-6.8954684,107.612791
ChIJs_LdZlfmaC4Ra5u5jUbEPRU,Perpustakaan Pusat ITB,-6.8882232,107.610737,4.7,244,pendidikan,"establishment,library,point_of_interest",Sabuga ITB,-6.8877112,107.6092292
ChIJ7YKHu1DmaC4RoKArbfbZuEE,Teknik Kimia ITB,-6.888993999999999,107.6095767,4.9,62,lainnya,"establishment,point_of_interest",Sabuga ITB,-6.8877112,107.6092292
ChIJwSt9vFDmaC4Rz333YN2eJR4,UPT Layanan Bahasa ITB,-6.8881261,107.6094405,4.3,50,pendidikan,"establishment,point_of_interest,university",Sabuga ITB,-6.8877112,107.6092292
ChIJfayklvfmaC4RlAvDHG5ZbCE,Auditorium SBM ITB,-6.888227199999999,107.6090784,4.5,49,lainnya,"establishment,point_of_interest",Sabuga ITB,-6.8877112,107.6092292
ChIJ-VhA41fmaC4RRJzaZMFsgZ8,Tempat Parkir Sasana Budaya Ganesha (Sabuga),-6.8871588,107.6087282,3.3,36,lainnya,"establishment,parking,point_of_interest",Sabuga ITB,-6.8877112,107.6092292
ChIJg7HJZ1fmaC4RYXnj3NzjeCQ,Institut Teknologi Bandung,-6.890361700000001,107.6101912,4.8,6100,pendidikan,"establishment,point_of_interest,university",Tamansari ITB,-6.8898031,107.6081075
ChIJZ-igFlDmaC4RbwgZye2oLXY,Fakultas Teknik Mesin Dan Dirgantara (FTMD) ITB,-6.890005599999999,107.6088588,4.8,132,lainnya,"establishment,point_of_interest",Tamansari ITB,-6.8898031,107.6081075
ChIJgbMqmmTmaC4RHW-IFa4hGqY,HobbyStar,-6.8893904,107.6077154,4.6,76,komersial,"establishment,point_of_interest,store",Tamansari ITB,-6.8898031,107.6081075
ChIJaVZmKVjmaC4Rs7JjJTvoC0s,Sekolah Ilmu dan Teknologi Hayati ITB,-6.8895573,107.6095188,4.8,76,pendidikan,"establishment,point_of_interest,school",Tamansari ITB,-6.8898031,107.6081075
ChIJR_DSq1DmaC4RU7FHyo8fqoY,Aula Barat ITB,-6.892425100000001,107.6099353,4.7,1178,lainnya,"establishment,point_of_interest",Tamansari (Bonbin),-6.8933358,107.6083233
ChIJmfCdFlDmaC4R0BuE4ybz0rE,FTSL ITB: Fakultas Teknik Sipil dan Lingkungan ITB,-6.8928129,107.6102129,4.7,52,lainnya,"establishment,point_of_interest",Tamansari (Bonbin),-6.8933358,107.6083233
ChIJOUfqa0jmaC4RuMttIwAbwgs,Bank MNC International,-6.8994722,107.6131317,3.2,37,finansial,"bank,establishment,finance,point_of_interest",Cikapayang Dago 1,-6.8990682,107.612053
ChIJh8ptk-HmaC4RiTrpASMD0Rs,DANAMON BANDUNG JUANDA,-6.8992513,107.6130298,3.7,35,finansial,"bank,establishment,finance,point_of_interest",Cikapayang Dago 1,-6.8990682,107.612053
ChIJyeYjCvbmaC4RO40HZ14gpjo,Grand Tjokro Premiere Bandung,-6.886322799999999,107.6038342,4.5,16917,katering,"establishment,food,lodging,point_of_interest,restaurant",SDN 065 Cihampelas,-6.8870174,107.6041117
ChIJV6TPFlzmaC4RDKJOojwDuTU,Dapur Dahapati,-6.8873438,107.602383,4.5,3567,katering,"establishment,food,point_of_interest,restaurant",SDN 065 Cihampelas,-6.8870174,107.6041117
ChIJzfbKyljmaC4Ry8hNVUcvum0,Pertamina Gas Station 34.40121 Cihampelas,-6.8886453,107.6038247,4.3,1165,lainnya,"establishment,gas_station,point_of_interest",SDN 065 Cihampelas,-6.8870174,107.6041117
ChIJwywXyVjmaC4Rry4aYJ9MrCo,Collection O Cihampelas Near Ciwalk Formerly Regia Cihampelas,-6.8886805,107.6041684,4.2,641,lainnya,"establishment,lodging,point_of_interest",SDN 065 Cihampelas,-6.8870174,107.6041117
ChIJeVuVx7LnaC4RUFrOewi51WY,Dago Wisata Tour Umroh & Haji,-6.897737500000001,107.6224055,4.7,1088,lainnya,"establishment,point_of_interest,travel_agency",Distan Jabar,-6.8991317,107.6225183
ChIJ-___T7HnaC4RdJsIbGV4B2g,Rud Runner Surapati (Toko Sepatu Lari Bandung),-6.8990016,107.6211331,4.6,556,komersial,"establishment,point_of_interest,shoe_store,store",Distan Jabar,-6.8991317,107.6225183
ChIJb4sG37LnaC4Ra-TYl-UW_iw,Badan Kepegawaian Negara Kantor Regional III,-6.899261999999999,107.622659,4.4,257,lainnya,"establishment,point_of_interest",Distan Jabar,-6.8991317,107.6225183
ChIJrxC2xrLnaC4RMu9rDsmtv0g,DORM Casadenuca,-6.8982556,107.6219056,4.0,91,lainnya,"establishment,point_of_interest",Distan Jabar,-6.8991317,107.6225183
ChIJt0U20LLnaC4Rz08vANrtGaE,Unit Bisnis Tangki Air Minum,-6.8988644,107.6221182,4.2,68,lainnya,"establishment,point_of_interest",Distan Jabar,-6.8991317,107.6225183
ChIJu0lIwbXnaC4RZizxUG1F0cc,Rumah Makan Boemi Mitoha,-6.905252,107.6260676,4.6,8877,katering,"establishment,food,point_of_interest,restaurant",Pet Park,-6.9048721,107.6264722
ChIJM2kxPLXnaC4RbXrmeWFgDk4,Happy Go Lucky,-6.905995,107.6259643,4.5,604,komersial,"clothing_store,establishment,point_of_interest,store",Pet Park,-6.9048721,107.6264722
ChIJYUQOvbXnaC4RNvw98ZYANr8,Agro Meat Shop,-6.905637,107.625378,4.8,401,katering,"establishment,food,point_of_interest,store",Pet Park,-6.9048721,107.6264722
ChIJCfSWFTrmaC4R22PMVdzGW9A,Gedung Indonesia Menggugat,-6.913537499999999,107.608023,4.5,962,lainnya,"establishment,museum,point_of_interest,tourist_attraction",SMK Negeri 1 Bandung,-6.913012,107.6089856
ChIJt7PwHDrmaC4RVzrk8f7vDtc,SMKN 1 Kota Bandung,-6.9131564,107.6088987,4.8,630,pendidikan,"establishment,point_of_interest,school",SMK Negeri 1 Bandung,-6.913012,107.6089856
ChIJRXb8YannaC4RrSTFK5FbMYs,OYO 1446 Patradisa Hotel,-6.9123715,107.6090599,3.4,547,lainnya,"establishment,lodging,point_of_interest",SMK Negeri 1 Bandung,-6.913012,107.6089856
ChIJv8eA8DnmaC4RimfjfqP3dFQ,Radius Audioworks,-6.9121441,107.6088644,4.9,282,komersial,"car_repair,electronics_store,establishment,point_of_interest,store",SMK Negeri 1 Bandung,-6.913012,107.6089856
ChIJt7PmcTrmaC4RwUZ8-5FwgXc,Bank Indonesia Cabang Bandung,-6.914508499999999,107.6095587,4.2,242,finansial,"bank,establishment,finance,point_of_interest",SMK Negeri 1 Bandung,-6.913012,107.6089856
ChIJG4J-LcnnaC4RnHDNFm-ImSI,Calysta Skin Care Cendana,-6.908685999999999,107.6287284,4.9,254,kesehatan,"beauty_salon,establishment,health,point_of_interest",SDN 062 Ciujung Bandung (Lapangan Supratman B),-6.9072435,107.6296905
ChIJZeeNSbbnaC4R2xxK2quSHlM,Telkom Regional III,-6.9054445,107.629483,4.4,154,lainnya,"establishment,point_of_interest",SDN 062 Ciujung Bandung (Lapangan Supratman B),-6.9072435,107.6296905
ChIJzfLz2HLmaC4Rx--T3bd6rRU,Wahana Motor Bandung,-6.907803299999999,107.5831722,4.8,1349,komersial,"car_repair,establishment,point_of_interest,store",Abdurachman Saleh,-6.9075137,107.583161
ChIJgx0wO3PmaC4Rg7VS_jgYW7k,"Shop & Drive - Husein, Bandung",-6.907821299999999,107.5823479,4.9,392,komersial,"car_repair,establishment,point_of_interest,store",Abdurachman Saleh,-6.9075137,107.583161
ChIJH0eRmBbmaC4RaAAoBj1Nu1A,Apotek Kimia Farma Abdul Rahman Saleh,-6.907689,107.5840197,4.4,283,kesehatan,"establishment,health,pharmacy,point_of_interest,store",Abdurachman Saleh,-6.9075137,107.583161
ChIJ918zPHPmaC4RPQtsczJLk5E,Venus Barbershop,-6.9075006,107.5820008,4.5,277,kesehatan,"establishment,hair_care,health,point_of_interest",Abdurachman Saleh,-6.9075137,107.583161
ChIJ82DRO3PmaC4RLROSPT9rsY4,Mayasari Abdul Rahman Saleh - Bakery Oleh Oleh Khas Bandung,-6.907794200000001,107.5832703,4.9,124,katering,"bakery,establishment,food,point_of_interest,store",Abdurachman Saleh,-6.9075137,107.583161
ChIJ7RAw2cjnaC4Rj-fHswBWb6Y,Taman Superhero,-6.9108978,107.6305261,4.4,5169,rekreasi,"amusement_park,establishment,park,point_of_interest",Supratman 1,-6.9102039,107.6321664
ChIJ8Uigz8jnaC4R06vrl_rNtqI,Let's Go Gelato Bengawan,-6.911560499999999,107.6312602,4.6,1748,katering,"cafe,establishment,food,point_of_interest,store",Supratman 1,-6.9102039,107.6321664
ChIJNWKeOsnnaC4Rdu-GJx8wbVU,Biara Ursulin Bandung,-6.911573199999999,107.6328457,4.7,68,lainnya,"establishment,place_of_worship,point_of_interest",Supratman 1,-6.9102039,107.6321664
ChIJiS1CjsjnaC4RO2JbHYAOkyI,Kesbangpol Jawa Barat,-6.9098354,107.6323549,4.4,64,lainnya,"establishment,local_government_office,point_of_interest",Supratman 1,-6.9102039,107.6321664
ChIJ-YL9yU_maC4RRmiCJD_WzSM,Imajirent Bandung | Rental Kamera & Multimedia,-6.896452999999999,107.6169543,5.0,2629,komersial,"electronics_store,establishment,home_goods_store,point_of_interest,store",Panatayudha A,-6.8979268,107.6162121
ChIJdUFAPMzlaC4Rgfvm1XsI9gw,SPBU Pertamina 34-40519 Jend. H. Amir Machmud,-6.893161399999999,107.5581845,4.3,1430,lainnya,"establishment,gas_station,point_of_interest",Jalan Budi,-6.8921787,107.5580608
ChIJUxCL5MzlaC4RbR-Jxxm2aQM,Homestay Budihouse,-6.890789600000001,107.5589145,4.1,580,lainnya,"establishment,lodging,point_of_interest",Jalan Budi,-6.8921787,107.5580608
ChIJq6qqar3maC4ROPhbK44IQ_g,SMKN 11 Bandung,-6.8905271,107.5583301,4.7,332,pendidikan,"establishment,point_of_interest,school,secondary_school",Jalan Budi,-6.8921787,107.5580608
ChIJj2fx48zlaC4RmrNUag6ufTQ,Airy Eco Budi Cimahi,-6.8905806,107.5587424,4.0,199,lainnya,"establishment,lodging,point_of_interest",Jalan Budi,-6.8921787,107.5580608
ChIJnygdYMzlaC4RTds90VK4JMM,Indomaret,-6.891583,107.5578314,4.1,64,komersial,"convenience_store,establishment,food,point_of_interest,store",Jalan Budi,-6.8921787,107.5580608
ChIJHRU-DdvlaC4RWLZlTqklygU,SPBU Pertamina (SPBU Panghegar),-6.902728499999999,107.5646985,4.4,2828,lainnya,"establishment,gas_station,point_of_interest",SMAN 13 Bandung A,-6.9033251,107.5648355
ChIJdV6M8IHoaC4RcWrupc3iVxY,Veneta System Refill Center Cibeureum,-6.902560599999999,107.5648949,4.4,82,komersial,"establishment,point_of_interest,store",SMAN 13 Bandung A,-6.9033251,107.5648355
ChIJNf_IZtzlaC4RK38zXgAg1Yw,Indomaret,-6.905253099999999,107.5657372,4.2,52,komersial,"convenience_store,establishment,food,point_of_interest,store",SMAN 13 Bandung A,-6.9033251,107.5648355
ChIJg_8lGtvlaC4RI-XVpSnDHoU,"Batagor Bloder, Asrama Kipal",-6.9021988,107.5643984,4.8,36,katering,"establishment,food,point_of_interest,restaurant",SMAN 13 Bandung A,-6.9033251,107.5648355
ChIJT5K0DOHlaC4RscPbJ3-K1n4,PT Suryaputra Sarana,-6.913019599999999,107.5708934,4.5,477,komersial,"car_dealer,establishment,point_of_interest,store",Rajawali Barat,-6.9108914,107.5701692
ChIJewMr8ODlaC4RkZFRGmpb0f4,Indomaret Rajawali,-6.9109048,107.5704934,4.1,202,finansial,"atm,convenience_store,establishment,finance,food",Rajawali Barat,-6.9108914,107.5701692
ChIJN6ClG-HlaC4RehpgZareSuw,Bpr Ks,-6.9121253,107.5703017,4.7,141,finansial,"bank,establishment,finance,point_of_interest",Rajawali Barat,-6.9108914,107.5701692
ChIJoxS6YeLlaC4RC1JJUUEbnoU,Rajawali Neon Advertising,-6.9094584,107.5712918,4.7,127,lainnya,"establishment,general_contractor,point_of_interest",Rajawali Barat,-6.9108914,107.5701692
ChIJI5zOTODlaC4RyS9HrYk-noM,Toko pompa air submersable,-6.9115667,107.572245,4.9,119,lainnya,"establishment,point_of_interest",Rajawali Barat,-6.9108914,107.5701692
ChIJjbRDxOHlaC4RC-LoV7W3cj8,Rumah Sakit Rajawali,-6.9123965,107.5734226,4.3,1099,kesehatan,"establishment,health,hospital,point_of_interest",Plaza Telkom Rajawali,-6.9129112,107.5754041
ChIJqSkqdgrmaC4RtZ7d2rryYCE,BNI Rajawali Bandung,-6.912312699999999,107.5741198,4.1,45,finansial,"atm,bank,establishment,finance,point_of_interest",Plaza Telkom Rajawali,-6.9129112,107.5754041
ChIJXxL84YDoaC4RMQmkYGjE_MQ,In Parfume Fragrance,-6.9344652,107.6249294,4.5,20927,komersial,"clothing_store,establishment,point_of_interest,store",Hotel Horison A,-6.9343466,107.6253125
ChIJcUpTH3zoaC4RBirxUY_mhQ0,Hotel Benua,-6.9332984,107.625786,4.1,2911,lainnya,"establishment,lodging,point_of_interest",Hotel Horison A,-6.9343466,107.6253125
ChIJ-QDnQ3zoaC4R4tlQhsEg_GA,Super Indo Mall Piset Square,-6.9344,107.625683,4.3,413,katering,"establishment,food,grocery_or_supermarket,point_of_interest,store",Hotel Horison A,-6.9343466,107.6253125
ChIJQ16z8GnoaC4ROpNXa0Rz4gM,TribunJabar,-6.935846199999999,107.6261282,4.6,272,lainnya,"establishment,point_of_interest",Hotel Horison A,-6.9343466,107.6253125
ChIJ8zZfhJLoaC4RKP4Xhwsasls,Pd al ankabuy beras ciawi Pasar Kembar Mas,-6.9468583,107.609165,4.1,2292,lainnya,"establishment,point_of_interest",Simpang By Pass Soekarno Hatta B,-6.9483976,107.6087474
ChIJq6qqqj_paC4RG-XQ0LIkySA,J&T Express Agen Jabar (PT. Global Jet Express),-6.948272999999999,107.607118,3.0,1193,lainnya,"establishment,point_of_interest",Simpang By Pass Soekarno Hatta B,-6.9483976,107.6087474
ChIJVVVVxZLoaC4RmNbNYZgy2C4,SPBU Pertamina 34-40207,-6.9479128,107.6075944,4.2,743,lainnya,"establishment,gas_station,point_of_interest",Simpang By Pass Soekarno Hatta B,-6.9483976,107.6087474
ChIJO0S8OeLlaC4RPxhsYXkTedo,Giri Purwa Seni,-6.9481213,107.6087332,4.5,558,komersial,"establishment,point_of_interest,store",Simpang By Pass Soekarno Hatta B,-6.9483976,107.6087474
ChIJGSJoVu3oaC4RkpZSVzXFcc4,Lantai Dua Music Studio,-6.9491908,107.6095679,4.4,191,komersial,"establishment,point_of_interest,store",Simpang By Pass Soekarno Hatta B,-6.9483976,107.6087474
ChIJ19fmWPLoaC4RO-149HCtnaU,Indscript Creative,-6.9526546,107.6120745,4.8,234,lainnya,"establishment,point_of_interest",SPBU Moh. Toha,-6.9546052,107.6115668
ChIJfWsxlcXnaC4RVSy_E6TGO2Y,Jaya Makmur Shop,-6.9130841,107.6346274,4.6,119,lainnya,"car_repair,establishment,point_of_interest",SPBU Ahmad Yani,-6.9129503,107.6339249
ChIJT6uNqyXmaC4RUNBW9OmpG-8,Menara BRI Bandung,-6.9208761,107.6073907,4.6,812,lainnya,"establishment,point_of_interest,real_estate_agency",Kantor Pos Banceuy,-6.9205635,107.6064724
ChIJL4CdYS_maC4RA6WSGE0ELsI,Kantor Pos BANDUNG,-6.920793,107.6061199,4.0,503,finansial,"establishment,finance,point_of_interest,post_office",Kantor Pos Banceuy,-6.9205635,107.6064724
ChIJNUQ7zU_maC4REte6oO9OBsE,Dolarindo Money Changer Dago,-6.8978692,107.6125515,4.8,378,finansial,"establishment,finance,point_of_interest",Kartikasari A,-6.8975222,107.6127527
ChIJ89SjvzfmaC4R7B2ETspwK0M,D'Cost Seafood Bandung Indah Plaza,-6.9089916,107.6108989,4.2,1501,katering,"establishment,food,point_of_interest,restaurant",Bandung Indah Plaza,-6.9088987,107.6107066
ChIJEQNaKjbmaC4R_qD8KAWMmuA,RedDoorz Plus Near BIP,-6.907727299999999,107.6129711,4.6,135,lainnya,"establishment,lodging,point_of_interest",Bandung Indah Plaza,-6.9088987,107.6107066
ChIJ1TufmjDmaC4Rcpfrt-gbdVk,"Gereja Katedral Bandung, Santo Petrus",-6.9148463,107.6106056,4.8,5380,lainnya,"church,establishment,place_of_worship,point_of_interest,tourist_attraction",Merdeka,-6.9127381,107.6105131
ChIJf4jk_z7maC4RylVSNbeLDz8,Fabriku By Kenari | Toko Bahan Kaos Premium Sejak 1967,-6.911135600000001,107.6114903,4.7,224,komersial,"establishment,home_goods_store,point_of_interest,store",Merdeka,-6.9127381,107.6105131
ChIJG_bHazDmaC4Rt3nMaYCG5tk,éL Hotel Bandung,-6.9161169,107.6106194,4.6,21324,lainnya,"establishment,lodging,point_of_interest",Bank Indonesia,-6.9145476,107.6090706
ChIJSZ02fjvmaC4RgcZ1KgE2sL0,Kedaton Hotel Bandung,-6.915509,107.6078497,4.3,3290,lainnya,"establishment,lodging,point_of_interest",Bank Indonesia,-6.9145476,107.6090706
ChIJCSYyqzrmaC4RapU1u49o2HQ,Mandiri Unit Mikro Braga,-6.915336099999999,107.6087663,4.8,639,finansial,"atm,bank,establishment,finance,point_of_interest",Bank Indonesia,-6.9145476,107.6090706
ChIJQ8rnRDrmaC4RsZ2dZBcoXYo,PP PERSATUAN ISLAM (PERSIS),-6.914689999999999,107.607701,4.8,747,lainnya,"establishment,point_of_interest",Perintis Kemerdekaan,-6.9139566,107.6078989
ChIJZ9fF5DvmaC4RijrC0roRT-I,Arion Suites Hotel Bandung,-6.9132519,107.6041902,4.5,4189,lainnya,"establishment,lodging,point_of_interest",Stasiun Timur,-6.9153549,107.6044803
ChIJhWWPG5zoaC4RUTPRDdvwwGc,Rajawali Sport,-6.91515,107.6043621,4.5,251,komersial,"establishment,point_of_interest,store",Stasiun Timur,-6.9153549,107.6044803
ChIJW7ETk-qxaC4Rs12Jah21NMw,Bandung City Center,-6.912855299999999,107.6048355,4.3,196,lainnya,"establishment,lodging,point_of_interest",Stasiun Timur,-6.9153549,107.6044803
ChIJ7d_KNkjmaC4Rhl2eIxEKwq8,The Harvest Cakes,-6.9053289,107.6102687,4.5,1626,katering,"bakery,establishment,food,point_of_interest,store",Riau XL,-6.9067978,107.6096233
ChIJr9Q3Q0jmaC4RAzYBKB6lCgk,Bank DBS Indonesia,-6.9058452,107.6102835,4.6,239,finansial,"bank,establishment,finance,point_of_interest",Riau XL,-6.9067978,107.6096233
ChIJKWhcpUbmaC4RIIiBQwnPqCw,Sahabat Shuttle Cihampelas,-6.903109799999999,107.6044806,4.5,715,lainnya,"establishment,point_of_interest",Linggawastu,-6.9039636,107.6053609
ChIJ___vV0HmaC4RpaSg9VEB_Yg,Bobobox Pods Cipaganti,-6.9027376,107.6030524,4.6,445,lainnya,"establishment,lodging,point_of_interest",Linggawastu,-6.9039636,107.6053609
ChIJKQDOl0bmaC4RIuOFnMTbTF4,Urbanview Hotel Sakura Bandung,-6.903428,107.605302,4.3,179,lainnya,"establishment,lodging,point_of_interest",Linggawastu,-6.9039636,107.6053609
ChIJTzgWHz3kaC4RZ28wCl_ZzaY,Aberta Rental Mobil Bandung,-6.9259885,107.6065785,4.9,303,lainnya,"car_rental,establishment,point_of_interest",ITC Kebon Kalapa,-6.926731,107.6059089
ChIJR8p24SbmaC4RsWedCiu5tyQ,Bekam BRC Pusat Kota Bandung,-6.925856,107.6049672,5.0,60,kesehatan,"establishment,health,point_of_interest",ITC Kebon Kalapa,-6.926731,107.6059089
ChIJi-1SnSfmaC4Rv90SujgYw_s,Universitas Teknologi Bandung,-6.948221999999999,107.6011221,4.9,2628,pendidikan,"establishment,point_of_interest,university",Karasak Lama,-6.9479444,107.6021925
ChIJfwmLz5ToaC4RmHKbcYpmT6M,Nissan Soekarno Hatta Bandung,-6.948497,107.60166,4.4,238,komersial,"car_dealer,establishment,point_of_interest,store",Karasak Lama,-6.9479444,107.6021925
ChIJJ2505F3oaC4Rg14TU8bq9fM,PT. Surya Energi Indotama,-6.947635999999999,107.600879,4.8,199,lainnya,"establishment,point_of_interest",Karasak Lama,-6.9479444,107.6021925
ChIJkY4fZBToaC4R1ReBoKjHcvw,Auto Cemerlang,-6.9481457,107.6034645,4.4,187,lainnya,"car_repair,establishment,point_of_interest",Karasak Lama,-6.9479444,107.6021925
ChIJqxUmHGjoaC4Rse98vY0GKPE,Ron88,-6.9474808,107.6014287,2.7,104,lainnya,"establishment,point_of_interest",Karasak Lama,-6.9479444,107.6021925
ChIJh4pQXj3maC4RLAm7bM1eg1k,D'Sovia Hotel Bandung,-6.917201100000001,107.5980124,4.2,1233,lainnya,"establishment,lodging,point_of_interest",Seberang SMAN 4 Bandung,-6.919464,107.5982644
ChIJ_x7_dCPmaC4ROUQVPjjpYms,Hongkong Restaurant,-6.9203533,107.5991788,4.5,786,katering,"establishment,food,point_of_interest,restaurant",Seberang SMAN 4 Bandung,-6.919464,107.5982644
ChIJIZ-BUT3maC4R1Asv1GsIkXg,AHASS Daya Motor Gardujati,-6.9179749,107.5984387,4.8,786,komersial,"car_repair,establishment,point_of_interest,store",Seberang SMAN 4 Bandung,-6.919464,107.5982644
ChIJ_w0opCLmaC4R4rJkSs78V3w,Wellman Jewelry,-6.9192262,107.5981469,4.8,562,komersial,"establishment,jewelry_store,point_of_interest,store",Seberang SMAN 4 Bandung,-6.919464,107.5982644
ChIJ7WvvUz3maC4RBNOVRMUd2WY,GII Hok Im Tong - Gardujati,-6.918472,107.598232,4.6,366,lainnya,"church,establishment,place_of_worship,point_of_interest",Seberang SMAN 4 Bandung,-6.919464,107.5982644
ChIJ8fdT6BToaC4Rrl3xnYPR-BA,Ghotic Hotel,-6.944296899999999,107.6469949,4.2,2283,lainnya,"establishment,lodging,point_of_interest",SMK Medikacom,-6.9437949,107.6464771
ChIJCTIabRToaC4RsLO-EzGShF8,Jabar Ekspres,-6.943188399999999,107.6475051,4.4,105,lainnya,"establishment,point_of_interest",SMK Medikacom,-6.9437949,107.6464771
ChIJxVWrjRToaC4RtAsTo-5kbew,PT CMI Teknologi,-6.943211199999999,107.6478341,4.4,46,lainnya,"establishment,point_of_interest",SMK Medikacom,-6.9437949,107.6464771
ChIJRRdUyRToaC4RoRQYkkod5pM,Sekolah Menengah Kejuruan Medika Com,-6.9434618,107.6466496,4.3,44,pendidikan,"establishment,point_of_interest,school,secondary_school",SMK Medikacom,-6.9437949,107.6464771
ChIJq7WEXxToaC4Rr6R1nfXLYnA,RM Permata,-6.9436782,107.6479383,4.4,25,katering,"establishment,food,point_of_interest,restaurant",SMK Medikacom,-6.9437949,107.6464771
ChIJU9C_XmzoaC4RlXvj74zLJ90,Pertamina Spbu 31-40201,-6.9409081,107.6419596,4.4,1602,lainnya,"establishment,gas_station,point_of_interest",Sekejati,-6.9397909,107.642373
ChIJ46Msom3oaC4R__li30iAT7M,Kawan Lama Solution / Krisbow Bandung (Kiara Condong),-6.9405769,107.6419989,4.4,305,komersial,"establishment,home_goods_store,point_of_interest,store",Sekejati,-6.9397909,107.642373
ChIJsdHfFXXoaC4ROVchbY2g16k,KPP Madya Dua Bandung,-6.9385748,107.6413219,4.5,277,finansial,"accounting,establishment,finance,local_government_office,point_of_interest",Sekejati,-6.9397909,107.642373
ChIJgzxn5mzoaC4RhS9NzSKUCis,Indomaret Sekejati 14,-6.9402956,107.6434935,4.2,172,komersial,"convenience_store,establishment,food,point_of_interest,store",Sekejati,-6.9397909,107.642373
ChIJERxM9mzoaC4RWXa4OKFO_is,Dakota Cargo Kiaracondong,-6.9406852,107.6423676,4.3,147,lainnya,"establishment,point_of_interest",Sekejati,-6.9397909,107.642373
ChIJX98IfW3oaC4RXf6it4Rd4EY,Pamitran Jaya,-6.937112399999999,107.6425388,3.9,213,lainnya,"establishment,point_of_interest",Kebon Kangkung 11,-6.9380524,107.6424665
ChIJk0zUcG3oaC4RwmHMCJflLBY,Alfamart Kiaracondong 427,-6.9380587,107.6426344,4.0,48,komersial,"convenience_store,establishment,food,point_of_interest,store",Kebon Kangkung 11,-6.9380524,107.6424665
ChIJv_vms8LnaC4RU00pfvFmCrg,Indomaret,-6.935687499999999,107.64285,3.7,42,komersial,"convenience_store,establishment,food,point_of_interest,store",Kebon Kangkung 11,-6.9380524,107.6424665
ChIJSySSe3PoaC4ROiYRFoO97yQ,Griya Abhipraya Bapas Kelas I Bandung,-6.9383064,107.6425902,4.5,41,lainnya,"establishment,point_of_interest",Kebon Kangkung 11,-6.9380524,107.6424665
ChIJQz_Yg9TCaC4RK6efsQTGrJA,CFC Borma Cipadung,-6.926572999999999,107.710826,4.4,5486,katering,"establishment,food,point_of_interest,restaurant",Borma Cipadung,-6.9265413,107.7108139
ChIJNSY5Y9TCaC4RLAB8pXiW9zE,Zone 73,-6.9264109,107.7110554,4.4,1686,lainnya,"establishment,point_of_interest",Borma Cipadung,-6.9265413,107.7108139
ChIJXRA_m9TCaC4RflyAo_3iNuY,Borma Toserba Cipadung,-6.9265,107.71084,4.4,808,katering,"establishment,food,grocery_or_supermarket,point_of_interest,store",Borma Cipadung,-6.9265413,107.7108139
ChIJt6AAI9TCaC4RheOD9lMrel8,SPBU Pertamina 34-40605,-6.9289969,107.7119723,4.1,570,lainnya,"establishment,gas_station,point_of_interest",Borma Cipadung,-6.9265413,107.7108139
ChIJGzQavdTCaC4RppwDzNNnVGE,HokBen - Transmart Cipadung,-6.9254893,107.7107592,4.3,472,katering,"establishment,food,point_of_interest,restaurant",Borma Cipadung,-6.9265413,107.7108139
ChIJEZUu_NjCaC4RtrxpKj9GoVY,Planet Ban AH Nasution Karang Pamulang,-6.904125899999999,107.6711894,4.3,531,komersial,"car_repair,establishment,point_of_interest,store",Gang H.M. Syarief,-6.9043787,107.6718944
ChIJPSIOhPXnaC4RAJnEP77U3i4,Pusat Isi Ulang Oksigen Bandung {RFG},-6.9046677,107.6718551,4.3,149,kesehatan,"establishment,health,point_of_interest",Gang H.M. Syarief,-6.9043787,107.6718944
ChIJ1z3bZ2DdaC4RTYke_Pg3K4s,Toko Terpal,-6.904106100000001,107.6707336,4.1,119,komersial,"establishment,point_of_interest,store",Gang H.M. Syarief,-6.9043787,107.6718944
ChIJtflbNDjdaC4RdTq_kmfk5ms,Dcs Komputer,-6.9044056,107.6702215,4.6,78,komersial,"electronics_store,establishment,point_of_interest,store",Gang H.M. Syarief,-6.9043787,107.6718944
ChIJNfyQn5TnaC4R4ESatBjiW48,Bank Mandiri Bandung Ahmad Yani,-6.9046672,107.6512868,4.7,398,finansial,"atm,bank,establishment,finance,point_of_interest",Sulaksana,-6.9050201,107.6501141
ChIJ-WCQdjDmaC4RJ37IaZSoceU,Xtremax Teknologi Indonesia,-6.9038318,107.6491927,4.7,130,lainnya,"establishment,point_of_interest",Sulaksana,-6.9050201,107.6501141
ChIJUYCixJTnaC4RMogpAlTpL6A,Bank BNI,-6.905347,107.649552,4.0,84,finansial,"atm,bank,establishment,finance,point_of_interest",Sulaksana,-6.9050201,107.6501141
ChIJ69vunsbnaC4RlwQy5LWU92E,Sinar Sakti Matra Nusantara. PT,-6.904795699999999,107.65108,4.7,56,lainnya,"establishment,point_of_interest",Sulaksana,-6.9050201,107.6501141
ChIJHe0jtJTnaC4RGzhXGTL3NsA,Toko Jamu Engku,-6.9059184,107.6497728,4.6,51,katering,"cafe,establishment,food,point_of_interest,store",Sulaksana,-6.9050201,107.6501141
ChIJo5NvHcDnaC4RfahvhRR81s4,Jakartanotebook Bandung,-6.9068271,107.6457619,4.6,3365,komersial,"electronics_store,establishment,point_of_interest,store",Seberang Gateway Cicadas,-6.9073358,107.6459615
ChIJZXQepernaC4Rk_RE2vrpZsA,KHITAN DOKTER SENO,-6.90699,107.6459499,4.7,1078,kesehatan,"establishment,health,point_of_interest",Seberang Gateway Cicadas,-6.9073358,107.6459615
ChIJ1dLZlurnaC4RBM1d1uLmxZ0,Galleria Furniture,-6.907279,107.6462822,4.6,475,komersial,"establishment,furniture_store,home_goods_store,point_of_interest,store",Seberang Gateway Cicadas,-6.9073358,107.6459615
ChIJXXPbAsDnaC4RNuRJvHOkkrM,Holamigos at Gateway Cicadas,-6.906915,107.6450859,4.3,373,lainnya,"establishment,lodging,point_of_interest",Seberang Gateway Cicadas,-6.9073358,107.6459615
ChIJqStXvOrnaC4RUsnhLDY0FYE,Yamaha Cicadas Motor,-6.9073493,107.6461581,4.2,342,komersial,"car_repair,establishment,point_of_interest,store",Seberang Gateway Cicadas,-6.9073358,107.6459615
ChIJeSCzzernaC4Rl5J2vlBr0jQ,Indomaret Ahmad Yani 723,-6.9064605,107.6472029,4.5,86,komersial,"convenience_store,establishment,food,point_of_interest,store",BCA Cimuncang,-6.9061022,107.6483487
ChIJB_opxurnaC4R5CrO9KF6rHU,BCA KCU A. YANI,-6.906486999999999,107.648535,4.1,74,finansial,"atm,bank,establishment,finance,point_of_interest",BCA Cimuncang,-6.9061022,107.6483487
ChIJC_M81JTnaC4R9lZgjgCalvw,Percetakan Online Bandung,-6.9049575,107.6474722,4.9,67,komersial,"establishment,point_of_interest,store",BCA Cimuncang,-6.9061022,107.6483487
ChIJp9WqNLLnaC4R-pdAiIQ8CYU,Amalio Hotel Bandung,-6.8975934,107.6329765,4.0,443,lainnya,"establishment,lodging,point_of_interest",Jalaprang,-6.8982766,107.6321152
ChIJUb91aLDnaC4RxAZMCcDDrxQ,Universitas Sangga Buana,-6.8981051,107.6320104,4.4,54,pendidikan,"establishment,point_of_interest,university",Jalaprang,-6.8982766,107.6321152
ChIJmWoUdLDnaC4R52IRiy145Yo,Sekretariat Tiger Association Bandung (TAB),-6.8975271,107.6328682,4.9,49,lainnya,"establishment,point_of_interest",Jalaprang,-6.8982766,107.6321152
ChIJOVF3ObDnaC4R3-dtW-mYf5Y,mywhitebag,-6.8981815,107.6314323,4.4,31,komersial,"establishment,point_of_interest,store",Jalaprang,-6.8982766,107.6321152
ChIJZTxXWnXoaC4RGWyFcOptMoI,PT. Daese Garmin,-6.9206146,107.6441083,4.2,669,lainnya,"establishment,point_of_interest",Griya Kiaracondong,-6.922166,107.644463
ChIJr_iNNePnaC4RedkocdQ7Wdg,Blazbluz,-6.9218859,107.644986,4.8,341,komersial,"clothing_store,establishment,point_of_interest,store",Griya Kiaracondong,-6.922166,107.644463
ChIJPZOUq-DnaC4RSEk4NVH93sw,Indomaret Babakan Sari,-6.9220142,107.6454772,3.9,102,komersial,"convenience_store,establishment,food,point_of_interest,store",Griya Kiaracondong,-6.922166,107.644463
ChIJwXMPqeDnaC4R3Bm0Rvqxwrg,Bank bjb KCP Kebaktian,-6.922162699999999,107.6453352,4.7,47,finansial,"atm,bank,establishment,finance,point_of_interest",Griya Kiaracondong,-6.922166,107.644463
ChIJm8P5YuDnaC4RFLoXuBObR6k,Alfamart Expres,-6.9242335,107.6461924,3.7,32,komersial,"convenience_store,establishment,food,point_of_interest,store",Griya Kiaracondong,-6.922166,107.644463
ChIJNdAgctLnaC4RmJBBftPF8wM,Asus Authorized Service,-6.9175602,107.625995,4.1,462,lainnya,"establishment,point_of_interest",Segitiga Mas,-6.9178881,107.6258492
ChIJ-8X3G-zmaC4RZrTtmx314GI,Klinik Komputer,-6.9171852,107.6255765,4.9,115,lainnya,"establishment,point_of_interest",Segitiga Mas,-6.9178881,107.6258492
ChIJM0ibDyzmaC4Rn5QlFiBJv5Y,PT. Indomarco Prismatama,-6.902779,107.654913,4.3,710,komersial,"convenience_store,establishment,food,point_of_interest,store",Terminal Angkot Cicaheum,-6.9024362,107.6562115
ChIJGfjFA97naC4RuBPgPjxOlkY,TRANSTEL & NEC (PABX/CCTV),-6.9222557,107.6448848,4.3,24,lainnya,"establishment,point_of_interest",Seberang Griya Kiaracondong,-6.9220974,107.6442589
ChIJdUpZfBDoaC4Rfss-6sIvYPQ,SMKN 9 Kota Bandung,-6.940428000000001,107.656982,4.7,415,lainnya,"establishment,point_of_interest",SMKN 9 Bandung,-6.9404659,107.6568963
ChIJ8RH-JB3oaC4RXEW4hfZgIhY,Roofmart Bandung,-6.9407698,107.657602,4.9,111,komersial,"establishment,point_of_interest,store",SMKN 9 Bandung,-6.9404659,107.6568963
ChIJ3zWmFhroaC4R3ql0Y0pjX18,BCA KCP Metro Trade Centre,-6.9408521,107.6581779,4.0,63,finansial,"bank,establishment,finance,point_of_interest",SMKN 9 Bandung,-6.9404659,107.6568963
ChIJ06yeYcTnaC4RQ-WvP4QadfY,Kantor Wilayah Kementerian Hukum Jawa Barat,-6.914397999999999,107.637693,4.8,641,lainnya,"establishment,local_government_office,point_of_interest",Kebon Waru,-6.9145037,107.6382039
ChIJL5-D2C7maC4Rwp3ScN8HIJA,PT BESTPROFIT FUTURES | Bandung|Official,-6.914555,107.636891,4.0,537,finansial,"establishment,finance,point_of_interest",Kebon Waru,-6.9145037,107.6382039
ChIJQWyU77XnaC4RXiSbtIRAjtw,Kriste Bakery,-6.915922900000001,107.6370201,4.5,196,katering,"bakery,establishment,food,point_of_interest,store",Kebon Waru,-6.9145037,107.6382039
ChIJbSUJf8TnaC4RFFlUR-rqMKg,Politeknik STT Tekstil Bandung,-6.913585299999999,107.639876,4.6,72,pendidikan,"establishment,point_of_interest,university",Kebon Waru,-6.9145037,107.6382039
ChIJB_jpfsTnaC4RaraQ5O9YTgk,Lintas Mediatama. PT,-6.9146418,107.6397476,4.8,60,lainnya,"establishment,point_of_interest",Kebon Waru,-6.9145037,107.6382039
ChIJf8WKn8PnaC4RZXdkoV56_dA,Kejaksaan Negeri Kota Bandung,-6.914383,107.640782,4.1,310,lainnya,"establishment,point_of_interest",MUJ Jalan Banten,-6.914282,107.6399073
ChIJf8WKn8PnaC4RHaeG9iveAtU,Kantorpos Bandung Kebon Waru,-6.914441399999999,107.6389569,4.5,46,finansial,"establishment,finance,point_of_interest,post_office",MUJ Jalan Banten,-6.914282,107.6399073
ChIJZ_e-s-LnaC4RRkfwSeJ7eH4,KURSUS MENGEMUDI QYU'AR,-6.9188659,107.644,5.0,657,lainnya,"establishment,point_of_interest",Daese Garmin,-6.9194503,107.6440979
ChIJdaezHN7naC4RI5cpUSWtXLU,"AKAPACK KEMASAN (PLASTIK, BOTOL, MESIN, CETAK KEMASAN)",-6.9190669,107.6444139,4.6,391,katering,"establishment,food,point_of_interest,store",Daese Garmin,-6.9194503,107.6440979
ChIJtQgTT93naC4RAVp-KO59e9Q,Artha Motor,-6.9171841,107.644219,3.8,34,komersial,"establishment,point_of_interest,store",Daese Garmin,-6.9194503,107.6440979
ChIJdWIk9ETmaC4RUFHUlmEf4_c,Kartika Sari Antapani,-6.913854600000001,107.6442657,4.5,913,katering,"bakery,establishment,food,point_of_interest,store",Flyover Antapani,-6.9139486,107.6429873
ChIJrbHtL-7naC4RX_OveOXtqCM,Bank CIMB Niaga - Ahmad Yani,-6.9138856,107.6442013,4.3,216,finansial,"atm,bank,establishment,finance,point_of_interest",Flyover Antapani,-6.9139486,107.6429873
ChIJBX7OcMIaEQURfJOHmwmwHy0,STIKOM BANDUNG,-6.9124325,107.6439553,4.4,137,pendidikan,"establishment,point_of_interest,university",Flyover Antapani,-6.9139486,107.6429873
ChIJp31gcPfnaC4Rg9Nzn-V2TLk,Anta Futsal,-6.913352799999999,107.6444062,4.1,126,lainnya,"establishment,point_of_interest",Flyover Antapani,-6.9139486,107.6429873
ChIJtxZSv3ToaC4Ro5PM3MHGaE4,Pikmi Rajawali,-6.9144491,107.643924,4.8,96,lainnya,"establishment,point_of_interest",Flyover Antapani,-6.9139486,107.6429873
ChIJSQyKPr7maC4R9N4nRr8oAHM,Universitas Pasundan,-6.866502,107.593245,4.6,424,pendidikan,"establishment,point_of_interest,university",Poltekpar NHI,-6.868262,107.5937728
ChIJhwtVQWvmaC4RCmq7ZgeY4K0,Andi's Travel,-6.9073414,107.5930686,3.7,1013,lainnya,"establishment,lodging,point_of_interest",SMK Negeri 12 Bandung,-6.9070245,107.592526
ChIJB07p5WvmaC4RNvdrXIHiYZs,SAMSAT Pajajaran,-6.906750199999999,107.5933807,3.5,810,lainnya,"establishment,local_government_office,point_of_interest",SMK Negeri 12 Bandung,-6.9070245,107.592526
ChIJGcJoFGvmaC4RbYgjaHCW9X4,Pramita Bandung Pajajaran,-6.906658299999999,107.5936142,4.6,481,kesehatan,"establishment,health,point_of_interest",SMK Negeri 12 Bandung,-6.9070245,107.592526
ChIJh_9ca7XnaC4RcQwJP4uEj40,SMKN 12 Kota Bandung,-6.9062864,107.5924229,4.6,396,pendidikan,"establishment,point_of_interest,school,secondary_school",SMK Negeri 12 Bandung,-6.9070245,107.592526
ChIJ-T9NamvmaC4RSFp8kWl_v6c,BSI KCP Bandung Pajajaran,-6.9069654,107.5947368,4.7,178,finansial,"atm,bank,establishment,finance,point_of_interest",Padjajaran 2,-6.9069702,107.5941122
ChIJJz2FkBnmaC4R9VbhmgQMkvI,Toko Buku Merauke,-6.9204282,107.5928507,4.6,3075,komersial,"book_store,establishment,point_of_interest,store",Sukamanah,-6.9196251,107.5937395
ChIJ_aQGuxDmaC4R-irof35oIgs,Serela Waringin Hotel,-6.917548,107.5927659,3.9,2128,lainnya,"establishment,lodging,point_of_interest",Sukamanah,-6.9196251,107.5937395
ChIJVf9X9xnmaC4Rd8VjlnwF53E,Yessika Roti (Cucu),-6.919227999999999,107.5922632,4.6,1105,katering,"bakery,establishment,food,point_of_interest,store",Sukamanah,-6.9196251,107.5937395
ChIJGbUeShjmaC4RXogdFr_WfoQ,Wijaya Motor - Dealer & Bengkel Resmi Sepeda Motor Honda,-6.919908299999999,107.5951417,4.7,455,komersial,"car_repair,establishment,point_of_interest,store",Sukamanah,-6.9196251,107.5937395
ChIJi83pVBjmaC4Rd5tOoE5YooI,Cronos Instant Print (Digital Printing Bandung),-6.9207269,107.5934293,4.7,238,komersial,"establishment,point_of_interest,store",Sukamanah,-6.9196251,107.5937395
ChIJfQ4b9JnoaC4RrCP9RrE4r8Y,Museum Sri Baduga,-6.9380098,107.6037419,4.5,4714,lainnya,"establishment,museum,point_of_interest",Simpang Otista Astana Anyar,-6.93537,107.6032818
ChIJk6cNZpnoaC4Rj4DWdoSz9Nc,Mercy Duta Phone,-6.935167,107.6029958,4.7,247,komersial,"establishment,point_of_interest,store",Simpang Otista Astana Anyar,-6.93537,107.6032818
ChIJY0bm04XoaC4REmXbxxWTsN4,99 Custom Choppers / Garage 99 Custom,-6.9328976,107.6023356,4.6,160,komersial,"car_repair,establishment,point_of_interest,store",Simpang Otista Astana Anyar,-6.93537,107.6032818
ChIJiymlR5noaC4Rfg4XlObb80o,Gudang Militer,-6.9344117,107.6024241,4.4,23,komersial,"clothing_store,establishment,point_of_interest,store",Simpang Otista Astana Anyar,-6.93537,107.6032818
ChIJhz-iWPnlaC4RKtG6iH40_Zw,Bebek Goreng Pelana,-6.9325165,107.6031141,4.1,279,katering,"establishment,food,point_of_interest",Taman Tegallega,-6.934006,107.6033297
ChIJ5TFPtpnoaC4R1rPxriab0jo,Muara Digital Printing,-6.9374454,107.6013315,4.6,50,lainnya,"establishment,point_of_interest",Seberang Museum Sri Baduga,-6.9372643,107.6039406
ChIJvVzoPZLoaC4RobmFvJrij5U,Maticholic,-6.938986099999999,107.6030299,4.0,20,komersial,"car_repair,establishment,point_of_interest,store",Seberang Museum Sri Baduga,-6.9372643,107.6039406
ChIJNbtJr5HoaC4RW0CjZnQZG6o,KP16 Knalpot,-6.9459715,107.608769,4.4,677,komersial,"car_repair,establishment,point_of_interest,store",TK Kemala Bhayangkari,-6.9454217,107.6083271
ChIJW3SAGZLoaC4RUMtWXZ94Atk,9Autoworks,-6.944201,107.608584,4.0,175,lainnya,"car_repair,establishment,point_of_interest",TK Kemala Bhayangkari,-6.9454217,107.6083271
ChIJdchtapLoaC4RP5MoyRDH6io,TB. Bintang Jaya,-6.945236299999999,107.6082234,4.8,82,komersial,"establishment,point_of_interest,store",TK Kemala Bhayangkari,-6.9454217,107.6083271
ChIJO35WPJLoaC4Rqq3fhsOmxUQ,Jaya Carpet,-6.9445089,107.6079637,4.7,41,komersial,"establishment,home_goods_store,point_of_interest,store",TK Kemala Bhayangkari,-6.9454217,107.6083271
ChIJP2goA2voaC4RvEGWJ_gy3NU,Honda Naga Mas Bandung,-6.9473235,107.6345688,4.8,5484,komersial,"establishment,point_of_interest,store",Taman Buah Batu,-6.9484506,107.6339645
ChIJw5NFnpzraC4RlDmkhRhvsX0,PT. Akur Pratama Yogya Center,-6.9496451,107.6342247,4.4,2362,komersial,"department_store,establishment,point_of_interest,store",Taman Buah Batu,-6.9484506,107.6339645
ChIJWSI8J2joaC4RZXFP2rViGLo,SPBU Pertamina 34-40202,-6.947776999999999,107.635359,4.2,1202,lainnya,"establishment,gas_station,point_of_interest",Taman Buah Batu,-6.9484506,107.6339645
ChIJNQu6dNLnaC4RqKw3rZeOwiA,Service Laptop Bandung Bisa Di Tunggu (Babacombandung),-6.9487621,107.6338546,4.7,508,komersial,"electronics_store,establishment,point_of_interest,store",Taman Buah Batu,-6.9484506,107.6339645
ChIJffk1t0LoaC4R1s51Voer138,Aice,-6.948947100000001,107.6340062,3.8,148,lainnya,"establishment,point_of_interest",Taman Buah Batu,-6.9484506,107.6339645
ChIJnSNE3ifDaC4R8_mLMfdg8hs,McDonald's • Cibiru,-6.934358899999999,107.717841,4.4,10843,katering,"establishment,food,point_of_interest,restaurant",Bundaran Cibiru,-6.9353841,107.7175884
ChIJn7zx_CfDaC4ROC1wvG1Z_i8,Apotek Al Ma'soem 2,-6.9343236,107.7172692,3.7,204,kesehatan,"establishment,health,pharmacy,point_of_interest,store",Bundaran Cibiru,-6.9353841,107.7175884
ChIJIXezCSfDaC4RDDl9HjMuqbM,PO City Trans Utama Bandung,-6.935829099999999,107.7180161,4.4,104,lainnya,"establishment,point_of_interest",Bundaran Cibiru,-6.9353841,107.7175884
ChIJwXUUdijDaC4RQY5qD7cGP1I,Alfamart Manisi,-6.934348399999999,107.71815,2.9,90,komersial,"convenience_store,establishment,food,grocery_or_supermarket,point_of_interest",Bundaran Cibiru,-6.9353841,107.7175884
ChIJwWsZL_nmaC4R7mIrF5b1o9g,Indiz Music School Dago,-6.884004999999999,107.611696,4.8,22,lainnya,"establishment,point_of_interest",Sangkuriang,-6.884347,107.611575
ChIJzfndH0_maC4RwKuVTn5pmpY,Pizza Hut Restoran,-6.9009659,107.612507,4.8,5834,katering,"establishment,food,point_of_interest,restaurant",La Belle Cikapayang,-6.8995138,107.6126412
ChIJ56NixvzmaC4RU-V9j6Si7vU,Hanamasa,-6.901044199999999,107.6125152,4.6,3481,katering,"establishment,food,point_of_interest,restaurant",La Belle Cikapayang,-6.8995138,107.6126412
ChIJ82NZME_maC4R6uYxHSeiJsU,Four Points by Sheraton Bandung,-6.901264299999999,107.6125243,4.6,6590,lainnya,"establishment,lodging,point_of_interest",Superindo Dago,-6.9018271,107.6119221
ChIJ_QTi6ScUby4RhP0RyLNRjk4,The Luxton Bandung Hotel,-6.9038021,107.6113664,4.4,5083,lainnya,"establishment,lodging,point_of_interest",Superindo Dago,-6.9018271,107.6119221
ChIJ4_7___rmaC4REFVkJMfaMTA,KFC,-6.9017273,107.6121559,4.5,4883,katering,"establishment,food,meal_takeaway,point_of_interest,restaurant",Superindo Dago,-6.9018271,107.6119221
ChIJPehdNyTmaC4R8RnLjtpIgkg,Dunkin' Donuts,-6.9222494,107.6060357,4.4,480,katering,"bakery,cafe,establishment,food,point_of_interest",Bandros Alun-alun,-6.9224368,107.6072114
ChIJfRb4Q7rCaC4RUu5jmKBRW4o,SPBU Pertamina 34-40209,-6.9367837,107.6914399,4.3,1168,lainnya,"establishment,gas_station,point_of_interest",Simpang Gedebage,-6.9372789,107.6915537
ChIJk00thBToaC4RzhcBAbQcnyI,Platinum Ceramics Showroom,-6.937757899999999,107.6908098,3.7,137,komersial,"establishment,point_of_interest,store",Simpang Gedebage,-6.9372789,107.6915537
ChIJT4ssrrnCaC4RaxxvMl3fAss,PT. Rancang Indah Sentosa (Rise Bedding),-6.9376463,107.6892556,4.5,27,lainnya,"establishment,point_of_interest",Simpang Gedebage,-6.9372789,107.6915537
ChIJ0ZghcrjCaC4REsSsCW6ub90,PT. SOLUSI BANGUN BETON,-6.9367895,107.6899496,4.1,22,lainnya,"establishment,point_of_interest",Simpang Gedebage,-6.9372789,107.6915537
ChIJDb0WcLjCaC4R4K_NnOJUCpo,Dc Yogya,-6.9372751,107.6918578,4.5,21,lainnya,"establishment,point_of_interest",Simpang Gedebage,-6.9372789,107.6915537
ChIJc-Pmln3maC4RhOCcDF4cckA,Verona Palace Hotel,-6.8891984,107.5822093,4.3,1364,lainnya,"establishment,lodging,point_of_interest",Simpang Surya Sumantri Pasteur,-6.8915583,107.581272
ChIJc1JjPGnmaC4R1VPu5DkpJYc,Warung Cepot - Pasteur,-6.892583399999999,107.5832217,4.5,1323,katering,"establishment,food,point_of_interest,restaurant",Simpang Surya Sumantri Pasteur,-6.8915583,107.581272
ChIJZ53WTnzmaC4RfLSqDjAeOic,RedDoorz Syariah near BTC Fashion Mall,-6.8911659,107.5819796,3.2,333,lainnya,"establishment,lodging,point_of_interest",Simpang Surya Sumantri Pasteur,-6.8915583,107.581272
ChIJlUetmH3maC4RQqm21yT0IFw,Casa Feby Guest House & Kost,-6.8897252,107.5826244,3.5,313,lainnya,"establishment,lodging,point_of_interest",Simpang Surya Sumantri Pasteur,-6.8915583,107.581272
ChIJqT2i9EDmaC4RX7CS8i2amQ0,Kehidupan Tidak Pernah Berakhir,-6.906878900000001,107.5983584,4.5,6836,katering,"establishment,food,point_of_interest,restaurant",SDN Pajajaran,-6.906799,107.6000469
ChIJF3BHNEDmaC4R0-j7sGMcV_w,Ruby Hotel Syariah,-6.9054766,107.5991134,4.6,1146,lainnya,"establishment,lodging,point_of_interest",SDN Pajajaran,-6.906799,107.6000469
ChIJxyL4FEDmaC4RC9ArJVJAuqo,PO Nusantara,-6.9070401,107.5990611,4.3,770,lainnya,"establishment,point_of_interest,travel_agency",SDN Pajajaran,-6.906799,107.6000469
ChIJu72kM0DmaC4RfE-zdGFyN6w,Balai Kerajaan Saksi-Saksi Yehuwa,-6.9058085,107.5987735,4.8,194,lainnya,"church,establishment,place_of_worship,point_of_interest",SDN Pajajaran,-6.906799,107.6000469
ChIJBWGpVN3naC4RCI5z3tr6fiQ,Puding Pandan Green Leaf,-6.907089399999999,107.5996558,4.7,30,katering,"establishment,food,point_of_interest,store",SDN Pajajaran,-6.906799,107.6000469
ChIJYVlqekfmaC4R0xq56GBXkt0,Toko Sakura Medical,-6.907423199999999,107.6063413,4.2,280,kesehatan,"establishment,health,point_of_interest,store",Kimia Farma Cicendo,-6.9078665,107.6045445
ChIJ-QyGSEfmaC4RlI3kJCWh0dQ,PT.Kimia Farma Unit Research And Development,-6.90609,107.6041213,4.6,220,lainnya,"establishment,point_of_interest",Kimia Farma Cicendo,-6.9078665,107.6045445
ChIJYzQtuz7maC4Rcf2QiM5xvMc,Grand Sovia Hotel,-6.9123731,107.6027986,4.2,4393,lainnya,"establishment,lodging,point_of_interest",Stasiun Bandung,-6.9126596,107.6029202
ChIJ4_Flrj7maC4RNtkaGWYTdYo,Geary Hotel,-6.9124802,107.6032755,4.5,1735,lainnya,"establishment,lodging,point_of_interest",Stasiun Bandung,-6.9126596,107.6029202
ChIJ_yREwj7maC4R5GLAOtN05f8,Hotel Serena Bandung,-6.911797,107.602606,3.8,1424,lainnya,"establishment,lodging,point_of_interest",Stasiun Bandung,-6.9126596,107.6029202
ChIJed-ZI0vmaC4Rt_5Ipg-qJVI,Rumah Kemasan Bandung,-6.916404900000001,107.635521,4.6,91,lainnya,"establishment,point_of_interest",GOR KONI,-6.914741,107.6362581
ChIJozObds_naC4RlTeZ7OX36J4,Indomaret Ahmad Yani 269,-6.914288,107.632291,3.9,138,komersial,"convenience_store,establishment,food,grocery_or_supermarket,point_of_interest",IBCC,-6.9143539,107.6328349
ChIJP-dJhZPnaC4R_7WOrmZol3E,Dinas Kebudayaan dan Pariwisata Kota Bandung,-6.9135898,107.6335535,3.9,46,lainnya,"establishment,local_government_office,point_of_interest",IBCC,-6.9143539,107.6328349
ChIJES5Vgs_naC4R6l8-Wb38qv4,Mitra Tunggal Jaya,-6.914629000000001,107.632824,5.0,31,komersial,"establishment,point_of_interest,store",IBCC,-6.9143539,107.6328349
ChIJP69aYsXnaC4RK_97XydmezI,Butik Lampu,-6.915177,107.6333551,3.9,20,komersial,"establishment,home_goods_store,point_of_interest,store",IBCC,-6.9143539,107.6328349
ChIJGSHlY8XnaC4R4leag59HfD4,Philips Home Lighting Store IBCC Bandung,-6.9150854,107.6336744,3.9,15,komersial,"establishment,home_goods_store,point_of_interest,store",IBCC,-6.9143539,107.6328349
ChIJ81Y4fcXnaC4RVatYhqszwDg,Rensa Wallpaper IBCC,-6.914950699999999,107.6335375,4.7,358,komersial,"establishment,general_contractor,home_goods_store,point_of_interest,store",Jalan Bengawan,-6.9140157,107.6331754
ChIJ37F6yM_naC4R6CzuEKv6oT8,Gereja HKBP Bandung Reformanda Ress. Bandung Tengah,-6.915832399999999,107.631053,4.8,134,lainnya,"church,establishment,place_of_worship,point_of_interest",Jalan Mangga,-6.9150747,107.6310523
ChIJtWJfNc7naC4RVb9Hksad42s,Madu Perhutani,-6.9158824,107.6302858,4.4,45,komersial,"establishment,point_of_interest,store",Jalan Mangga,-6.9150747,107.6310523
ChIJMTGMLc7naC4RBe3GY7oAYTU,Tahu Yun Yi,-6.9162934,107.6305725,4.2,40,katering,"establishment,food,point_of_interest,restaurant,store",Jalan Mangga,-6.9150747,107.6310523
ChIJNb2mzcbnaC4RdFFxWOW-b8g,Rumah Sakit Ibu dan Anak Al Islam Cicadas,-6.9093874,107.6390224,4.6,1363,kesehatan,"establishment,health,hospital,point_of_interest",Jembar Awi Bitung,-6.9106371,107.6395012
ChIJVyPTocbnaC4RYN2nOVEcEwM,Awug Cibeunying,-6.9112606,107.638171,4.7,1001,katering,"bakery,establishment,food,point_of_interest,store",Jembar Awi Bitung,-6.9106371,107.6395012
ChIJwYL6O2joaC4RW2NZoG1qG5g,New Emerald Body Repair Bandung,-6.9108014,107.6390779,4.0,140,lainnya,"car_repair,establishment,point_of_interest",Jembar Awi Bitung,-6.9106371,107.6395012
ChIJB6vlyUvmaC4RX9_7LK45Cn4,Islamic Fashion Institute,-6.911865199999999,107.6384,4.9,124,lainnya,"establishment,point_of_interest",Jembar Awi Bitung,-6.9106371,107.6395012
ChIJbYcYJ8TnaC4RcKXyNnCmi6s,BNI Cicadas,-6.9099897,107.6403659,4.2,111,finansial,"atm,bank,establishment,finance,point_of_interest",Jembar Awi Bitung,-6.9106371,107.6395012
ChIJ959lJcTnaC4RC5qz7Ze6z5o,Pertamina SPBU 34-40249,-6.912314599999999,107.6370162,4.2,1263,lainnya,"establishment,gas_station,point_of_interest",Simpang Cikaso - Bogor,-6.9118447,107.6372176
ChIJq7U0otbnaC4RzZe6rb2trtk,SPBU 3440236 LASWI,-6.9233794,107.6279221,4.4,1950,lainnya,"establishment,gas_station,point_of_interest",Simpang Laswi Gatot Subroto 2,-6.9236573,107.6278986
ChIJL79cM9TnaC4RH-n2fmZVLKU,La Nostalgie Boutique Hotel Bandung,-6.924826899999999,107.6262227,4.4,438,lainnya,"establishment,lodging,point_of_interest",Simpang Laswi Gatot Subroto 2,-6.9236573,107.6278986
ChIJrT9QKdTnaC4R7DiGz7l01vY,LBC Gatsu,-6.924678999999999,107.62709,4.5,422,lainnya,"beauty_salon,establishment,point_of_interest",Simpang Laswi Gatot Subroto 2,-6.9236573,107.6278986
ChIJmRoWxtbnaC4R5ISuDSPqmFM,STIA Bagasasi,-6.9239944,107.6288915,4.1,127,pendidikan,"establishment,point_of_interest,university",Simpang Laswi Gatot Subroto 2,-6.9236573,107.6278986
ChIJ1YiaVivmaC4RiqIgY660tgY,JNE Gatot Subroto,-6.924518,107.6269383,4.2,127,lainnya,"establishment,point_of_interest",Simpang Laswi Gatot Subroto 2,-6.9236573,107.6278986
ChIJaa4mJn_oaC4Rf4kpfEjPgow,SURIA CITY HOTEL SYARIAH,-6.9299724,107.6265864,4.3,467,lainnya,"establishment,lodging,point_of_interest",Jalan Kangkung,-6.9308256,107.6260305
ChIJUxyZwX7oaC4RKtCJdp6ZLZ8,Klinik & Laboratorium Parahita Bandung Pelajar,-6.9312768,107.6263603,4.8,367,kesehatan,"establishment,health,point_of_interest",Jalan Kangkung,-6.9308256,107.6260305
ChIJpdJsn37oaC4R8mjq3Xux67k,GenCoffee Generasi Infomedia,-6.9322912,107.6260165,4.8,238,katering,"cafe,establishment,food,point_of_interest,store",Jalan Kangkung,-6.9308256,107.6260305
ChIJx7kamn7oaC4RA4x9kf9lCp8,Hijab Mandjha Bandung,-6.9320065,107.6255463,4.6,132,komersial,"establishment,point_of_interest,shopping_mall",Jalan Kangkung,-6.9308256,107.6260305
ChIJ_Zy874HoaC4RAyKE1IclrnA,Mandiri Tunas Finance,-6.937957399999999,107.6105213,4.8,704,lainnya,"establishment,point_of_interest",Patung Ikan,-6.9375753,107.610195
ChIJ46GTZ4XoaC4R9f2KxOJBtLY,Rejeki Mobil,-6.937918199999999,107.6108318,4.6,56,komersial,"car_dealer,establishment,point_of_interest,store",Patung Ikan,-6.9375753,107.610195
ChIJcS2KWproaC4RTlGNdMOIP28,KOPI FLORIST,-6.9344816,107.6058728,4.6,292,katering,"cafe,establishment,food,point_of_interest,store",Taman Tegalega 3,-6.9365605,107.6062226
ChIJ745RCKToaC4RfrxDarWNoew,Kantor Cabang Pembantu CIMB Niaga Bandung - Lingkar Selatan,-6.9377816,107.5998226,4.6,273,finansial,"atm,bank,establishment,finance,point_of_interest",Muara,-6.9375749,107.5998468
ChIJ12yI6ZjoaC4REzKqxCjLBE4,BCV50,-6.9351185,107.5996932,4.9,126,komersial,"car_repair,establishment,point_of_interest,store",Muara,-6.9375749,107.5998468
ChIJJWAEFJjoaC4RDQgNwOugK6I,Dunlop,-6.9379382,107.5990577,4.5,50,komersial,"establishment,point_of_interest,store",Muara,-6.9375749,107.5998468
ChIJUTqqtpnoaC4Ro3IV4lXi3pU,Jamhari Merchandise,-6.937000899999999,107.6002352,4.3,35,komersial,"establishment,point_of_interest,store",Muara,-6.9375749,107.5998468
ChIJ7VOsxvbDaC4RDleH8pfuSM4,Pizza Hut Ristorante - Summarecon Mall Bandung,-6.9555486,107.696884,5.0,4269,katering,"establishment,food,point_of_interest,restaurant",Shuttle Summarecon Mall Bandung,-6.9553491,107.6966188
ChIJp4U93hLDaC4R5Usyx_LqKbI,Play 'N' Learn Summarecon Mall Bandung,-6.955654,107.6970018,5.0,4213,lainnya,"establishment,point_of_interest",Shuttle Summarecon Mall Bandung,-6.9553491,107.6966188
ChIJdYcY55HDaC4R_P4Dtkjqmp8,Selfie Time - Summarecon Mall Bandung,-6.9553224,107.6971714,5.0,3542,lainnya,"establishment,point_of_interest",Shuttle Summarecon Mall Bandung,-6.9553491,107.6966188
ChIJXYcfegDDaC4R1Zg7X6yoxmk,Sushi Hiro • Summarecon Mall Bandung,-6.9550736,107.6968225,4.9,3455,katering,"establishment,food,point_of_interest,restaurant",Shuttle Summarecon Mall Bandung,-6.9553491,107.6966188
ChIJ1SC573XDaC4RpbYGOMtAXAA,Timezone Summarecon Mall Bandung,-6.955886,107.696801,4.9,1877,lainnya,"establishment,point_of_interest",Shuttle Summarecon Mall Bandung,-6.9553491,107.6966188
ChIJwaXj8ODCaC4Rgn0-S0aaJ80,Terminal Angkot Panyileukan,-6.9466721,107.7129389,4.1,259,lainnya,"establishment,point_of_interest",Pangkalan Angkot Bumi Panyileukan,-6.9466265,107.7128837
ChIJyyjLL97CaC4Rz85dzedTc1Y,Mahad Tahfidz Al-Fath,-6.9443258,107.7127303,4.7,92,lainnya,"establishment,point_of_interest",Pangkalan Angkot Bumi Panyileukan,-6.9466265,107.7128837
ChIJJXU6ZODCaC4RK2lv5GA2L6I,Yayasan Lima Menara,-6.9443823,107.7136823,4.4,43,lainnya,"establishment,local_government_office,point_of_interest",Pangkalan Angkot Bumi Panyileukan,-6.9466265,107.7128837
ChIJfcTkD9_CaC4R9CmX2-VNeaE,Mie Tektek Gendhis,-6.946703299999999,107.7127837,4.3,32,katering,"establishment,food,point_of_interest,restaurant",Pangkalan Angkot Bumi Panyileukan,-6.9466265,107.7128837
ChIJL8dgNEDDaC4RahlCERb9h2c,Bubur Ayam,-6.9466534,107.7126975,4.7,31,katering,"establishment,food,point_of_interest,restaurant",Pangkalan Angkot Bumi Panyileukan,-6.9466265,107.7128837
ChIJVyLuhsnnaC4R7KyhZSG5dm0,Kopi Anjis,-6.909154399999999,107.6277161,4.4,4687,katering,"cafe,establishment,food,point_of_interest,store",Taman Pramuka,-6.9106586,107.6275307
ChIJQzATqibmaC4RWSLY880G3aw,Toko Mas Enam Bandung Official (Sejak 1952),-6.9233586,107.6041226,4.4,730,finansial,"establishment,finance,jewelry_store,point_of_interest,store",Dalem Kaum,-6.9219917,107.6040641
ChIJf7geEiTmaC4RdQxbNMA_iBs,Bakmi Parahyangan - Dalem Kaum,-6.922199600000001,107.6043265,4.2,548,katering,"establishment,food,point_of_interest,restaurant",Dalem Kaum,-6.9219917,107.6040641
ChIJ8-oVdVbmaC4RmHO3RB_sndw,DayTrans - Dipatiukur Counter,-6.8856293,107.6141493,4.3,3314,lainnya,"establishment,point_of_interest,travel_agency",UNIKOM Pascasarjana,-6.8858245,107.6137732
ChIJFbGg6_jmaC4RjmGKxrarENU,Lintas Shuttle Dago Point,-6.8855109,107.6139418,4.3,1151,lainnya,"establishment,point_of_interest",UNIKOM Pascasarjana,-6.8858245,107.6137732
ChIJJU0N6_jmaC4RnwfgLh6EGCA,MR Trans Dago,-6.8857984,107.6139212,4.1,393,lainnya,"establishment,point_of_interest",UNIKOM Pascasarjana,-6.8858245,107.6137732
ChIJsf-WmjfmaC4RzHrPQIO7gXo,Best Western Premier La Grande,-6.9092534,107.6098797,4.6,9000,lainnya,"establishment,lodging,point_of_interest",Museum Kota Bandung,-6.9100874,107.609698
ChIJM7sd1TnmaC4RTUTgte0-3jQ,Bandung Planning Gallery,-6.9103509,107.6098076,4.7,175,lainnya,"establishment,local_government_office,point_of_interest",Museum Kota Bandung,-6.9100874,107.609698
ChIJlfn5JjjmaC4RA0R8CPx64s8,Ayam Penyet & Soto Ayam Asia,-6.9093846,107.6094659,4.2,105,katering,"establishment,food,point_of_interest,restaurant",Museum Kota Bandung,-6.9100874,107.609698
ChIJR2m4BDrmaC4RwHaAPvUoj1g,Diskominfo Kota Bandung,-6.9106776,107.6093246,4.4,67,lainnya,"establishment,point_of_interest",Museum Kota Bandung,-6.9100874,107.609698
ChIJS-yy7jDDaC4RYNpf0638mxo,Taman Asri Betah,-6.9475582,107.7105841,4.3,6,lainnya,"establishment,point_of_interest",Stasiun Cimekar 2,-6.9482861,107.7099396
ChIJ70_9LOHCaC4RBSVHN4m-u1c,KAIA Furniture,-6.948023,107.7104706,5.0,5,lainnya,"establishment,point_of_interest",Stasiun Cimekar 2,-6.9482861,107.7099396
ChIJn8bcWADDaC4RNgh-arc9z10,Halte Cimekar,-6.948267299999999,107.7099881,5.0,4,lainnya,"establishment,point_of_interest",Stasiun Cimekar 2,-6.9482861,107.7099396
ChIJRXBNCFvDaC4Rtwse55YSG4I,Sampurasun pecel lele & bubur kacang ijo & indomie rebus,-6.947873599999999,107.710716,4.5,4,katering,"establishment,food,point_of_interest,restaurant",Stasiun Cimekar 2,-6.9482861,107.7099396
ChIJGxZjZgDDaC4RcxxT7yeP3ng,PPM Akademi Amazing Al-Qosbah 2026,-6.948332499999999,107.7088478,5.0,2,lainnya,"establishment,place_of_worship,point_of_interest",Stasiun Cimekar 2,-6.9482861,107.7099396
ChIJc3zfGPzmaC4R-SiGoctEHBU,Patra Bandung Hotel,-6.8890902,107.6137453,4.6,3102,lainnya,"establishment,lodging,point_of_interest",Seberang UNIKOM,-6.8873771,107.6151751
ChIJ7zMPbf3maC4RGnxi8KGgoJM,Ruangréka Coworking Space Bandung,-6.8883283,107.61494,4.4,171,lainnya,"establishment,point_of_interest,real_estate_agency",Seberang UNIKOM,-6.8873771,107.6151751
ChIJE2SmDFbmaC4Rz07TqJkJBV4,Indomaret Point Dipatiukur,-6.887930300000001,107.6151698,3.7,144,finansial,"atm,convenience_store,establishment,finance,food",Seberang UNIKOM,-6.8873771,107.6151751
ChIJh_PJWJzoaC4RlaTMT4qLiWY,Gembira Photo Studio & Bridal House,-6.9317502,107.6048164,4.8,921,lainnya,"establishment,point_of_interest",Jalan Ibu Inggit Garnasih,-6.9314493,107.6039255
ChIJz29bL5zoaC4RJ4zf4tSW8AQ,Al Haramain,-6.931613899999999,107.6042119,4.6,266,komersial,"establishment,home_goods_store,point_of_interest,store",Jalan Ibu Inggit Garnasih,-6.9314493,107.6039255
ChIJI-_MjrvoaC4RzFoZUGKyXF4,Institut Kesehatan Immanuel,-6.9370227,107.5962781,4.8,257,pendidikan,"establishment,point_of_interest,university",Rumah Sakit Immanuel B,-6.9373737,107.5955215
ChIJVWwW57voaC4RHsv3T60hAho,BNI RS Immanuel Bandung,-6.9373485,107.5965115,4.4,86,finansial,"atm,bank,establishment,finance,point_of_interest",Rumah Sakit Immanuel B,-6.9373737,107.5955215
ChIJC-dGjaHoaC4RwjqFUpxZ-mg,Kantorpos Bandung Situsaeur,-6.936070699999999,107.5952592,2.8,83,finansial,"establishment,finance,point_of_interest,post_office",Rumah Sakit Immanuel B,-6.9373737,107.5955215
ChIJu_kdeSDmaC4RyWFMf8-XH2o,Istana Helmet,-6.928299399999999,107.600224,4.4,4194,komersial,"car_repair,establishment,point_of_interest,store",Astana Anyar RSIA Kota Bandung,-6.9293733,107.600639
ChIJVUbh6yDmaC4Rf44CFbZpXKY,Karya Jaya Motor / Bengkel mobil honda bandung,-6.9271673,107.6016903,4.5,128,lainnya,"car_repair,establishment,point_of_interest",Astana Anyar RSIA Kota Bandung,-6.9293733,107.600639
ChIJWaxDwc7naC4RxCnarMKkRVQ,Subwow Hostels,-6.9130658,107.6290972,4.3,658,lainnya,"establishment,lodging,point_of_interest",Hotel Grand Tebu,-6.9134182,107.6291595
ChIJEX54ihjmaC4RLCPYNaCrGRY,Klinik Utama Dr. H.A. Rotinsulu Cibadak (BBKPM Bandung ),-6.920768199999999,107.5966951,4.4,974,kesehatan,"establishment,health,hospital,point_of_interest",GKI Anugerah,-6.9200655,107.59751
ChIJb5RKdBjmaC4R0OJyHWTgrr8,Hotin,-6.9198946,107.5976456,4.4,332,katering,"establishment,food,point_of_interest,restaurant",GKI Anugerah,-6.9200655,107.59751
ChIJVXiY2xnmaC4RNGLgPWftwE8,JNE SUDIRMAN2 BANDUNG,-6.9202148,107.5980056,4.0,301,lainnya,"establishment,point_of_interest",GKI Anugerah,-6.9200655,107.59751
ChIJayz1BiPmaC4R_eJHzVbVqAg,LA Femme Couture,-6.920684199999999,107.6012894,4.6,473,komersial,"establishment,home_goods_store,point_of_interest,store",KEB Hana Bank,-6.920606,107.6020606
ChIJu5uKBSPmaC4RWYJ0LYChUJw,Hotel Perdana Wisata,-6.920179,107.6013602,3.2,405,lainnya,"establishment,lodging,point_of_interest",KEB Hana Bank,-6.920606,107.6020606
ChIJgdUeDDDdaC4RFuj0m_BN3sQ,XMat Souvenir And Printing,-6.9216966,107.6019566,4.8,134,komersial,"establishment,point_of_interest,store",KEB Hana Bank,-6.920606,107.6020606
ChIJb6k3nSPmaC4RDpgRw2k1j6o,Bank UOB KCU Bandung,-6.9209016,107.6026452,4.1,63,finansial,"bank,establishment,finance,point_of_interest",KEB Hana Bank,-6.920606,107.6020606
ChIJJez9CCPmaC4RvLkHXtiE9tM,Aneka Sandang Textile,-6.9206133,107.6017378,4.4,41,komersial,"establishment,home_goods_store,point_of_interest,store",KEB Hana Bank,-6.920606,107.6020606
ChIJqyZmBBrmaC4RlA-ACtpYts8,Adventure Travel Group (ATG),-6.9191235,107.591366,4.8,417,lainnya,"establishment,point_of_interest,travel_agency",Mayapada Tower,-6.9193943,107.5917304
ChIJG3vU8hnmaC4RunJ_-QlujeE,Bank BNI Jenderal Sudirman,-6.919493,107.592547,4.4,135,finansial,"atm,bank,establishment,finance,point_of_interest",Mayapada Tower,-6.9193943,107.5917304
ChIJI3HfIxrmaC4RWtCZ2R15u6Y,Mayapada,-6.9198697,107.5916964,4.6,37,finansial,"bank,establishment,finance,point_of_interest",Mayapada Tower,-6.9193943,107.5917304
ChIJi9YltxrmaC4RMrsUNNq-WPk,Golden Games & Movies,-6.9199351,107.5865036,3.9,165,komersial,"establishment,point_of_interest,store",Toko Ambon,-6.9186691,107.5855174
ChIJY5EftQTmaC4RD7rts8MlC3Y,bank bjb Kantor Cabang Pembantu Jamika,-6.9199351,107.5865036,4.0,44,finansial,"atm,bank,establishment,finance,point_of_interest",Toko Ambon,-6.9186691,107.5855174
ChIJC8E85RzmaC4RM0ALBProCY4,Grosir Kebaya,-6.9172873,107.5851041,4.4,24,komersial,"clothing_store,establishment,point_of_interest,store",Toko Ambon,-6.9186691,107.5855174
ChIJ-WUMtRrmaC4RVR_8xyNTJbs,Alfamart Jamika,-6.919939899999999,107.5861896,3.3,22,komersial,"convenience_store,establishment,food,grocery_or_supermarket,point_of_interest",Toko Ambon,-6.9186691,107.5855174
ChIJX1VtPAjmaC4R8SsNmps2lK4,INTI MEDIKA STORE BANDUNG | Pusat Alat Kesehatan Kedokteran,-6.9175515,107.5751773,4.8,1037,kesehatan,"establishment,health,point_of_interest,store",Kemenag Kanwil Jabar,-6.9176446,107.5771095
ChIJCZPZ0QbmaC4RrMIq-jUrjyU,BBPMB tekMIRA,-6.9183771,107.5791164,4.6,675,lainnya,"establishment,point_of_interest",Kemenag Kanwil Jabar,-6.9176446,107.5771095
ChIJR2_BOgjmaC4R02QJae74r0k,Bandung Apparels,-6.9174801,107.575097,4.8,238,komersial,"clothing_store,establishment,point_of_interest,store",Kemenag Kanwil Jabar,-6.9176446,107.5771095
ChIJJaHQeaDoaC4RUeMB_EffqEI,Bale Ervat/Blok Tempe (Babakan Asih),-6.9182009,107.576866,4.3,157,rekreasi,"establishment,park,point_of_interest",Kemenag Kanwil Jabar,-6.9176446,107.5771095
ChIJa7-7MuDmaC4R_3knQhsTbSQ,Yayasan Buddha Tzu Chi Bandung,-6.9176039,107.5789734,4.6,145,lainnya,"establishment,point_of_interest",Kemenag Kanwil Jabar,-6.9176446,107.5771095
ChIJ0VN7fuHlaC4R5lpUf6SR3-Y,SPBU Pertamina,-6.914033799999999,107.5708827,4.4,1768,lainnya,"establishment,gas_station,point_of_interest",Optik Krida,-6.9155783,107.5720023
ChIJE0sMq-PlaC4REJsOvNFOebA,PT Multibrata Anugerah Utama (MAU),-6.9166249,107.5710664,4.7,167,lainnya,"establishment,point_of_interest",Optik Krida,-6.9155783,107.5720023
ChIJu82Mt9LpaC4RU9RwikqkTBU,Lima Media Group - Digital Agency,-6.9153555,107.5721993,4.9,88,lainnya,"establishment,point_of_interest",Optik Krida,-6.9155783,107.5720023
ChIJQyzH_vvlaC4RVQwU9p6Cbqs,PT Plastin Eka Prakarsa,-6.9170473,107.5710255,4.4,63,lainnya,"establishment,point_of_interest",Optik Krida,-6.9155783,107.5720023
ChIJOfxEGePlaC4Rr3iFdHMtNAA,CV Harapan Baru Kaos Kaki,-6.917955399999999,107.570899,4.6,43,lainnya,"establishment,point_of_interest",Optik Krida,-6.9155783,107.5720023
ChIJU5JjhEnmaC4R2AoN2rLMMp0,InstaxShop,-6.9049121,107.6157318,4.7,336,komersial,"electronics_store,establishment,home_goods_store,point_of_interest,store",Simpang Banda Riau,-6.9063977,107.6159615
ChIJ1xBdO0jmaC4RDRen9S-xiI8,Klinik Utama Perisai Husada,-6.9070021,107.6158639,4.3,184,kesehatan,"establishment,health,point_of_interest",Simpang Banda Riau,-6.9063977,107.6159615
ChIJLR9IkzXmaC4RaQWyeiItUkc,PENABUR Bandung Head Office,-6.9056313,107.616297,4.7,32,pendidikan,"establishment,point_of_interest,school",Simpang Banda Riau,-6.9063977,107.6159615
ChIJc847IsrnaC4RinDs4mcDV5A,Sate Taichan Bengawan,-6.9081362,107.6263179,4.6,2133,katering,"establishment,food,point_of_interest,restaurant",SMA Kartika,-6.9095119,107.6267411
ChIJo2E8HLTnaC4RpPsOmiDC95Y,Rock n Roll Haircutting & Makeover,-6.9081046,107.6265535,4.5,606,kesehatan,"establishment,hair_care,health,point_of_interest",SMA Kartika,-6.9095119,107.6267411
ChIJSQHpIsHDaC4RAtldmlyeExk,Panlandwoo Summarecon Mall Bandung,-6.955685,107.6985438,5.0,672,komersial,"establishment,jewelry_store,point_of_interest,store",Summarecon Mall Bandung,-6.9555627,107.6991618
ChIJJZx5oLbDaC4RE8rfnUD1BlE,ERHA,-6.9551943,107.699243,5.0,490,kesehatan,"establishment,health,point_of_interest",Summarecon Mall Bandung,-6.9555627,107.6991618
ChIJd76xawDDaC4R4SL7_xwb9pQ,Fruity healthy and delicious drink (Summaba),-6.955591099999999,107.6985072,4.5,126,katering,"establishment,food,point_of_interest",Summarecon Mall Bandung,-6.9555627,107.6991618
ChIJNVDkEbXDaC4RkV2IdvO3m4I,MBK 1964 - Summarecon Bandung ( Mie Bandung Kejaksaan 1964 ),-6.955155,107.6988534,5.0,60,katering,"establishment,food,point_of_interest,restaurant",Summarecon Mall Bandung,-6.9555627,107.6991618
ChIJty2udgDDaC4RDTtRq2hl6Ik,Paperclip - Summarecon Mall Bandung,-6.955027299999999,107.6989193,4.8,57,komersial,"establishment,point_of_interest,store",Summarecon Mall Bandung,-6.9555627,107.6991618
ChIJZRnuuQvmaC4ReCG15Q1u2Ho,West Point Hotel Bandung,-6.912541399999999,107.5780976,4.3,4442,lainnya,"establishment,lodging,point_of_interest",Rajawali 1,-6.9137093,107.5782084
ChIJDebNjQ7maC4R_HRvXvWX5jo,JNE Rajawali Timur,-6.9156675,107.5793685,3.6,152,lainnya,"establishment,point_of_interest",Rajawali 1,-6.9137093,107.5782084
ChIJt3aENgzmaC4RdBZPL9KhBB4,MAJUJAYA Bandung,-6.9126555,107.5827249,4.7,58,komersial,"establishment,hardware_store,home_goods_store,point_of_interest,store",Dunguscariang,-6.914862,107.5829074
ChIJhQmjxOvnaC4R6EYLj4PkJSA,JERSEY FUTSAL BANDUNG,-6.917106899999999,107.5825357,4.5,52,komersial,"clothing_store,establishment,point_of_interest,store",Dunguscariang,-6.914862,107.5829074
ChIJoUH1UhDmaC4RJYQr9Gm5dYg,Sam Central Powerbank,-6.914617199999999,107.5817487,4.7,22,komersial,"establishment,point_of_interest,shopping_mall",Dunguscariang,-6.914862,107.5829074
ChIJmzxuKgzmaC4Rtb771nFm4N8,Denali Indonesia - Bags & Leather Goods,-6.9136131,107.5827618,4.0,5,komersial,"establishment,point_of_interest,store",Dunguscariang,-6.914862,107.5829074
ChIJ9yNz3RDmaC4R8OIrhzesZGY,TB. Timur Jaya,-6.9163073,107.5908844,4.3,1398,lainnya,"establishment,point_of_interest",SMA Trinitas,-6.9164853,107.5917182
ChIJEc3-rmXmaC4RJ-z3UfG6HmA,Cornerstone Bandung,-6.914968699999999,107.5927746,4.7,182,lainnya,"church,establishment,place_of_worship,point_of_interest",SMA Trinitas,-6.9164853,107.5917182
ChIJC8Xe4xnmaC4R_uOevgBozKg,Indomaret Kelenteng,-6.917446699999999,107.5930899,3.7,34,komersial,"convenience_store,establishment,food,point_of_interest,store",SMA Trinitas,-6.9164853,107.5917182
ChIJ_aQGuxDmaC4R4pu_3MU0uH0,Klinik Pratama Karya Asih,-6.916962400000001,107.590891,3.6,24,kesehatan,"establishment,health,point_of_interest",SMA Trinitas,-6.9164853,107.5917182
ChIJ1diZABfmaC4RBsJRzDtKZBs,Favehotel Hyper Square,-6.9161581,107.5945431,4.4,6459,katering,"establishment,food,lodging,point_of_interest,restaurant",Rumah Sakit Kebon Jati,-6.9162875,107.5966128
ChIJU_KZChHmaC4RhL6i89vl5_g,Rumah Sakit Kebonjati,-6.9161037,107.5963194,4.5,3902,kesehatan,"doctor,establishment,health,hospital,point_of_interest",Rumah Sakit Kebon Jati,-6.9162875,107.5966128
ChIJN_fC0BfmaC4Ru35um3UkEUM,Rumah Sakit Santosa Bandung Central,-6.9159482,107.600518,4.6,14394,kesehatan,"dentist,establishment,health,hospital,point_of_interest",SMA Pasundan,-6.9161651,107.599586
ChIJM5Yzci7maC4RCZPAHRyL7T0,Vio Hotel Veteran,-6.9192735,107.6149464,4.3,1723,lainnya,"establishment,lodging,point_of_interest",RSU Bungsu,-6.9182109,107.6133144
ChIJNXSdGS_maC4R3kZDa8TrcYg,UPTD Puskesmas Tamblong,-6.9182644,107.6127128,4.7,1414,kesehatan,"establishment,health,point_of_interest",RSU Bungsu,-6.9182109,107.6133144
ChIJM6uk1i_maC4RKa5o0tMoe7Y,Masjid Lautze 2 Bandung,-6.9180923,107.6123063,4.8,1046,lainnya,"establishment,mosque,place_of_worship,point_of_interest",RSU Bungsu,-6.9182109,107.6133144
ChIJe3de6C3maC4RG5EQreD2Gks,Rumah Sakit Umum Bungsu,-6.9185474,107.6133476,4.4,777,kesehatan,"establishment,health,hospital,point_of_interest",RSU Bungsu,-6.9182109,107.6133144
ChIJfRGSz9LnaC4RRAIADGU2wGg,Sindang Laris,-6.9192186,107.622407,4.5,82,katering,"establishment,food,point_of_interest,store",Kantor Pos Kosambi,-6.9192619,107.6235428
ChIJnalvK9PnaC4R0TYwkj_xU00,Apartment Greko Bandung,-6.9206739,107.6217551,4.5,66,lainnya,"establishment,point_of_interest",Kantor Pos Kosambi,-6.9192619,107.6235428
ChIJbYcYJ8TnaC4RkWgXDx4pCek,Mie Baso Bintang Avon (Ahmad Yani),-6.9216323,107.6187222,4.5,1966,katering,"establishment,food,point_of_interest,restaurant",Katapang Kaler,-6.921077,107.6198025
ChIJa-HrwyzmaC4RlM-i7-yu6j0,Kosambi Express,-6.921040700000001,107.620357,4.5,549,komersial,"car_dealer,car_repair,establishment,point_of_interest,store",Katapang Kaler,-6.921077,107.6198025
ChIJ4UIcYCzmaC4Rd9JlPnSUCG0,TRB Bike,-6.921642,107.619284,4.5,487,komersial,"bicycle_store,establishment,point_of_interest,store",Katapang Kaler,-6.921077,107.6198025
ChIJT5aRFS_maC4RXxljCTxc9_4,Warung Sate HM Harris,-6.922125599999999,107.6171068,4.5,5594,katering,"establishment,food,point_of_interest,restaurant",Simpang Lima Asia Afrika,-6.9223111,107.6162145
ChIJT5aRFS_maC4RnueyezmL7ME,YAMAHA JG ASIA AFRIKA OFFICIAL,-6.922370799999999,107.6165501,4.7,2066,komersial,"establishment,point_of_interest,store",Simpang Lima Asia Afrika,-6.9223111,107.6162145
ChIJV0qgaC_maC4RrrpBhEks5ac,Wisma Bumiputera Bandung,-6.922274,107.616436,4.4,832,lainnya,"establishment,point_of_interest,real_estate_agency",Simpang Lima Asia Afrika,-6.9223111,107.6162145
ChIJjwlqBLMCai4RvEA433J0tGs,FOREXimf.com,-6.9220971,107.6162521,4.6,334,finansial,"establishment,finance,point_of_interest",Simpang Lima Asia Afrika,-6.9223111,107.6162145
ChIJzZP4Ey_maC4R7OeZO3i1xag,PT. Clipan Finance Indonesia. cabang bandung,-6.922606,107.616181,3.8,35,finansial,"establishment,finance,point_of_interest",Simpang Lima Asia Afrika,-6.9223111,107.6162145
ChIJ8a1iBBrmaC4RLh0-lOFAk8E,Toko Obat Pandu,-6.9207953,107.6033961,4.6,486,kesehatan,"establishment,health,point_of_interest,store",Simpang Sudirman,-6.920813,107.603822
ChIJm-lPhxrmaC4RqE4t0UKENzI,Sinarmaju Electronics,-6.9191009,107.5889846,4.5,835,komersial,"electronics_store,establishment,furniture_store,home_goods_store,point_of_interest",Simpang Jamika,-6.9188722,107.5874464
ChIJtaZJoBrmaC4R6oFjzP5lDs8,Atlantik Jaya,-6.9189884,107.5874141,4.3,40,komersial,"electronics_store,establishment,point_of_interest,store",Simpang Jamika,-6.9188722,107.5874464
ChIJo905Zj7maC4Ry45C1McDjiw,Kartika Sari Pusat,-6.9119648,107.5998354,4.5,4653,katering,"bakery,establishment,food,point_of_interest,store",SMAN 6 Bandung,-6.9114176,107.5978589
ChIJmS3fp2rmaC4RQKAJEE5Iwzo,Grand Pacific Hotel,-6.9087923,107.5979058,4.4,3044,lainnya,"establishment,lodging,point_of_interest",SMAN 6 Bandung,-6.9114176,107.5978589
ChIJcUTc1T_maC4RXKhSp_AXyTU,Hotel Citradream Bandung,-6.912018100000001,107.5980946,4.4,2798,lainnya,"establishment,lodging,point_of_interest",SMAN 6 Bandung,-6.9114176,107.5978589
ChIJ9cg7Ez7maC4RmdE5Rn0Uffo,Zodiak,-6.912325,107.599397,3.7,2759,lainnya,"establishment,lodging,point_of_interest",SMAN 6 Bandung,-6.9114176,107.5978589
ChIJazIABjjmaC4RGXABWfYlf1Y,BEC Gadget Solution,-6.9080128,107.609386,4.5,106,komersial,"establishment,point_of_interest,store",Bandung Electronic Center,-6.9081566,107.6094288
ChIJZdJPRTfmaC4R9-mJDBFUYaI,Pegadaian BIP Mall,-6.907988199999999,107.6112273,4.4,97,finansial,"establishment,finance,point_of_interest,store",Bandung Electronic Center,-6.9081566,107.6094288
ChIJ9yVCIzfmaC4Re0xJvhuebx8,Pascasarjana Universitas Pasundan Bandung (UNPAS),-6.911357700000001,107.6121559,4.8,222,pendidikan,"establishment,point_of_interest,university",Taman Sejarah Balai Kota Bandung,-6.9104333,107.6106485
ChIJXXdbcjfmaC4R7ClVQM_uCUg,Bank Danamon Indonesia Kanwil 2 Jabar,-6.910775999999999,107.6106444,3.5,53,finansial,"bank,establishment,finance,point_of_interest",Taman Sejarah Balai Kota Bandung,-6.9104333,107.6106485
ChIJ59EhSUjmaC4RkFb_JhwJD68,Sch Sultan Agung,-6.9052101,107.6111418,4.5,1140,komersial,"clothing_store,establishment,point_of_interest,store",Hotel The-One-O-One A,-6.9064821,107.6104987
ChIJsW6jMyfmaC4RF1Q8Nv7ytu0,Mandiri ATM KCP Bandung Otista,-6.924470299999999,107.6039187,4.2,11,finansial,"atm,bank,establishment,finance,point_of_interest",Toko Mas ABC,-6.9230321,107.6040007
ChIJl4UMVZnoaC4RLY5Qc2z4uU8,Rodalink Bandung Otista,-6.9294774,107.6037078,4.8,2420,komersial,"bicycle_store,car_repair,establishment,point_of_interest,store",Simpang Ijan,-6.9280476,107.6036723
ChIJ1SNRRifmaC4R81-C84NyAdY,Selatan Teknik,-6.9273643,107.6044943,4.4,490,komersial,"establishment,point_of_interest,store",Simpang Ijan,-6.9280476,107.6036723
ChIJAwkQSSfmaC4RdQkWKBhCP-w,Aneka Ragam,-6.9273729,107.6044166,4.6,379,komersial,"establishment,home_goods_store,point_of_interest,store",Simpang Ijan,-6.9280476,107.6036723
ChIJ012axb7oaC4R2QHY2bDPlPo,Warung Nasi Sederhana Rai Raka,-6.9271048,107.6037927,4.2,183,katering,"establishment,food,point_of_interest,restaurant",Simpang Ijan,-6.9280476,107.6036723
ChIJhaJmPK7paC4R4_4UqBTYP-w,Kusen Pintu Hpl Kayu Bandung (Putra Agung),-6.9365766,107.6029234,4.9,52,lainnya,"establishment,general_contractor,point_of_interest",Taman Tegallega,-6.9364866,107.6030151
ChIJLz5LPZLoaC4RdjwB8x_hUCU,BCA KCP Mohamad Toha,-6.944944,107.60848,4.4,36,finansial,"atm,bank,establishment,finance,point_of_interest",Madurasa Tengah,-6.9451896,107.6084009
ChIJsaWxR5joaC4R3Wlqa6vbbsc,Niky Variasi Kaca Film Bandung V-KOOL VPRO,-6.9355185,107.5923487,4.9,684,komersial,"car_repair,establishment,point_of_interest,store",Hotel Grand Pasundan,-6.9361205,107.5933874
ChIJR76cCqToaC4R0uusZPll-Fo,Auto Glass Indonesia (Kaca Mobil Bandung),-6.935176999999999,107.591791,5.0,439,lainnya,"car_repair,establishment,point_of_interest",Hotel Grand Pasundan,-6.9361205,107.5933874
ChIJE0otjaboaC4RLFMAIFFuUl8,Padepokan Seni MAYANGSUNDA,-6.9329103,107.5898667,4.5,1664,lainnya,"establishment,point_of_interest,tourist_attraction",Bumi Kopo Kencana,-6.9335898,107.5905118
ChIJnd6qoKboaC4RZI4CXvKBL_4,LG Service Center Bandung,-6.934126,107.5900636,3.8,889,lainnya,"establishment,point_of_interest",Bumi Kopo Kencana,-6.9335898,107.5905118
ChIJ745RCKToaC4RSCPzAg4RY48,Asuransi Sinar Mas Agency Bandung,-6.9337652,107.5911146,4.7,58,lainnya,"establishment,point_of_interest",Bumi Kopo Kencana,-6.9335898,107.5905118
ChIJ-7r3mqboaC4RVqnHvGpdnQk,Pt.Vinatama Mas,-6.9338479,107.5898142,4.5,43,komersial,"electronics_store,establishment,point_of_interest,store",Bumi Kopo Kencana,-6.9335898,107.5905118
ChIJMd4fIKToaC4R7BqlSDK1SxQ,SLS Laharindo Bandung,-6.9342039,107.5904433,4.2,21,komersial,"establishment,point_of_interest,store",Bumi Kopo Kencana,-6.9335898,107.5905118
ChIJi_omMgPmaC4R3-XkL08nhks,Donatku jamika,-6.9257503,107.5857347,4.4,297,komersial,"establishment,point_of_interest,store",Simpang Pasir Koja,-6.9270868,107.5849703
ChIJowvE86foaC4RlWiJxmKeYc4,"D' Palais moda Jl Peta no 256, Bandung",-6.9268607,107.5858942,5.0,154,komersial,"clothing_store,establishment,home_goods_store,point_of_interest,store",Simpang Pasir Koja,-6.9270868,107.5849703
ChIJ9XQy3QLmaC4RsLcAkZX0ZoU,Philips Service Center,-6.9272529,107.5847131,4.5,110,komersial,"electronics_store,establishment,point_of_interest,store",Simpang Pasir Koja,-6.9270868,107.5849703
ChIJbbTRSh3maC4RkPpq7cmgYjo,Toko Ratu Poultryshop & Petshop,-6.927956999999999,107.586055,4.2,94,komersial,"establishment,pet_store,point_of_interest,store",Simpang Pasir Koja,-6.9270868,107.5849703
ChIJC3nm_QHmaC4R63F5lk4SC9U,Pertamina Gas Station 34-40227,-6.9292273,107.5795928,4.3,998,lainnya,"establishment,gas_station,point_of_interest",SPBU Pasir Koja,-6.9292794,107.579296
ChIJ7YsKeKroaC4R4_LGiyXX8BE,SPBU Pertamina Citra Kencana Terusan Pasir Koja 3440203,-6.9296027,107.5775956,4.3,833,lainnya,"establishment,gas_station,point_of_interest",SPBU Pasir Koja,-6.9292794,107.579296
ChIJgS9FxILoaC4R9XrYguoUnOA,Kawan Lama Solution / Kawan Lama Sejahtera Pasir Koja,-6.9295504,107.577095,4.3,273,lainnya,"establishment,point_of_interest",SPBU Pasir Koja,-6.9292794,107.579296
ChIJA4rfBALmaC4RqifSje7385E,Fabriku By Kenari | Toko Bahan Kaos Pasirkoja,-6.928924899999999,107.5807039,4.6,233,komersial,"establishment,home_goods_store,point_of_interest,store",SPBU Pasir Koja,-6.9292794,107.579296
ChIJ5xKwBgLmaC4RHgVOEKSv-MQ,Onna Pasir Koja,-6.9291274,107.5801865,4.8,87,komersial,"establishment,point_of_interest,store",SPBU Pasir Koja,-6.9292794,107.579296
ChIJxTmPA2joaC4RyJkvrHPpZxA,Bank Mandiri Bandung Sumbersari,-6.933086899999999,107.5764327,4.8,480,finansial,"atm,bank,establishment,finance,point_of_interest",Sumber Sari Junction,-6.9323917,107.5767037
ChIJs3nhD6voaC4RAk8JPTeOsaU,Bank CIMB Niaga Bandung Sumber Sari,-6.933086899999999,107.5764327,4.4,118,finansial,"atm,bank,establishment,finance,point_of_interest",Sumber Sari Junction,-6.9323917,107.5767037
ChIJvS3-F6voaC4Ryuljv3r26oo,ATM BCA,-6.932976399999999,107.5756633,4.6,107,finansial,"atm,establishment,finance,point_of_interest",Sumber Sari Junction,-6.9323917,107.5767037
ChIJwRRmPavoaC4RMeT_fIKGUrA,BCA KCP Sumbersari,-6.9328254,107.5756922,3.1,72,finansial,"atm,bank,establishment,finance,point_of_interest",Sumber Sari Junction,-6.9323917,107.5767037
ChIJFQyJDavoaC4Rtcm5UnGRic0,Bank & ATM BNI KCP Sumbersari,-6.933181299999999,107.5764853,4.0,56,finansial,"atm,bank,establishment,finance,point_of_interest",Sumber Sari Junction,-6.9323917,107.5767037
ChIJw1l6u7HoaC4RQ-0TTFrxT7o,SPBU Pertamina 34-40210,-6.9414935,107.5819702,4.4,857,lainnya,"establishment,gas_station,point_of_interest",Pasar Induk Caringin,-6.9418656,107.5831695
ChIJnco9zq3oaC4RIq0NOGgqiiE,KPP Pratama Bandung Tegallega,-6.9409364,107.5814491,4.4,472,finansial,"accounting,establishment,finance,local_government_office,point_of_interest",Pasar Induk Caringin,-6.9418656,107.5831695
ChIJ0f4mArHoaC4RM9f2GLh2eDY,mandiri Mitra Usaha,-6.942445999999999,107.582936,4.9,198,finansial,"bank,establishment,finance,point_of_interest",Pasar Induk Caringin,-6.9418656,107.5831695
ChIJty9yrbHoaC4RfL1IEeUKzZ4,Dakota Cargo Agen Caringin,-6.941526499999999,107.5829472,3.7,122,lainnya,"establishment,point_of_interest",Pasar Induk Caringin,-6.9418656,107.5831695
ChIJ_83Hs6_oaC4RzEKZwioVOM4,PT Medion Ardhika Bhakti,-6.9407073,107.5830713,4.2,117,lainnya,"establishment,point_of_interest",Pasar Induk Caringin,-6.9418656,107.5831695
ChIJt0jBJiTmaC4R1x48x8a5q6c,Batik Keris Grand Yogya Kepatihan,-6.923667999999999,107.6058319,4.6,1257,komersial,"clothing_store,establishment,point_of_interest,store",Grand Yogya Kepatihan,-6.923845,107.6062023
ChIJ5QlyAifmaC4Rn9hwCWiiyDQ,Ria Busana Kepatihan,-6.9231178,107.6056905,4.3,775,komersial,"clothing_store,establishment,point_of_interest,store",Grand Yogya Kepatihan,-6.923845,107.6062023
ChIJAcoeGY3oaC4R7WDtrDXS0uE,ECU-LAB Indonesia,-6.947227499999999,107.6123106,4.9,1417,lainnya,"car_repair,establishment,point_of_interest",PLN UP3 Bandung B,-6.9484533,107.6121647
ChIJ2XXxzvLoaC4RvgsA4mGmS2k,PLN UP3 Bandung,-6.9492524,107.6114927,3.4,306,lainnya,"establishment,point_of_interest",PLN UP3 Bandung B,-6.9484533,107.6121647
ChIJTeQNT43oaC4RSUX96maOuow,Bengkel Diesel - AB Motor,-6.9482465,107.6107116,4.5,154,lainnya,"car_repair,establishment,point_of_interest",PLN UP3 Bandung B,-6.9484533,107.6121647
ChIJj-8zXK3CaC4R-X3t9PvtVl8,7SUMMITS TRAVEL | Tour Bandung Travel Bandung,-6.9460633,107.6124665,4.7,121,lainnya,"establishment,point_of_interest,travel_agency",PLN UP3 Bandung B,-6.9484533,107.6121647
ChIJgZi3vs3oaC4R6WQOplf_6q8,Bank BTN,-6.9482684,107.6116864,4.6,99,finansial,"atm,bank,establishment,finance,point_of_interest",PLN UP3 Bandung B,-6.9484533,107.6121647
ChIJK7eEdl7oaC4RC1uGTO5GDZI,Hotel Lingga,-6.9499347,107.6268128,4.2,2376,lainnya,"establishment,lodging,point_of_interest",LPKIA B,-6.9494075,107.6248232
ChIJw5tuWPXoaC4R9jsr6g3QJEI,SPBU Pertamina 34-40253,-6.9492172,107.6258246,4.3,1318,lainnya,"establishment,gas_station,point_of_interest",LPKIA B,-6.9494075,107.6248232
ChIJgxKOdl3oaC4RIvFE-P4JrOE,Bank Mandiri Bandung Soekarno Hatta,-6.9500721,107.6264799,4.6,637,finansial,"atm,bank,establishment,finance,point_of_interest",LPKIA B,-6.9494075,107.6248232
ChIJ65dBhhToaC4RwExpGu9aHeU,PT.Rajawali Nusindo,-6.949173099999999,107.6265189,4.5,99,lainnya,"establishment,point_of_interest",LPKIA B,-6.9494075,107.6248232
ChIJc7UZlYXoaC4RY9lYhGM4gig,PT. Rentokil Initial Cabang Bandung,-6.9495872,107.6294264,5.0,2191,lainnya,"establishment,point_of_interest",Bangunan Mart B,-6.9492972,107.628094
ChIJfw3CvF3oaC4RFztozX7_Jt4,BFI Finance,-6.94933,107.629177,3.3,373,finansial,"establishment,finance,point_of_interest",Bangunan Mart B,-6.9492972,107.628094
ChIJl22WpUPoaC4REQ5oOUB5ISI,PT. Infomedia Nusantara,-6.9511368,107.6370887,4.4,251,lainnya,"establishment,point_of_interest",Swadarma BNI,-6.950362,107.6358162
ChIJWeYTQkXmaC4RMzYzE7p-6IE,Tiento Indonesia Head Office,-6.9505936,107.6352048,4.7,131,komersial,"clothing_store,establishment,point_of_interest,store",Swadarma BNI,-6.950362,107.6358162
ChIJwQ--7kLoaC4R4QlVaNtWXqQ,Apartemen Newton,-6.950455499999999,107.6369472,3.6,87,lainnya,"establishment,point_of_interest",Swadarma BNI,-6.950362,107.6358162
ChIJZ7P9wkLoaC4RoGpMFn_PnTs,Yogya Learning Center,-6.949656099999999,107.6344845,3.8,67,komersial,"department_store,establishment,food,grocery_or_supermarket,point_of_interest",Swadarma BNI,-6.950362,107.6358162
ChIJ12kTgkboaC4RH5cc3lz9vIg,Bhisa - Bhinneka Shuttle Buah Batu,-6.960503399999999,107.6392034,4.3,3813,lainnya,"establishment,point_of_interest",Bluebird B,-6.9584133,107.6395287
ChIJ1SvSKU_oaC4R8bzmYdzkV_8,SPBU Pertamina Buah Batu,-6.9605486,107.6386989,4.2,1367,lainnya,"establishment,gas_station,point_of_interest",Bluebird B,-6.9584133,107.6395287
ChIJzXj4107oaC4RKLAJoAVJCLE,Pool Bluebird Bigbird Buah Batu,-6.9577012,107.6391523,4.3,1106,lainnya,"establishment,point_of_interest",Bluebird B,-6.9584133,107.6395287
ChIJlaEyCUboaC4Rwm52wjsj3rc,JNE Terusan Buah Batu,-6.9571519,107.6396639,4.2,203,lainnya,"establishment,point_of_interest",Bluebird B,-6.9584133,107.6395287
ChIJYUrLG1LoaC4R9oOP-gBKqHo,PT. Arkamaya,-6.9590236,107.640255,4.9,79,lainnya,"establishment,point_of_interest",Bluebird B,-6.9584133,107.6395287
ChIJQ4tQd0zoaC4R_It43rZwaNg,CV Bagja Niaga Teknik (BNT),-6.963763300000001,107.6391622,4.8,128,komersial,"establishment,point_of_interest,store",Puskesmas Kujangsari B,-6.9649738,107.6381537
ChIJc0tfgjLmaC4RntqMk7XvqHE,Samudra Catering,-6.964533899999999,107.6391782,4.5,70,katering,"establishment,food,point_of_interest",Puskesmas Kujangsari B,-6.9649738,107.6381537
ChIJfxh96kzoaC4RguH1stAapy4,Jasawebsite.Biz - Jasa Pembuatan Website Bandung,-6.9650722,107.6388771,4.8,39,lainnya,"establishment,point_of_interest",Puskesmas Kujangsari B,-6.9649738,107.6381537
ChIJo-ixeGfmaC4RBpXSokQdlKU,Zest Sukajadi Bandung by Swiss-Belhotel International,-6.8953146,107.5974623,4.5,5745,lainnya,"establishment,lodging,point_of_interest",Cibarengkok,-6.8960705,107.5971627
ChIJCyyrf13maC4RzdrnhekYumI,Laboratorium Kesehatan Provinsi Jawa Barat,-6.8957296,107.5978115,4.7,617,kesehatan,"establishment,health,point_of_interest",Cibarengkok,-6.8960705,107.5971627
ChIJ_dYQ7WfmaC4R86OfHkI4A0U,Gedung Dakwah Muhammadiyah Sukajadi,-6.896643399999999,107.5970064,4.5,217,katering,"establishment,food,mosque,place_of_worship,point_of_interest",Cibarengkok,-6.8960705,107.5971627
ChIJz-l_iGfmaC4RNW5bIzwIedQ,Minang Raya,-6.8960513,107.5971063,4.0,62,katering,"establishment,food,point_of_interest,restaurant",Cibarengkok,-6.8960705,107.5971627
ChIJu9e67WfmaC4RJNP58qnIkRM,Alfamart Sang Surya,-6.8967278,107.5969903,3.0,46,komersial,"convenience_store,establishment,food,point_of_interest,store",Cibarengkok,-6.8960705,107.5971627
ChIJr8LAK7f8aC4RFAgksf1ccQM,Sindang Reret Restaurant Bandung,-6.898938599999999,107.6198601,4.4,5261,katering,"establishment,food,point_of_interest,restaurant",Jalan Merak,-6.8991893,107.6204455
ChIJM0vnO03maC4RX4H4zjvkiRU,C59,-6.898600999999999,107.6204893,4.5,377,komersial,"clothing_store,establishment,point_of_interest,store",Jalan Merak,-6.8991893,107.6204455
ChIJyT0gTbLnaC4RRC0RueWEdFs,JNE Gasibu,-6.898973799999999,107.6200968,4.4,328,lainnya,"establishment,point_of_interest",Jalan Merak,-6.8991893,107.6204455
ChIJ6YkgrEjoaC4RC9juMHZ7uss,Indomaret Terusan Buah Batu,-6.958348200000001,107.6396179,3.5,72,komersial,"convenience_store,establishment,food,point_of_interest,store",Bluebird A,-6.9576973,107.6394485
ChIJM02HmEPoaC4RFZS0n9nNaGM,King Muay Thai Bandung,-6.9516807,107.636866,4.9,44,olahraga,"establishment,gym,health,point_of_interest",JAPNAS,-6.9512527,107.6364471
ChIJN2TDel3oaC4R_vjI0nwG3MY,Honda Autobest,-6.9483164,107.6311181,4.7,2798,komersial,"car_dealer,establishment,point_of_interest,store",Medal Sekarwangi,-6.9484832,107.6323261
ChIJ9VCdeF3oaC4RV7DJS-RdheA,"OLXmobbi Store - Soekarno Hatta, Bandung",-6.948605,107.6304244,4.3,983,komersial,"car_dealer,establishment,point_of_interest,store",Medal Sekarwangi,-6.9484832,107.6323261
ChIJn2poYl3oaC4R-bsyZJi0-SY,Martabak Mertua Cijagra Buahbatu,-6.9481607,107.6314392,4.4,232,katering,"bakery,establishment,food,point_of_interest,store",Medal Sekarwangi,-6.9484832,107.6323261
ChIJSVbElmfoaC4R5JI8qO84ctc,Hotel Grage Bandung,-6.9474965,107.6313601,4.4,175,lainnya,"establishment,lodging,point_of_interest",Medal Sekarwangi,-6.9484832,107.6323261
ChIJjeYXh47oaC4R1AdYf0YfW7o,PT. Unicorn Tosan Perkasa,-6.9478604,107.6126494,4.4,84,lainnya,"establishment,general_contractor,point_of_interest",PLN UP3 Bandung A,-6.9486572,107.6120894
ChIJj7aC3YrmaC4RbirrQTh9x8k,Pet Distro,-6.8804099,107.5966073,4.5,1023,komersial,"establishment,pet_store,point_of_interest,store",Karangsetra Waterland,-6.879034,107.5952327
ChIJHWPQvADmaC4RYawIbmA9hRo,Indomaret Soekarno Hatta,-6.9252718,107.5750417,4.4,422,komersial,"establishment,point_of_interest,store",Holis 2,-6.9248748,107.5749968
ChIJu4n3lQDmaC4RZ-HsXGxviB0,Sajira Mahardika Bandung,-6.9256386,107.575423,4.3,119,lainnya,"establishment,point_of_interest",Holis 2,-6.9248748,107.5749968
ChIJWyq4TAfmaC4RIDQSOiXu8o4,bank bjb KCP Sumbersari,-6.924345199999999,107.5753151,4.5,105,finansial,"bank,establishment,finance,point_of_interest",Holis 2,-6.9248748,107.5749968
ChIJtQ6ImQDmaC4Rp3PtPKY6JM8,Miranty Catering Company,-6.9250615,107.5738574,4.8,95,katering,"establishment,food,point_of_interest",Holis 2,-6.9248748,107.5749968
ChIJ41-3sADmaC4R880_fWzHQ9Y,Alfamart Soekarno Hatta,-6.925101,107.575347,3.6,42,komersial,"convenience_store,establishment,food,grocery_or_supermarket,point_of_interest",Holis 2,-6.9248748,107.5749968
ChIJu0oXhS3maC4RokI-NC2WOkM,Yami-Yami Noodle House,-6.919285800000001,107.6177014,4.5,1265,katering,"establishment,food,point_of_interest,restaurant",Jalan Panaitan,-6.9194439,107.617851
ChIJ222lczLmaC4REwIeF1C4oCw,Latief Inn Bandung,-6.917326,107.6173935,4.4,525,lainnya,"establishment,lodging,point_of_interest",Jalan Panaitan,-6.9194439,107.617851
ChIJL_3iuS3maC4RA305T0pgLvc,Bengkel Panaitan Power Steering,-6.919552599999999,107.6176362,4.7,171,komersial,"car_dealer,car_repair,establishment,point_of_interest,store",Jalan Panaitan,-6.9194439,107.617851
ChIJPau3si3maC4Rlyu0YEKtAbI,Zerotoys,-6.9200691,107.6176937,4.6,120,komersial,"establishment,museum,point_of_interest,store",Jalan Panaitan,-6.9194439,107.617851
ChIJe3de6C3maC4RccdesYoEmng,Sunda Mall,-6.9188889,107.6183333,4.3,101,lainnya,"establishment,point_of_interest",Jalan Panaitan,-6.9194439,107.617851
ChIJd2Gz1DXmaC4RdvzamnLgRZM,Masjid Kodiklat TNI AD,-6.9099575,107.6159146,4.8,159,lainnya,"establishment,mosque,place_of_worship,point_of_interest",SMA Negeri 3 dan 5 Bandung,-6.9120262,107.6150543
ChIJIyNxEzTmaC4RSFykImmiwKc,Sentra Digital Printing,-6.9113916,107.6169406,4.5,139,komersial,"establishment,point_of_interest,store",SMA Negeri 3 dan 5 Bandung,-6.9120262,107.6150543
ChIJF4aN-zPmaC4R6hmttCioPBY,Rumah Belajar Daniel (Bali),-6.9129827,107.6159651,5.0,97,lainnya,"establishment,point_of_interest",SMA Negeri 3 dan 5 Bandung,-6.9120262,107.6150543
ChIJKRB8oKroaC4RRjFyPxowdqo,Harc Music Studio,-6.929645499999999,107.575517,4.4,126,komersial,"establishment,point_of_interest,store",Simpang Tol Pasirkoja,-6.9299302,107.577006
ChIJg65E0wHmaC4R9UUBzLZCSgc,BEYOND property pasirkoja,-6.9290669,107.5772429,4.5,47,lainnya,"establishment,point_of_interest,real_estate_agency",Simpang Tol Pasirkoja,-6.9299302,107.577006
ChIJM4JhT0vnaC4RCc1SJG0O5Tg,Auto2000 Bandung Suci,-6.901998099999999,107.6481618,4.7,1519,komersial,"car_dealer,car_repair,establishment,point_of_interest,store",Cimuncang,-6.9017562,107.6490456
ChIJxaNSZpTnaC4Rd62aYot6vAo,Pengadilan Tinggi Bandung,-6.9030888,107.6491993,4.6,134,lainnya,"courthouse,establishment,point_of_interest",Cimuncang,-6.9017562,107.6490456
ChIJjQoF9JPnaC4RGoLmLh277aQ,Fakultas Pendidikan Olahraga Dan Kesehatan UPI,-6.9021914,107.6516909,4.6,66,pendidikan,"establishment,point_of_interest,university",Cimuncang,-6.9017562,107.6490456
ChIJy42gCZTnaC4Rq8m34YyinQM,Mr. Bim's Magnetic Parfume,-6.901909799999999,107.6508875,4.8,45,komersial,"clothing_store,establishment,point_of_interest,store",Cimuncang,-6.9017562,107.6490456
ChIJT7OvsL3naC4R17epfpf3C5U,Spbu 34-40103,-6.8993584,107.6419096,3.7,730,lainnya,"establishment,gas_station,point_of_interest",Cikutra,-6.8998699,107.6426541
ChIJobATy73naC4RRu-dPvURe0A,PT TASPEN (PERSERO) KCU BANDUNG,-6.899805,107.64238,4.2,303,lainnya,"establishment,local_government_office,point_of_interest",Cikutra,-6.8998699,107.6426541
ChIJ9-EPQbznaC4RvJZHaPxY5hM,PLN ULP BANDUNG TIMUR,-6.899141999999999,107.6411468,3.0,255,lainnya,"establishment,point_of_interest",Cikutra,-6.8998699,107.6426541
ChIJtY5M_rDnaC4RVM4HHUONG6Q,JETSET KONVEKSI BANDUNG Pusat Sablon Kaos Termurah Terbaik,-6.899284799999999,107.6305301,4.7,231,komersial,"clothing_store,establishment,point_of_interest,store",SMPN 63 Kota Bandung,-6.8999494,107.629359
ChIJOaJPArHnaC4RntQUnEcqbOw,Kampung Wisata Sablon,-6.89971,107.630271,4.5,74,komersial,"establishment,point_of_interest,store",SMPN 63 Kota Bandung,-6.8999494,107.629359
ChIJPSaLsGXmaC4RtPcXs-Ng3S4,Holiday Inn Bandung Pasteur,-6.8960897,107.5906402,4.8,24731,olahraga,"establishment,gym,health,lodging,point_of_interest",Griya Pasteur 1,-6.8951325,107.5884158
ChIJKa5xu2TmaC4R3qD0CR8dO4I,Aston Pasteur,-6.8936196,107.5871679,4.6,16769,katering,"establishment,food,lodging,point_of_interest,restaurant",Griya Pasteur 1,-6.8951325,107.5884158
ChIJq6drgX_maC4RY1N_UqsPSgk,Griya Pasteur,-6.8952256,107.5883499,4.5,5771,komersial,"department_store,establishment,food,grocery_or_supermarket,point_of_interest",Griya Pasteur 1,-6.8951325,107.5884158
ChIJo8dJwGTmaC4RfZ-NBi7gRY4,Hotel Nyland Pasteur Bandung,-6.8949769,107.5872929,4.1,1651,lainnya,"establishment,lodging,point_of_interest",Griya Pasteur 1,-6.8951325,107.5884158
ChIJZwPUVWTmaC4RWYe7SY85m_s,SPBU Pertamina 34.40123,-6.8952024,107.5891299,4.2,1383,lainnya,"establishment,gas_station,point_of_interest",Griya Pasteur 1,-6.8951325,107.5884158
ChIJGfqH-YPmaC4ReAI-o5GeWj8,Revital Clinic Lemah Neundeut,-6.8824482,107.5797182,5.0,324,kesehatan,"establishment,health,point_of_interest",Lemahneundeut,-6.8813132,107.5786866
ChIJE8o-hSnkaC4R_Eq0P3pOzFY,The Piano Shop Bandung,-6.880696899999999,107.5783627,4.9,168,komersial,"establishment,point_of_interest,store",Lemahneundeut,-6.8813132,107.5786866
ChIJvTKmorzmaC4Rxb4Eg9dfcs8,Nuartha Tour and Event,-6.8814625,107.5788198,4.9,40,lainnya,"establishment,point_of_interest,travel_agency",Lemahneundeut,-6.8813132,107.5786866
ChIJfVqMgYPmaC4RY73kHT_Pve4,"MarkPlus, Inc",-6.8805592,107.5796518,4.7,21,lainnya,"establishment,point_of_interest",Lemahneundeut,-6.8813132,107.5786866
ChIJV5jNmIPmaC4RBFZ2BXgfEtk,Sekretariat Club Station Wil. Bojonagara YH1AVB,-6.8808889,107.578827,4.6,7,lainnya,"establishment,point_of_interest",Lemahneundeut,-6.8813132,107.5786866
ChIJBTYll5fmaC4RC_ql4i2SiGE,Sate Padang Pariaman 3 Putri,-6.8814137,107.5768159,4.0,18,katering,"establishment,food,point_of_interest,restaurant",Sarijadi,-6.8816157,107.5784171
ChIJGQAAwIDmaC4RO11X_rkIXKk,Domino's Pizza Surya Sumantri,-6.8823235,107.5813579,4.3,2118,katering,"establishment,food,meal_delivery,meal_takeaway,point_of_interest",Setrasari,-6.8821935,107.5815739
ChIJSbzATYTmaC4RPf8X7bMNbAI,Morning Glory Coffee Bandung Setrasari,-6.881501399999999,107.5825369,4.4,1369,katering,"cafe,establishment,food,point_of_interest,restaurant",Setrasari,-6.8821935,107.5815739
ChIJ18au1IXmaC4Rqpnx8GIbHm0,OYO 230 Maleo Residence,-6.8834369,107.58315,3.9,799,lainnya,"establishment,lodging,point_of_interest",Setrasari,-6.8821935,107.5815739
ChIJex__aoTmaC4RMnv4QJpZYlU,WPC Sumantri,-6.8821986,107.5813001,4.9,536,kesehatan,"beauty_salon,establishment,hair_care,health,point_of_interest",Setrasari,-6.8821935,107.5815739
ChIJ749SfFvmaC4RqQOgFQkkvms,Vio Hotel Cihampelas,-6.8984502,107.6043551,4.2,2060,lainnya,"establishment,lodging,point_of_interest",GKI Pasteur,-6.9001777,107.6027221
ChIJhwl2dETmaC4RLizmEYtU2zw,Angkasa Putra,-6.901164,107.604204,4.3,1496,komersial,"establishment,point_of_interest,store",GKI Pasteur,-6.9001777,107.6027221
ChIJN6Ci9EPmaC4RJpFSMNg6mdk,"Klinik Utama Rehabilitasi Medik ""SALUS MEDICA""",-6.9015076,107.603447,4.9,174,kesehatan,"establishment,health,point_of_interest",GKI Pasteur,-6.9001777,107.6027221
ChIJ--DFgjDmaC4REDgKhsSlKp4,Tirta Anugrah,-6.8982458,107.6107361,4.2,2263,lainnya,"establishment,point_of_interest",Tamansari Cikapayang,-6.8981855,107.6101358
ChIJXyKYd7vnaC4RH9HXOS4ddOs,YPKP Futsal,-6.899515,107.641247,4.2,1141,lainnya,"establishment,point_of_interest",Sekolah Pribadi,-6.8991824,107.6404694
ChIJN-fiaLznaC4RGanXWAfklAE,Universitas Sangga Buana YPKP,-6.899335000000001,107.640543,4.5,849,pendidikan,"establishment,point_of_interest,university",Sekolah Pribadi,-6.8991824,107.6404694
ChIJE8cey9nCaC4RbjVlgnYqMdE,Toyota Auto2000 Cibiru,-6.9361003,107.7110383,4.9,1769,komersial,"car_dealer,establishment,point_of_interest,store",Panyileukan,-6.9358084,107.7121641
ChIJERCDR9jCaC4RD90DFurBJLM,SPBU Pertamina CIBIRU BANDUNG,-6.9358422,107.7138008,4.5,1119,lainnya,"establishment,gas_station,point_of_interest",Panyileukan,-6.9358084,107.7121641
ChIJnXUSttnCaC4RUD4FuD0vVnc,Marwah Beauty Skin Clinic Panyileukan,-6.9359591,107.7128378,4.6,116,komersial,"establishment,point_of_interest,store",Panyileukan,-6.9358084,107.7121641
ChIJ7XGTtdnCaC4RlveV_baxzbo,PT. Noor Abika Tours & Travel,-6.9359134,107.7130331,4.8,61,lainnya,"establishment,point_of_interest,travel_agency",Panyileukan,-6.9358084,107.7121641
ChIJvUY8EdnCaC4RY_RBmpkWKU4,House Of Three Dee,-6.9381008,107.7122944,4.0,45,komersial,"clothing_store,establishment,point_of_interest,store",Panyileukan,-6.9358084,107.7121641
ChIJq4TJu5bnaC4R37Eo2pWjGeo,Biensi Fesyenindo Headquarter,-6.9386166,107.7063059,4.5,228,finansial,"establishment,finance,point_of_interest",Cimincrang,-6.9361993,107.7064259
ChIJaYqP2M_CaC4Rqd4ghzeTJZg,PT. UTC Aerospace Systems Bandung Operations,-6.9353883,107.7042673,4.6,191,lainnya,"establishment,point_of_interest",Cimincrang,-6.9361993,107.7064259
ChIJU8TptdnCaC4RFJy5GTo5Ar0,Soetta 750,-6.9363294,107.7065511,4.5,141,katering,"establishment,food,point_of_interest,restaurant",Cimincrang,-6.9361993,107.7064259
ChIJxWsol9vCaC4Rv6WbvfB3zcg,Klinik Utama Cipadung Medika,-6.93825,107.7071548,3.1,105,kesehatan,"establishment,health,point_of_interest",Cimincrang,-6.9361993,107.7064259
ChIJpX5Mj9rCaC4RAwVgiZbwaS0,Mie Ayam Pribumi,-6.935835,107.7067162,4.5,44,katering,"establishment,food,point_of_interest,restaurant",Cimincrang,-6.9361993,107.7064259
ChIJz3D8WMbCaC4RgRH_91Z1KIQ,PT Pertamina (Persero),-6.937216299999999,107.6945349,4.3,172,lainnya,"establishment,gas_station,point_of_interest",Shakti,-6.9368707,107.697091
ChIJZ09lY6TCaC4RCqAo3m8RYPk,SPBU Pertamina 34.40226 Cipamokolan,-6.9403229,107.6774392,4.1,1164,lainnya,"establishment,gas_station,point_of_interest",Cipamokolan,-6.9383287,107.676837
ChIJhX4By6XCaC4RVDp2JqbmPCE,Bengkel Resmi Sepeda Motor Honda AHASS Hero Motor,-6.9384523,107.6760917,4.5,477,komersial,"establishment,point_of_interest,store",Cipamokolan,-6.9383287,107.676837
ChIJy49KuqXCaC4R5i-auEKSbXw,Indo Sarana Bandung,-6.9378211,107.6766939,4.4,235,komersial,"establishment,point_of_interest,store",Cipamokolan,-6.9383287,107.676837
ChIJGUlBTqTCaC4RXqlkcuBGs68,Sakinah Kerudung Riung,-6.9383612,107.677227,4.7,94,komersial,"clothing_store,establishment,point_of_interest,store",Cipamokolan,-6.9383287,107.676837
ChIJAbvlNNjCaC4RfXMt4C3hyrE,TNT Express,-6.9380458,107.674804,3.5,71,lainnya,"establishment,point_of_interest",Cipamokolan,-6.9383287,107.676837
ChIJo5djCqLmaC4RHfcaQjMluCw,SMKN 6 Kota Bandung,-6.9405695,107.6799085,4.6,485,lainnya,"establishment,point_of_interest",Ranca Mekar,-6.9381511,107.6794103
ChIJnQhYJ03DaC4RjhP5fstRl2A,Suzuki Gedebage PT.Nusantara Jaya Sentosa,-6.9381853,107.6794118,4.9,355,komersial,"car_dealer,establishment,point_of_interest,store",Ranca Mekar,-6.9381511,107.6794103
ChIJp8gpsjvmaC4RwZeuw36oyWA,Granity Suplier Marmer & Granit,-6.9360946,107.6776838,5.0,54,lainnya,"establishment,point_of_interest",Ranca Mekar,-6.9381511,107.6794103
ChIJD6gzY6jCaC4RWgzIF7k578w,Agungrent,-6.938233599999999,107.679407,4.3,29,lainnya,"car_rental,establishment,point_of_interest",Ranca Mekar,-6.9381511,107.6794103
ChIJC5c6hxToaC4RJ39vkvWBzaQ,Depo Bangunan Bandung,-6.939711099999999,107.6713925,4.5,6001,katering,"establishment,food,furniture_store,grocery_or_supermarket,home_goods_store",Komplek Aria Graha,-6.9386008,107.6729063
ChIJZZWGZhToaC4RlinA53tBLgs,Ayam Goreng Suharti,-6.938606,107.6736735,4.3,943,katering,"establishment,food,meal_takeaway,point_of_interest,restaurant",Komplek Aria Graha,-6.9386008,107.6729063
ChIJl_-erqfCaC4RYpwdyGUiQVc,PT. Combi Logistics Indonesia,-6.9369371,107.6718653,5.0,206,lainnya,"establishment,point_of_interest",Komplek Aria Graha,-6.9386008,107.6729063
ChIJFyU4cBzoaC4RF7_fGDAYt20,InspiraTV,-6.9399032,107.6726598,4.6,173,lainnya,"establishment,point_of_interest",Komplek Aria Graha,-6.9386008,107.6729063
ChIJ52NSBR3oaC4R7_E25nq1aTc,PT Esensi Indonesia,-6.9371337,107.6719584,4.5,132,lainnya,"establishment,point_of_interest",Komplek Aria Graha,-6.9386008,107.6729063
ChIJ_RODth3oaC4R0ASMsq6vaRs,Venus Barbershop,-6.939999599999999,107.6663902,4.6,361,kesehatan,"establishment,hair_care,health,point_of_interest",Metro Soekarno Hatta,-6.9390576,107.6666635
ChIJi92aph3oaC4Raj2HT8MufX0,Dunkin Donuts (Metro),-6.9392849,107.6668168,4.5,280,katering,"bakery,establishment,food,point_of_interest,store",Metro Soekarno Hatta,-6.9390576,107.6666635
ChIJmbLjAB3oaC4Rm8qqDq85SYw,Balai Karantina Hewan Ikan Dan Tumbuhan Jawa Barat,-6.938592099999999,107.666247,4.6,83,lainnya,"establishment,point_of_interest",Metro Soekarno Hatta,-6.9390576,107.6666635
ChIJdV2vDx3oaC4Rj_R_-RFSmGc,Alfamart Soekarno Hatta 725,-6.9386189,107.6666956,3.4,40,komersial,"convenience_store,establishment,food,point_of_interest,store",Metro Soekarno Hatta,-6.9390576,107.6666635
ChIJkafBfhToaC4Ro9amLlNYR8w,OT (Arta Boga Cemerlang),-6.9383197,107.6615389,4.1,237,katering,"establishment,food,point_of_interest",Rancabolang,-6.9393267,107.6633158
ChIJh7oqthvoaC4R1NlCoz4XO0g,Dinas Koperasi dan Usaha Kecil Provinsi Jawa Barat,-6.939100799999999,107.6609518,4.7,90,finansial,"establishment,finance,point_of_interest",SMKN 7 Bandung,-6.9398654,107.6601932
ChIJ_dEX-TfmaC4R8TdAKOCEq4o,PT. Best Stamp Indonesia,-6.9407008,107.6595299,4.8,88,komersial,"establishment,point_of_interest,store",SMKN 7 Bandung,-6.9398654,107.6601932
ChIJudlQSBroaC4RhdMhUyHeUKY,Laboratorium Klinik Prodia,-6.9403482,107.6594167,4.9,83,kesehatan,"establishment,health,point_of_interest",SMKN 7 Bandung,-6.9398654,107.6601932
ChIJq3_8-BroaC4RMTKIUllIiL8,PT Tigaraksa Satria,-6.9402618,107.6612192,4.2,35,lainnya,"establishment,point_of_interest",SMKN 7 Bandung,-6.9398654,107.6601932
ChIJhQFbFxToaC4RB9vd5EJCqi0,SPBU Pertamina 34-40225,-6.943087299999999,107.6502872,4.3,901,lainnya,"establishment,gas_station,point_of_interest",Kantor Pos Sekejati,-6.9427595,107.6506832
ChIJy1fuNNjCaC4Rk0LMzJvZl_A,Universitas Informatika Dan Bisnis Indonesia (UNIBI),-6.9422621,107.650718,4.6,406,pendidikan,"establishment,point_of_interest,university",Kantor Pos Sekejati,-6.9427595,107.6506832
ChIJIdlwHhToaC4REC38sgiScpI,Kantorpos Processing Center,-6.942811000000001,107.6509289,2.1,347,finansial,"establishment,finance,point_of_interest,post_office",Kantor Pos Sekejati,-6.9427595,107.6506832
ChIJUUJJFBToaC4Rv3z2LhLcNps,Gedung Eureka Erlangga,-6.943239699999999,107.6499076,4.4,212,komersial,"book_store,establishment,point_of_interest,store",Kantor Pos Sekejati,-6.9427595,107.6506832
ChIJzw0p6hToaC4RzN9iXiBQh7U,Penerbit Erlangga,-6.9430932,107.6501146,4.5,202,lainnya,"establishment,point_of_interest",Kantor Pos Sekejati,-6.9427595,107.6506832
ChIJM_7Ux2noaC4R43MtHPslC5c,Wisma PKBI Jawa Barat,-6.947474799999999,107.6367052,4.1,248,lainnya,"establishment,lodging,point_of_interest",SPBU Simpang Buah Batu Soekarno Hatta,-6.947564,107.6353127
ChIJLdEmmULoaC4Rj54Z5YhGcvs,MSC Indosat Buah Batu,-6.9481997,107.6350874,4.3,124,lainnya,"establishment,point_of_interest",SPBU Simpang Buah Batu Soekarno Hatta,-6.947564,107.6353127
ChIJhdJaMWjoaC4RvSvg-mtDu_8,Kios Bebek C70,-6.946903,107.635914,4.5,65,lainnya,"car_repair,establishment,point_of_interest",SPBU Simpang Buah Batu Soekarno Hatta,-6.947564,107.6353127
ChIJQ2T_wJ3oaC4RByUq1uqnUik,RedDoorz @ Hotel Arimbi Dewi Sartika Baru,-6.9298309,107.6053329,3.8,1487,lainnya,"establishment,lodging,point_of_interest",SDN Moh. Toha,-6.9301233,107.6067372
ChIJ9bQ8PZLoaC4R_2M11D-munY,Gereja Katolik Santo Paulus,-6.9293556,107.6070709,4.7,926,lainnya,"church,establishment,place_of_worship,point_of_interest",SDN Moh. Toha,-6.9301233,107.6067372
ChIJlw-avZ3oaC4RfiuW2xcDK6s,Kantor Sinode Gereja Kristen Pasundan,-6.929583999999999,107.6058375,4.6,52,lainnya,"establishment,point_of_interest",SDN Moh. Toha,-6.9301233,107.6067372
ChIJJ3XvfmvoaC4RzF4OxzsERQU,Colenak Murdi Putra 3,-6.9190687,107.6266207,4.6,101,katering,"establishment,food,point_of_interest,restaurant",Stasiun Cikudapateuh,-6.918959,107.6258168
ChIJhzED9fTDaC4RBwLqwsvkVEs,Mie Gacoan Summarecon,-6.9564944,107.6873539,4.8,7567,katering,"establishment,food,point_of_interest,restaurant",Magna,-6.9568639,107.6879972
ChIJw1xYo-3DaC4RSOYSsY8DiKo,Cambodia Family Reflexology,-6.9572742,107.6886219,5.0,273,lainnya,"establishment,point_of_interest,spa",Magna,-6.9568639,107.6879972
ChIJcRtsx6fCaC4RtXf2ekGiSKg,DHL Global Forwarding,-6.9579719,107.6890443,3.9,14,finansial,"establishment,finance,point_of_interest,storage",Magna,-6.9568639,107.6879972
ChIJd2wLXA3DaC4Re6tySDiPAUk,Summarecon Bandung 1,-6.9566063,107.6879552,4.5,8,lainnya,"establishment,point_of_interest",Magna,-6.9568639,107.6879972
ChIJU1tujh3oaC4R0STC_2HKcTY,PT. Beton Perkasa Wijaksana - Branch Bandung,-6.9576647,107.6896954,3.7,6,lainnya,"establishment,point_of_interest",Magna,-6.9568639,107.6879972
ChIJiWoxR0nmaC4RcYA1sqcpFuk,M Premiere Hotel Bandung,-6.9023844,107.6125095,4.4,1050,lainnya,"establishment,lodging,point_of_interest",Taman Radio B,-6.9025294,107.6116276
ChIJYWLXNEnmaC4RUQJcfHhbH58,napocut Bandung Store,-6.902686999999999,107.613038,4.8,189,komersial,"establishment,point_of_interest,store",Taman Radio B,-6.9025294,107.6116276
ChIJfWnExUjmaC4RSljpji8NyCY,Bank Mandiri Bandung Dago,-6.9030187,107.6116576,4.9,174,finansial,"bank,establishment,finance,point_of_interest",Taman Radio A,-6.9024749,107.6114965
ChIJP2X9Xb7oaC4RPrHsheQich8,Dunkin' Donuts Leuwi Panjang,-6.9452012,107.5953459,4.5,1382,katering,"bakery,establishment,food,point_of_interest,restaurant",Terminal Leuwipanjang,-6.9459897,107.5932021
ChIJIf9yXr7oaC4RqMuKsqWWyMA,Alfamart Leuwi Panjang,-6.9455506,107.5951971,4.1,440,komersial,"convenience_store,establishment,food,grocery_or_supermarket,point_of_interest",Terminal Leuwipanjang,-6.9459897,107.5932021
ChIJw1DfiA_maC4R2PNPHmai99Y,SPBU Coco Sudirman,-6.9186295,107.5840544,4.2,1446,lainnya,"establishment,gas_station,point_of_interest",SDN Raya Barat,-6.9184323,107.5833305
ChIJkTs8BPLnaC4RbUHxDXvJG20,Korean Bengkel Mobil KIA & Hyundai,-6.9192009,107.5838758,4.7,285,lainnya,"car_repair,establishment,point_of_interest",SDN Raya Barat,-6.9184323,107.5833305
ChIJl7n4exrmaC4R3cmou6QjdjE,BANK NCP (BPR Nata Citraperdana - Pusat),-6.9180198,107.5818992,4.7,98,finansial,"bank,establishment,finance,point_of_interest",SDN Raya Barat,-6.9184323,107.5833305
ChIJBSrQRg_maC4RBRG_l78cWjs,Capital O 2218 Sudirman Suites Apartement,-6.917734599999999,107.5813044,3.8,53,lainnya,"establishment,lodging,point_of_interest",SDN Raya Barat,-6.9184323,107.5833305
ChIJ6TGwTD_laC4R7DXaeqT7dn8,Justmine Beauty Klinik Bandung,-6.911027300000001,107.5691715,4.8,424,lainnya,"beauty_salon,establishment,point_of_interest",Batas Kota,-6.9109319,107.5693298
ChIJqwFL2-DlaC4RG95lvK8UW_Q,Batagor Ding's,-6.910972699999999,107.5692033,4.4,187,katering,"establishment,food,point_of_interest,restaurant",Batas Kota,-6.9109319,107.5693298
ChIJ_a8EyLrnaC4RIFPF2oc6Svc,Sekolah Menengah Kejuruan Merdeka Bandung,-6.896887299999999,107.6349442,4.4,189,lainnya,"establishment,point_of_interest",ITENAS,-6.8981794,107.6362141
ChIJueQGODjdaC4Rq9Ph7-EyMMc,Viku Furniture,-6.9046476,107.6716691,4.8,62,komersial,"establishment,furniture_store,home_goods_store,point_of_interest,store",Komplek Sarimas,-6.9047492,107.6723164
ChIJO6MStOHlaC4Rq2H2Yj4W1kI,DodiSERVICEQUIP GAMING,-6.9252037,107.5777585,4.9,135,komersial,"establishment,point_of_interest,store",Holis 1,-6.9251928,107.5752801
ChIJNzP_BLroaC4Rn3GII8-tszc,Coklat L'agie,-6.9440273,107.5865589,4.5,81,katering,"establishment,food,point_of_interest",Simpang Caringin,-6.9433476,107.5850896
ChIJY1RH4LDoaC4RFXHbjKRRgQs,Toko Aneka Mainan,-6.9433333,107.5832504,4.6,54,komersial,"establishment,point_of_interest,store",Simpang Caringin,-6.9433476,107.5850896
ChIJQa6GKb_oaC4R3NYvDCBHqIg,Koperasi Pasar Induk Caringin,-6.9433833,107.583933,3.8,24,finansial,"establishment,finance,point_of_interest",Simpang Caringin,-6.9433476,107.5850896
ChIJkY4fZBToaC4RSzxlXaiaasU,Fajar Mataram Sedayu. PT,-6.9440333,107.5865652,4.3,22,katering,"establishment,food,point_of_interest",Simpang Caringin,-6.9433476,107.5850896
ChIJK5Y8QpPpaC4RB34HXW3hbc4,Super OYO 2672 Bee M Syariah,-6.9478595,107.5923007,3.8,151,lainnya,"establishment,lodging,point_of_interest",Seberang Terminal Leuwipanjang,-6.9469636,107.5929715
ChIJDzW9477oaC4RdONGuuadjBk,STMIK Mardira Indonesia,-6.9467364,107.5938228,4.5,141,pendidikan,"establishment,point_of_interest,university",Seberang Terminal Leuwipanjang,-6.9469636,107.5929715
ChIJicg00lrDaC4Rc-4Kzf9DQQg,Rawda Travel Umroh Bandung,-6.960222799999999,107.7012615,5.0,1272,lainnya,"establishment,point_of_interest,travel_agency",Sekolah Al-Azhar Summarecon,-6.9605166,107.7014518
ChIJs8V7fdvDaC4RkHIv1BiNIBc,Masjid Raya Al Azhar Summarecon Bandung,-6.960903399999999,107.7011029,4.9,462,lainnya,"establishment,mosque,place_of_worship,point_of_interest",Sekolah Al-Azhar Summarecon,-6.9605166,107.7014518
ChIJk5QG4DfDaC4R3XxinRBWtXw,DOSILAK KOREAN FOOD,-6.960163,107.7017865,4.6,44,katering,"establishment,food,point_of_interest,restaurant",Sekolah Al-Azhar Summarecon,-6.9605166,107.7014518
ChIJu2FU51_DaC4RoM58uD0-OK0,Bimbel Bintang Pelajar Summarecon Bandung,-6.960313699999999,107.7009412,5.0,42,pendidikan,"establishment,point_of_interest,school",Sekolah Al-Azhar Summarecon,-6.9605166,107.7014518
ChIJXXe4Wn_DaC4RjiSPjrQFvEw,AZKO Summarecon Bandung,-6.9598702,107.7014001,4.8,33,komersial,"establishment,home_goods_store,point_of_interest,store",Sekolah Al-Azhar Summarecon,-6.9605166,107.7014518
ChIJi57cGADDaC4R33bA2bHUgiE,NailCouture by Jey,-6.9637493,107.7023959,5.0,15,lainnya,"beauty_salon,establishment,point_of_interest",Dayana,-6.9629584,107.7021527
ChIJsU8jONHDaC4RAnJuSf3Lrtw,BubulQus Phone Cell ( Servis hp & komputer ),-6.9629251,107.7032856,5.0,8,komersial,"establishment,point_of_interest,store",Dayana,-6.9629584,107.7021527
ChIJYxee38jDaC4RxL50ic0aAXs,Dayana DD 05,-6.9641159,107.7023743,5.0,3,lainnya,"establishment,point_of_interest",Dayana,-6.9629584,107.7021527
ChIJ-_waewDDaC4RoX8k1jggr4E,CNJ,-6.9632055,107.7022053,5.0,1,lainnya,"establishment,point_of_interest",Dayana,-6.9629584,107.7021527
ChIJKRF4IADDaC4RuVVZy26bcT4,Dayana DF06,-6.9635175,107.7023996,5.0,1,lainnya,"establishment,point_of_interest",Dayana,-6.9629584,107.7021527
ChIJVyGGkv7maC4RLGBBNPdfrgo,PT Indismart Kreatif Solusi,-6.9536302,107.6965412,4.9,34,lainnya,"establishment,point_of_interest",Pasar Sinpasa,-6.9523642,107.6977362
ChIJxXjMMG_DaC4RAOk4frp1GRs,PAV PIZZA SINPANSA SUMMARECON,-6.9523544,107.6979958,3.8,23,katering,"establishment,food,point_of_interest,restaurant",Pasar Sinpasa,-6.9523642,107.6977362
ChIJxxBbRArDaC4RsbbQgVLXrI8,Sop Soto Bu Nani Pasar Sinpasa Summarecon Bandung,-6.952456100000001,107.6980029,5.0,14,katering,"establishment,food,point_of_interest,restaurant",Pasar Sinpasa,-6.9523642,107.6977362
ChIJs96r65rDaC4RZymXQy8JetM,Toko Roti bungSoe Sp.R.G.,-6.9522708,107.6979778,5.0,13,katering,"bakery,establishment,food,point_of_interest,store",Pasar Sinpasa,-6.9523642,107.6977362
ChIJIWRlL_nmaC4RjmHnAlrNeEo,Indihealth,-6.953939900000001,107.6966023,4.7,9,lainnya,"establishment,point_of_interest",Pasar Sinpasa,-6.9523642,107.6977362
ChIJi3vCgLzoaC4RzNvbdnvMdDE,Toko Buana HPL Kopo,-6.9417395,107.5924704,4.8,713,katering,"establishment,food,furniture_store,home_goods_store,point_of_interest",RSUD Bandung Kiwari,-6.9431401,107.5913639
ChIJ99ZajbvoaC4R5fkki5dBT10,Alfamart Kopo Citarip 1,-6.943126599999999,107.5910535,3.9,201,finansial,"atm,convenience_store,establishment,finance,food",RSUD Bandung Kiwari,-6.9431401,107.5913639
ChIJ9VI97BzhaC4Rp1smgDoexE4,CATERING NASI LIWET BANDUNG,-6.9431851,107.5935842,4.8,33,katering,"establishment,food,point_of_interest,restaurant",RSUD Bandung Kiwari,-6.9431401,107.5913639
ChIJZZvIiLvoaC4RqvNetzxJaqw,Eswe Kids Grosir Dan Eceran,-6.9431415,107.5926864,4.0,2,komersial,"clothing_store,establishment,point_of_interest,store",RSUD Bandung Kiwari,-6.9431401,107.5913639
ChIJi7Cu6LvoaC4RSsFXeUy3jgk,Bandung Catering,-6.944094700000001,107.5905706,5.0,1,katering,"establishment,food,point_of_interest",RSUD Bandung Kiwari,-6.9431401,107.5913639
ChIJVyKG94LmaC4RfkU76FFtxXc,Oseng Mercon Sarijadi,-6.8804135,107.5764954,4.3,914,katering,"establishment,food,point_of_interest,restaurant",Sarimanah,-6.8814943,107.5764412
ChIJp-_R94LmaC4Rl1afOJNNJgY,Alfamart Sarimanah 2,-6.8804829,107.5762126,4.1,113,komersial,"convenience_store,establishment,food,point_of_interest,store",Sarimanah,-6.8814943,107.5764412
ChIJI9C_W4LmaC4RH6bP2nqF_Ck,Cahaya Cake's,-6.8809629,107.5763102,4.5,104,katering,"bakery,establishment,food,point_of_interest,store",Sarimanah,-6.8814943,107.5764412
ChIJdYIja1TmaC4Rc_NwoTf9RjI,Steak Ranjang Kiara Artha Park - Steak Enak di Bandung,-6.9161496,107.64342,4.4,4067,katering,"establishment,food,point_of_interest,restaurant",Seberang Kiara Artha,-6.9146677,107.6439103
ChIJu2yYLejnaC4RAQ_WzSYI0Jo,SMK ICB Cinta Teknika,-6.914240299999999,107.6458618,4.6,225,lainnya,"establishment,point_of_interest",Seberang Kiara Artha,-6.9146677,107.6439103
ChIJjQKME9zoaC4R9ZCiht33OqM,Borma Toserba Cibaduyut,-6.9633544,107.593299,4.3,3635,komersial,"department_store,establishment,food,grocery_or_supermarket,point_of_interest",Terminal Cibaduyut,-6.9617764,107.5938174
ChIJkRnGeb_oaC4RD23UKpIOONw,TVRI Stasiun Jawa Barat,-6.960104299999999,107.594868,4.5,1498,lainnya,"establishment,point_of_interest",Terminal Cibaduyut,-6.9617764,107.5938174
ChIJH5MaSsPoaC4RUhXIEb1qE4c,SPBU Pertamina Cibaduyut 34.402.21,-6.959541499999999,107.5933838,4.0,1117,lainnya,"establishment,gas_station,point_of_interest",Terminal Cibaduyut,-6.9617764,107.5938174
ChIJxxr_E9zoaC4RY2wFYQUKis4,Oroku Baby Shop Cibaduyut,-6.963906,107.592978,4.9,564,komersial,"clothing_store,establishment,point_of_interest,store",Terminal Cibaduyut,-6.9617764,107.5938174
ChIJVVVVVSDpaC4Rn-dZme-LDsA,Saung Lesehan Mang Ipik,-6.9598835,107.5932575,4.1,258,katering,"establishment,food,point_of_interest,restaurant",Terminal Cibaduyut,-6.9617764,107.5938174
ChIJvxSsHAfmaC4RuPSTUug0Z3U,Alfamart,-6.922486600000001,107.5768476,4.3,149,komersial,"convenience_store,establishment,food,grocery_or_supermarket,point_of_interest",Simpang Holis Soekarno Hatta,-6.9236327,107.575072
ChIJHWQnaBToaC4R1oG8tYyHfHM,PT. Panjunan,-6.9213552,107.574105,3.9,108,katering,"establishment,food,point_of_interest",Simpang Holis Soekarno Hatta,-6.9236327,107.575072
ChIJiwFBjVHmaC4RSMUIyRMTNec,Grow Gift Shop,-6.896140000000001,107.61482,4.9,1139,komersial,"establishment,florist,point_of_interest,store",Surya Kencana,-6.8947864,107.6144034
ChIJpVPGPSnoaC4RqR1XIyIcggY,Ganesha Operation Ciwastra,-6.960643999999999,107.6639562,5.0,350,komersial,"establishment,point_of_interest,store",,-6.9612061,107.666414
ChIJi-orZojCaC4RrUGe9-sYG-Y,JNE Cipamokolan (Baturaden),-6.9617583,107.6669757,4.6,117,lainnya,"establishment,point_of_interest",,-6.9612061,107.666414
ChIJ6aK2oSnoaC4RNIDe0ZBxwMs,Kantor Kecamatan Buah Batu,-6.9608585,107.6660564,3.9,108,lainnya,"establishment,point_of_interest",,-6.9612061,107.666414
ChIJY2Q5FCnoaC4RlUyxCKmEcB4,"Komplek Perkebunan, Buah Batu",-6.9606241,107.6646936,4.5,88,lainnya,"establishment,point_of_interest",,-6.9612061,107.666414
ChIJFwsFFSnoaC4RdCuPd0YfYs4,Cluster HarmonyPark,-6.9609247,107.6644905,4.6,62,lainnya,"establishment,general_contractor,point_of_interest,real_estate_agency",,-6.9612061,107.666414
ChIJ6S6aPUjvaC4RmNtsOL0yzCg,GII Hok Im Tong • Taman Holis Indah,-6.9504379,107.5640714,4.6,83,lainnya,"church,establishment,place_of_worship,point_of_interest",Mesjid Jami Al Hamidah Cibolerang,-6.948729,107.5656564
ChIJHSi27UnvaC4R4GpOQ9WGcP4,PT So Good Food,-6.9471823,107.5674223,4.5,75,lainnya,"establishment,point_of_interest,storage",Mesjid Jami Al Hamidah Cibolerang,-6.948729,107.5656564
ChIJxW8Ls0nvaC4RGTSInAbSQb4,Warung Kaos Bandung,-6.9491083,107.5669206,4.6,64,komersial,"clothing_store,establishment,point_of_interest,store",Mesjid Jami Al Hamidah Cibolerang,-6.948729,107.5656564
ChIJQbCWKjbvaC4RVVAwG_M7nxM,Bank BRI,-6.9505998,107.5653632,3.1,41,finansial,"bank,establishment,finance,point_of_interest",Mesjid Jami Al Hamidah Cibolerang,-6.948729,107.5656564
ChIJVxpDeg7maC4RRlMmwPDtGKE,Trinity Artwork - Wedding & Event Decoration,-6.950791199999999,107.5659187,4.8,32,komersial,"establishment,florist,point_of_interest,store",Mesjid Jami Al Hamidah Cibolerang,-6.948729,107.5656564
ChIJF4YC5zTdaC4RqyBWcV_dODI,Rumah Sakit Umum Daerah Kota Bandung,-6.915671,107.6987411,4.1,2129,kesehatan,"establishment,health,hospital,point_of_interest",RSUD Ujungberung,-6.9158647,107.6992411
ChIJZQ2nqDDdaC4RWh6Mv-43P4o,Culture Barbershop,-6.9148913,107.699223,4.6,886,kesehatan,"establishment,hair_care,health,point_of_interest",RSUD Ujungberung,-6.9158647,107.6992411
ChIJ9dwOVjfdaC4RW6HVQOOeRYQ,Apotek Kimia Farma Ujung Berung,-6.9142967,107.6980922,4.3,485,kesehatan,"doctor,establishment,health,pharmacy,point_of_interest",RSUD Ujungberung,-6.9158647,107.6992411
ChIJ6ZMQKsvCaC4RlHXNK_LO_uk,Fenomenal Salon,-6.9150861,107.6991859,3.5,48,lainnya,"establishment,hair_care,point_of_interest",RSUD Ujungberung,-6.9158647,107.6992411
ChIJU1lxKjHdaC4Rrs5TzQTnhn8,Alfamart,-6.917131,107.698741,2.9,46,finansial,"atm,convenience_store,establishment,finance,food",RSUD Ujungberung,-6.9158647,107.6992411
ChIJAdvkfrjCaC4Rp3jW3n8XQ_Y,RM. Muaro Jaya,-6.937738299999999,107.6923619,4.4,93,katering,"establishment,food,point_of_interest,restaurant",Simpang Gedebage Selatan,-6.9377899,107.6926176
ChIJNxVj8cfCaC4RuXkJihzrGPw,Wijaya Mandiri Tintex. PT - Bandung,-6.9363547,107.692706,4.4,17,komersial,"establishment,point_of_interest,store",Simpang Gedebage Selatan,-6.9377899,107.6926176
ChIJ8eZWqNXlaC4Rca0AaqeNsq0,Yen's Baby & Kid Shop,-6.8713647,107.5942046,4.6,3377,komersial,"clothing_store,establishment,point_of_interest,store",Simpang Gegerkalong Hilir,-6.8703894,107.5929717
ChIJo1Lxb5TmaC4RNfODaEFTlrY,Suis Butcher Steak House • Setiabudi,-6.8715398,107.5941006,4.4,2236,katering,"establishment,food,point_of_interest,restaurant",Simpang Gegerkalong Hilir,-6.8703894,107.5929717
ChIJSxcnoGrmaC4RIJCtAKQZ2KA,Atlantic City Hotel Bandung,-6.9069134,107.5980764,4.3,3399,lainnya,"establishment,lodging,point_of_interest",Taman Adipura,-6.9067277,107.599217
ChIJmfy4JUDmaC4RiwHvdXQl1_4,RS Melinda 2,-6.9063167,107.5983705,4.1,2196,kesehatan,"establishment,health,hospital,point_of_interest",Taman Adipura,-6.9067277,107.599217
ChIJbTb--2nmaC4RrGvnwlE5H8c,Dealer & Bengkel Honda Netral Jaya Motor Bandung,-6.9087897,107.5979611,4.9,3997,komersial,"car_dealer,car_repair,establishment,point_of_interest,store",SDN 013 Pajajaran,-6.9081011,107.5976036
ChIJs1IAGj7maC4R5_ThpViBJZY,Mutiara Hotel and Convention Bandung,-6.9120192,107.5986698,4.2,2479,lainnya,"establishment,lodging,place_of_worship,point_of_interest,travel_agency",Simpang H. Mesri - Kebon Kawung 1,-6.9125566,107.6007131
ChIJC-c8iT7maC4Rkiid984XN9o,Warung Nasi Ampera - Kebon Kawung,-6.9123946,107.6012345,4.0,1719,katering,"establishment,food,point_of_interest,restaurant",Simpang H. Mesri - Kebon Kawung 1,-6.9125566,107.6007131
ChIJyVl1iDPmaC4RixgOethgiyU,PITIMOSS,-6.912662399999999,107.6178743,4.9,361,pendidikan,"book_store,establishment,library,point_of_interest,store",Balai Bahasa Jawa Barat,-6.913675,107.6172832
ChIJNY63oDPmaC4Rhpb_4iF9nMM,Ditajenad,-6.914269699999999,107.6192049,4.7,241,lainnya,"establishment,point_of_interest",Balai Bahasa Jawa Barat,-6.913675,107.6172832
ChIJo1tV8jPmaC4R-OL_xDZPa7Q,Bimbel Nurul Fikri Sumbawa,-6.9133401,107.6173266,5.0,59,pendidikan,"establishment,point_of_interest,university",Balai Bahasa Jawa Barat,-6.913675,107.6172832
ChIJQYygUMLnaC4Rijib8xKFuSo,Perguruan Tinggi Indonesia Mandiri,-6.9111954,107.6178252,4.7,129,pendidikan,"establishment,point_of_interest,university",Taman Musik Jalan Sumbawa,-6.9123329,107.6164338
ChIJuVrNgC3maC4RwdmVlXFDZw4,"SKINNAIRE KLINIK SPESIALIS KULIT, KELAMIN & KECANTIKAN",-6.9177364,107.6182957,4.9,1887,kesehatan,"beauty_salon,doctor,establishment,hair_care,health",Yogya Jalan Sunda,-6.917894,107.6180035
ChIJ46AuU_HmaC4RIUBJ28FHlSg,Jack Runners Roastery,-6.917653199999999,107.6173011,4.6,646,katering,"bar,cafe,establishment,food,point_of_interest",Yogya Jalan Sunda,-6.917894,107.6180035
ChIJP_I_hYHoaC4RTMZr1tCyBUI,"Laris Chandra, PT - Bandung",-6.929935599999999,107.6162765,4.8,80,komersial,"establishment,point_of_interest,store",Unla,-6.9311247,107.6156953
ChIJrZuzhIHoaC4RxuX0PdbPb24,PETS Dokter,-6.9302512,107.6166976,4.1,72,lainnya,"establishment,point_of_interest,veterinary_care",Unla,-6.9311247,107.6156953
ChIJ_Zy874HoaC4RiQURtqO3o5A,Asuransi Ramayana. PT - Bandung,-6.9297963,107.6163763,4.2,56,lainnya,"establishment,point_of_interest",Unla,-6.9311247,107.6156953
ChIJve03foHoaC4RmisFZHGr18I,Alfamart,-6.930603499999999,107.6157898,3.3,43,komersial,"convenience_store,establishment,food,point_of_interest,store",Unla,-6.9311247,107.6156953
ChIJUQRdneDoaC4RTKzQjHK2vZw,PROJIE NETHICS,-6.9307707,107.6179419,4.8,259,komersial,"establishment,point_of_interest,store",Banteng Sadakeling,-6.9315741,107.6183241
ChIJhyGf_YDoaC4REAFMxztw4FA,Sakura Derma,-6.932069599999999,107.6178666,4.7,197,lainnya,"beauty_salon,establishment,point_of_interest",Banteng Sadakeling,-6.9315741,107.6183241
ChIJmamW6IDoaC4RuCBXfSDUNH0,Naraya house,-6.9315494,107.6192889,4.1,159,lainnya,"establishment,lodging,point_of_interest",Banteng Sadakeling,-6.9315741,107.6183241
ChIJeyzLBa_oaC4RHVvei5rywjU,Balai Pengobatan Tradisional Ny. Djamilah Najmuddin,-6.9319777,107.6194718,4.6,64,kesehatan,"establishment,health,point_of_interest",Banteng Sadakeling,-6.9315741,107.6183241
ChIJ9f4i9K7naC4RVvAeB0m72Lk,Suteki Technology,-6.930574699999999,107.618598,4.8,45,lainnya,"establishment,point_of_interest",Banteng Sadakeling,-6.9315741,107.6183241
ChIJu2IOkoDoaC4R1pkoiretgVY,Lapangan Softball/Basseball Lodaya,-6.931063099999999,107.620356,4.5,920,lainnya,"establishment,point_of_interest",SMK Medina,-6.9313205,107.6190558
ChIJ-w6c-IDoaC4RjZQhePUGMgw,Lazismu Jawa Barat,-6.9303113,107.6194174,4.9,136,lainnya,"establishment,point_of_interest",SMK Medina,-6.9313205,107.6190558
ChIJxVTJKi7maC4RlUs6IwYBCJw,Hotel Crowne Plaza Bandung,-6.9169982,107.6121487,4.8,23003,katering,"bar,establishment,food,gym,health",Museum Mandala Wangsit Siliwangi,-6.9170338,107.6111296
ChIJBzzIaUPdaC4RKyT180GP3hs,Sate Maranggi Raos,-6.907436799999999,107.6868335,4.6,140,katering,"establishment,food,point_of_interest,restaurant",Pusjatan,-6.907616,107.6867053
ChIJRVs0O0HdaC4R7XNNp9-5txk,TB. HEGAR,-6.908959599999999,107.6888053,4.8,10,komersial,"establishment,point_of_interest,store",Pusjatan,-6.907616,107.6867053
ChIJ44jNK0LdaC4RYelDpF8NVKc,UPTD. Laboratorium Lingkungan Hidup DLH Jabar,-6.9073853,107.6866875,3.0,8,lainnya,"establishment,point_of_interest",Pusjatan,-6.907616,107.6867053
ChIJn8UrGjndaC4R1Bk4wgO2aIk,JNE Ujung Berung,-6.9094286,107.6891369,4.0,443,lainnya,"establishment,point_of_interest",Seberang SMAN 24 Bandung,-6.9084569,107.6881483
ChIJ8_7__0TdaC4RDsEOXvSTXaA,"Shop & Drive - Ujung Berung, Bandung",-6.9103262,107.6894538,4.8,343,komersial,"car_repair,establishment,point_of_interest,store",Seberang SMAN 24 Bandung,-6.9084569,107.6881483
ChIJDy587EDdaC4RyyL4IpnOfbE,Radja Reflexy & Pijat Keluarga Cijambe,-6.9097148,107.6905183,4.5,276,kesehatan,"establishment,health,point_of_interest,spa",Seberang SMAN 24 Bandung,-6.9084569,107.6881483
ChIJcQAAACTcaC4R1y8ZzW9Qqj0,Indomaret Cijambe,-6.908634699999999,107.6906415,3.9,71,komersial,"convenience_store,establishment,food,point_of_interest,store",Seberang SMAN 24 Bandung,-6.9084569,107.6881483
ChIJK5SbLMjCaC4RR3aEmiLqCEo,Bengkel Las Icha Knalpot,-6.930553,107.693756,4.9,41,lainnya,"car_repair,establishment,point_of_interest",Seberang Jalan Pasar Induk,-6.9308254,107.6934648
ChIJ4Why28rCaC4Rd3Ln5QT8A1c,Missouri. CV,-6.9307852,107.6937624,4.7,32,lainnya,"establishment,point_of_interest",Seberang Jalan Pasar Induk,-6.9308254,107.6934648
ChIJnwTD7snCaC4RD0nLAF7SmdE,Taman Kelurahan Mekarmulya,-6.931068799999999,107.6935478,3.8,19,lainnya,"establishment,point_of_interest",Seberang Jalan Pasar Induk,-6.9308254,107.6934648
ChIJrwOXH8rCaC4RmZXL2sXUslk,PUTRI GEMILANG ROLLINGDOOR,-6.93004,107.6938898,4.5,11,lainnya,"establishment,point_of_interest",Seberang Jalan Pasar Induk,-6.9308254,107.6934648
ChIJMQ3tizPDaC4RpMDc5IKPTmY,Hira Express,-6.930059699999999,107.6929923,3.6,11,lainnya,"establishment,point_of_interest,storage",Seberang Jalan Pasar Induk,-6.9308254,107.6934648
ChIJFcRrJtrCaC4REtl2j1Iik-U,Bhakti Kencana University,-6.936482199999999,107.7099751,4.5,497,pendidikan,"establishment,point_of_interest,university",Universitas Bhakti Kencana,-6.9355706,107.7099587
ChIJQ6mefBzoaC4RBLgbV_vz2II,Quadrant,-6.935009699999999,107.7120232,4.3,40,lainnya,"establishment,point_of_interest",Universitas Bhakti Kencana,-6.9355706,107.7099587
ChIJEx8jCx3oaC4RT4r8dM67MrY,BAHTERATEX,-6.9359362,107.7114191,4.1,34,lainnya,"establishment,point_of_interest",Universitas Bhakti Kencana,-6.9355706,107.7099587
ChIJu3SYldnCaC4REMTuP8WvxFc,Yayasan Adhi Guna Kencana,-6.936350399999999,107.7098842,4.8,16,lainnya,"establishment,point_of_interest",Universitas Bhakti Kencana,-6.9355706,107.7099587
ChIJOd11WC_DaC4RU1YeqZZaOUs,Alfamart Cibiru Hilir,-6.9341857,107.7230075,4.2,338,katering,"establishment,food,grocery_or_supermarket,point_of_interest,store",SDN 050 Cibiru,-6.9342099,107.7214988
ChIJK0lUQS_DaC4RxqG4ft0BAKg,Donat Madu Cihanjuang Cibiru,-6.933250699999999,107.7233041,4.5,169,katering,"bakery,establishment,food,point_of_interest,store",SDN 050 Cibiru,-6.9342099,107.7214988
ChIJtanYOv7naC4RYEi-m-wZ1iQ,Mesin Kasir Bandung,-6.934835199999999,107.7199133,4.8,49,komersial,"electronics_store,establishment,point_of_interest,store",SDN 050 Cibiru,-6.9342099,107.7214988
ChIJd0eO9CjDaC4RAMivsZHOEyg,Kontrakan Ilaa Khairi Ummah (IKHU) - Wifi Cepat,-6.933157899999999,107.7193916,4.5,32,lainnya,"establishment,lodging,point_of_interest",SDN 050 Cibiru,-6.9342099,107.7214988
ChIJu0tLXy_DaC4Rm-SkWvqfHEE,Indomaret Delivery Cibiru Hilir,-6.934118,107.723282,3.8,26,komersial,"convenience_store,establishment,food,point_of_interest,store",SDN 050 Cibiru,-6.9342099,107.7214988
ChIJiwA4cSjDaC4Rk3BIk7dcHIA,Waroeng Bako Coffee (BANDREK KOPI),-6.9332768,107.7135189,4.6,636,katering,"cafe,establishment,food,point_of_interest,store",SDN Cipadung,-6.9316136,107.7137994
ChIJmVbcndfCaC4RHWBhz4zXhWE,Klinik Jiwa Nur Ilahi,-6.933189199999999,107.7132919,4.5,370,kesehatan,"establishment,health,point_of_interest",SDN Cipadung,-6.9316136,107.7137994
ChIJwVdAktbCaC4RPSRXXnafknM,Bank Mandiri KCP Cibiru,-6.930705199999999,107.7122256,4.8,272,finansial,"atm,bank,establishment,finance,point_of_interest",SDN Cipadung,-6.9316136,107.7137994
ChIJo3OVj8PDaC4RmqvvtbFFPmI,Ayam Geprek Pangeran Cipadung,-6.926160299999999,107.711008,4.2,1285,katering,"establishment,food,point_of_interest,restaurant",Seberang Borma Cipadung,-6.926185,107.7108807
ChIJ5bgpnNTCaC4RU5G51y9vbRY,SPBU Pertamina 34-40601,-6.926025099999999,107.7107294,3.8,351,lainnya,"establishment,gas_station,point_of_interest",Seberang Borma Cipadung,-6.926185,107.7108807
ChIJ-5fsxi_daC4RvvOjgiagBoU,Superindo Ujungberung,-6.916058899999999,107.7056006,4.3,2304,katering,"establishment,food,grocery_or_supermarket,point_of_interest,store",SDN Ciporeat,-6.9174054,107.7062374
ChIJHSVE2i_daC4RwX3MsI7wRuQ,Pizza Hut Delivery - PHD Indonesia,-6.9156966,107.7047322,4.6,1522,katering,"establishment,food,meal_delivery,meal_takeaway,point_of_interest",SDN Ciporeat,-6.9174054,107.7062374
ChIJdSwikkLdaC4R_G3iHfsjfGo,Dealer Honda Berkat Abadi Motor Bandung,-6.915987599999999,107.7045836,4.8,1288,komersial,"car_dealer,car_repair,establishment,point_of_interest,store",SDN Ciporeat,-6.9174054,107.7062374
ChIJEY9kSi7daC4RYKLD3WF_NIQ,Indomaret,-6.9169436,107.7059233,4.3,70,komersial,"convenience_store,establishment,food,grocery_or_supermarket,point_of_interest",SDN Ciporeat,-6.9174054,107.7062374
ChIJI1AoKCzdaC4RIESOYwUMwdY,BANK BRI Unit Ujungberung Timur,-6.919211,107.707869,2.4,34,finansial,"atm,bank,establishment,finance,point_of_interest",SDN Ciporeat,-6.9174054,107.7062374
ChIJjfHpEH7oaC4RfeyES4B9sqs,Toko Buku Diskon BBC Palasari 1 (Bandung Book Centre),-6.932004999999999,107.62239,4.5,447,komersial,"book_store,establishment,point_of_interest,store",Yayasan Kemala Bhayangkari,-6.9318511,107.6221315
ChIJ3QHzo4DoaC4Rv-smEQnscBM,Azimuth,-6.9326148,107.6228981,4.5,259,komersial,"electronics_store,establishment,point_of_interest,store",Yayasan Kemala Bhayangkari,-6.9318511,107.6221315
ChIJdQWoQH7oaC4RX27kUWpaxuc,Abbys Performance Tuning,-6.931384200000001,107.6231501,4.4,84,lainnya,"car_repair,establishment,point_of_interest",Yayasan Kemala Bhayangkari,-6.9318511,107.6221315
ChIJY8zvGn7oaC4RzgLyuzkz1is,TOKO BUKU AULIA /TERIMA BUKU BEKAS KULIAHAN DAN SEJARAH,-6.931698,107.6229424,4.2,80,komersial,"book_store,establishment,point_of_interest,store",Yayasan Kemala Bhayangkari,-6.9318511,107.6221315
ChIJdcurvIDoaC4Rnrno8_mQYz8,Indomaret Banteng 15,-6.931837,107.6208549,3.8,55,komersial,"convenience_store,establishment,food,point_of_interest,store",GOR Lodaya,-6.9316564,107.620362
ChIJd4lRsIDoaC4Rzh5as3bFYCE,Wins Catering,-6.9329357,107.6213339,5.0,29,katering,"establishment,food,point_of_interest",GOR Lodaya,-6.9316564,107.620362
ChIJ67iOZzrmaC4RHUTJZgyF108,Rumah Sakit Immanuel Bandung,-6.9349582,107.5965099,4.2,2903,kesehatan,"dentist,establishment,health,hospital,point_of_interest",RS Imanuel Pintu Kopo,-6.9353514,107.5957948
ChIJFZUEotXnaC4RVqJjQT4HIVk,Dapoer Pandan Wangi - PATUHA,-6.9283699,107.6239406,4.6,9565,katering,"establishment,food,point_of_interest,restaurant",SD Al-Azhar 36 Bandung,-6.9277142,107.6233702
ChIJw8-rN9XnaC4RKbh5T05uhBk,Malaka Hotel,-6.9270323,107.6231375,4.4,4156,lainnya,"establishment,lodging,point_of_interest",SD Al-Azhar 36 Bandung,-6.9277142,107.6233702
ChIJ5XTisirmaC4R5nrr3GtXbMA,Pawon Pitoe Cafe Talaga Bodas,-6.928724799999999,107.622406,4.4,1610,katering,"cafe,establishment,food,point_of_interest,restaurant",SD Al-Azhar 36 Bandung,-6.9277142,107.6233702
ChIJNZA8adXnaC4Rx0OmrjZorxo,KOZI Coffee 3.2 at Malaka Hotel,-6.9268063,107.6232295,4.5,890,katering,"cafe,establishment,food,point_of_interest,store",SD Al-Azhar 36 Bandung,-6.9277142,107.6233702
ChIJ2-lNktTnaC4RLRkjxn777X8,The Papandayan Hotel,-6.9231456,107.6237581,4.7,10449,lainnya,"establishment,lodging,point_of_interest",Taman Pers Malabar 2,-6.9256325,107.6238594
ChIJTVAL_NTnaC4RrKPQVx4IZfU,Acer Customer Service Center Bandung,-6.9248653,107.6241148,4.3,894,lainnya,"establishment,point_of_interest",Taman Pers Malabar 2,-6.9256325,107.6238594
ChIJR59Rn9XnaC4R2-m_nA-UPlk,Yellow Truck Coffee,-6.9263821,107.6248124,4.4,700,katering,"cafe,establishment,food,point_of_interest,store",Taman Pers Malabar 2,-6.9256325,107.6238594
ChIJqZmTwn7oaC4RZ8i2K3KESrA,DPD PDI Perjuangan Jawa Barat,-6.9252385,107.6277528,3.8,613,lainnya,"establishment,point_of_interest",Aneka Jeans,-6.9242838,107.6268278
ChIJf6s-ONTnaC4RoHx11Y6nJHM,"CapdaseWorld Apple repair, Android, Laptop Service & Accesories",-6.9243276,107.6259909,4.8,544,komersial,"establishment,point_of_interest,store",Aneka Jeans,-6.9242838,107.6268278
ChIJU0UzfyDmaC4RDRLcnDpzjsQ,Pegadaian UPC Astana Anyar,-6.9253225,107.5994774,4.2,39,finansial,"establishment,finance,point_of_interest,store",Simpang Astanaanyar Pasirkoja,-6.92649,107.5996134
ChIJGSTx8iHmaC4RC9AJmRvHBR0,"Ramayana Toko Jas Hujan , Tenda dll",-6.9270974,107.5998878,4.5,38,komersial,"department_store,establishment,point_of_interest,store",Simpang Astanaanyar Pasirkoja,-6.92649,107.5996134
ChIJzbQ7xyHmaC4RzNSx8r9rT8M,BCA KCP Astana Anyar,-6.925123999999999,107.599034,4.4,34,finansial,"atm,bank,establishment,finance,point_of_interest",Simpang Astanaanyar Pasirkoja,-6.92649,107.5996134
ChIJw7KP9CDmaC4RTrJgf9t4DDY,GBI Pasirkoja,-6.9270705,107.6011307,4.8,28,lainnya,"church,establishment,place_of_worship,point_of_interest",Simpang Astanaanyar Pasirkoja,-6.92649,107.5996134
ChIJ0-_LmiLmaC4RXWc5rVHpvs0,MIN YEN Bakpaw & Siomay,-6.920249999999999,107.598476,4.4,227,katering,"establishment,food,point_of_interest,restaurant,store",Cibadak Astanaanyar,-6.9209381,107.5983281
ChIJT_-AZZHnaC4REyQMD6hTELA,"GPS TRACKER SUPER SPRING, GPS PELACAK & DASHCAM DEKKA",-6.9198933,107.5979069,5.0,151,lainnya,"establishment,point_of_interest",Cibadak Astanaanyar,-6.9209381,107.5983281
ChIJR0eggxjmaC4R0At7Pfr4gzY,Dream Liner Spa,-6.921431999999999,107.5975864,4.5,136,lainnya,"establishment,point_of_interest,spa",Cibadak Astanaanyar,-6.9209381,107.5983281
ChIJGV33r9LDaC4R24e7v3Qmgio,Sweater Second Brand,-6.932513999999999,107.697324,4.3,332,lainnya,"establishment,point_of_interest",Pasar Cimol Gedebage,-6.9325009,107.6970634
ChIJzVAWErjCaC4RIfLK3hUZ7JE,Sewa Jas Bandung - Aira Jas,-6.9323044,107.6980308,4.8,48,komersial,"clothing_store,establishment,point_of_interest,store",Pasar Cimol Gedebage,-6.9325009,107.6970634
ChIJ5140qTbdaC4RIeRtQQe7WB4,"Shafco Multi Trading, PT",-6.9319259,107.6963216,4.2,18,komersial,"establishment,point_of_interest,store",Pasar Cimol Gedebage,-6.9325009,107.6970634
ChIJpbS7RBXDaC4R3MwtB3QwELU,Wahyu Ball sepatu /tas import thailand,-6.932600799999999,107.6971078,5.0,9,komersial,"establishment,point_of_interest,shoe_store,storage,store",Pasar Cimol Gedebage,-6.9325009,107.6970634
ChIJ0yWX1hfDaC4RAsAq2cKGWwE,Pusat Grosir Fashion Cimol Gedebage,-6.932292899999999,107.6972805,4.3,8,lainnya,"establishment,point_of_interest",Pasar Cimol Gedebage,-6.9325009,107.6970634
ChIJVy1OxhDoaC4RC9d3-k4q7bg,METRO FURNITURE,-6.941501199999999,107.6551177,4.3,95,komersial,"establishment,furniture_store,home_goods_store,point_of_interest,store",Cidurian Utara,-6.9417291,107.6528521
ChIJMZkgUCjmaC4RNxYBV6stJM4,Grosir Tas Bandung,-6.9396089,107.654079,4.2,27,komersial,"establishment,point_of_interest,store",Cidurian Utara,-6.9417291,107.6528521
ChIJYQPoMRHoaC4RYmReNosIJLs,PT. Hadi Putra Jaya,-6.9412403,107.6538391,5.0,7,lainnya,"establishment,point_of_interest",Cidurian Utara,-6.9417291,107.6528521
ChIJUQSyFhvoaC4Ro_eJ6JQHy48,Telkomsel Regional Jawa Barat,-6.9383497,107.6611557,4.4,333,lainnya,"establishment,point_of_interest",Suparma,-6.939521,107.6601431
ChIJ_e0q7RroaC4RGyMy4j-Ds0M,Masjid Al-Mansur,-6.9390153,107.6593249,4.7,90,lainnya,"establishment,point_of_interest",Suparma,-6.939521,107.6601431
ChIJsy5HhGvoaC4RwAoQaBgDpCo,Indokids Kircon (Baby Shop),-6.9427324,107.6416579,4.6,261,komersial,"establishment,point_of_interest,shopping_mall",Borma Kiaracondong,-6.9427684,107.6419391
ChIJMXGCf23oaC4RSkOCrbJb2Pk,Bank BRI KC Bandung Soekarno Hatta,-6.9405131,107.6419156,3.4,43,finansial,"atm,bank,establishment,finance,point_of_interest",KPP Madya Dua Bandung,-6.9383596,107.6422267
ChIJZTxXWnXoaC4RqSf2LjrxN-Q,JNE Kiara Condong,-6.934172900000001,107.6428863,2.5,874,lainnya,"establishment,point_of_interest",SDN 38 Kiaracondong,-6.9334238,107.6429612
ChIJ5SKxd3PoaC4R4aHoBx-8XH8,Apotek K-24 Kiaracondong Bandung,-6.933431100000001,107.6426131,4.3,441,kesehatan,"establishment,health,pharmacy,point_of_interest,store",SDN 38 Kiaracondong,-6.9334238,107.6429612
ChIJiQOr_3LoaC4RXGsqzOoJook,Bunga Indah Seserahan,-6.9350022,107.6423961,4.3,112,lainnya,"establishment,point_of_interest",SDN 38 Kiaracondong,-6.9334238,107.6429612
ChIJE32KEnPoaC4RQVTeNp5B8p4,Dilly Variasi,-6.933507,107.6430119,4.5,71,lainnya,"car_repair,establishment,point_of_interest",SDN 38 Kiaracondong,-6.9334238,107.6429612
ChIJ50xY5t_naC4RwR3-yiovAF8,Toko Emas Lima,-6.9257024,107.6446767,4.8,448,komersial,"establishment,jewelry_store,point_of_interest,store",Jalan PSM,-6.9274181,107.6444787
ChIJZSSSRHXoaC4RKsI6iENqJtQ,BCA KCP Kiaracondong,-6.9277155,107.6440783,4.2,60,finansial,"atm,bank,establishment,finance,point_of_interest",Jalan PSM,-6.9274181,107.6444787
ChIJV-9B8N_naC4RdMvXgq6s0EM,Bank BRI Unit Kiaracondong,-6.926275,107.645032,3.4,39,finansial,"atm,bank,establishment,finance,point_of_interest",Jalan PSM,-6.9274181,107.6444787
ChIJF7SBjgroaC4ROa73t4LXMRs,PT Wafiq Mitra Teknik,-6.928405700000001,107.6459502,4.8,24,lainnya,"establishment,point_of_interest",Jalan PSM,-6.9274181,107.6444787
ChIJTwV7UHXoaC4RgolDk8KLABU,Puma Sport Keng,-6.9274086,107.6445435,4.3,17,komersial,"establishment,point_of_interest,store",Jalan PSM,-6.9274181,107.6444787
ChIJrcQ5s8LnaC4RbUQXRrKbyMA,Alfamart,-6.916633099999999,107.6441685,4.3,221,komersial,"convenience_store,establishment,food,grocery_or_supermarket,point_of_interest",Gerbang Timur Kiara Artha Park,-6.9161771,107.6437843
ChIJqQJj_-fnaC4Rl4mQxLOD4NQ,PT Pandu Persada,-6.916780999999999,107.6452201,4.7,115,lainnya,"establishment,point_of_interest",Gerbang Timur Kiara Artha Park,-6.9161771,107.6437843
ChIJKaHDg6_CaC4RcTMIKbjSauY,Martabak Super Hafizh,-6.9354901,107.6783319,4.8,47,katering,"establishment,food,point_of_interest,restaurant",KPP Pratama Cicadas,-6.937792,107.679421
ChIJ1eQCJRHoaC4RDMpNkgfsOJI,PT. Jasaraharja Putera,-6.9394762,107.6586852,4.0,27,lainnya,"establishment,point_of_interest",Gagak Rimang,-6.9401293,107.6590763
ChIJTb2C-3voaC4ReQJKmAQeM2o,SPBU Pertamina 34.402.18 Martanegara Asri,-6.9330281,107.6280044,4.3,1560,lainnya,"establishment,gas_station,point_of_interest",DPPKB Kota Bandung,-6.9342059,107.6267786
ChIJN22KmV3oaC4RhMtv9IkMMEw,Cibiuk Resto Soekarno Hatta Bandung,-6.946748100000001,107.638547,4.5,7585,katering,"establishment,food,point_of_interest,restaurant",Sekelimus 1,-6.9463564,107.6384357
ChIJg25PlWnoaC4R23dW5qAvb2M,Anugrah Motor,-6.946422,107.637871,4.8,112,komersial,"car_dealer,establishment,point_of_interest,store",Sekelimus 1,-6.9463564,107.6384357
ChIJ-3cY8AfmaC4RxuENMy5_-Ko,Kantor Kementerian Agama Kota Bandung,-6.947378,107.6368721,3.8,47,lainnya,"establishment,point_of_interest",Sekelimus 1,-6.9463564,107.6384357
ChIJTZbeMmjoaC4RpeT4Lq_S3WE,TML Energy,-6.946816099999999,107.6360506,4.8,59,lainnya,"establishment,point_of_interest",Sekelimus Tengah,-6.9466899,107.6381374
ChIJJ3nPe-nnaC4RJaWAYzWzhfI,PT CIRCLEKA Indonesia utama Bandung,-6.947350999999999,107.6150537,2.9,116,lainnya,"establishment,point_of_interest",Mengger Girang,-6.9487604,107.6136896
ChIJLzkZ35LoaC4REGPeNE1VhP0,Pancamas Pipasakti PT (PMPS),-6.9478497,107.6066757,4.0,84,lainnya,"establishment,point_of_interest",Karasak Utara,-6.9480356,107.6067108
ChIJD30ww3LmaC4RcTa0gBGWG0o,Indorent CSM Corporatama - Bandung,-6.9483709,107.6073169,4.4,55,lainnya,"car_rental,establishment,point_of_interest",Karasak Utara,-6.9480356,107.6067108
ChIJE9kwSV7maC4RRANqrXGh_UQ,Bhinneka Shuttle Mekar Wangi,-6.947877,107.604135,4.1,681,lainnya,"establishment,point_of_interest",Ampera Soekarno Hatta,-6.9481562,107.6050951
ChIJi3pmDGPoaC4RXKZCph06gnc,Holland Bakery - Buah Batu,-6.9405506,107.6263347,4.5,551,katering,"bakery,establishment,food,point_of_interest,store",Seberang Selontongan,-6.9400956,107.6256333
ChIJXfYvE2PoaC4RfwdFifFwrVU,Ganesha Operation Solontongan,-6.939469099999999,107.6260171,5.0,405,lainnya,"establishment,point_of_interest",Seberang Selontongan,-6.9400956,107.6256333
ChIJFfauhWPoaC4R1YnI1rFfhbE,Optik Melawai - Buahbatu Bandung,-6.940357199999999,107.62629,4.7,292,kesehatan,"doctor,establishment,health,physiotherapist,point_of_interest",Seberang Selontongan,-6.9400956,107.6256333
ChIJi3pmDGPoaC4R4yVtY2h8vTA,Permata Bank KCP Buah Batu Bandung,-6.9412005,107.6265609,3.4,85,finansial,"atm,bank,establishment,finance,point_of_interest",Seberang Selontongan,-6.9400956,107.6256333
ChIJD1zVDWPoaC4RmdVPT2OZcrs,BCA KCP Buah Batu,-6.940099,107.62522,4.1,67,finansial,"atm,bank,establishment,finance,point_of_interest",Seberang Selontongan,-6.9400956,107.6256333
ChIJ16dMuGfoaC4RfYsc0pCVVWY,Inti Health Store,-6.946092900000001,107.6317688,4.5,285,komersial,"establishment,point_of_interest,store",Seberang Jalan Guntursari Wetan,-6.9469011,107.6321384
ChIJJw3ar2foaC4RWcKzrZNR7m0,Bank Muamalat,-6.9460253,107.6310969,4.5,89,finansial,"atm,bank,establishment,finance,point_of_interest",Seberang Jalan Guntursari Wetan,-6.9469011,107.6321384
ChIJ7dwEt4LoaC4RBLk0bt3uDjQ,Pegadaian Kantor Wilayah X,-6.928351500000001,107.6096712,3.4,127,finansial,"establishment,finance,point_of_interest,store",Pasundan,-6.9277857,107.6089283
ChIJPRV2wifmaC4RG3Uu4L86keg,Gereja Kristen Kalam Kudus Bandung (GKKKB),-6.9273421,107.6083032,4.7,121,lainnya,"church,establishment,place_of_worship,point_of_interest",Pasundan,-6.9277857,107.6089283
ChIJEV4At4LoaC4RHceKyQ2izPo,JNE Pungkur 2,-6.927815600000001,107.6089796,4.4,115,lainnya,"establishment,point_of_interest",Pasundan,-6.9277857,107.6089283
ChIJtUIfVp3oaC4RFTs8R4SRIK4,PT Pegadaian (Persero),-6.9281932,107.6093001,4.6,110,finansial,"establishment,finance,point_of_interest,store",Pasundan,-6.9277857,107.6089283
ChIJH4mXnCfmaC4RIKqGcbSFF0Q,Warung Nasi Ibu Imas,-6.9258627,107.6072824,4.5,25811,katering,"establishment,food,point_of_interest,restaurant",SMP Negeri 43 Bandung,-6.9257638,107.606724
ChIJ6aWWeCjmaC4RbAfSMfBbENA,Naba Tour Assalaam Bandung,-6.92611,107.6081642,5.0,212,lainnya,"establishment,point_of_interest,travel_agency",SMP Negeri 43 Bandung,-6.9257638,107.606724
ChIJdyp4byfmaC4RDqSMyBjyL0o,Gereja Rehoboth,-6.9251361,107.6059459,4.7,46,pendidikan,"church,establishment,place_of_worship,point_of_interest,school",SMP Negeri 43 Bandung,-6.9257638,107.606724
ChIJL3T8HyfmaC4RwRmBQBViu_4,Kantor Pusat BRC (PT Rohmah Berkah International),-6.9258681,107.6051885,4.9,37,lainnya,"establishment,point_of_interest",SMP Negeri 43 Bandung,-6.9257638,107.606724
ChIJo4mliZXmaC4R90cMwwUf7WA,Dapoer Ndeso Setiabudi,-6.866835,107.5937523,3.9,434,katering,"cafe,establishment,food,point_of_interest,restaurant",Seberang Unpas Setiabudi,-6.8664267,107.5940026
ChIJty2BtpXmaC4Rzd5P-dxYbBI,"Ganesha Operation Unit Setiabudi, Bandung",-6.868370499999999,107.5937311,5.0,251,lainnya,"establishment,point_of_interest",Seberang Unpas Setiabudi,-6.8664267,107.5940026
ChIJBwdhv77maC4Rkz-TDXug2hY,Masjid Al-Furqan UPI,-6.863104499999999,107.5935061,4.8,2978,lainnya,"establishment,mosque,place_of_worship,point_of_interest",Gegerkalong Girang,-6.8653047,107.5939775
ChIJb9yHvrzmaC4RDBkYgJKnKqs,G7 Laptop Spesialist,-6.8647833,107.5936244,4.6,97,lainnya,"establishment,point_of_interest",Gegerkalong Girang,-6.8653047,107.5939775
ChIJrbPTgL7maC4RZbhtocINbZo,P-Tronik Server Pulsa Bandung Utara,-6.8644271,107.5922202,4.3,95,lainnya,"establishment,point_of_interest",Gegerkalong Girang,-6.8653047,107.5939775
ChIJ-QR3AGrmaC4RtsX6R4Ge0bM,BPR Kertamulia,-6.90339,107.597736,4.9,6045,finansial,"bank,establishment,finance,point_of_interest",BPK Penabur,-6.9033999,107.5974143
ChIJIQaJ-GnmaC4RddDOPhIVBfM,Herb And Spice,-6.9029069,107.5972739,4.5,522,katering,"cafe,establishment,food,point_of_interest,restaurant",BPK Penabur,-6.9033999,107.5974143
ChIJzfo1RmDmaC4Rm-TazBxLIJY,Sour Sally PVJ,-6.8882235,107.5957759,4.7,413,katering,"establishment,food,point_of_interest,store",Polsek Sukajadi,-6.887918,107.5967048
ChIJj7aC3YrmaC4R-qpOOh1QUzM,Optik Melawai - Kacamata & Softlens - Sukajadi Bandung,-6.888197399999999,107.5969945,4.9,267,kesehatan,"establishment,health,point_of_interest,store",Polsek Sukajadi,-6.887918,107.5967048
ChIJNdkaR2DmaC4RpS8EpPaM1TY,Charles & Keith,-6.8874334,107.5959134,4.1,81,komersial,"establishment,point_of_interest,shopping_mall",Polsek Sukajadi,-6.887918,107.5967048
ChIJQ-i3aovmaC4RkAWCzCehpZE,Tjendana Bistro,-6.882510099999999,107.596075,4.6,3484,katering,"establishment,food,point_of_interest,restaurant",Mandiri Sukajadi,-6.8834895,107.5964387
ChIJZVRVgYzmaC4RpMA7RgAcl0I,RM Saung Bale Kambang,-6.8829406,107.5953811,4.1,128,katering,"establishment,food,point_of_interest,restaurant",Mandiri Sukajadi,-6.8834895,107.5964387
ChIJ2z0r25LmaC4Rddmm6qtVfiE,SPBU Pertamina 34.401.32 Setiabudhi,-6.8753248,107.5969156,3.9,3570,lainnya,"establishment,gas_station,point_of_interest",Borma Setiabudhi,-6.8746215,107.5962774
ChIJYecPEpPmaC4RclO1lIxV9AU,Amaris Hotel Setiabudhi Bandung,-6.873511,107.5958698,4.4,2875,lainnya,"establishment,lodging,point_of_interest",Borma Setiabudhi,-6.8746215,107.5962774
ChIJ1bqgmIrmaC4RkSNVAijMG2I,Raa Cha Suki & BBQ,-6.8752909,107.5957127,4.5,2557,katering,"establishment,food,point_of_interest,restaurant",Borma Setiabudhi,-6.8746215,107.5962774
ChIJr2RZ2ZLmaC4Rr9Hlt1AvEuE,Grand Setiabudi Apartemen,-6.8748269,107.5971191,4.4,2301,lainnya,"establishment,point_of_interest",Borma Setiabudhi,-6.8746215,107.5962774
ChIJQ7RcuPLmaC4RK2RdxFaB0rY,Sate Tegal Marem,-6.874872499999999,107.5966101,4.6,979,katering,"establishment,food,point_of_interest,restaurant",Borma Setiabudhi,-6.8746215,107.5962774
ChIJR2w75ZLmaC4RSPqRocu25RM,Gokana Ramen & Teppan,-6.8753733,107.595748,4.5,771,katering,"establishment,food,point_of_interest,restaurant",SMPN 15 Bandung,-6.8740452,107.5956946
ChIJbcYpelvmaC4RDmASyBzrs0I,Ciwalk XXI,-6.8928112,107.6051627,4.7,16468,lainnya,"establishment,movie_theater,point_of_interest",RS Advent,-6.8916704,107.6038557
ChIJwyM2TlnmaC4RYqYIw8M9-u4,Istana Boneka Cihampelas,-6.8916349,107.6043724,4.9,1159,komersial,"establishment,point_of_interest,store",RS Advent,-6.8916704,107.6038557
ChIJneeSkyPmaC4RXtkSbTZDGn8,Hero Komputer,-6.923437799999999,107.5996458,4.5,109,komersial,"book_store,establishment,point_of_interest,store",Jalan Haji Safari,-6.9248345,107.5990538
ChIJpVE6lxvmaC4RKXGAGuvHNvI,Muhasabah Project,-6.9235345,107.5985936,5.0,63,komersial,"book_store,establishment,point_of_interest,store",Jalan Haji Safari,-6.9248345,107.5990538
ChIJEXf4d1vmaC4RLb0pvDcH5BE,Burger King Cihampelas Walk,-6.894815599999999,107.6042454,4.6,4393,katering,"establishment,food,point_of_interest,restaurant",Masjid Besar Cipaganti,-6.8948163,107.6025935
ChIJVVVVFV7maC4R_YfPplLxuCE,Holland Bakery Abdul Rivai,-6.9045878,107.603545,4.6,667,katering,"bakery,establishment,food,point_of_interest,restaurant",Abdul Rivai,-6.904457,107.6038096
ChIJhQ7n50PmaC4RqN3Z_uVDHjM,Melbourne Kitchen,-6.9027376,107.6030524,4.2,166,katering,"cafe,establishment,food,point_of_interest,restaurant",Abdul Rivai,-6.904457,107.6038096
ChIJjc8f7znmaC4Rl84Tg8c2His,Twin Tulipware Bandung,-6.9118716,107.6087768,4.7,111,komersial,"establishment,home_goods_store,point_of_interest,store",Masjid Al-Ukhuwwah,-6.9111659,107.6090127
ChIJgerzwjnmaC4RjcbD7ejZSrs,Asuransi Wahana Tata Wastukancana,-6.911533299999999,107.6082209,4.2,56,lainnya,"establishment,insurance_agency,point_of_interest",Masjid Al-Ukhuwwah,-6.9111659,107.6090127
ChIJg70T90fmaC4RJOQQy0HlqcI,Bank Mandiri KCP Bandung BEC,-6.908257,107.6088796,4.6,153,finansial,"atm,bank,establishment,finance,point_of_interest",Wastukencana Purnawarman,-6.9089046,107.6079144
ChIJO7WAhkfmaC4RJZWkj1Bx3AM,Toserda Toko Serba Lada,-6.907414999999999,107.607285,4.3,120,katering,"establishment,food,grocery_or_supermarket,point_of_interest,store",Wastukencana Purnawarman,-6.9089046,107.6079144
ChIJ9R9EOzjmaC4RiXA8GqOSa9E,JNE Agen Purnawarman 4,-6.9093044,107.6087889,3.7,116,lainnya,"establishment,point_of_interest",Wastukencana Purnawarman,-6.9089046,107.6079144
ChIJTx8SCDjmaC4R7MJxDewMoUM,System One,-6.907640499999999,107.6087164,3.6,74,komersial,"electronics_store,establishment,point_of_interest,shopping_mall,store",Wastukencana Purnawarman,-6.9089046,107.6079144
ChIJo2oADzjmaC4R7DrCWWFk0VM,Discount Notebook Bandung,-6.908138,107.608776,4.7,58,komersial,"establishment,point_of_interest,store",Wastukencana Purnawarman,-6.9089046,107.6079144
ChIJiVHjvSzkaC4RzF7xzbPcQwU,Indomaret GUNUNGBATU 162,-6.8873621,107.5670679,4.3,131,komersial,"convenience_store,establishment,food,point_of_interest,store",Seberang Gateway Pasteur,-6.889237,107.5669131
ChIJ8X83OtPlaC4RzxorPk6pbDk,Indo Express Laundry (gateway Pasteur),-6.88948,107.5663234,4.9,99,lainnya,"establishment,laundry,point_of_interest",Seberang Gateway Pasteur,-6.889237,107.5669131
ChIJT1zhqizkaC4RgIGss8IV5sE,Beyond PicStudio Gunung Batu,-6.889751,107.5677639,4.9,60,lainnya,"establishment,point_of_interest",Seberang Gateway Pasteur,-6.889237,107.5669131
ChIJR04baxjmaC4RfrDjXfwu84M,Radio Suara Indah 92.1 FM 美声电台,-6.8894996,107.5663344,4.6,53,lainnya,"establishment,point_of_interest",Seberang Gateway Pasteur,-6.889237,107.5669131
ChIJG05ZnTLkaC4RFzoMjzTcUg0,"Radio Litasari, PT",-6.8899722,107.5694075,4.5,53,lainnya,"establishment,point_of_interest",Seberang Gateway Pasteur,-6.889237,107.5669131
ChIJHTciy9TlaC4RiHZjd6Yv94o,Puskesmas Pasirkaliki Cimahi,-6.888525700000001,107.5699858,3.7,181,kesehatan,"establishment,health,point_of_interest",Mentor,-6.8897535,107.5698857
ChIJ4fQ1eNXlaC4R2b3Kp7CMGKY,Nada Promotama,-6.889924499999999,107.5697174,3.3,45,lainnya,"establishment,point_of_interest",Mentor,-6.8897535,107.5698857
ChIJR-uJ-OnoaC4R3nigKBHwNXU,Psikolog Bandung d'Fun Station,-6.890877199999999,107.5738218,4.5,436,kesehatan,"establishment,health,point_of_interest",Borma Dakota,-6.8909024,107.5721443
ChIJU6JSp9XlaC4RMC0dafcDmac,Pelangi Kasih,-6.8910152,107.5723375,3.3,29,lainnya,"establishment,point_of_interest",Borma Dakota,-6.8909024,107.5721443
ChIJDcfiRn7maC4RE46twGuhtSI,Hotel Cassadua,-6.889758199999999,107.5782557,3.7,961,lainnya,"establishment,lodging,point_of_interest",SDN Sukaraja,-6.891568,107.5786354
ChIJw8c_mH7maC4RsX1_PldHzJg,JMB Knalpot,-6.892013299999999,107.5794344,4.3,231,komersial,"car_repair,establishment,point_of_interest,store",SDN Sukaraja,-6.891568,107.5786354
ChIJgwjSD37maC4RlbkG7AZxXw4,Pondok Jana Nuraga,-6.8890923,107.5793417,4.3,45,lainnya,"establishment,lodging,point_of_interest",SDN Sukaraja,-6.891568,107.5786354
ChIJZ9fcxJzmaC4RAQ2-TTRNX8w,"Rental Sewa Proyektor, Screen , TV LED / Plasma, Flip Chart",-6.889802299999999,107.5793752,4.7,23,lainnya,"establishment,point_of_interest",SDN Sukaraja,-6.891568,107.5786354
ChIJqV9pDH7maC4RFTNzrWEZZEQ,ZEN Rooms Cibogo Pasteur,-6.889233,107.579627,4.3,23,lainnya,"establishment,lodging,point_of_interest",SDN Sukaraja,-6.891568,107.5786354
ChIJ1W0orWTmaC4RoY3QEG4SQhQ,SPBU Pertamina 3440116,-6.893573200000001,107.5859277,4.3,3363,lainnya,"establishment,gas_station,point_of_interest",Djundjunan 3,-6.8929271,107.585783
ChIJK7qpey3laC4RhtSqdy0wXlU,INDOGADAI CIJERAH,-6.9156064,107.5712207,5.0,94,finansial,"establishment,finance,point_of_interest,store",Seberang Gang Pelita,-6.9157893,107.5711605
ChIJnaF-f2jlaC4RaMKepN9-YiI,Madz Production (Madzpro),-6.915682899999999,107.5710401,4.9,55,lainnya,"electrician,establishment,point_of_interest",Seberang Gang Pelita,-6.9157893,107.5711605
ChIJ0UAPWPblaC4RavapiQzBsVk,BORMA Toserba Cijerah,-6.9197701,107.5694683,4.2,5617,finansial,"atm,establishment,finance,food,grocery_or_supermarket",Sunson Cijerah,-6.9178505,107.570801
ChIJ_5KNRuPlaC4RWUqYZZYf8J8,PT. Marizk Mahkota Rizky,-6.9187685,107.5693897,4.9,78,komersial,"establishment,point_of_interest,store",Sunson Cijerah,-6.9178505,107.570801
ChIJx-jgPv3laC4RKnsy8c09JNo,PT. Cisangkan,-6.922276699999999,107.5697632,4.5,101,komersial,"establishment,general_contractor,point_of_interest,store",Seberang SDN 093 Tunas Harapan Cijerah,-6.921419,107.5695538
ChIJR3UCl_zlaC4ReKLLH2pW6GI,Bank BRI,-6.920543599999999,107.5696119,3.7,42,finansial,"atm,bank,establishment,finance,point_of_interest",Seberang SDN 093 Tunas Harapan Cijerah,-6.921419,107.5695538
ChIJazBVdfzlaC4RaxH9JZsqSWE,BCA KCP Cijerah,-6.9232572,107.5683233,2.5,38,finansial,"bank,establishment,finance,point_of_interest",Seberang SDN 093 Tunas Harapan Cijerah,-6.921419,107.5695538
ChIJtR-4C_vlaC4R-XzHSdlyGp8,Panti Asuhan LKSA Nurul Ihsan,-6.9220339,107.5666009,4.8,68,lainnya,"establishment,point_of_interest",SDN 061 Cijerah,-6.921786,107.569027
ChIJnQlM0wLmaC4RdFFA2PTaMhQ,BTN KCP Cijerah,-6.9239126,107.5680647,4.7,62,finansial,"atm,bank,establishment,finance,point_of_interest",SDN 061 Cijerah,-6.921786,107.569027
ChIJKRXn8PvlaC4R98hiLhfw4Hw,BR Shoes,-6.9239288,107.5677323,4.2,49,komersial,"establishment,point_of_interest,shoe_store,store",SDN 061 Cijerah,-6.921786,107.569027
ChIJHeir5PvlaC4RKyumC4TjPdE,BNI Cijerah,-6.9244056,107.5672885,4.1,82,finansial,"atm,bank,establishment,finance,point_of_interest",Masjid Jami Al Istiqomah,-6.9225319,107.5684056
ChIJNxyYL__laC4R8bTzGGLVVz8,JNE - Bojong Raya,-6.9276433,107.5683527,4.2,284,lainnya,"establishment,point_of_interest",Simpang Bojong Raya,-6.9267717,107.5661299
ChIJkR1Hb_nlaC4Rf3qEBSn4fd4,i-tech Cijerah,-6.9253328,107.5664081,4.3,225,komersial,"establishment,point_of_interest,store",Simpang Bojong Raya,-6.9267717,107.5661299
ChIJrWw8S-LlaC4RSUt7FGWEzqo,Alfamart - Cijerah 2 (F),-6.9276773,107.5657634,4.1,158,komersial,"convenience_store,establishment,food,grocery_or_supermarket,point_of_interest",Simpang Bojong Raya,-6.9267717,107.5661299
ChIJk8D5FezlaC4Rug__NAk_AM4,suji florist bandung,-6.9271968,107.5635518,5.0,72,komersial,"establishment,florist,point_of_interest,store",Simpang Bojong Raya,-6.9267717,107.5661299
ChIJ7-4d2uTlaC4Rvbfoz6flgPo,CDCmodels,-6.9375151,107.5706079,4.1,824,komersial,"clothing_store,establishment,point_of_interest,store",Holis Regency,-6.9376108,107.5700989
ChIJ62NJhVTvaC4Rz7T5nBLYI4g,FOCUS TEXTILE (Toko Bahan Kain Kaos Premium Termurah),-6.937624599999999,107.570888,4.7,291,komersial,"establishment,home_goods_store,point_of_interest,store",Holis Regency,-6.9376108,107.5700989
ChIJ3c7ISVLvaC4RgY_TUJQxZAg,Barbershop RABAKI,-6.937822799999999,107.5697334,4.3,183,kesehatan,"establishment,hair_care,health,point_of_interest",Holis Regency,-6.9376108,107.5700989
ChIJJT1eWlLvaC4R0lUl5sN_SeQ,House Of Tofi Salon,-6.9381913,107.5707937,4.8,124,lainnya,"beauty_salon,establishment,point_of_interest,spa",Holis Regency,-6.9376108,107.5700989
ChIJ522s2FPvaC4RpBSAQlvtWfI,BMS Graphics Screen Printing,-6.937658799999999,107.5688225,4.5,108,lainnya,"establishment,point_of_interest",Holis Regency,-6.9376108,107.5700989
ChIJF8d5jHzoaC4R2rWyv47AArg,Kantor Pusat SAP Express Cabang Bandung,-6.9409956,107.5673688,1.7,760,lainnya,"establishment,point_of_interest",Griya Holis,-6.9417866,107.5675292
ChIJeU__B1LvaC4R3tRDp5twKRs,J&T Express Bdo08C,-6.9402411,107.5690179,2.4,309,lainnya,"establishment,point_of_interest",Griya Holis,-6.9417866,107.5675292
ChIJfwbl0LboaC4R4QA4kLsS2tM,JNE Holis,-6.9400387,107.5691507,3.8,290,lainnya,"establishment,point_of_interest",Griya Holis,-6.9417866,107.5675292
ChIJaSA_K_7laC4RymHvD-lHyAs,Rumah Bersalin Cuma Cuma,-6.9398423,107.567996,5.0,196,kesehatan,"establishment,health,hospital,point_of_interest",Griya Holis,-6.9417866,107.5675292
ChIJE31l31HvaC4RvXeRl6ouMYs,Toko Kain & Konveksi Kaos Gondewa Production,-6.94012,107.566548,4.5,109,komersial,"establishment,home_goods_store,point_of_interest,store",Griya Holis,-6.9417866,107.5675292
ChIJ7-1CmMToaC4RszVqCplEsmI,SMK Bandung Selatan 1,-6.9582926,107.5913315,4.0,58,lainnya,"establishment,point_of_interest",TVRI Bandung,-6.9590518,107.5936258
ChIJc_iE6NzoaC4ReV88u0BRTKo,Kantor Pos Cibaduyut,-6.9611782,107.594101,4.2,55,finansial,"establishment,finance,point_of_interest,post_office",TVRI Bandung,-6.9590518,107.5936258
ChIJ02FVvNTnaC4RuG7sUetcE04,Collection O 25 Hotel Baltika,-6.9232647,107.6225257,3.1,221,lainnya,"establishment,lodging,point_of_interest",Sekolah BPI,-6.9236547,107.6199108
ChIJ6323DSvmaC4Re_uXfqZ_XL0,SMK BPI Bandung,-6.9242072,107.6192278,4.8,132,lainnya,"establishment,point_of_interest",Sekolah BPI,-6.9236547,107.6199108
ChIJ0_yd7irmaC4RD9BfR4ckjIk,Indomaret Fresh Burangrang,-6.924209100000001,107.6201927,3.6,77,komersial,"convenience_store,establishment,food,grocery_or_supermarket,point_of_interest",Sekolah BPI,-6.9236547,107.6199108
ChIJuWS9OSvmaC4R-maQUVVMBps,PT. Sipatex,-6.9233527,107.6207334,4.3,54,lainnya,"establishment,point_of_interest",Sekolah BPI,-6.9236547,107.6199108
ChIJVc5ctfjmaC4RL8_tNSBoccw,PT Jasa Sarana,-6.9160548,107.6321592,4.4,60,lainnya,"establishment,point_of_interest",Dinas Perhubungan Provinsi Jawa Barat,-6.9181684,107.6325056
ChIJ34uCIcH2aS4RniOvWHrTf_A,RSIA Grha Bunda,-6.913130199999999,107.645485,4.2,976,kesehatan,"establishment,health,hospital,point_of_interest",RSIA Grha Bunda,-6.9133463,107.6455435
ChIJDfVLzunnaC4RbDpstku-ZyU,Ganesha Operation Ters. Jalan Jakarta 10B,-6.913499499999999,107.6460636,5.0,342,lainnya,"establishment,point_of_interest",RSIA Grha Bunda,-6.9133463,107.6455435
ChIJyaO7x-nnaC4RTUVAydEq7VM,Indomaret Plus Terusan Jakarta,-6.913126699999999,107.6467108,3.9,261,finansial,"atm,convenience_store,establishment,finance,food",RSIA Grha Bunda,-6.9133463,107.6455435
ChIJi64oOOnnaC4RH6SVs2q8hLw,Pizza Hut Restoran,-6.9125144,107.6506985,4.7,6007,katering,"establishment,food,point_of_interest,restaurant",Stikes Dharma Husada,-6.9126697,107.6507388
ChIJIZXR0O7naC4RfaJ9Gjh1sKU,SPBU Pertamina 34.40220,-6.9134066,107.6517235,4.2,1180,lainnya,"establishment,gas_station,point_of_interest",Stikes Dharma Husada,-6.9126697,107.6507388
ChIJLxELi_DnaC4R76BaH4gPFtw,Apotek Medika Antapani,-6.9139127,107.6520178,4.1,216,kesehatan,"establishment,health,pharmacy,point_of_interest,store",Stikes Dharma Husada,-6.9126697,107.6507388
ChIJ_x964_DnaC4RHphfr44hM-I,Bank BTN KCP Syariah Antapani,-6.9122173,107.6538622,4.7,83,finansial,"atm,bank,establishment,finance,point_of_interest",bjb Antapani,-6.9123298,107.6537762
ChIJTVVVZfrnaC4RFZPAjLGf0jU,Indomaret Ters.Jakarta 108,-6.912665199999999,107.6550378,3.7,75,finansial,"atm,convenience_store,establishment,finance,food",bjb Antapani,-6.9123298,107.6537762
ChIJxTMSqOnnaC4RITMhe8MdE9s,English 1 Bandung Antapani,-6.9126173,107.6547564,4.5,65,lainnya,"establishment,point_of_interest",bjb Antapani,-6.9123298,107.6537762
ChIJzaAQfu7naC4RQCMp3mEQdro,Klinik IRC,-6.9113945,107.6542821,4.8,57,kesehatan,"establishment,health,point_of_interest",bjb Antapani,-6.9123298,107.6537762
ChIJpRVKau7naC4R_c-h9oyyFMo,Wahana Express Antapani,-6.911922799999999,107.6541983,4.2,54,lainnya,"establishment,point_of_interest",bjb Antapani,-6.9123298,107.6537762
ChIJUehhlkrmaC4RhmRh45wK-Ww,Serela Riau Hotel,-6.9061328,107.6199037,4.0,3115,lainnya,"establishment,lodging,point_of_interest",Pengadilan Negeri Bandung,-6.9063523,107.6220118
ChIJtSvJtLTnaC4RpGLTTGDxGWw,Amaris Hotel Cimanuk,-6.904365899999999,107.620665,4.3,1970,lainnya,"establishment,lodging,point_of_interest",Pengadilan Negeri Bandung,-6.9063523,107.6220118
ChIJkzw4UbXnaC4RXfEwXDx98P8,Pengadilan Negeri Bandung Kelas IA Khusus,-6.906599,107.622426,4.2,403,lainnya,"courthouse,establishment,local_government_office,point_of_interest",Pengadilan Negeri Bandung,-6.9063523,107.6220118
ChIJpapqcsrnaC4RO49mqYpbB1I,Qiblat Tour,-6.9075276,107.6257144,4.7,653,komersial,"establishment,point_of_interest,store,travel_agency",bjb Riau,-6.9093413,107.6252161
ChIJ3QTZb8rnaC4RSJsYFbKNo1s,Griyakami Homecare,-6.908409499999999,107.6253577,4.9,158,kesehatan,"establishment,health,point_of_interest,store",bjb Riau,-6.9093413,107.6252161
ChIJMVp45crnaC4RO_XZQQJ9EF4,RedDoorz Plus near Riau Street,-6.9093778,107.6240209,4.1,128,lainnya,"establishment,lodging,point_of_interest",bjb Riau,-6.9093413,107.6252161
ChIJX7ZISc_naC4RxR6HCGow1NA,Rumah Makeupuccino,-6.9123299,107.6322121,4.6,4133,komersial,"establishment,point_of_interest,store",SMPN 22 Bandung,-6.9121909,107.6337376
ChIJ0wfmo4zmaC4RC89sbOwR2Ro,Two Hands Full Dago,-6.8924806,107.6126885,4.5,2215,katering,"cafe,establishment,food,point_of_interest,store",Ganesha Ciungwanara,-6.8935654,107.6121291
ChIJj7GzqlDmaC4Rzny2L4zV8hw,Galeri Soemardja,-6.8923539,107.6117485,4.7,492,lainnya,"art_gallery,establishment,point_of_interest",Ganesha Ciungwanara,-6.8935654,107.6121291
ChIJS1JgFgvmaC4Rng0LYOnO7-8,Didi Max Berjangka,-6.9101585,107.57796,4.9,1155,finansial,"establishment,finance,point_of_interest",GKBI Andir,-6.911862,107.5780454
ChIJLedeOQvmaC4R6uIE_clPju0,SPBU Garuda 34-40131 Pertamina,-6.9097271,107.578217,4.2,1033,lainnya,"establishment,gas_station,point_of_interest",GKBI Andir,-6.911862,107.5780454
ChIJs-Z5LFbmaC4RZkRJDC3hzrA,Noah's Barn,-6.8870532,107.6127593,4.6,6149,katering,"cafe,establishment,food,point_of_interest,restaurant",Sumur Bandung,-6.8857042,107.6127635
ChIJGZ52RjroaC4RYoPK3PT8fiU,Apotek 7 Menit,-6.9557853,107.6530118,4.2,101,kesehatan,"establishment,health,pharmacy,point_of_interest,store",Mustika Hegar,-6.9554366,107.6521438
ChIJW2M7eIjCaC4RaE1irsNfqeo,PT. Kayo Surya Utama,-6.964487,107.680655,3.5,13,lainnya,"establishment,point_of_interest",SDN 069 Cipamokolan Derwati,-6.9648659,107.6832089
ChIJKW2QMTroaC4RzNIZWYYVNQY,Tri Jaya Gordyn - Grosir Eceran,-6.964506999999999,107.681863,4.4,7,komersial,"establishment,general_contractor,home_goods_store,point_of_interest,store",SDN 069 Cipamokolan Derwati,-6.9648659,107.6832089
ChIJ1xwho9fnaC4RjVP4NSnvwi4,Ncr Sport Bandung (Toko Sepatu Basket dan Sneakers Original Bandung),-6.925803999999999,107.6330344,4.9,4074,komersial,"establishment,point_of_interest,shoe_store,store",Seberang Jalan Warta,-6.9259247,107.6326457
ChIJxfbxldfnaC4R1STo6vMSwiA,SPBU 34.40228 Pertamina,-6.9256679,107.6317263,4.2,670,lainnya,"establishment,gas_station,point_of_interest",Seberang Jalan Warta,-6.9259247,107.6326457
ChIJn07pqtfnaC4RndJUm2scjjY,Double Eight,-6.9257362,107.6329138,4.7,138,lainnya,"beauty_salon,establishment,point_of_interest",Seberang Jalan Warta,-6.9259247,107.6326457
ChIJez3qedfnaC4Rpjb5qUPPCYs,Alfamart Warta,-6.9245097,107.6327382,3.2,76,komersial,"convenience_store,establishment,food,point_of_interest,store",Seberang Jalan Warta,-6.9259247,107.6326457
ChIJtUaGVSvmaC4RoPKlR4d2qNc,GII Hok Im Tong - Pussenkav,-6.926035799999999,107.6310164,4.7,70,lainnya,"church,establishment,place_of_worship,point_of_interest",Seberang Jalan Warta,-6.9259247,107.6326457
ChIJQ6Rth63naC4RG8v9wLPHqDY,Shakila Rental Motor,-6.8980669,107.6237996,4.2,551,lainnya,"car_rental,establishment,point_of_interest",Jalan Gagak,-6.899143,107.6234856
ChIJkzGr8cjnaC4RF25Cca1KK2A,Klinik Utama Yayasan Kesehatan Gigi Anak Indonesia,-6.900429000000001,107.6236997,4.4,42,kesehatan,"dentist,doctor,establishment,health,point_of_interest",Jalan Gagak,-6.899143,107.6234856
ChIJMd5TjbLnaC4REaJaIO7zVsk,Rajata Rental Motor Bandung,-6.8980649,107.6237808,3.8,41,lainnya,"establishment,point_of_interest",Jalan Gagak,-6.899143,107.6234856
ChIJkTrZlLPnaC4R9wKbJGrNBgA,Masjid PUSDAI Jawa Barat,-6.9001204,107.6259654,4.7,14750,pendidikan,"establishment,library,mosque,place_of_worship,point_of_interest",Taman Pusdai,-6.8993329,107.6261334
ChIJ09reDLHnaC4R6e-vSoyuUAE,SUNSET PARFUM,-6.899096600000001,107.6260823,4.5,210,komersial,"clothing_store,establishment,point_of_interest,store",Taman Pusdai,-6.8993329,107.6261334
ChIJoVoTTbLnaC4RSq6P6CnF92k,AMAZON KONVEKSI BANDUNG,-6.8990887,107.6253932,4.7,102,komersial,"clothing_store,establishment,point_of_interest,store",Taman Pusdai,-6.8993329,107.6261334
ChIJe-iMgvfmaC4RWtFxT9rdNbM,Pinboo,-6.8986604,107.6248048,3.3,45,komersial,"establishment,point_of_interest,store",Taman Pusdai,-6.8993329,107.6261334
ChIJNyBG8bDnaC4Rzz5aUXANans,CECEP SETTING,-6.8993617,107.6311345,4.5,41,komersial,"establishment,point_of_interest,store",Seberang Imigrasi Bandung,-6.8987917,107.6312146
ChIJBRF0T7znaC4RMo2TWlw5O_U,Kunyit Restaurant,-6.898988800000001,107.6416394,4.9,1456,katering,"cafe,establishment,food,point_of_interest,restaurant",Bekamin,-6.899604,107.6416785
ChIJFevMP6XnaC4R-ihYJOv04iI,BCA KCP Pahlawan,-6.900352,107.64479,4.3,46,finansial,"atm,bank,establishment,finance,point_of_interest",Sukapada 2,-6.9002214,107.6446584
ChIJsXewpr3naC4R7Zu2gcBYco8,Ikatan Akuntan Indonesia Wilayah Jawa Barat,-6.898767599999999,107.6457432,4.6,42,lainnya,"establishment,point_of_interest",Sukapada 2,-6.9002214,107.6446584
ChIJd2f5Br7naC4RfCKbHBgkUR8,Heretic - Stockroom,-6.9012549,107.644499,4.9,41,komersial,"clothing_store,establishment,point_of_interest,store",Sukapada 2,-6.9002214,107.6446584
ChIJXzC4tEPdaC4Rsd27JMcxZ14,PT Silver Kris,-6.9090311,107.6842336,4.2,123,lainnya,"establishment,point_of_interest",Silver Kris,-6.9091197,107.6843493
ChIJQ0swuUPdaC4RHR35L_DEwgA,PT Yuntex Raya,-6.909885399999999,107.6838524,4.5,92,komersial,"establishment,point_of_interest,store",Silver Kris,-6.9091197,107.6843493
ChIJwQSs6EPdaC4Rkx3XWWrywrc,Perpustakaan Bina Teknik Jalan dan Jembatan Kementerian PU,-6.9089157,107.6857241,4.5,6,pendidikan,"establishment,library,point_of_interest",Silver Kris,-6.9091197,107.6843493
ChIJu6QjU0TdaC4RUPTgllyUs1w,D-Island,-6.9124667,107.6841728,4.2,25,komersial,"establishment,point_of_interest,shoe_store,store",Yuntex Raya,-6.9099811,107.6841066
ChIJvaHpYETdaC4Rk9zKP76c6y4,Bali Mukti Shoes Factory. PT,-6.910759199999999,107.6836697,4.5,25,lainnya,"establishment,point_of_interest",Yuntex Raya,-6.9099811,107.6841066
ChIJgfKXQNPDaC4RjepNPvPLlJY,Mixue Cisaranten Kulon,-6.923941999999999,107.6836853,4.5,144,katering,"establishment,food,point_of_interest,store",KUA Arcamanik,-6.9238911,107.6836153
ChIJryHtz63CaC4RVFOD4J7gqy4,SMK Yayasan Pendidikan Farmasi,-6.9206493,107.684331,4.6,103,pendidikan,"establishment,point_of_interest,school,secondary_school",SMK YPF,-6.9206572,107.684211
ChIJCdvM87LCaC4RFuy2KpR-E84,Indomaret Cisaranten - Th14,-6.920168299999999,107.6844099,3.9,57,finansial,"atm,convenience_store,establishment,finance,food",SMK YPF,-6.9206572,107.684211
ChIJ-0QsOUzdaC4RnYA-X3gaSus,Cesara Music Agency,-6.921058599999999,107.6844494,4.5,47,komersial,"establishment,point_of_interest,store",SMK YPF,-6.9206572,107.684211
ChIJLb1K303daC4RMDUi2s0lJCA,Panti Asuhan Al Hayat,-6.9215339,107.6832059,5.0,7,lainnya,"establishment,point_of_interest",SMK YPF,-6.9206572,107.684211
ChIJYxdYZlLmaC4Roo9_4k6lsSA,Cekeran Midun,-6.896016599999999,107.6180312,4.6,3238,katering,"establishment,food,point_of_interest,restaurant",Simpang Dipatiukur Hasanudin,-6.8950588,107.6171525
ChIJzedDFFLmaC4Ri_c-D0UYUJQ,Starbucks Coffee Dipati Ukur,-6.8960196,107.6168016,4.6,3095,katering,"cafe,establishment,food,point_of_interest,store",Simpang Dipatiukur Hasanudin,-6.8950588,107.6171525
ChIJ52mYllLmaC4RbQbmXAwoyvs,RedDoorz near Gedung Sate 2,-6.8961277,107.6195677,4.5,684,lainnya,"establishment,lodging,point_of_interest",Simpang Dipatiukur Hasanudin,-6.8950588,107.6171525
ChIJq8G8LlLmaC4Rm4jyjQ_r4no,Glasgöw Barbershop,-6.8950736,107.6167387,4.2,138,kesehatan,"establishment,hair_care,health,point_of_interest",Simpang Dipatiukur Hasanudin,-6.8950588,107.6171525
ChIJId3tbVTmaC4REwCLDDN0z6Y,Bimex Tour,-6.8959508,107.6162226,4.8,127,lainnya,"establishment,point_of_interest,travel_agency",Magister Manajemen UNPAD,-6.8950518,107.6172906
ChIJt0mQ2bjmaC4R-2GL-7foZqU,Airy Cipaku Setiabudhi,-6.8611134,107.5952161,4.3,35,lainnya,"establishment,lodging,point_of_interest",Terminal Ledeng,-6.8593363,107.5952357
ChIJvwtRtLnmaC4R2fVYYzrFP7c,Puskesmas Ledeng,-6.8581752,107.5946309,4.2,204,kesehatan,"establishment,health,hospital,point_of_interest",Terminal Ledeng Sersan Bajuri,-6.8582467,107.5945252
ChIJNTUHxbnmaC4Rv_oTC8gUvO0,JNE Agen 066,-6.8574901,107.5938622,4.3,24,lainnya,"establishment,point_of_interest",Terminal Ledeng Sersan Bajuri,-6.8582467,107.5945252
ChIJ8_G1DMrmaC4Rg7yMHlSJDR0,Oude Bandung Guesthouse,-6.8607049,107.5951566,4.6,17,lainnya,"establishment,lodging,point_of_interest",Terminal Ledeng Sersan Bajuri,-6.8582467,107.5945252
ChIJhXuyUh_oaC4RfwC_2PYpJws,Depo Air Minum Biru Rancabolang,-6.9462855,107.6629306,4.6,346,katering,"establishment,food,point_of_interest",Terminal Margahayu Raya,-6.9465146,107.6626665
ChIJG2THQO7oaC4RBW7M9wXm1cY,Graha Printing Kain,-6.945739199999999,107.6627866,4.8,274,komersial,"establishment,home_goods_store,point_of_interest,store",Terminal Margahayu Raya,-6.9465146,107.6626665
ChIJi3g3qxjoaC4RFE94a7caANs,Indomaret Rancabolang,-6.9466087,107.6628812,4.2,143,komersial,"convenience_store,establishment,food,grocery_or_supermarket,point_of_interest",Terminal Margahayu Raya,-6.9465146,107.6626665
ChIJe43_lyPoaC4R-9nnj_d2WLk,Sekolah Menengah Kejuruan Bumi Siliwangi,-6.9469712,107.6624181,4.7,137,pendidikan,"establishment,point_of_interest,school",Terminal Margahayu Raya,-6.9465146,107.6626665
ChIJFzJr75PnaC4RuOpXtyWYEGk,GIMB Foundation,-6.9453774,107.6627799,4.5,66,lainnya,"establishment,point_of_interest",Terminal Margahayu Raya,-6.9465146,107.6626665
ChIJw-nIq6XnaC4Ri2RK7Dy8bQE,Kanaya Resto & Cafe,-6.8935936,107.6359289,4.5,2831,katering,"establishment,food,point_of_interest,restaurant",Pahlawan Sidomukti,-6.8933267,107.6354644
ChIJwV35di7maC4RkJSkQAMjdFs,Batagor Riasari Veteran 42,-6.9193991,107.6154226,4.1,259,katering,"establishment,food,point_of_interest,restaurant",Rumah Sakit Murni Teguh Naripan,-6.9207627,107.6160069
ChIJT5aRFS_maC4RcsjkrYgMIB4,Bank Negara Indonesia - KCP Bandung,-6.9216681,107.6143043,3.6,201,finansial,"atm,bank,establishment,finance,point_of_interest",Rumah Sakit Murni Teguh Naripan,-6.9207627,107.6160069
ChIJx9iyOizmaC4RdfU-fJ72LlE,Ina Cookies & Spiku Bandung,-6.921065599999999,107.6163575,4.9,37,katering,"bakery,establishment,food,point_of_interest,store",Rumah Sakit Murni Teguh Naripan,-6.9207627,107.6160069
ChIJh73uoUrmaC4R0MQ4LdQyBq0,"Rockepo Coffee & Eatery , Lengkong Karapitan",-6.9285748,107.6163407,4.4,136,katering,"cafe,establishment,food,point_of_interest,store",Karapitan Cikawao,-6.9282793,107.6165089
ChIJrwPevY7oaC4RsMJcptzl7WU,Percetakan Bandung,-6.927432,107.6149351,4.7,105,lainnya,"establishment,point_of_interest",Karapitan Cikawao,-6.9282793,107.6165089
ChIJz0rq4YHoaC4Rrg070WvRGeA,JNE Karapitan,-6.927842,107.6167961,4.1,80,lainnya,"establishment,point_of_interest",Karapitan Cikawao,-6.9282793,107.6165089
ChIJoeQZRyrmaC4RfgSefm_SddQ,Rumah Lezat Simplisio,-6.9261399,107.6173089,4.5,3169,katering,"establishment,food,point_of_interest,restaurant",Karapitan Paledang,-6.9250827,107.6172397
ChIJ7ao6uCvmaC4Rax_ivW1w72I,Toko HI / distributor ATEJA,-6.9246322,107.6172342,4.5,379,komersial,"establishment,furniture_store,home_goods_store,point_of_interest,store",Karapitan Paledang,-6.9250827,107.6172397
ChIJiVu5jtbnaC4RMaHiW0v4OwM,Sony Authorized Service Center Bandung,-6.9252902,107.6183468,4.2,336,lainnya,"establishment,point_of_interest",Karapitan Paledang,-6.9250827,107.6172397
ChIJse8VlivmaC4RP5LxCtaOHVs,DIMENSI METALINDO,-6.9243041,107.6175439,5.0,166,komersial,"establishment,point_of_interest,store",Karapitan Paledang,-6.9250827,107.6172397
ChIJa2L7kYHoaC4R1Zq5l0TikU8,Stempel PD Besar,-6.9250702,107.6172251,4.4,113,komersial,"establishment,point_of_interest,store",Karapitan Paledang,-6.9250827,107.6172397
ChIJjXdrDSrmaC4RKE5kRrK4j1A,Singgalang,-6.927251099999999,107.6170347,4.6,6405,komersial,"book_store,establishment,point_of_interest,store",Karapitan Emung,-6.9270695,107.6168104
ChIJ1dgb_CnmaC4ReqRzFFZiFZw,Kantor Kas Pembantu Pembayaran PDAM Tirtawening,-6.9271905,107.6158462,3.6,93,lainnya,"establishment,point_of_interest",Karapitan Emung,-6.9270695,107.6168104
ChIJG4K-B0bmaC4RtUDdrN0GGdM,Apotek Kimia Farma,-6.9072216,107.6109727,4.2,177,kesehatan,"establishment,health,pharmacy,point_of_interest,store",Hotel Santika,-6.9072012,107.6119337
ChIJax9U2FfmaC4RRmN3uR4hVAU,Klinik Utama Jasmine MQ Medika,-6.8868039,107.6118984,4.4,527,kesehatan,"dentist,doctor,establishment,health,hospital",Gerbang Utara ITB,-6.8876862,107.6105329
ChIJhaUQyVfmaC4ReCR-8-ihxyU,Gedung CRCS ITB,-6.8879172,107.6117594,4.7,98,lainnya,"establishment,point_of_interest",Gerbang Utara ITB,-6.8876862,107.6105329
ChIJI_MylLXnaC4RJppuzS3W8u4,"Bakmi Jawa ""Plengkung Gading"" ( Bakmi PG )",-6.908917,107.6280875,4.4,1106,katering,"establishment,food,point_of_interest,restaurant",Jalan Salam,-6.9088504,107.6283345
ChIJm_EGiBjoaC4Rvak6UDpdTjI,Vearst,-6.9104787,107.6293247,4.4,167,komersial,"clothing_store,establishment,point_of_interest,store",Jalan Salam,-6.9088504,107.6283345
ChIJo6baPXboaC4RYZCoNEOahEk,Toserba Yogya Gatot Subroto,-6.9282678,107.637501,4.4,2528,komersial,"department_store,establishment,food,grocery_or_supermarket,point_of_interest",JPO Cibangkong,-6.9279941,107.6368253
ChIJvbzUhSzmaC4R7XpYZWFB2DM,Politeknik Piksi Ganesha,-6.9283452,107.6377337,3.9,716,pendidikan,"establishment,point_of_interest,university",JPO Cibangkong,-6.9279941,107.6368253
ChIJoQQiwEnmaC4RZeTtiaJme84,Rumah Sakit Khusus Gigi dan Mulut,-6.9062335,107.6141054,4.4,2486,kesehatan,"establishment,health,point_of_interest",RSGM Kota Bandung,-6.9064225,107.6144019
ChIJG_E7_1bmaC4RVgx4dwkXVBA,Butik Emas LM ANTAM - Bandung,-6.906342500000001,107.61735,4.7,2246,finansial,"establishment,finance,point_of_interest,store",Yayasan Taruna Bakti,-6.9061442,107.6183806
ChIJRWXIXErmaC4RomK3r3tPIXI,Ayam Gudeg Bengawan Solo,-6.905922899999999,107.6178132,4.6,424,katering,"establishment,food,point_of_interest,restaurant",Yayasan Taruna Bakti,-6.9061442,107.6183806
ChIJ____v0vmaC4R_Uaup4R4zI8,Wisma Gandapura,-6.9108335,107.6262845,4.3,202,lainnya,"establishment,lodging,point_of_interest",Riau Aceh,-6.9098034,107.625702
ChIJmyeDt0rmaC4Rn66gB_GqpMs,Hotel De Paviljoen Bandung,-6.906110200000001,107.6205637,4.5,6087,lainnya,"establishment,lodging,point_of_interest",TK Taruna Bakti,-6.9058903,107.6195327
ChIJXzqQwUrmaC4RJlZIdEnuJH8,Paviliun Sunda,-6.905521599999999,107.6200678,4.4,5217,katering,"establishment,food,point_of_interest,restaurant",TK Taruna Bakti,-6.9058903,107.6195327
ChIJ20GDvkrmaC4RZ5E1cUQ-k8A,Tebu Hotel Bandung,-6.9062357,107.6202873,4.4,4575,lainnya,"establishment,lodging,point_of_interest",TK Taruna Bakti,-6.9058903,107.6195327
ChIJMdyGZkrmaC4RR40WycdxpTQ,Goethe-Institut Bandung,-6.9063365,107.6177959,4.8,285,lainnya,"establishment,point_of_interest",Graha Pos,-6.9061971,107.6173413
ChIJ-XlhLLXnaC4Ruy9t4edIAEs,Masjid Istiqamah,-6.9045581,107.6213726,4.7,847,pendidikan,"establishment,mosque,place_of_worship,point_of_interest,primary_school",De Pavilijoen,-6.9059305,107.6207208
ChIJSxNkPy3maC4REWjTqjxP1j0,PD Kijang Mas,-6.923203099999999,107.6221485,4.5,1188,katering,"bakery,establishment,food,point_of_interest,store",Jalan Putri,-6.9229597,107.6214036
ChIJY977VivmaC4RAjnbgbJXpQs,HDI Learning Center Bandung,-6.9226847,107.6209241,4.9,330,komersial,"establishment,point_of_interest,store",Jalan Putri,-6.9229597,107.6214036
ChIJc768NXfoaC4RWAcE4CbeJf8,Pegadaian,-6.9343882,107.6328802,4.1,22,finansial,"establishment,finance,point_of_interest,store",Simpang Reog - Martanegara 2,-6.9341861,107.6327112
ChIJGUyAjnDoaC4RNuDzUivgTQw,Abyudaya Tours & Travel,-6.9346574,107.6344498,4.8,20,lainnya,"establishment,point_of_interest,travel_agency",Simpang Reog - Martanegara 2,-6.9341861,107.6327112
ChIJ3bx--3_oaC4R9Hq0vM6YuWE,Sutan Raja Guest House Bandung,-6.9291085,107.62437,4.2,334,lainnya,"establishment,lodging,point_of_interest",Simpang Talaga Bodas - Patuha,-6.9287798,107.6238453
ChIJrbhgx3_oaC4RrSe_p72F4LY,KUMON PALASARI,-6.9296143,107.6229059,4.8,54,pendidikan,"establishment,point_of_interest,university",Simpang Talaga Bodas - Patuha,-6.9287798,107.6238453
ChIJ4VK65H_oaC4RfZGHYRm2gLI,WAHANA PRESTASI LOGISTIK AGEN TALAGA BODAS BANDUNG,-6.929412999999999,107.6253932,2.5,76,lainnya,"establishment,point_of_interest",Simpang Talaga Bodas - Terusan Galunggung,-6.9291283,107.6248368
ChIJJUOkdtjnaC4R1c-Td9s67Gc,Collector Parfum,-6.926946699999999,107.6349734,4.6,1833,komersial,"clothing_store,establishment,point_of_interest,store",Seberang Trans Studio Mall,-6.9274681,107.6354788
ChIJ3_ArfNjnaC4R7DAe7PDqghQ,Starbucks,-6.9263718,107.6361815,4.5,1400,katering,"cafe,establishment,food,point_of_interest,restaurant",Seberang Trans Studio Mall,-6.9274681,107.6354788
ChIJpf___3joaC4R-oUUt7It_Wk,Rumah Zakat Bandung – Turangga,-6.9319842,107.6349791,4.8,426,lainnya,"establishment,point_of_interest",Seberang STIE Pasundan,-6.9321591,107.6347708
ChIJc7FiFnfoaC4RBC1X3jzB8jw,Sekolah Tinggi Ilmu Ekonomi Pasundan Bandung,-6.932395199999999,107.6349449,4.7,289,pendidikan,"establishment,point_of_interest,university",Seberang STIE Pasundan,-6.9321591,107.6347708
ChIJ58eEFXfoaC4Rl0qC_0wODyg,Fakultas Ekonomi dan Bisnis Universitas Winaya Mukti,-6.9311656,107.6352081,4.8,91,pendidikan,"establishment,point_of_interest,university",Seberang STIE Pasundan,-6.9321591,107.6347708
ChIJ4cepLHHoaC4RqlppLmKcZ58,Rumah Kos Mr.Ino,-6.932395199999999,107.6365753,4.7,29,lainnya,"establishment,lodging,point_of_interest",Seberang STIE Pasundan,-6.9321591,107.6347708
ChIJGUcqDnfoaC4R6Mk4eNdV8Jo,Indomaret Turangga,-6.930408099999999,107.6353567,2.8,20,finansial,"atm,convenience_store,establishment,finance,food",Seberang STIE Pasundan,-6.9321591,107.6347708
ChIJB3t4psjnaC4RiOlgFaoksFM,Klinik Bio Fit Health Center,-6.9019032,107.6265438,4.3,1017,kesehatan,"establishment,health,hospital,pharmacy,point_of_interest",Tugu PKK Citarum,-6.9017801,107.6248834
ChIJz9aJ4rTnaC4RMS8_oUPueUQ,Roemah Nenek,-6.904521399999999,107.623558,4.3,2399,katering,"cafe,establishment,food,point_of_interest,restaurant",Seberang SMAN 20 Bandung,-6.904583,107.6225787
ChIJuaqqasrnaC4RgXfhkY2HsRw,Erha Clinic,-6.9039405,107.6211053,4.8,1633,kesehatan,"establishment,health,point_of_interest",Seberang SMAN 20 Bandung,-6.904583,107.6225787
ChIJodcxhE_maC4Rwy8_JX-5phc,Graha Persib,-6.899767,107.6101116,4.6,1860,lainnya,"establishment,point_of_interest",Sulanjana Rangga Malela,-6.8996323,107.6106242
ChIJTacDn0_maC4RpET_Zdxu2vg,Shafira Sulanjana,-6.899485899999999,107.6107763,4.5,180,komersial,"clothing_store,establishment,point_of_interest,store",Sulanjana Rangga Malela,-6.8996323,107.6106242
ChIJnV3-g0_maC4RRLXADl2LmWQ,Widji,-6.8996597,107.6097697,4.3,145,lainnya,"establishment,point_of_interest",Sulanjana Rangga Malela,-6.8996323,107.6106242
ChIJCYIrxXzoaC4RW6ACYQO5My4,Griya Buah Batu,-6.9405008,107.6267827,4.4,4937,finansial,"atm,establishment,finance,food,grocery_or_supermarket",Seberang Griya Buah Batu,-6.9411852,107.6266528
ChIJ3-jGxmToaC4RZcah7jRI6iQ,Pizza Hut Delivery - PHD Karawitan Bandung,-6.938717599999999,107.6291254,4.6,1723,katering,"establishment,food,meal_delivery,meal_takeaway,point_of_interest",SMK Negeri 8 Bandung,-6.9401168,107.6287836
ChIJHQ9BwmToaC4R6SyqcLaSxZs,Kadatuan Koffie,-6.939092599999999,107.6295531,4.8,898,katering,"cafe,establishment,food,point_of_interest,store",SMK Negeri 8 Bandung,-6.9401168,107.6287836
ChIJ8Y59wWToaC4RFzarKBvRBfg,Indomaret Fresh Karawitan 44,-6.9390071,107.629321,4.4,659,komersial,"convenience_store,establishment,food,grocery_or_supermarket,point_of_interest",SMK Negeri 8 Bandung,-6.9401168,107.6287836
ChIJ6zfuiGToaC4RITgNIc4Usy8,SMKN 8 Bandung,-6.940015,107.628842,4.7,501,lainnya,"establishment,point_of_interest",SMK Negeri 8 Bandung,-6.9401168,107.6287836
ChIJE743nfPnaC4RmTGLuk0CDKQ,PT Geek Hunter International (Headquarters - Bandung Office),-6.939575,107.629177,5.0,196,lainnya,"establishment,point_of_interest",SMK Negeri 8 Bandung,-6.9401168,107.6287836
ChIJO2IV82ToaC4RKlmpTzkbD5o,Alfamart Kliningan,-6.9399915,107.6289574,4.3,146,komersial,"convenience_store,establishment,food,point_of_interest,store",SMK Negeri 4 Bandung,-6.9412489,107.6285836
ChIJlYI-TmToaC4RGPN-e87ifGo,SMK Bahagia Kota Bandung,-6.941045099999999,107.629837,4.3,108,lainnya,"establishment,point_of_interest",SMK Negeri 4 Bandung,-6.9412489,107.6285836
ChIJgQBTrivmaC4Rwhe6i8sf3eM,Mobilkita,-6.922162,107.6250671,4.3,76,komersial,"car_dealer,establishment,point_of_interest,store",Simpang Samoja - Malabar,-6.9204894,107.6244182
ChIJg4I_FyXmaC4RjEYusjXcJDw,RR Lighting Indonesia,-6.9215464,107.6246945,4.6,56,lainnya,"establishment,point_of_interest",Simpang Samoja - Malabar,-6.9204894,107.6244182
ChIJiTFFeyzmaC4RNLg5rMQC7Co,Kantorpos GRATIS PICKUP Bandung Kosambi,-6.9194198,107.6236127,3.6,54,finansial,"establishment,finance,point_of_interest,post_office",Simpang Samoja - Malabar,-6.9204894,107.6244182
ChIJ2e1eW7PoaC4RPxch2L99FM8,Comet Futsal,-6.9445051,107.5754331,4.2,269,lainnya,"establishment,point_of_interest",SMA Negeri 17 Bandung,-6.9440044,107.5745442
ChIJkeZ2uUzvaC4RRiYNM922fd0,Alfamart Satria Raya,-6.9440921,107.5732963,3.9,251,komersial,"convenience_store,department_store,establishment,food,grocery_or_supermarket",SMA Negeri 17 Bandung,-6.9440044,107.5745442
ChIJFx15w0zvaC4R0qDgrrBZsEg,TB. Sinar Agung,-6.943245699999999,107.5731078,4.5,112,komersial,"establishment,point_of_interest,store",SMA Negeri 17 Bandung,-6.9440044,107.5745442
ChIJGQfyY7PoaC4RgYzxqy7nz9o,Depo Air Minum Biru Caringin,-6.944635900000001,107.5761529,4.9,94,lainnya,"establishment,point_of_interest",SMA Negeri 17 Bandung,-6.9440044,107.5745442
ChIJPVJiCjvmaC4RPP7KP4bylVg,Kirin Service Center,-6.9436059,107.5737706,3.6,38,komersial,"establishment,furniture_store,home_goods_store,point_of_interest,store",SMA Negeri 17 Bandung,-6.9440044,107.5745442
ChIJR8LVDPzmaC4Rk6RW-fbkIfs,Domino's Pizza Dago Atas,-6.880408200000001,107.6160216,4.4,2653,katering,"establishment,food,meal_delivery,meal_takeaway,point_of_interest",Dago Asri A,-6.8789379,107.6164778
ChIJy6AdffzmaC4RmnOrKXNCBsg,Masjid Raya Al Ihsan Darul Hikam,-6.8792011,107.6163001,4.7,764,lainnya,"establishment,mosque,place_of_worship,point_of_interest",Dago Asri A,-6.8789379,107.6164778
ChIJucxCP_zmaC4RHxyKJneljVw,RedDoorz Hostel @ Dago 2,-6.880164300000001,107.616432,4.2,534,lainnya,"establishment,lodging,point_of_interest",Dago Asri A,-6.8789379,107.6164778
ChIJicG7jfzmaC4R-NotD3iHltg,Endah Dago Acc,-6.878637200000001,107.6168502,4.4,83,komersial,"establishment,point_of_interest,store",Dago Asri A,-6.8789379,107.6164778
ChIJDRg-42XmaC4RmRYm3L3n6E0,Day Trans Pasteur,-6.8972354,107.591737,4.2,3661,lainnya,"establishment,point_of_interest",BRI Sukamulya,-6.8969843,107.59155
ChIJhxNqumXmaC4R2VgGQzn_jTI,Sahabat Shuttle Pasteur,-6.897498,107.592115,4.3,139,lainnya,"establishment,point_of_interest",BRI Sukamulya,-6.8969843,107.59155
ChIJ3cZ9p2jmaC4RqSIe5aLe_SI,Kabita,-6.897972999999999,107.5928922,4.2,101,komersial,"establishment,point_of_interest,store",BRI Sukamulya,-6.8969843,107.59155
ChIJcdb5IWbmaC4RoFcjcBIA_dI,VAN TRANS TRAVEL,-6.897629999999999,107.592933,3.7,43,lainnya,"establishment,point_of_interest",BRI Sukamulya,-6.8969843,107.59155
ChIJ9bQ8PZLoaC4RC38QT731k6M,Dealer Honda Amarta,-6.941522000000001,107.606941,4.5,899,komersial,"establishment,point_of_interest,store",Mohammad Toha Pelindung Hewan,-6.9412286,107.6070572
ChIJi_GtrJHoaC4RhVtViqBXB-Q,Apotek 55,-6.9414928,107.6072759,4.5,224,kesehatan,"establishment,health,pharmacy,point_of_interest,store",Mohammad Toha Pelindung Hewan,-6.9412286,107.6070572
ChIJ8zPBXuLnaC4RbEWeKjbA0Xk,Kredit Motor Honda Bandung Cimahi - Dealer Honda Bandung,-6.9414989,107.6068751,3.9,56,lainnya,"establishment,point_of_interest",Mohammad Toha Pelindung Hewan,-6.9412286,107.6070572
ChIJi_YnrZHoaC4RGRHTQNgh_NU,bank bjb KCP Mohamad Toha,-6.941358999999999,107.607268,3.4,31,finansial,"atm,bank,establishment,finance,point_of_interest",Mohammad Toha Pelindung Hewan,-6.9412286,107.6070572
ChIJF2-zgVrmaC4RwemhPhWzf9U,MES.C,-6.8948762,107.6102436,5.0,107,lainnya,"establishment,point_of_interest",Dispora Kota Bandung,-6.8963815,107.6095682
ChIJkSbNaUXmaC4RwrkBF-57sMk,Mitra Kamera,-6.897638499999999,107.6094231,4.5,81,komersial,"electronics_store,establishment,home_goods_store,point_of_interest,store",Dispora Kota Bandung,-6.8963815,107.6095682
ChIJxxQsxLPnaC4RexX2jbIUkjg,BAZNAS Provinsi Jawa Barat,-6.9499663,107.6255827,4.9,87,lainnya,"establishment,point_of_interest",Timur Simpang Batununggal,-6.9493585,107.6268675
ChIJU347JnToaC4RMuoDBkhJPMk,Bantal Guling Guesthouse Trans,-6.9303502,107.6393474,3.8,1172,lainnya,"establishment,lodging,point_of_interest",Gang Maleer Timur III,-6.9305425,107.6399921
ChIJPS_vanToaC4RS9fHyhlqVtA,HDL Gatsu,-6.931010199999999,107.6408746,4.2,595,katering,"establishment,food,point_of_interest,restaurant",Gang Maleer Timur III,-6.9305425,107.6399921
ChIJ_bYNb3ToaC4Rt1bovETKpf0,Sugih Jaya Ban,-6.9309448,107.6412354,4.5,119,komersial,"car_repair,establishment,point_of_interest,store",Gang Maleer Timur III,-6.9305425,107.6399921
ChIJWakQutjnaC4Rj_wfy51h_Jc,Lion Parcel - Gatsu Bandung,-6.9298923,107.639101,4.6,112,lainnya,"establishment,point_of_interest",Gang Maleer Timur III,-6.9305425,107.6399921
ChIJc8Gb2LboaC4R8ugXREAo6-w,Dinas Perumahan dan Kawasan Permukiman Kota Bandung,-6.9456862,107.5830073,4.4,193,lainnya,"establishment,point_of_interest",DPKP Kota Bandung,-6.9454826,107.5831138
ChIJVevptLboaC4RmdT8oPSfsz4,Hendrix Motor,-6.9448792,107.5812962,4.1,188,komersial,"establishment,point_of_interest,store",DPKP Kota Bandung,-6.9454826,107.5831138
ChIJ8b5xhbfoaC4RrDCFgKo6VVM,Service Komputer Budizems,-6.9465914,107.5854451,4.9,114,komersial,"electronics_store,establishment,point_of_interest,store",DPKP Kota Bandung,-6.9454826,107.5831138
ChIJecA45hbmaC4Rhdy1VdluDeU,Binus,-6.9153653,107.593561,4.8,910,pendidikan,"establishment,point_of_interest,university",Kebon Jati Kelenteng,-6.9164034,107.5934263
ChIJOZeXZLLoaC4RClZfJPajRxo,Bacip Moto Shop,-6.9162501,107.5939361,4.8,780,lainnya,"car_repair,establishment,point_of_interest",Kebon Jati Kelenteng,-6.9164034,107.5934263
ChIJzU0tiWrmaC4R7I5nvDPWAqc,Raacha Suki & BBQ Paskal 23,-6.9158225,107.5939125,4.6,640,katering,"establishment,food,point_of_interest,restaurant",Kebon Jati Kelenteng,-6.9164034,107.5934263
ChIJNfZd2FXmaC4RJrWKviiWrJA,"Martabak Mertua, Dipatiukur",-6.8885879,107.6157532,4.3,814,katering,"establishment,food,point_of_interest,restaurant",Seberang ITHB,-6.8891265,107.6158112
ChIJOU0PLVTmaC4ROmVMXm1oPIQ,Vilour Promo Indonesia,-6.889504899999999,107.6162177,4.2,66,komersial,"clothing_store,establishment,point_of_interest,store",Seberang ITHB,-6.8891265,107.6158112
ChIJSUVOglbmaC4RX4-g3WObCVQ,PT. Nusa Pribumi ( NSP ),-6.8897394,107.6154185,2.9,47,lainnya,"establishment,point_of_interest,real_estate_agency",Seberang ITHB,-6.8891265,107.6158112
ChIJcZiEE1TmaC4RsjZKAjVXVsg,Lemper Purnama Bandung,-6.8896904,107.6163458,4.7,36,katering,"establishment,food,meal_takeaway,point_of_interest,restaurant",Seberang ITHB,-6.8891265,107.6158112
ChIJaWTp_TzmaC4R-VR7niFqpLQ,Indies Style Hotel Bandung,-6.9157841,107.600977,4.1,2403,lainnya,"establishment,lodging,point_of_interest",Rumah Sakit Santosa,-6.9161094,107.6010492
ChIJE0msEAHpaC4RFgP4Ci02AzU,Vieneth Archery,-6.916092399999999,107.6014944,4.5,110,komersial,"establishment,point_of_interest,store",Rumah Sakit Santosa,-6.9161094,107.6010492
ChIJwXHfqizlaC4RBdw7alTz2vc,PT Nusantara Jaya Sentosa,-6.9048311,107.5659541,4.9,472,komersial,"car_dealer,establishment,point_of_interest,store",Simpang Kebon Kopi,-6.9052206,107.5660363
ChIJ5wGKG87laC4RT_tu8-XcG7s,MR. DIY,-6.9054255,107.5657935,4.7,87,komersial,"establishment,home_goods_store,point_of_interest,store",Simpang Kebon Kopi,-6.9052206,107.5660363
ChIJnck1yNrlaC4R7MeIkoxo_v8,Indomaret,-6.9004882,107.5627911,4.3,372,komersial,"convenience_store,establishment,food,point_of_interest,store",Sekolah Advent Cimindi,-6.9011067,107.563525
ChIJYTNm_s_laC4Ry0TBO8DYRqk,Bank BRI KCP Cimindi,-6.8991633,107.5624884,3.0,44,finansial,"bank,establishment,finance,point_of_interest",Sekolah Advent Cimindi,-6.9011067,107.563525
ChIJ28-olJjCaC4RcoEs3kVrSkg,OYO 342 De'kayakini Hotel,-6.9475191,107.6766362,4.1,767,lainnya,"establishment,lodging,point_of_interest",Puskesmas Cipamokolan,-6.9470761,107.6761996
ChIJ73p2opjCaC4RTlyX8eW3HW0,UPT Puskesmas Cipamokolan,-6.9470519,107.676323,4.0,294,kesehatan,"establishment,health,point_of_interest",Puskesmas Cipamokolan,-6.9470761,107.6761996
ChIJV77f3pvCaC4RTxSirFk1Uls,Apotek Griya Farma Cipamokolan,-6.9478066,107.6763509,4.1,71,kesehatan,"establishment,health,pharmacy,point_of_interest,store",Puskesmas Cipamokolan,-6.9470761,107.6761996
ChIJ6bHGo5jCaC4RnUGAtY1uJP4,Alfamart Cipamokolan,-6.946672400000001,107.6760343,4.0,54,komersial,"convenience_store,establishment,food,point_of_interest,store",Puskesmas Cipamokolan,-6.9470761,107.6761996
ChIJLclWwJjCaC4Ri02oaU5b8pc,TB. Mekar Wangi,-6.947011,107.6759808,4.6,51,komersial,"establishment,point_of_interest,store",Puskesmas Cipamokolan,-6.9470761,107.6761996
ChIJvdwLZ6TCaC4RjDirkriNk5M,Perumahan Cipamokolan,-6.939963199999999,107.6771969,4.7,53,lainnya,"establishment,point_of_interest",Bulog Kancab Bandung,-6.9389832,107.6773523
ChIJSYcnC8XnaC4RxeeE0UzLrpc,BPD PHRI Jawa Barat,-6.914642199999999,107.6348547,4.4,75,lainnya,"establishment,point_of_interest",Kota Kembang Permai,-6.914655,107.6368217
ChIJv7xUz9LnaC4RHpLyAhAnV2s,Rio Seragam Sekolah,-6.919421,107.6217384,4.6,86,komersial,"clothing_store,establishment,point_of_interest,store",Pasar Kosambi Jalan Baranang Siang,-6.920233,107.6216927
ChIJMRar2ErmaC4RFCPLtz8_BQM,Rumah Belajar Daniel,-6.902045999999999,107.622376,4.9,119,lainnya,"establishment,point_of_interest",Seberang Jalan Melania RRI Bandung,-6.9012477,107.6233825
ChIJ7Q4sdJ7oaC4RPrlm_B5n1Ag,Indomaret Otto Iskandar Dinata 467,-6.93004,107.603572,4.0,196,finansial,"atm,convenience_store,establishment,finance,food",Gang Jaya,-6.9294131,107.6036008
ChIJ1YdS0ybmaC4RgRp97oOgoeM,KSP Rukun Ikhtiar,-6.9287668,107.6037807,4.3,76,finansial,"establishment,finance,point_of_interest",Gang Jaya,-6.9294131,107.6036008
ChIJm-6LmCTmaC4Re0rtZZ6ZDpA,Kharisma Textile Bandung (Toko Bahan Kaos dan Sweater),-6.919385399999999,107.6043159,4.8,441,komersial,"establishment,home_goods_store,point_of_interest,store",Pasar Selatan,-6.9186054,107.60432
ChIJG49vUjvmaC4RB2dl2DZN-DM,Kota Indah,-6.9179719,107.6044406,4.5,271,komersial,"establishment,home_goods_store,point_of_interest,store",Pasar Selatan,-6.9186054,107.60432
ChIJs8iSFQDnaC4RIyePo_RQzWE,ZAENAL VAPE STORE DAGO,-6.8787487,107.6110022,4.6,464,komersial,"establishment,point_of_interest,store",Pusdiklat Geologi Cisitu,-6.8796827,107.6120926
ChIJKZNwqU_daC4R2RVQLSAtlr4,Delchi Patisserie,-6.8792317,107.6126524,4.9,368,katering,"bakery,establishment,food,point_of_interest,store",Pusdiklat Geologi Cisitu,-6.8796827,107.6120926
ChIJOSf-TvrmaC4Rhc8j9R47zCs,Warung Cobek Aneka,-6.879878199999999,107.6121183,4.5,313,katering,"cafe,establishment,food,point_of_interest,restaurant",Pusdiklat Geologi Cisitu,-6.8796827,107.6120926
ChIJy6qqqvvmaC4RVrSDIlYB780,Indomaret Cisitu,-6.879777499999999,107.6119084,3.5,142,finansial,"atm,convenience_store,establishment,finance,food",Pusdiklat Geologi Cisitu,-6.8796827,107.6120926
ChIJd9krVvrmaC4R6tt3yjAbAo8,Pusat Pengembangan Sumber Daya Manusia Aparatur,-6.879322999999999,107.6120769,4.6,108,lainnya,"establishment,point_of_interest",Pusdiklat Geologi Cisitu,-6.8796827,107.6120926
ChIJ_1vGNinmaC4Rbustj9hzUDI,De'rain Hotel,-6.923865699999999,107.6165828,4.2,2566,lainnya,"establishment,lodging,point_of_interest",Karapitan—Lengkong Kecil,-6.9242262,107.6173328
ChIJcwRllyvmaC4RUxfi5D0xups,"INAP at Capsule Hostel Bandung, Grand Asia Afrika",-6.9240581,107.6183414,4.4,808,lainnya,"establishment,lodging,point_of_interest",Karapitan—Lengkong Kecil,-6.9242262,107.6173328
ChIJGRA_7CvmaC4RK3EmOVDhazI,Veleza Hotel,-6.9238993,107.6167927,4.3,650,lainnya,"establishment,lodging,point_of_interest",Karapitan—Lengkong Kecil,-6.9242262,107.6173328
ChIJq_CumSvmaC4RYChrtGQ-6b8,Apartemen Grand Asia afrika By TAP Lawfirm&TAP Property (Sewa Harian/bulanan/tahunan&design interior/jualbeliapartemen),-6.9240318,107.6175779,4.2,474,lainnya,"establishment,lodging,point_of_interest",Karapitan—Lengkong Kecil,-6.9242262,107.6173328
ChIJgeBlZMDnaC4RgJ0kkC-Oqxc,"Gereja Katolik Paroki Santa Odilia, Cicadas",-6.9072705,107.6426698,4.6,614,lainnya,"church,establishment,place_of_worship,point_of_interest",Pos Polisi Cicadas,-6.9092061,107.6433618
ChIJsaKTnc_naC4RjCRo5aE93ks,JNE Kantor Agen Ahmad Yani Bandung,-6.9086804,107.6436249,4.1,290,lainnya,"establishment,point_of_interest",Pos Polisi Cicadas,-6.9092061,107.6433618
ChIJU7tJFzTmaC4RChPp5on4QOA,LPT PANGHEGAR BANDUNG,-6.9092267,107.6434926,4.6,89,lainnya,"establishment,point_of_interest",Pos Polisi Cicadas,-6.9092061,107.6433618
ChIJO8xA9sHnaC4R1avrN6id0NY,Waroeng Notebook,-6.910567100000001,107.643983,5.0,45,komersial,"electronics_store,establishment,point_of_interest,store",Pos Polisi Cicadas,-6.9092061,107.6433618
ChIJN7IKoZHnaC4RikbW3ULjGJI,Birthday Souvenir,-6.907305399999999,107.6454927,4.4,123,komersial,"establishment,point_of_interest,store",Gateway Cicadas,-6.9073722,107.6456157
ChIJ8ZtGx-rnaC4RH4ow6bPU_Ko,MM Mobil - Glows,-6.907130599999999,107.6467593,4.1,129,lainnya,"car_repair,establishment,point_of_interest",Babakan Tamim,-6.9063598,107.647561
ChIJWUV5vpTnaC4RCqO36kuth00,RAJA DEREK BANDUNG,-6.9022469,107.653717,5.0,447,lainnya,"establishment,point_of_interest",Polsek Cibeunying Kidul,-6.9031087,107.6536855
ChIJsaR-mJTnaC4Rq7Eb8TTfsPY,Pride N Joy Bandung,-6.9032661,107.6537467,4.2,384,komersial,"clothing_store,establishment,point_of_interest,store",Polsek Cibeunying Kidul,-6.9031087,107.6536855
ChIJnUgYA5PnaC4RpOG26qNv_kk,PT Panaloka Insan Nusantara,-6.9031435,107.6541153,4.4,18,lainnya,"establishment,point_of_interest",Polsek Cibeunying Kidul,-6.9031087,107.6536855
ChIJtxris5PnaC4R0bmsefo26NU,Pegadaian Padasuka,-6.902604299999999,107.6534667,4.4,10,finansial,"establishment,finance,point_of_interest",Polsek Cibeunying Kidul,-6.9031087,107.6536855
ChIJ3ZZfRJLnaC4R5HY7r_kxOMQ,"Travel Bogor- Bandung ( Alvin )Bogor jogja-cilacap- purwokerto,purworejo",-6.9025342,107.6550864,4.8,16,lainnya,"establishment,point_of_interest",Simpang Cicaheum,-6.9025749,107.6549888
ChIJbQ4GJ_PmaC4RFbLw7vweao4,Hemangini Hotel,-6.8806029,107.5992533,4.4,3406,lainnya,"establishment,lodging,point_of_interest,spa",Taman Gaya Karangsari,-6.8811684,107.5987229
ChIJ2aQ9OPPmaC4RmAkFBzxFuf0,Saka Bistro & Bar,-6.8808093,107.5986175,4.5,2352,katering,"establishment,food,point_of_interest,restaurant",Taman Gaya Karangsari,-6.8811684,107.5987229
ChIJ1VF3YvTmaC4RH-47Ox5ITyU,Restoran Sederhana Setiabudi Bandung,-6.8797083,107.5982134,4.5,1407,katering,"establishment,food,point_of_interest,restaurant",Taman Gaya Karangsari,-6.8811684,107.5987229
ChIJT-bjrGXmaC4R_tVeKjKtdRI,ARTOTEL Suites Aquila Bandung,-6.8953812,107.5893343,4.4,2254,lainnya,"establishment,lodging,point_of_interest",Sukamulya,-6.894602,107.5881189
ChIJsSPOrcjnaC4Riso3p6UDqfQ,"Kapel Katolik Mater Boni Consilii, Cibeunying Kidul",-6.9116383,107.6327473,4.8,61,lainnya,"church,establishment,place_of_worship,point_of_interest",Sancta Angela Supratman,-6.9113345,107.6328775
ChIJaw8dnaPnaC4RdjOn43wrXUM,Bandung Arena,-6.8933179,107.6401905,4.4,4109,lainnya,"establishment,point_of_interest",GOR C-TRA,-6.8938915,107.6402639
ChIJRz5jkqPnaC4ROpzn-WFODKQ,Hotel Bumi Kitri Pramuka,-6.892808,107.6410161,3.9,1203,lainnya,"establishment,lodging,point_of_interest",GOR C-TRA,-6.8938915,107.6402639
ChIJ4TSorQbnaC4RrKWOocHzHlk,AndraTour Travel & Car Rentals,-6.8948721,107.6406038,4.9,100,lainnya,"car_rental,establishment,point_of_interest,travel_agency",GOR C-TRA,-6.8938915,107.6402639
ChIJAULHYqPnaC4ReyYClLQTr6A,Kost Bandung Wisma 812 for Men Only,-6.894321799999999,107.6392989,4.4,64,lainnya,"establishment,lodging,point_of_interest",GOR C-TRA,-6.8938915,107.6402639
ChIJa6Nlf6PnaC4RN6RjYX_1MK8,Variasi Motor,-6.894034,107.6394964,4.2,20,komersial,"car_repair,establishment,point_of_interest,store",GOR C-TRA,-6.8938915,107.6402639
ChIJA8zevaXnaC4RwXUoriHJwt4,Tianet Computer,-6.892847,107.6348904,4.6,383,komersial,"electronics_store,establishment,point_of_interest,store",Nurul Fikri Cikutra,-6.8925226,107.6347952
ChIJo8zElKXnaC4R1Jou8HOqhyg,Bimbel Nurul Fikri Pahlawan,-6.8925753,107.6346389,5.0,175,pendidikan,"establishment,point_of_interest,university",Nurul Fikri Cikutra,-6.8925226,107.6347952
ChIJb_A0YYvnaC4RpGItsj8PY8M,Rihla Wisata,-6.9040623,107.6632604,4.9,167,lainnya,"establishment,point_of_interest,travel_agency",Seberang Kantor Kecamatan Antapani,-6.9038407,107.6644191
ChIJJ7WS9YznaC4RumRJmZRgbgY,Indomaret Fresh Cikadut,-6.9038822,107.6652884,3.0,101,komersial,"convenience_store,establishment,food,point_of_interest,store",Seberang Kantor Kecamatan Antapani,-6.9038407,107.6644191
ChIJEZMPEYvnaC4RaMRBKjRk16k,Graceland Residence,-6.904831700000001,107.664703,4.5,97,lainnya,"establishment,point_of_interest",Seberang Kantor Kecamatan Antapani,-6.9038407,107.6644191
ChIJbR5VcIvnaC4RDodK2Jb1n6s,JNE Cikadut,-6.9034166,107.6655528,4.3,96,lainnya,"establishment,point_of_interest",Seberang Kantor Kecamatan Antapani,-6.9038407,107.6644191
ChIJWSPLvzvmaC4RWn19qutkpVk,Kartika Sari Kebon Jukut,-6.914317899999999,107.6053131,4.5,9488,katering,"bakery,establishment,food,point_of_interest,store",Masjid Saifuddaulah,-6.9147461,107.6051306
ChIJZ-fPuzvmaC4RTAyOW7KUaZQ,Toko Bahan Kaos Knitto Bandung (Kebon Jukut),-6.9144295,107.6058313,4.6,1346,komersial,"establishment,home_goods_store,point_of_interest,store",Masjid Saifuddaulah,-6.9147461,107.6051306
ChIJlU0hQjzmaC4R_K8gQYy_U6s,KALOG Express BANDUNG,-6.9143075,107.6050792,4.5,823,lainnya,"establishment,point_of_interest",Masjid Saifuddaulah,-6.9147461,107.6051306
ChIJU0TxL4foaC4RWaetDIAZYF4,OYO 259 Galaxy Inn,-6.933531599999999,107.6193584,4.1,955,lainnya,"establishment,lodging,point_of_interest",Jalan Beunteur,-6.933728,107.6195653
ChIJF3dIPofoaC4RxVEZzSG-1yQ,Tupperware,-6.9341822,107.6197891,4.5,427,katering,"establishment,food,point_of_interest,store",Jalan Beunteur,-6.933728,107.6195653
ChIJg0Y6MYfoaC4RmqID5Y3NBpE,Ganesha Operation Unit Buah Batu 65 (GO Unit BB65),-6.9334202,107.6196284,5.0,377,lainnya,"establishment,point_of_interest",Jalan Beunteur,-6.933728,107.6195653
ChIJvQgV1YDoaC4RgzmkZyuxClk,Kantor Cabang Car Bandung,-6.932992199999999,107.6187491,4.6,167,lainnya,"establishment,insurance_agency,point_of_interest",Jalan Beunteur,-6.933728,107.6195653
ChIJi3pmDGPoaC4RhSf9tOCF8ds,Asuransi Panfic Bandung,-6.9344307,107.6200503,4.1,95,lainnya,"establishment,point_of_interest",Jalan Beunteur,-6.933728,107.6195653
ChIJW1fAeIfoaC4RZa14CMwhsm8,widely beyond printing @buah batu,-6.935500999999999,107.621024,4.2,968,komersial,"establishment,point_of_interest,store",Jalan Nilem V,-6.9362075,107.6218898
ChIJyzo2cYXoaC4Ru6W1d1mR07Q,Jaya Abadi Car Accessories & Audio,-6.937298699999999,107.6216753,4.7,122,komersial,"establishment,point_of_interest,store",Jalan Nilem V,-6.9362075,107.6218898
ChIJIYsLK_PCaC4RZ1aXkOyjVeg,Plaza Summarecon Bandung,-6.955864,107.6938999,4.7,2009,lainnya,"establishment,general_contractor,point_of_interest",Taman Sumringah,-6.955047,107.6941207
ChIJ_QA0qpXDaC4RnyDK07_7uWQ,Taman Sumringah Summarecon Bandung,-6.955165399999999,107.6944621,4.8,951,rekreasi,"establishment,park,point_of_interest",Taman Sumringah,-6.955047,107.6941207
ChIJf_0N3xTDaC4R_VMBQH_SHA0,Roempi Coffee Summarecon,-6.955561599999999,107.6938191,4.7,96,katering,"cafe,establishment,food,point_of_interest,store",Taman Sumringah,-6.955047,107.6941207
ChIJn-bbatfDaC4RtbrQD5Mc0eU,Boseh Bike Summarecon Taman Sumringah,-6.9541584,107.6937946,4.1,86,rekreasi,"establishment,park,point_of_interest",Taman Sumringah,-6.955047,107.6941207
ChIJl3zYGQDDaC4RC6p6_TCzISI,ATM Center,-6.955894,107.6939208,1.9,14,finansial,"atm,establishment,finance,point_of_interest",Taman Sumringah,-6.955047,107.6941207
ChIJoawUBizmaC4Rlu_7nJA_kMs,Dinas Perindustrian dan Perdagangan Provinsi Jawa Barat,-6.922273,107.614467,4.0,33,lainnya,"establishment,point_of_interest",Jalan Kasim,-6.9220491,107.6141767
ChIJVbVFwS7maC4Ryj5JUkyEVbM,Maybank Asia Afrika Bandung,-6.9217897,107.6138422,3.0,33,finansial,"atm,bank,establishment,finance,point_of_interest",Jalan Kasim,-6.9220491,107.6141767
ChIJ4fgrTynmaC4RlMuciFP53_c,Pegadaian UPC Lengkong,-6.923590099999999,107.6143124,4.3,25,finansial,"establishment,finance,point_of_interest,store",Jalan Kasim,-6.9220491,107.6141767
ChIJP7GVMk_oaC4R_sQMlaFiAo0,NAV Buahbatu,-6.9450555,107.6301921,4.4,1238,lainnya,"bar,establishment,night_club,point_of_interest",Seberang Jalan Kayuagung II,-6.9453058,107.6306095
ChIJexV682boaC4R-UJofjIVhw8,Dunkin' Donuts,-6.9442331,107.629964,4.6,1103,katering,"bakery,cafe,establishment,food,point_of_interest",Seberang Jalan Kayuagung II,-6.9453058,107.6306095
ChIJ0e8QdmPoaC4RufX677tzKYs,The Harvest Cakes - Buah Batu,-6.9450102,107.6300887,4.5,980,katering,"bakery,establishment,food,point_of_interest,store",Seberang Jalan Kayuagung II,-6.9453058,107.6306095
ChIJlZ9rX2boaC4RVTrrLh2rsKo,Xiphos Music Studio,-6.944378899999999,107.6305669,4.4,290,komersial,"establishment,point_of_interest,store",Seberang Jalan Kayuagung II,-6.9453058,107.6306095
ChIJE_aJWLznaC4RC1ZcDCqI6yk,Haleyora Powerindo Cabang Jabar,-6.938452799999999,107.6273006,4.3,55,lainnya,"establishment,point_of_interest",Kantor PLN Jalan Karawitan,-6.938528,107.6284862
ChIJidCq7XzoaC4R8d8c7jpnI0I,DILAMO,-6.9361804,107.6258492,4.5,1264,katering,"cafe,establishment,food,point_of_interest",Jalan Guntur Madu,-6.937582,107.6267266
ChIJT8UYr2ToaC4RLKpu3de3IOI,PT PLN (Persero) Unit Induk Pembangunan Jawa Bagian Tengah,-6.9382411,107.6279407,4.0,44,lainnya,"establishment,point_of_interest",Jalan Guntur Madu,-6.937582,107.6267266
ChIJ04piv2ToaC4RzMo4HwM-ftA,Bio Clean Laundry - Buah Batu,-6.9382109,107.6282487,4.4,38,lainnya,"establishment,laundry,point_of_interest",Jalan Guntur Madu,-6.937582,107.6267266
ChIJf8rQr2ToaC4RPLCxqJavqyk,Fisioterapi Martanegara,-6.9326679,107.6264801,4.9,235,kesehatan,"establishment,health,point_of_interest",Dinas Ketenagakerjaan Kota Bandung,-6.9329757,107.6266685
ChIJY0bqndXnaC4Rx6jf8PL0NJk,Yoss Bridal & Couture,-6.926667999999999,107.6248197,4.8,377,komersial,"beauty_salon,clothing_store,establishment,point_of_interest,store",Seberang SD Al-Azhar 36 Bandung,-6.9273912,107.6233363
ChIJ3wWFLtTnaC4R2dbmYrQ2VVE,Emia Hotel,-6.924082299999999,107.6248846,3.9,404,lainnya,"establishment,lodging,point_of_interest",Simpang Malabar Gatot Subroto 1,-6.9233879,107.6243589
ChIJkQ-LkdTnaC4RWBzRuCWXTL4,Retro Karaoke,-6.92368,107.6233721,4.3,191,lainnya,"bar,establishment,night_club,point_of_interest",Simpang Malabar Gatot Subroto 1,-6.9233879,107.6243589
ChIJMXSJ8YHoaC4RBOwTCJZOsaA,Bandung Dental Center,-6.9213423,107.6176059,4.7,752,kesehatan,"dentist,doctor,establishment,health,point_of_interest",Simpang Naripan Sunda,-6.921729,107.6176238
ChIJO8sa6C7maC4RcziQgtANAzg,Asia Afrika Dental Clinic,-6.9221657,107.617269,4.9,434,kesehatan,"establishment,health,point_of_interest",Simpang Naripan Sunda,-6.921729,107.6176238
ChIJ5228YTLmaC4RxVP-Qc2UN6Q,SPBU Pertamina 34.40130,-6.9165578,107.6184563,4.3,2005,lainnya,"establishment,gas_station,point_of_interest",SPBU Jalan Sunda,-6.9164943,107.6181912
ChIJdZkrg4PmaC4RMpuuGiTN6z8,Click House Bandung,-6.916155799999999,107.6184853,4.9,313,kesehatan,"beauty_salon,establishment,hair_care,health,point_of_interest",SPBU Jalan Sunda,-6.9164943,107.6181912
ChIJNeFuYDLmaC4RvW9GXOXyQ_Q,aQualis Laundry & Green Dry Clean - Sunda,-6.916356899999999,107.6184469,4.9,252,lainnya,"establishment,laundry,point_of_interest",SPBU Jalan Sunda,-6.9164943,107.6181912
ChIJa-3OE9vlaC4R2381El6q0YA,Humblezing,-6.9086414,107.6220395,4.8,338,komersial,"clothing_store,establishment,point_of_interest,store",Simpang Menado - Aceh 1,-6.9097868,107.6209331
ChIJkQg2pkrmaC4RXYjDv4utAtE,"The Cut Rumah Barber - Jalan Lombok, Bandung",-6.9072067,107.6207981,4.7,1187,kesehatan,"establishment,hair_care,health,point_of_interest",Polsek Bandung Wetan 1,-6.9084928,107.6214078
ChIJI24K78vnaC4RzdbU9B3YeWk,Wisma Wanita,-6.907171099999999,107.6225564,4.1,155,lainnya,"establishment,lodging,point_of_interest",Polsek Bandung Wetan 1,-6.9084928,107.6214078
ChIJd1TdyMrnaC4RAmaInmWmhbs,Omahe Bandung,-6.9087736,107.6224887,4.7,89,lainnya,"establishment,lodging,point_of_interest",Polsek Bandung Wetan 1,-6.9084928,107.6214078
ChIJLe0aD7XnaC4Rr7pS8NqGZYk,RM. ULU JUKU,-6.905406200000001,107.6240696,4.5,708,katering,"establishment,food,point_of_interest,restaurant",Taman Cibeunying Selatan,-6.9045436,107.6238314
ChIJQz9OlUvmaC4RP9i1Dh4v6UA,Kamar Tujuh Koffie,-6.903318499999999,107.6167499,4.6,897,katering,"cafe,establishment,food,point_of_interest,store",Gedung Sate,-6.9014576,107.6173506
ChIJ7dc5KkzmaC4RyHOVk40d49E,Travellers Inn,-6.899931,107.61581,4.3,509,lainnya,"establishment,lodging,point_of_interest",Gedung Sate,-6.9014576,107.6173506
ChIJyXuAM0nmaC4R8BX3W5YGX4E,"Spesial Soto Boyolali (SSB) Hj Hesti Widodo, Trunojoyo",-6.9024423,107.6137366,4.5,9799,katering,"establishment,food,point_of_interest,restaurant",Taman Segitiga Trunojoyo 1,-6.9020881,107.6153596
ChIJS2wQS0nmaC4R2rh-VLCfiXQ,ETC Steak,-6.9024955,107.6143449,4.7,2322,katering,"cafe,establishment,food,point_of_interest,restaurant",Taman Segitiga Trunojoyo 1,-6.9020881,107.6153596
ChIJ72O9NknmaC4RgLgos3Ve7OE,Cups Coffee,-6.9024931,107.613762,4.4,2012,katering,"bakery,cafe,establishment,food,point_of_interest",Taman Segitiga Trunojoyo 1,-6.9020881,107.6153596
ChIJA18PE0zmaC4R6za2P0n5bGU,Gereja Kristen Indonesia Maulana Yusuf,-6.900787299999999,107.6137771,4.8,597,lainnya,"church,establishment,place_of_worship,point_of_interest",Taman Segitiga Trunojoyo 1,-6.9020881,107.6153596
ChIJ6z6gJEnmaC4R0nRmPof7S_g,My Kopi-O! Trunojoyo,-6.9033634,107.6131133,4.4,3042,katering,"cafe,establishment,food,point_of_interest,restaurant",Simpang Sultan Tirtayasa - Trunojoyo 1,-6.9026664,107.614058
ChIJ6z6gJEnmaC4RTXs_V17wZ3k,Hay Bandung,-6.9033092,107.61315,4.3,1810,lainnya,"establishment,lodging,point_of_interest",Simpang Sultan Tirtayasa - Trunojoyo 1,-6.9026664,107.614058
ChIJMRr0-kjmaC4RG6esHStxPBc,Screamous,-6.9047375,107.6117527,4.4,340,komersial,"clothing_store,establishment,point_of_interest,store",Jalan Sultan Agung,-6.9044807,107.6123659
ChIJ_U1EujfmaC4RwBpUSN7M6SI,Aryaduta Bandung,-6.9093233,107.6118848,4.6,10081,katering,"establishment,food,lodging,point_of_interest,restaurant",Taman Pertigaan Pujasera,-6.9093357,107.612233
ChIJH_nTUzbmaC4R5ECTqJEqovg,Kodam 3 Siliwangi - Kodam III,-6.909183,107.6131565,4.6,138,lainnya,"establishment,point_of_interest",Taman Pertigaan Pujasera,-6.9093357,107.612233
ChIJS07xqDrmaC4RzZQFjNhp928,Braga Permai Bandung,-6.917343499999999,107.6095382,4.6,8146,katering,"establishment,food,point_of_interest,restaurant",Jalan Braga Gang Cikapundung,-6.9178461,107.6093947
ChIJE8cxqzrmaC4RO2RoxpmGxgg,LB Bar & Resto ( La Baraga ),-6.9176109,107.6094452,4.6,693,katering,"bar,cafe,establishment,food,night_club",Jalan Braga Gang Cikapundung,-6.9178461,107.6093947
ChIJKx94lRjmaC4R-sOzyqFC7P0,Braga CityWalk,-6.9171194,107.6084638,4.5,25701,komersial,"establishment,point_of_interest,shopping_mall",Suniaraja Braga,-6.9161827,107.6079838
ChIJUVlKGzvmaC4RKKk9hDXnYLM,FOX Club KTV,-6.9161075,107.6063105,4.4,909,lainnya,"bar,establishment,night_club,point_of_interest",Banceuy Suniaraja,-6.915658,107.6058211
ChIJJaDgEjvmaC4RjxcNRW6V_bI,PD. Kawan Kita,-6.916301700000001,107.6053487,4.1,107,komersial,"establishment,point_of_interest,store",Banceuy Suniaraja,-6.915658,107.6058211
ChIJJ_-2UjvmaC4RibjjQq_SRKI,MieMichil,-6.9180923,107.6044357,4.8,149,katering,"establishment,food,point_of_interest,restaurant",Pasar Baru ABC,-6.9184052,107.6048509
ChIJj32sVzvmaC4R5BPX3Y9k7ZU,Bank Danamon Pasar Baru,-6.9177044,107.6036014,3.7,54,finansial,"bank,establishment,finance,point_of_interest",Pasar Baru ABC,-6.9184052,107.6048509
ChIJ96DwWCXmaC4Ra97TtrTfkow,Chez Bon Hostel,-6.9187277,107.6095318,4.4,231,lainnya,"establishment,lodging,point_of_interest",Simpang Banceuy - ABC,-6.9189084,107.6070042
ChIJy4968zDmaC4RqmCSw1Mzzuk,Balai Pengembangan Kompetensi PU Wilayah IV Bandung,-6.9148329,107.6119994,4.7,60,lainnya,"establishment,point_of_interest",Seberang SMP Negeri 2 Bandung,-6.9136201,107.6134632
ChIJOzv_eTbmaC4R5PHL5afLZv4,Taman Maluku,-6.9092731,107.6150433,4.5,1884,rekreasi,"establishment,park,point_of_interest,tourist_attraction",Dinas Arsip dan Perpustakaan Kota Bandung,-6.9084121,107.6134452
ChIJ7TTrM0jmaC4RgUa_qGJ9pHM,Yoogane,-6.9067392,107.6123504,4.5,13132,komersial,"department_store,establishment,point_of_interest,store",Jalan Trunojoyo Riau Junction,-6.9063176,107.6126748
ChIJ5bSChvPmaC4R4n8601ud5xI,Tortens Riju,-6.9066204,107.6121149,4.8,948,katering,"bakery,establishment,food,point_of_interest,store",Jalan Trunojoyo Riau Junction,-6.9063176,107.6126748
ChIJi-hWi7XnaC4Ra-6HnknjFzE,Cozy Cube Coffee,-6.906804999999999,107.6259766,4.4,1477,katering,"cafe,establishment,food,point_of_interest,restaurant",Simpang Brantas Cihapit 2,-6.9067733,107.6243252
ChIJdf_ktM_naC4RXCIbU-DgXwk,Jifast Cafe & Resto,-6.9136335,107.6224842,4.6,732,katering,"cafe,establishment,food,point_of_interest,restaurant",Simpang Menado - Belitung,-6.91225,107.6201483
ChIJZ_2WXzLmaC4R_rtFmEyqApU,Indo Premier Sekuritas - Bandung,-6.9162878,107.6184375,4.7,128,finansial,"establishment,finance,point_of_interest",Simpang Menado - Gudang Utara,-6.9152634,107.6193866
ChIJ8dF3HDLmaC4R-uls_2Jkgwo,Sambel Hejo Natuna,-6.9166094,107.6161913,4.4,5925,katering,"establishment,food,point_of_interest,restaurant",Simpang Jawa - Sunda,-6.9157989,107.6174777
ChIJ703co1voaC4RwccGEKGaxFM,Bakmie Karet Natuna,-6.916398099999999,107.6149104,4.5,1032,katering,"establishment,food,point_of_interest,restaurant",Seberang SMP Negeri 5 Bandung,-6.9151846,107.6144795
ChIJm2euxjHmaC4RsUxemMi2Ry0,Klinik Mata Bandung Eye Center,-6.917005800000001,107.6139169,4.5,644,kesehatan,"doctor,establishment,health,point_of_interest",Seberang SMP Negeri 5 Bandung,-6.9151846,107.6144795
ChIJXQ4nzi_maC4RNzf6oK6bazc,RedDoorz Near Braga Street,-6.9184785,107.6121592,3.6,303,lainnya,"establishment,lodging,point_of_interest",Simpang Sumatera - Natuna,-6.9172219,107.6136188
ChIJLxZ8FjThaC4R9syArP44gSE,AMARO cake - bandung Toko kue & oleh oleh bandung,-6.9193007,107.6157814,4.8,646,katering,"bakery,establishment,food,point_of_interest,store",Simpang Embong - Veteran,-6.919936,107.6155793
ChIJbx2WcS7maC4RnMy-X0RT-UI,Airy Veteran 30 Bandung,-6.9192344,107.6149607,4.3,126,lainnya,"establishment,lodging,point_of_interest",Simpang Embong - Veteran,-6.919936,107.6155793
ChIJkz8R2S3maC4RwD36CEf7Dg4,Bank Mayapada Veteran,-6.9193053,107.6158847,4.9,46,finansial,"bank,establishment,finance,point_of_interest",Simpang Embong - Veteran,-6.919936,107.6155793
ChIJJ4IUVyzmaC4RtreRDfUpI-I,BANGKA SEPEDA,-6.920724,107.6182606,5.0,3417,komersial,"bicycle_store,establishment,point_of_interest,store",Simpang Veteran -Sunda,-6.9206701,107.6185682
ChIJ01nfmSzmaC4RNvsrRzXxv0A,Jaya Motor Katapang,-6.921666699999999,107.6194979,4.4,187,komersial,"car_repair,establishment,point_of_interest,store",Seberang SMK Negeri 15 Bandung,-6.9224622,107.6187771
ChIJI3kmhyzmaC4RyZ7V_KCq-H4,SMKN 15 Kota Bandung,-6.922777,107.6186267,4.3,183,lainnya,"establishment,point_of_interest",Seberang SMK Negeri 15 Bandung,-6.9224622,107.6187771
ChIJdRC0YizmaC4Rqj7JYqUHU_0,Prapatan Lima Motor,-6.922070499999999,107.6182791,4.4,23,komersial,"establishment,point_of_interest,store",Seberang SMK Negeri 15 Bandung,-6.9224622,107.6187771
ChIJYXk-VSvmaC4RmsTSAdwiozk,INDOMARET GATOT SUBROTO 53,-6.922769,107.6214407,4.3,137,komersial,"convenience_store,establishment,food,grocery_or_supermarket,point_of_interest",Simpang Gatot Subroto - Guntur,-6.9228054,107.6212105
ChIJ31Q0CHzoaC4R1ZHgxaSSh4g,Sesko TNI,-6.9333592,107.6291104,4.5,162,pendidikan,"establishment,point_of_interest,school",Sesko TNI,-6.9334024,107.6288798
ChIJEaDJbGPoaC4RQQKfWRqnnvU,Polite swim,-6.9340825,107.6270365,4.8,85,lainnya,"establishment,point_of_interest",Sesko TNI,-6.9334024,107.6288798
ChIJVdFmNXroaC4RnlSsUYc6U3k,Dinas Tenaga Kerja Kota Bandung,-6.9331461,107.6265127,3.9,78,lainnya,"establishment,point_of_interest",Sesko TNI,-6.9334024,107.6288798
ChIJCS5fEnzoaC4RE7ig8elG8FU,DPD Partai Golongan karya Jawa Barat,-6.9337152,107.6266077,4.3,72,lainnya,"establishment,point_of_interest",Sesko TNI,-6.9334024,107.6288798
ChIJXwAgQybmaC4RYarN8wWaolA,Atap Promotions. PT,-6.9380356,107.6315745,4.8,108,lainnya,"establishment,point_of_interest",Jalan Reog,-6.9370797,107.632131
ChIJaS63uXroaC4RvZdDB1LgxwI,Prosus Inten,-6.937782599999999,107.6326145,4.9,44,lainnya,"establishment,point_of_interest",Jalan Reog,-6.9370797,107.632131
ChIJY-SIZWboaC4RM-MnpNmW0t0,PT. MSN,-6.9369931,107.6319564,3.9,39,lainnya,"establishment,point_of_interest",Jalan Reog,-6.9370797,107.632131
ChIJh1d_JeoaEQURdPuf5WOdK00,Walhi Jawa Barat,-6.9395835,107.6322764,4.5,31,lainnya,"establishment,point_of_interest",Jalan Reog,-6.9370797,107.632131
ChIJZw8D4mToaC4RNlIWqzEtqR8,Apotek K-24 Karawitan,-6.9395406,107.6303869,4.3,235,kesehatan,"establishment,health,pharmacy,point_of_interest,store",Kantor Kelurahan Turangga,-6.9394412,107.6310884
ChIJoR61HGXoaC4RxoY4LNCP__s,Alfamart Karawitan,-6.939702,107.630757,3.5,150,komersial,"convenience_store,establishment,food,point_of_interest,store",Kantor Kelurahan Turangga,-6.9394412,107.6310884
ChIJ1dgv_2boaC4R2UGbxGpU8cM,HIKMAT Boutique Bandung,-6.945172899999999,107.6302711,4.9,277,komersial,"clothing_store,establishment,point_of_interest,store",Jalan Kayuagung II,-6.944939,107.6304936
ChIJi3pmDGPoaC4REkldk8NwSHs,Kantor Cabang Neutron Yogyakarta Bandung-2,-6.945522899999999,107.6311815,4.8,69,lainnya,"establishment,point_of_interest",Jalan Guntursari Wetan,-6.9465077,107.6319841
ChIJaw5rVi7maC4ReN4ivo2Ay5c,Astra Credit Companies,-6.920261999999999,107.612677,4.2,782,finansial,"establishment,finance,point_of_interest",Simpang Naripan Tamblong,-6.9201897,107.6128122
ChIJNcF7A4fCaC4RoJEDSklKel4,Perumahan De Marrakesh,-6.9649067,107.6777314,4.4,917,lainnya,"establishment,point_of_interest,real_estate_agency",Taman Derwati,-6.9644169,107.6787233
ChIJgVVKsofCaC4RDbgd3DW5wR0,Taman Derwati,-6.9644431,107.6786803,4.3,261,rekreasi,"establishment,park,point_of_interest",Taman Derwati,-6.9644169,107.6787233
ChIJ3QF1hSzDaC4ROzMRymzIh08,Sarang Korean BBQ and Casual Korean Food Derwati,-6.9646367,107.6787907,4.8,154,katering,"establishment,food,point_of_interest,restaurant",Taman Derwati,-6.9644169,107.6787233
ChIJuZOZ-orpaC4RG5Y27_mrBjU,MAHADA | Memorable Corporate Gift,-6.9492297,107.6429913,4.9,991,lainnya,"establishment,point_of_interest",SD Negeri 184 Buah Batu,-6.9509159,107.6410443
ChIJaW7upWvoaC4RCSByCY80ZOA,PT Otsuka Distribution Indonesia,-6.9493525,107.641244,4.6,46,lainnya,"establishment,point_of_interest,storage",SD Negeri 184 Buah Batu,-6.9509159,107.6410443
ChIJH9IUR0HoaC4RVlqeXMM7_eY,Alfamart,-6.9517508,107.6404679,2.7,25,komersial,"convenience_store,establishment,food,point_of_interest,store",SD Negeri 184 Buah Batu,-6.9509159,107.6410443
ChIJ4wOff0HoaC4RuxZ1EVrS7b0,Galeri Alat Kuliner - Jual Kompor Martabak Termurah Terlengkap,-6.9501914,107.6396093,4.7,20,komersial,"establishment,home_goods_store,point_of_interest,store",SD Negeri 184 Buah Batu,-6.9509159,107.6410443
ChIJ61wafzjdaC4RdweJ5trCwAo,Mutiara Super Kitchen Ujungberung,-6.912580999999999,107.69264,4.3,4961,komersial,"establishment,furniture_store,home_goods_store,point_of_interest,store",Yonzipur 9,-6.9132391,107.6939955
ChIJfxtlEjrdaC4R3xxtPmbBueI,Holland Bakery Ujungberung,-6.913240999999999,107.6947915,4.6,482,katering,"bakery,establishment,food,point_of_interest,store",Yonzipur 9,-6.9132391,107.6939955
ChIJL1gbpk3maC4RGmc2t3gK4pw,Kantor Cabang Pertamina Bandung,-6.898831599999999,107.6180168,4.4,252,lainnya,"establishment,point_of_interest",Mahawarman,-6.8989499,107.6163732
ChIJTRdlLkzmaC4RL96Xd0t8vzQ,Airy Gasibu Aria Jipang 6 Bandung,-6.9000946,107.6159021,4.4,164,lainnya,"establishment,lodging,point_of_interest",Mahawarman,-6.8989499,107.6163732
ChIJg3j1gUXmaC4RsJod7-0Tv1w,Angkasa Putra,-6.8998537,107.6091431,4.5,283,lainnya,"establishment,point_of_interest",Baltos,-6.8995727,107.6099709
ChIJx5wpolrmaC4RKGlUBNS5L58,Dinas Komunikasi dan Informatika Provinsi Jawa Barat,-6.896369699999999,107.609273,4.5,54,lainnya,"establishment,local_government_office,point_of_interest",Diskominfo Jawa Barat,-6.8962327,107.6094744
ChIJ6951K9fnaC4RwVvRUEJRLFA,SPBU Pertamina Laswi,-6.922391999999999,107.6306345,4.3,1271,lainnya,"establishment,gas_station,point_of_interest",Gang Cinta Asih Selatan,-6.9213435,107.6308228
ChIJD7yf1NDnaC4RPyfHdkumkxM,Neo Megah Jaya,-6.9220754,107.630722,4.3,70,lainnya,"car_repair,establishment,point_of_interest",Gang Cinta Asih Selatan,-6.9213435,107.6308228
ChIJQ6HzftfnaC4R-l95nKUFin0,Bakso kraton,-6.9232557,107.6305927,4.3,63,katering,"establishment,food,point_of_interest,restaurant",Gang Cinta Asih Selatan,-6.9213435,107.6308228
ChIJ538-x9bnaC4RUJ1xxwzByQw,Carbonarra Dessert & Cake,-6.923260099999999,107.629043,4.9,43,katering,"cafe,establishment,food,point_of_interest",Gang Cinta Asih Selatan,-6.9213435,107.6308228
ChIJ8-2jxsjCaC4RzUrZ43M2a6k,Country Boots Shoes / Sepatu,-6.922128799999999,107.6292344,4.3,28,komersial,"establishment,point_of_interest,store",Gang Cinta Asih Selatan,-6.9213435,107.6308228
ChIJGWZkmNfnaC4RTGz4Ln6sQ0o,SESKOAD,-6.9252292,107.6288071,4.5,1033,pendidikan,"establishment,point_of_interest,school",Museum Kavaleri,-6.9252863,107.6304835
ChIJsRcLjNbnaC4R0BE8HJPBzh8,Pondok Patradisa,-6.924648899999999,107.6287936,3.9,122,lainnya,"establishment,point_of_interest,real_estate_agency,travel_agency",Museum Kavaleri,-6.9252863,107.6304835
ChIJBehti9bnaC4RO5PRd67Ha7Q,OYO 2625 Pondok Penginapan Patradisa,-6.924675,107.6288025,2.8,109,lainnya,"establishment,lodging,point_of_interest",Museum Kavaleri,-6.9252863,107.6304835
ChIJf8Y6aNjnaC4RSmjpC01A6iM,Masjid Agung Trans Studio,-6.9259359,107.6354559,4.8,16164,lainnya,"establishment,mosque,place_of_worship,point_of_interest,tourist_attraction",Trans Studio Mall,-6.9270367,107.6350631
ChIJ5XTisirmaC4Rb2Dvd5GYkKs,Doublesteak Talagabodas,-6.9283005,107.6209362,4.1,1159,katering,"establishment,food,point_of_interest,restaurant",Macan - Lodaya 1,-6.9291355,107.6195737
ChIJh1fJHivmaC4Rg5pVVyTgjc4,Serabi Kinca Suji - Eka Rasa,-6.929860499999999,107.6202291,4.7,302,katering,"establishment,food,point_of_interest,store",Macan - Lodaya 1,-6.9291355,107.6195737
ChIJ8xPbHoDoaC4RJfAB5b71kG8,RedDoorz @ Talaga Bodas,-6.928226800000001,107.62019,4.1,222,lainnya,"establishment,lodging,point_of_interest",Macan - Lodaya 1,-6.9291355,107.6195737
ChIJu17T84DoaC4Rk75sszGvUXE,Panti Sosial Tresna Werdha Budi Pertiwi,-6.9297935,107.6195426,4.7,142,lainnya,"establishment,point_of_interest",Macan - Lodaya 1,-6.9291355,107.6195737
ChIJ5VV5_X_oaC4RhkSFAY2Env4,MARIEKAY,-6.9284344,107.621509,5.0,889,lainnya,"beauty_salon,establishment,point_of_interest",Macan - Lodaya 2,-6.9290667,107.6196553
ChIJh944D3foaC4RuQCrw9BrQz0,Turangga Raya Motor,-6.9303111,107.6353998,4.8,20,komersial,"car_dealer,establishment,point_of_interest,store",Simpang Turangga-Salak,-6.9292838,107.6355005
ChIJVZnqBnHoaC4Rf2d-2Dmlpm0,Tien's Catering,-6.9346775,107.6367935,4.7,44,katering,"establishment,food,point_of_interest,store",Jalan RH Hasan Saputra Raya,-6.9360059,107.6348403
ChIJu98JqHHoaC4R_6cJ5CkY7zQ,Rental Car TCS,-6.934975000000001,107.6369655,4.8,30,lainnya,"car_rental,establishment,point_of_interest",Jalan RH Hasan Saputra Raya,-6.9360059,107.6348403
ChIJlc-_fB7oaC4RWatvhMVfPtA,Kantor Kecamatan Batununggal,-6.938684500000001,107.6372127,3.4,48,lainnya,"establishment,point_of_interest",Salendro Utara - Salendro Raya,-6.9379893,107.6348313
ChIJSRaxMBbmaC4R6OwOI9eB1EE,PT. DAKSA,-6.9403494,107.6354529,4.7,41,lainnya,"establishment,point_of_interest",Salendro Utara - Salendro Raya,-6.9379893,107.6348313
ChIJ2wxG8oPoaC4RuQAUKMEn6YE,"Jersey Sepeda, Baju Sepeda Ergy Jersey",-6.9401695,107.6339624,4.6,38,komersial,"clothing_store,establishment,point_of_interest,store",Salendro Utara - Salendro Raya,-6.9379893,107.6348313
ChIJV14Tim_oaC4RudhSB9f6YTU,PT. Pentacode Digital,-6.939765299999999,107.6328208,4.9,31,lainnya,"establishment,point_of_interest",Salendro Utara - Salendro Raya,-6.9379893,107.6348313
ChIJnaDXl2_oaC4RlPQ3djl8qkY,Sate soto gule pak ujang,-6.939322499999999,107.6347682,4.7,197,katering,"establishment,food,point_of_interest,restaurant",Nayaga - Salendro Raya,-6.9392806,107.6345244
ChIJHQ9BwmToaC4Rp0E6PXKIs8U,PRIVAT BANDUNG - Pusat les privat di Bandung,-6.941765299999999,107.6345631,4.5,84,lainnya,"establishment,point_of_interest",Nayaga - Salendro Raya,-6.9392806,107.6345244
ChIJ4yv8bQDpaC4RAQ8C6S19gBs,YOMART SALENDRO,-6.939431600000001,107.6346197,4.5,44,komersial,"convenience_store,establishment,food,point_of_interest,store",Nayaga - Salendro Raya,-6.9392806,107.6345244
ChIJLWchpnvoaC4RkPJSJW_CPdI,Jual Gorden Blind & Krey Bandung - Elite Decoration Bandung,-6.934963199999999,107.6295721,4.9,57,komersial,"establishment,general_contractor,home_goods_store,point_of_interest,store",Asmarandana - Gamelan,-6.9370304,107.6297583
ChIJuZ2_knzoaC4RkhcvOS6RqQo,Don John Official,-6.9359716,107.626041,4.8,36,katering,"establishment,food,point_of_interest,restaurant",Asmarandana - Guntur Madu,-6.9361756,107.6276762
ChIJ83FhRHvoaC4RKEpu-fx2DHM,PT. Agrabudi Komunika,-6.936861599999999,107.6280374,4.8,35,lainnya,"establishment,point_of_interest",Asmarandana - Guntur Madu,-6.9361756,107.6276762
ChIJgbslhn7oaC4R0Wh4EXo6qmc,Bakso Malang Langgeng,-6.9321807,107.62473,4.2,1155,katering,"establishment,food,point_of_interest,restaurant",Banteng Dalam - Lodaya 1,-6.9320035,107.6246297
ChIJkw0-WX7oaC4RmzymKEjVrfU,Reddoorz Near Trans Studio Mall 2,-6.931330099999999,107.6243649,4.2,405,lainnya,"establishment,lodging,point_of_interest",Banteng Dalam - Lodaya 1,-6.9320035,107.6246297
ChIJcQic1n3oaC4RkkrtE8oEXEs,UNISA Bandung,-6.9331017,107.6239763,4.8,245,pendidikan,"establishment,point_of_interest,university",Banteng Dalam - Lodaya 1,-6.9320035,107.6246297
ChIJa_J9tGToaC4RX1LuVz649iw,Aksi Cepat Tanggap Jawa Barat,-6.9316081,107.6236762,4.3,63,lainnya,"establishment,point_of_interest",Pasar Bunga Palasari 2,-6.9311353,107.6229791
ChIJLwGD4SrmaC4Rlw9jfr3fmtA,"Radio DAHLIA 101,5 FM BANDUNG",-6.926349999999999,107.6192547,4.6,519,lainnya,"establishment,point_of_interest",Simpang Burangrang - Halimun,-6.9257234,107.6195558
ChIJrSun6CrmaC4R9F2a6QTknd0,The Harvest Cakes Burangrang,-6.925948999999999,107.6198315,4.7,496,katering,"bakery,establishment,food,point_of_interest,store",Simpang Burangrang - Halimun,-6.9257234,107.6195558
ChIJC7QpASvmaC4R_cdU-P1WHTU,Ardellia Hotel,-6.925023899999999,107.6188937,4.2,464,lainnya,"establishment,lodging,point_of_interest",Simpang Burangrang - Halimun,-6.9257234,107.6195558
ChIJ79INAyvmaC4RoaFcP2g35Oc,Sentra Inn Bandung,-6.925170899999999,107.6191496,4.3,452,lainnya,"establishment,lodging,point_of_interest",Simpang Burangrang - Halimun,-6.9257234,107.6195558
ChIJVx2S3CrmaC4RXi_QtHfkPhs,Chef Vidya|Sriboga Customer Center Bandung (SCC),-6.9260074,107.6204744,4.9,238,lainnya,"establishment,point_of_interest",Simpang Burangrang - Halimun,-6.9257234,107.6195558
ChIJa8aNqTrmaC4RtPLLaiDSo7o,De Majestic,-6.920809999999999,107.6096997,4.5,470,lainnya,"art_gallery,establishment,point_of_interest",Gedung Merdeka,-6.921434,107.6090687
ChIJ3_cgfi_maC4R3bDizO0HYPM,PRFM Radio 107.5,-6.921353799999999,107.6103363,4.6,248,lainnya,"establishment,point_of_interest",Gedung Merdeka,-6.921434,107.6090687
ChIJ4wVlLzvmaC4RFt3WhiuRdQ8,Kopi Aroma Bandung,-6.9175628,107.6061694,4.6,5928,katering,"cafe,establishment,food,point_of_interest,store",Banceuy - Pecinan Lama,-6.917636,107.6063527
ChIJfRzQOzvmaC4RIHHFbMtbMF8,Banceuy Elektrik,-6.917307699999999,107.6056586,4.5,92,komersial,"establishment,point_of_interest,store",Banceuy - Pecinan Lama,-6.917636,107.6063527
ChIJ9RSPYozmaC4R99aLvAoM7HE,Istana Cemilan,-6.910764599999999,107.6064783,4.1,91,katering,"establishment,food,grocery_or_supermarket,point_of_interest,store",Aceh - Kebon Sirih Dalam,-6.9104474,107.6073165
ChIJS_liOjjmaC4RmQeZtA033_4,Asuransi Jasindo,-6.909565000000001,107.6087295,4.4,53,lainnya,"establishment,point_of_interest",Aceh - Kebon Sirih Dalam,-6.9104474,107.6073165
ChIJmdPytDnmaC4ROf0K_2o06GI,Indomaret Aceh 41,-6.9102019,107.6080561,3.0,45,komersial,"convenience_store,establishment,food,point_of_interest,store",Aceh - Kebon Sirih Dalam,-6.9104474,107.6073165
ChIJhV4z2jjmaC4RjOUUyBuLlxA,Rumah Sakit Mata Cicendo,-6.9103504,107.6044101,4.4,2645,kesehatan,"establishment,health,hospital,point_of_interest",Polsek Sumur Bandung,-6.9107463,107.6059
ChIJwyLlbTnmaC4RklB6Ho1FkCk,Fortunate Coffee,-6.9116411,107.6059872,4.5,556,katering,"establishment,food,point_of_interest,restaurant,store",Polsek Sumur Bandung,-6.9107463,107.6059
ChIJP_-fLDnmaC4RNm1CKDBuvWU,Optik Modern Cicendo,-6.910906799999999,107.6038446,4.9,288,kesehatan,"establishment,health,point_of_interest,store",Polsek Sumur Bandung,-6.9107463,107.6059
ChIJm72hYTnmaC4Rc8GKEns4zrE,Kantor Pusat PT. Kereta Api Indonesia (Persero),-6.9139493,107.6062634,4.4,971,lainnya,"establishment,point_of_interest",Gedung Pakuan - Kebon Sirih,-6.9123957,107.605597
ChIJzfhAnmrmaC4RjqblVP7cIuQ,Zodiak - Taurus,-6.9114631,107.598188,4.0,1822,lainnya,"establishment,lodging,point_of_interest",SMP Negeri 1 Bandung,-6.9120531,107.5964581
ChIJW-BYHj7maC4REghymMv5m3Q,Grand Guci Hotel,-6.9110777,107.5976412,4.2,1101,lainnya,"establishment,lodging,point_of_interest",SMP Negeri 1 Bandung,-6.9120531,107.5964581
ChIJFct8CE3oaC4RTlXWJlwAr_Y,Andis Rent | Sewa Motor Bandung,-6.910202,107.5950072,4.7,609,lainnya,"establishment,point_of_interest",Masjid Jami Miftahul Khaer Jalan Bima,-6.9113468,107.5948687
ChIJCborWBHmaC4Ro6PDls3VIfU,Rumah Duka Yayasan Sejahtera Bhakti,-6.913428199999999,107.5942718,4.1,31,lainnya,"establishment,funeral_home,point_of_interest",Masjid Jami Miftahul Khaer Jalan Bima,-6.9113468,107.5948687
ChIJlx0sgIPmaC4Rz40J7Cz0wB8,PT Indo Online Mitra Usaha,-6.911585100000001,107.5929576,5.0,23,lainnya,"establishment,point_of_interest",Masjid Jami Miftahul Khaer Jalan Bima,-6.9113468,107.5948687
ChIJ2ehKtBTmaC4RUaQbGwMmSZY,Joy Supplier,-6.909810299999999,107.594398,4.2,18,komersial,"establishment,point_of_interest,store",Masjid Jami Miftahul Khaer Jalan Bima,-6.9113468,107.5948687
ChIJBxv8_xTmaC4RVCfmrIWIXPw,Kereta sewa bandung,-6.9128699,107.5943068,5.0,5,lainnya,"car_rental,establishment,point_of_interest,travel_agency",Masjid Jami Miftahul Khaer Jalan Bima,-6.9113468,107.5948687
ChIJ0_VJbBTmaC4RjVZy3ocqo5A,Landmark Residence,-6.9134417,107.5926549,4.5,875,lainnya,"establishment,point_of_interest",Landmark Residence Bima,-6.910955,107.5926624
ChIJvxUODBPmaC4RydCzRi0vTIc,PT. Perusahaan Logam Bima,-6.910809599999999,107.590357,4.6,205,lainnya,"establishment,point_of_interest",Landmark Residence Bima,-6.910955,107.5926624
ChIJpTke9BPmaC4R_bDIviDrCkA,PT. Agronesia - Divisi Inkaba,-6.913196,107.5917358,3.8,42,komersial,"establishment,point_of_interest,store",Landmark Residence Bima,-6.910955,107.5926624
ChIJp3kWaxPmaC4Rzz1jli86Af0,Arjuna Rental Car,-6.909909099999999,107.5904729,4.8,31,lainnya,"car_rental,establishment,point_of_interest",Kantor Kelurahan Arjuna,-6.9090473,107.5920216
ChIJ0ZmyAxPmaC4RrbCBiVtc-QQ,Cahyana Styrofoam,-6.9094757,107.5886158,4.1,111,lainnya,"establishment,general_contractor,point_of_interest",Seberang Jalan Simpang Industri,-6.9097881,107.5908225
ChIJJ0xsGhPmaC4RNZ-z5wxArMI,Kudeka,-6.9103536,107.5896249,4.9,82,katering,"bakery,establishment,food,point_of_interest,store",Seberang Jalan Simpang Industri,-6.9097881,107.5908225
ChIJC-XkrhPmaC4Rs411jnrDLUU,Pasar Jatayu,-6.9113048,107.5891202,4.3,1124,lainnya,"establishment,point_of_interest",Alun-alun Cicendo 2,-6.9111,107.5896374
ChIJ26OnQQ3maC4RKQB9RX3ofAw,PT. Central Bandung Raya,-6.9102279,107.5858526,4.3,163,kesehatan,"establishment,health,point_of_interest",Seberang Gang 5 Ciroyom,-6.9126903,107.5859659
ChIJLUY19g3maC4Rb6LvPdp9ah4,Alfamart,-6.9130461,107.5862988,3.9,145,finansial,"atm,convenience_store,establishment,finance,food",Seberang Gang 5 Ciroyom,-6.9126903,107.5859659
ChIJn2CnZQDnaC4RUa8nmh017DM,Toko Layangan Loading,-6.912733200000001,107.5857869,4.7,16,komersial,"establishment,point_of_interest,store",Seberang Gang 5 Ciroyom,-6.9126903,107.5859659
ChIJq8kC8RHmaC4RJJByoMNpWqs,Jaya Mandiri,-6.9140959,107.586949,3.9,11,lainnya,"establishment,point_of_interest",Seberang Gang 5 Ciroyom,-6.9126903,107.5859659
ChIJd2mp5QzmaC4RKYnQKOV8ong,Midis Cell,-6.9127034,107.58566,4.3,8,lainnya,"establishment,point_of_interest",Gang 5 Ciroyom,-6.9126689,107.5857048
ChIJY8ZTPwzmaC4RA5DCvRyHnYI,Master Tjendana,-6.912430000000001,107.5816252,4.4,110,lainnya,"car_repair,establishment,point_of_interest",Simpang Andir - Ciroyom 1,-6.9109008,107.5831516
ChIJ26OnQQ3maC4RduS79vslSRc,Otto Cemerlang Cat Oven & Body Repair,-6.909784699999999,107.5852279,4.6,101,lainnya,"car_repair,establishment,point_of_interest",Simpang Andir - Ciroyom 1,-6.9109008,107.5831516
ChIJ6zg7MAzmaC4R4cMMPaE3r6k,Gita Print Offset Printing / PT. Gita Persada Rajawali,-6.911953400000001,107.5807883,4.2,29,komersial,"establishment,point_of_interest,store",Simpang Andir - Ciroyom 1,-6.9109008,107.5831516
ChIJwTOSnRLmaC4RO0kXWe7ibzI,VOTO Fotografia,-6.909580399999999,107.5840891,4.8,15,lainnya,"establishment,point_of_interest",Simpang Andir - Ciroyom 1,-6.9109008,107.5831516
ChIJ6-J1eUTnaC4R30o4-P9wf4U,Ayam Bakar Bumbu Bali & Ikan Bakar,-6.910867199999999,107.5832644,4.7,31,katering,"establishment,food,point_of_interest,restaurant",Simpang Andir - Ciroyom 2,-6.9108569,107.5832188
ChIJL76gbQrmaC4RdYu3TfBBYio,Service Center Rinnai - Miyako - Shimizu,-6.9094256,107.5786906,4.8,1512,komersial,"electronics_store,establishment,point_of_interest,store",Gang Moh. 1,-6.9095072,107.5810404
ChIJUfilT3PmaC4RfmIBrt7oclQ,counter jne jatayu,-6.907829899999999,107.5804605,4.6,104,lainnya,"establishment,point_of_interest",Gang Moh. 1,-6.9095072,107.5810404
ChIJe2oGsHTmaC4RnIp8cx9vLNg,Stasiun Andir,-6.908140899999999,107.5792451,4.1,55,transportasi,"establishment,point_of_interest,train_station,transit_station",Gang Moh. 1,-6.9095072,107.5810404
ChIJs0nUyennaC4Rtrl171qlswM,Dealer Sepeda & Motor Listrik Yadea Bandung,-6.907145,107.579734,4.5,364,komersial,"establishment,point_of_interest,store",Stasiun Andir 1,-6.908407,107.5794285
ChIJ3dwotnTmaC4RfHRPEHV5QVA,Yomart Garuda,-6.908357400000001,107.5786223,4.2,146,komersial,"convenience_store,establishment,food,grocery_or_supermarket,point_of_interest",Stasiun Andir 1,-6.908407,107.5794285
ChIJ-Wa6mXTmaC4Rmd06Yb97G7o,Bakmi Jowo Anglo SEMBODO,-6.9070901,107.5798068,4.4,142,katering,"establishment,food,point_of_interest,restaurant",Stasiun Andir 1,-6.908407,107.5794285
ChIJxS3hft_laC4RZk6M3zR4ctI,Kantor Kecamatan Andir,-6.908289399999999,107.5741258,3.5,71,lainnya,"establishment,point_of_interest",Simpang Dadali - Flamingo,-6.9107079,107.5751173
ChIJJwNgVQrmaC4RsFjKPXWFT0A,NAP Computer Bandung,-6.9112262,107.5770719,5.0,60,lainnya,"establishment,point_of_interest",Simpang Dadali - Flamingo,-6.9107079,107.5751173
ChIJ08qq-eDlaC4RDm0fcaHEi0A,Alfamart Maleber,-6.9111284,107.5710366,3.5,52,finansial,"atm,convenience_store,establishment,finance,food",Institut Kesehatan Rajawali,-6.9117008,107.5731023
ChIJ6SDo6mrmaC4RvgqIE8qM6y4,Sunerra Express Grand Viveana Bandung,-6.9067678,107.5962906,4.3,985,lainnya,"establishment,lodging,point_of_interest",Istana Plaza Pajajaran,-6.9064586,107.5960498
ChIJH0eRmBbmaC4RwVmyZn4EAqs,Alluderma Skin & Aesthetic Clinic,-6.9066772,107.5963317,5.0,229,kesehatan,"doctor,establishment,health,point_of_interest",Istana Plaza Pajajaran,-6.9064586,107.5960498
ChIJe0zHh2rmaC4RNa-dImit2FE,Chatime,-6.906259599999999,107.5964639,4.5,204,lainnya,"establishment,point_of_interest",Istana Plaza Pajajaran,-6.9064586,107.5960498
ChIJaTlIpT_maC4RJ_52Ph6CSxc,TRISIUM OUTLET,-6.9098991,107.6001267,5.0,605,komersial,"establishment,point_of_interest,shopping_mall",Gang Moch. Mesri Dalam,-6.9089279,107.6004618
ChIJfSlG-UPmaC4REextT_maz-8,BEARPATH,-6.9108885,107.6007974,4.9,545,komersial,"establishment,point_of_interest,shoe_store,store",Gang Moch. Mesri Dalam,-6.9089279,107.6004618
ChIJ3_Nf9j7maC4RvTb_mTJ_BkI,Scarlet Kebon Kawung Hotel,-6.9113608,107.6005484,3.9,439,lainnya,"establishment,lodging,point_of_interest",Gang Moch. Mesri Dalam,-6.9089279,107.6004618
ChIJlZ347j7maC4Rk75huoql3Uw,Rehat at Hotel Patradissa Stasiun Bandung,-6.9113438,107.6017879,4.1,1109,lainnya,"establishment,lodging,point_of_interest",H. Mesri - H. Moh. Iskat,-6.9104981,107.6007547
ChIJ38eSJSTmaC4R3NMjp-wGUsc,Prapatan Rebel,-6.923676599999999,107.6064062,4.6,87,komersial,"clothing_store,establishment,point_of_interest,store",Kantor Kelurahan Balong Gede,-6.9240087,107.6077946
ChIJ1RCqiCbmaC4RVBjfBIA0rVA,Epidemic,-6.9239682,107.6063268,4.5,82,komersial,"clothing_store,establishment,point_of_interest,store",Kantor Kelurahan Balong Gede,-6.9240087,107.6077946
ChIJ58ndmibmaC4Rsr6bHuKTGlM,Ichi Bento - Yogya Kepatihan,-6.923722,107.6059129,4.1,29,katering,"establishment,food,point_of_interest,restaurant",Kantor Kelurahan Balong Gede,-6.9240087,107.6077946
ChIJ5V-8WibmaC4R2sedbzIxwKo,Refalin Abadi importir alat bantu dengar,-6.925024499999999,107.6073349,4.5,19,kesehatan,"doctor,establishment,health,point_of_interest,store",Kantor Kelurahan Balong Gede,-6.9240087,107.6077946
ChIJu8bYXSbmaC4RZO-zXmzOeCQ,Parkir Alternatif Alun Alun Bandung,-6.9259765,107.6070094,4.1,36,lainnya,"establishment,parking,point_of_interest",Samping SMP Negeri 43 Bandung,-6.9253573,107.6072303
ChIJrc78lifmaC4RH0rAQ7Lck70,Prismas Bandung,-6.927209,107.607676,4.8,26,lainnya,"establishment,point_of_interest",Sekolah Assalaam,-6.9258334,107.6078692
ChIJWZl1mCjmaC4ROIn2rLEmOac,Raffleshom Hotel,-6.9242159,107.6100407,4.3,1407,lainnya,"establishment,lodging,point_of_interest",Simpang Sasak Gantung - Pasundan,-6.926021,107.6097229
ChIJhWYQsynmaC4Rq_3reTPxC2Q,Bank BTPN - KC Bandung,-6.9261032,107.6122133,3.6,50,finansial,"atm,bank,establishment,finance,point_of_interest",Gang Sasak Gantung IV,-6.9260934,107.611208
ChIJhWYQsynmaC4RsDHFiL_8K3k,Damas (Daya Mahasiswa Sunda),-6.9250358,107.6119116,4.9,50,lainnya,"establishment,point_of_interest",Gang Sasak Gantung IV,-6.9260934,107.611208
ChIJwSZI0CnmaC4R1WG7D7so44s,Pondok Pesanggrahan,-6.9275838,107.6132599,4.5,741,katering,"establishment,food,point_of_interest,restaurant",Monumen Pertempuran Lengkong Besar,-6.9271849,107.6133183
ChIJDdSk1SnmaC4RnHfBpgjC5fQ,Asoka Hotel Bandung,-6.9280057,107.6128356,4.3,418,lainnya,"establishment,lodging,point_of_interest",Monumen Pertempuran Lengkong Besar,-6.9271849,107.6133183
ChIJIxWQ3inmaC4RrFPYWBZWKzA,RECARO Car Audio dan peredam mobil Bandung,-6.927562099999999,107.6141733,4.6,203,komersial,"car_repair,electronics_store,establishment,point_of_interest,store",Cikawao - Melong Kaler,-6.9279025,107.6147992
ChIJVc5e4ynmaC4Rq8xgngMWPsQ,Alfamart,-6.9278083,107.6147018,4.1,109,komersial,"convenience_store,establishment,food,grocery_or_supermarket,point_of_interest",Cikawao - Melong Kaler,-6.9279025,107.6147992
ChIJS2eDq8fnaC4R8fnW3If4Kf0,Bonbin Studio,-6.928395200000001,107.6153676,4.8,46,lainnya,"establishment,point_of_interest",Cikawao - Melong Kaler,-6.9279025,107.6147992
ChIJAQp4I4DoaC4R_HvHCn23D_w,Alfamart Lodaya,-6.9284298,107.6197203,4.0,126,finansial,"atm,convenience_store,establishment,finance,food",Sadakeling - Wiradisastra,-6.92813,107.6186271
ChIJgx4p24HoaC4RKfvOq5Myzhw,Anita Salon Sadakeling Bandung,-6.9284507,107.6176953,4.7,77,lainnya,"beauty_salon,establishment,point_of_interest",Sadakeling - Wiradisastra,-6.92813,107.6186271
ChIJ6f4DXHvmaC4RIQY7lyoclw4,ZC Distromotive INC ZCD,-6.9277523,107.6196092,4.4,56,komersial,"car_repair,establishment,point_of_interest,store",Sadakeling - Wiradisastra,-6.92813,107.6186271
ChIJR7y6HCvmaC4R_NO0QShUOuI,Intrias Mandiri Sejati Corp. Bandung,-6.9250004,107.6193627,4.3,118,lainnya,"establishment,point_of_interest",Seberang Sekolah BPI,-6.9237698,107.6200414
ChIJfe0wsUnmaC4Rjb6Mc8c-S-s,Screamous Flagship Store,-6.9059002,107.6132103,4.4,281,komersial,"clothing_store,establishment,point_of_interest,store",RSIA Limijati,-6.9067312,107.6132892
ChIJ-5MrbYHoaC4Rg1DJi2hv_Uw,"Sekolah Tinggi Ilmu Ekonomi (STIE) ""Stembi""",-6.9313178,107.6171728,4.6,156,pendidikan,"establishment,point_of_interest,university",Jalan Gurame,-6.9315646,107.617036
ChIJK9u1KIHoaC4RURpB5R24xFk,Toko Buku Biobses,-6.9324749,107.618223,4.9,33,komersial,"book_store,establishment,point_of_interest,store",Jalan Gurame,-6.9315646,107.617036
ChIJ256Kr__laC4Re4mMXgnwfeI,Mayasari Bojong Raya - Bakery Oleh Oleh Khas Bandung,-6.9278444,107.5724491,4.8,1684,katering,"bakery,establishment,food,point_of_interest,store",Holis 266,-6.9295291,107.5733628
ChIJ263LCgDmaC4RLYGGIRCzCR4,YPPK Bumi Baru 2,-6.9282374,107.5743118,4.1,119,lainnya,"establishment,funeral_home,point_of_interest",Holis 266,-6.9295291,107.5733628
ChIJeRfh5v_laC4Roemg7Urnvk0,CV ASIA PITSTOP JAYA / cat oven-body repair-detailing-coating,-6.9282388,107.5737687,4.4,112,lainnya,"car_repair,establishment,point_of_interest",Holis 266,-6.9295291,107.5733628
ChIJ3cr_mlTvaC4RX12BdZ-5mbI,Mahendra Car Audio & Variations,-6.9276576,107.5733641,4.5,103,komersial,"car_repair,electronics_store,establishment,point_of_interest,store",Holis 266,-6.9295291,107.5733628
ChIJKeknQlXvaC4RjB-NaQsME0w,PT PLN Persero ULP Kopo,-6.933878399999999,107.5714327,4.3,334,lainnya,"establishment,point_of_interest",Holis Sumbersari Indah,-6.9333483,107.5717183
ChIJUc3UYVTvaC4R2k6tuHa3L7Q,Campina Ice Cream,-6.933308299999999,107.5715299,4.4,327,katering,"establishment,food,point_of_interest,store",Holis Sumbersari Indah,-6.9333483,107.5717183
ChIJjXZKmFTvaC4RsKvIgdIkR9k,WM Rumah Kue & Kopi (illy cafe),-6.934317399999999,107.5725604,4.2,118,katering,"cafe,establishment,food,point_of_interest,restaurant",Holis Sumbersari Indah,-6.9333483,107.5717183
ChIJp5bmnlTvaC4RWR0GrtGwe4U,Satu Kantor,-6.9351949,107.5723028,3.8,55,komersial,"establishment,furniture_store,home_goods_store,point_of_interest,store",Holis Sumbersari Indah,-6.9333483,107.5717183
ChIJYdNcZFPvaC4RMNs9osDSVzU,Wahana Express Sumber Sari,-6.935408799999999,107.5720524,3.7,27,lainnya,"establishment,point_of_interest",Holis Sumbersari Indah,-6.9333483,107.5717183
ChIJbSp_0yPnaC4R7cOq8u-sKCs,Bubur Ayam Mang H Oyo Pusat (ASLI),-6.9048563,107.6161143,4.4,3381,katering,"establishment,food,point_of_interest,restaurant",BPK Penabur Banda,-6.9054334,107.6165565
ChIJTyXhNErmaC4R0GsaoS_7Kq8,Focus Nusantara - Bandung,-6.904960699999999,107.6169344,4.9,911,komersial,"electronics_store,establishment,home_goods_store,point_of_interest,store",BPK Penabur Banda,-6.9054334,107.6165565
ChIJJVQ0h0nmaC4RWdrwLCxRYCo,OLA Family Spa & Reflexology,-6.905,107.6155556,4.6,484,lainnya,"establishment,point_of_interest,spa",BPK Penabur Banda,-6.9054334,107.6165565
ChIJ1WQKjDjoaC4RQIIw1BYQ6DM,Indomaret Margacinta 01,-6.954858199999999,107.6463509,4.4,448,komersial,"convenience_store,department_store,establishment,food,point_of_interest",Sarijati I,-6.9550858,107.6486389
ChIJbyxYKTroaC4R_i_IhbCI2SY,PT Lucas Djaja,-6.9549075,107.6484632,4.2,44,kesehatan,"establishment,health,point_of_interest",Sarijati I,-6.9550858,107.6486389
ChIJGWIDCDnoaC4RGJ3zEizVYy4,UNGGUL PERKASA BANGUNAN,-6.955111199999999,107.6489769,4.2,39,komersial,"establishment,home_goods_store,point_of_interest,store",Sarijati I,-6.9550858,107.6486389
ChIJec47Fo7maC4RgA6PA70v-z4,Hazel Studio,-6.8876444,107.6240699,4.7,254,lainnya,"establishment,point_of_interest",SD Negeri 189 Neglasari,-6.8885585,107.6253191
ChIJdwdADVLmaC4RdkO7YWF1ZMw,Pikirmikir Design Studio,-6.887664600000001,107.6236745,5.0,101,lainnya,"establishment,point_of_interest",SD Negeri 189 Neglasari,-6.8885585,107.6253191
ChIJu4yAOqrnaC4RdRYW2CFY368,DASH ID,-6.8882539,107.6265168,4.9,87,komersial,"clothing_store,establishment,point_of_interest,store",SD Negeri 189 Neglasari,-6.8885585,107.6253191
ChIJE9aaNJ7oaC4RZyzq4nFOO6I,Alfamart,-6.9293103,107.6008171,3.3,38,komersial,"convenience_store,establishment,food,point_of_interest,store",Jalan Entit,-6.9287218,107.6005026
ChIJf7DtYGvmaC4R-vcGUhAcPUA,Gracia Florist,-6.9068936,107.5921545,4.1,26,komersial,"establishment,florist,point_of_interest,store",Pajajaran Sadewa,-6.9070478,107.5916758
ChIJe4AbPQrlaC4R3dV93ViYdkM,OYO 2183,-6.910651499999999,107.5689425,3.7,205,lainnya,"establishment,lodging,point_of_interest",Pangkalan Elf Cibeureum,-6.9104229,107.5689564
ChIJ26-fX8LlaC4Rs6A15_dd0mM,OYO 2759 - Jend. Sudirman Cibeureum,-6.910453400000001,107.5688898,3.9,72,lainnya,"establishment,lodging,point_of_interest",Pangkalan Elf Cibeureum,-6.9104229,107.5689564
ChIJzVwdHCTmaC4Ru62bRnmYyrw,Asia Watch King Plaza,-6.9230649,107.6041518,4.4,71,komersial,"establishment,point_of_interest,store",Simpang Kalipah Apo,-6.924181,107.6039274
ChIJ1YdS0ybmaC4RsKeQmPzOxdo,Panin Bank - Otista,-6.9225786,107.6041005,2.4,5,finansial,"atm,bank,establishment,finance,point_of_interest",Simpang Kalipah Apo,-6.924181,107.6039274
ChIJMengeCbmaC4R4DMNKsKeRSo,Avenue,-6.923412099999999,107.6046507,2.5,4,komersial,"establishment,point_of_interest,shopping_mall",Simpang Kalipah Apo,-6.924181,107.6039274
ChIJl2ieXsrnaC4R2dYcY7ul8wE,JNE,-6.9086179,107.6248063,4.4,83,lainnya,"establishment,point_of_interest",Simpang Aceh Tongkeng,-6.9098128,107.6239515
ChIJncXUztvoaC4Rb1t5qkkZhCY,Akupunktur Sinshe Yandy Gedebage,-6.9637897,107.6975967,5.0,379,kesehatan,"establishment,health,point_of_interest",Emily Cynthia,-6.9622672,107.697241
ChIJkar9TbzDaC4Rkr61qOuLXpY,Cluster Cynthia Summarecon Bandung,-6.961897899999999,107.6968727,4.5,252,lainnya,"establishment,point_of_interest",Emily Cynthia,-6.9622672,107.697241
ChIJ58AFPCPvaC4R9w49y-yh7oM,MaestroByte Solution - Your Lifetime IT Solution,-6.9635696,107.699498,4.7,10,lainnya,"establishment,point_of_interest",Emily Cynthia,-6.9622672,107.697241
ChIJBZ3ALQDDaC4R8QJPJ58Oz0k,rumah AH,-6.962267499999999,107.6977203,5.0,2,lainnya,"establishment,point_of_interest",Emily Cynthia,-6.9622672,107.697241
ChIJ1Xsd5_XCaC4RpJii85JJhDI,WOA ADVENTURE & ACTIVATION,-6.964876299999999,107.6979084,5.0,1,lainnya,"establishment,point_of_interest,travel_agency",Emily Cynthia,-6.9622672,107.697241
ChIJ_QcDzWzDaC4Rn_kNXjRxGYg,Cluster Amanda Summarecon,-6.9588429,107.6924955,4.4,115,lainnya,"establishment,point_of_interest",Amanda Btari,-6.9590098,107.6927478
ChIJqU1yhhLDaC4R44ogZr9JNlA,Panggil Dokter ke Rumah (dr. Lukas),-6.9583881,107.6932722,5.0,31,kesehatan,"doctor,establishment,health,point_of_interest",Amanda Btari,-6.9590098,107.6927478
ChIJW0ZAeu_DaC4RUjZfKCMdfo8,Club House Cluster BTARI Summarecon Bandung,-6.959068500000001,107.6930848,4.7,20,lainnya,"establishment,point_of_interest",Amanda Btari,-6.9590098,107.6927478
ChIJX8vOAZnDaC4RHhZaM_cg-So,Club House Cluster Amanda Summarecon Bandung,-6.9591259,107.6923331,5.0,9,lainnya,"establishment,point_of_interest",Amanda Btari,-6.9590098,107.6927478
ChIJZa8pMNnDaC4RPvNynUeJXn4,Btari BC 07,-6.959179,107.6930615,5.0,1,lainnya,"establishment,point_of_interest",Amanda Btari,-6.9590098,107.6927478
ChIJvX-FPQDDaC4RFJ_z9suVYR8,FE 33,-6.957136999999999,107.7030492,3.0,2,lainnya,"establishment,point_of_interest",Flora,-6.9570551,107.7031192
ChIJuxTdPQDDaC4R5azHY5x644Q,SCURITY BAGONG,-6.9569746,107.7031532,5.0,1,lainnya,"establishment,point_of_interest",Flora,-6.9570551,107.7031192
ChIJCX1fbFPDaC4RLt43w0e68nw,Summarecon Flora FE39,-6.9571875,107.7033125,5.0,1,lainnya,"establishment,point_of_interest",Flora,-6.9570551,107.7031192
ChIJV5bbNQDDaC4R4p66CDqnv4k,Summarecon Bandung Cluster Flora FE 51,-6.9571546,107.7033674,1.0,1,lainnya,"establishment,point_of_interest",Flora,-6.9570551,107.7031192
ChIJCylE9PzCaC4R2v8r8-wvA2M,Stadion Gelora Bandung Lautan Api,-6.9575074,107.7120749,4.5,19002,olahraga,"establishment,point_of_interest,stadium",Gerbang Merah GBLA 1,-6.9592224,107.7137188
ChIJ4xbKshnDaC4RiAZ6McBqmsg,Warung Netnot,-6.9591847,107.713123,4.9,15,katering,"establishment,food,point_of_interest,restaurant",Gerbang Merah GBLA 1,-6.9592224,107.7137188
ChIJg6sHIEjDaC4RkLjb-ZcWYUQ,Kursus mengemudi mobil murah di bandung,-6.959187300000001,107.7131897,5.0,7,lainnya,"establishment,point_of_interest",Gerbang Merah GBLA 1,-6.9592224,107.7137188
ChIJ94nIUILDaC4RxjYnd34HqYo,Zuppa-Zuppa Yukusiba GBLA,-6.9591938,107.7131859,5.0,4,katering,"cafe,establishment,food,point_of_interest,store",Gerbang Merah GBLA 1,-6.9592224,107.7137188
ChIJcT8mlYjDaC4Rmd8tN4ONeWo,Kedai Bebek & Seafood Mutiara,-6.9592763,107.7146784,5.0,4,katering,"establishment,food,point_of_interest,restaurant",Gerbang Merah GBLA 1,-6.9592224,107.7137188
ChIJ892ftljDaC4Rei7FYRWgHPI,Warung Gordezz,-6.959216899999999,107.7120042,4.9,7,katering,"cafe,establishment,food,point_of_interest,store",Gerbang Merah GBLA 2,-6.9590337,107.7127751
ChIJC2oubtnDaC4RxzjlWfkgRJY,Saung Sate Pa Abeh GBLA,-6.9592274,107.7126505,4.0,6,katering,"establishment,food,point_of_interest,restaurant",Gerbang Merah GBLA 2,-6.9590337,107.7127751
ChIJIbNCS_vCaC4R4rMmGvlAkTs,Alfamart Griya Cempaka Arum,-6.9551564,107.7089794,4.2,135,finansial,"atm,convenience_store,establishment,finance,food",Gerbang Biru GBLA 1,-6.9569784,107.7105907
ChIJbU-c1DTDaC4RrFSQGH0pLck,Rumwala Coffee,-6.9567751,107.7102019,5.0,43,katering,"cafe,establishment,food,point_of_interest,store",Gerbang Biru GBLA 1,-6.9569784,107.7105907
ChIJaZdFGJ3DaC4Rdyx0wNvJGWw,Batagor Rocky Official Bandung,-6.9570471,107.7102825,4.5,12,katering,"establishment,food,point_of_interest,store",Gerbang Biru GBLA 1,-6.9569784,107.7105907
ChIJGbp0evvCaC4RsUguLpXx3E8,CLA Tours & Travel,-6.957469,107.709608,4.1,10,lainnya,"establishment,point_of_interest",Gerbang Biru GBLA 1,-6.9569784,107.7105907
ChIJg8nxgnnDaC4Ra88-uX4aQsA,Plaza Haji AlQosbah,-6.9481006,107.7088109,4.5,154,lainnya,"establishment,point_of_interest",Stasiun Cimekar 1,-6.9484268,107.7099149
ChIJpTlHS7jCaC4RF-Z8aLTf9IY,Grand Cordela Hotel Bandung,-6.9368285,107.6879009,4.5,7072,lainnya,"establishment,lodging,point_of_interest",Damri Bandung,-6.9373619,107.6857831
ChIJu1azeAfmaC4R7Y_kgCc4Mpw,Progresif Futsal,-6.937389,107.6852156,4.4,1680,lainnya,"establishment,point_of_interest",Damri Bandung,-6.9373619,107.6857831
ChIJ_UiZbbjCaC4RTw41CjzPWPk,Perum DAMRI Bandung,-6.9370563,107.6856826,4.2,455,lainnya,"establishment,point_of_interest,travel_agency",Damri Bandung,-6.9373619,107.6857831
ChIJrwoCkrnCaC4RQHMJF-L2gbg,Alfamart Dc Bandung 1,-6.937085,107.6873957,3.8,202,finansial,"atm,convenience_store,establishment,finance,food",Damri Bandung,-6.9373619,107.6857831
ChIJdwVb3eXDaC4RAUOQbUFtZ5E,Bubur Ayam Damri,-6.937286599999999,107.685815,4.4,147,katering,"establishment,food,point_of_interest,restaurant",Damri Bandung,-6.9373619,107.6857831
ChIJ86blNNjCaC4R_9hgDdLecd4,Balatkop Jabar - Balai Pelatihan Tenaga Koperasi dan UMKM Provinsi,-6.937893900000001,107.6857952,4.4,33,finansial,"establishment,finance,point_of_interest",Dinas Koperasi Provinsi Jawa Barat,-6.9376858,107.6859132
ChIJFaHNtafCaC4RDHm3NZq6WGE,PT. USSI Pinbuk Prima Software,-6.9374433,107.6713787,4.7,97,lainnya,"establishment,point_of_interest",Dinas Kehutanan Provinsi Jawa Barat,-6.9383095,107.6724954
ChIJtcoJWhToaC4RjOe1nR9V31c,Alfamart Cijawura Girang,-6.944113,107.648596,2.9,56,komersial,"convenience_store,establishment,food,point_of_interest,store",Cijawura,-6.9439289,107.6470335
ChIJedLtdCzmaC4RxrerE8XnBBk,Samsung Service Center Bandung Asia Afrika,-6.922561,107.617221,4.8,6515,lainnya,"establishment,point_of_interest",SMK Negeri 15 Bandung,-6.9225919,107.6185638
ChIJ_44OR9TnaC4RlmBsB2EgMqA,HanaRa Wellbeing Center,-6.9242667,107.6257163,4.5,117,kesehatan,"establishment,health,point_of_interest",Malabar 1,-6.9240334,107.6253027
ChIJvR_83N_naC4RYQQndsuxbSM,Kencana Elektronik,-6.925427300000001,107.6446299,4.0,134,komersial,"electronics_store,establishment,point_of_interest,store",Stasiun Kiaracondong,-6.9239837,107.6445122
ChIJX4-rPBvmaC4RMUNbcljQ6Hw,Alfamart Pagarsih,-6.921989,107.5872559,4.1,282,finansial,"atm,convenience_store,establishment,finance,food",Pagarsih,-6.9220328,107.5862704
ChIJWTtaWxvmaC4Rs45z0E4pVoY,UPT Puskesmas Sukapakir,-6.923270199999999,107.587036,3.6,121,kesehatan,"establishment,health,hospital,point_of_interest",Pagarsih,-6.9220328,107.5862704
ChIJW9IFviPmaC4REZb9pPX3-Fc,Danis Music Studio,-6.9220853,107.5873711,4.5,119,komersial,"establishment,point_of_interest,store",Pagarsih,-6.9220328,107.5862704
ChIJ73hs2gTmaC4Rs0fROeBhr7k,Graffity Labelindo,-6.921837,107.5851892,4.6,77,komersial,"establishment,point_of_interest,store",Pagarsih,-6.9220328,107.5862704
ChIJZUujsQTmaC4RJbSAlubNf00,Anugerah Jaya Lestari CV.,-6.9232048,107.5856629,4.2,41,komersial,"establishment,point_of_interest,store",Pagarsih,-6.9220328,107.5862704
ChIJ29AuX5zoaC4RquFxHRwE8NY,Bantal Guling Guest House Alun-alun Bandung,-6.9319549,107.606464,4.1,823,lainnya,"establishment,lodging,point_of_interest",Ciateul,-6.9337334,107.6064215
ChIJ1fMabSnmaC4RFhlqBwR39zY,CLOUDVAPING VAPE STORE,-6.931922399999999,107.6062229,4.6,750,komersial,"establishment,point_of_interest,store",Ciateul,-6.9337334,107.6064215
ChIJ6wbSYJzoaC4RKg2GKgv7GmU,Benelli,-6.9323201,107.6064545,4.1,181,komersial,"establishment,point_of_interest,store",Ciateul,-6.9337334,107.6064215
ChIJI1MOhcPnaC4RDQR5afAkl4g,Masjid Libaasuttaqwa,-6.913602099999999,107.6403013,4.7,37,lainnya,"establishment,mosque,place_of_worship,point_of_interest",Kebonwaru,-6.9144186,107.6387864
