lat,lon,category
-6.9147418,107.614526,Pendidikan
-6.8964982,107.5899956,Pendidikan
-6.9050969,107.5973817,Pendidikan
-6.8654562,107.6059886,Pendidikan
-6.8752133,107.6050273,Pendidikan
-6.9059498,107.6180692,Pendidikan
-6.9063188,107.6184864,Pendidikan
-6.8965277,107.6122468,Pendidikan
-6.9116663,107.6108713,Pendidikan
-6.8848176,107.6213465,Pendidikan
-6.8903413,107.6265975,Pendidikan
-6.8877225,107.6250855,Pendidikan
-6.8909182,107.6034266,Pendidikan
-6.8907828,107.604046,Pendidikan
-6.8911142,107.6040522,Pendidikan
-6.9268757,107.6086155,Pendidikan
-6.9256576,107.6067688,Pendidikan
-6.924269,107.6082668,Pendidikan
-6.8775493,107.6202785,Pendidikan
-6.9011745,107.6016581,Pendidikan
-6.8781282,107.5803356,Pendidikan
-6.9436668,107.6216207,Pendidikan
-6.9109009,107.630962,Pendidikan
-6.9175501,107.6167487,Pendidikan
-6.8803349,107.6163704,Pendidikan
-6.8750686,107.618959,Pendidikan
-6.8732496,107.6193545,Pendidikan
-6.9284661,107.6376778,Pendidikan
-6.9432575,107.6435013,Pendidikan
-6.9399699,107.6599319,Pendidikan
-6.9279317,107.6413069,Pendidikan
-6.898599,107.6396155,Pendidikan
-6.9268784,107.6266338,Pendidikan
-6.8987637,107.6107894,Pendidikan
-6.9395748,107.5646672,Pendidikan
-6.9112541,107.5782431,Pendidikan
-6.9127345,107.577271,Pendidikan
-6.9039023,107.5968438,Pendidikan
-6.9037977,107.596552,Pendidikan
-6.9033651,107.597212,Pendidikan
-6.9122154,107.5956125,Pendidikan
-6.9121876,107.5955681,Pendidikan
-6.9166475,107.5925889,Pendidikan
-6.940396,107.6032825,Pendidikan
-6.9128355,107.611423,Pendidikan
-6.8848369,107.5813111,Pendidikan
-6.8999383,107.6340497,Pendidikan
-6.8969564,107.634667,Pendidikan
-6.8965816,107.6342973,Pendidikan
-6.8962699,107.6342322,Pendidikan
-6.8959753,107.6343196,Pendidikan
-6.8947444,107.6346164,Pendidikan
-6.8935451,107.6370893,Pendidikan
-6.8937561,107.6392515,Pendidikan
-6.8954618,107.6423524,Pendidikan
-6.8962936,107.6435144,Pendidikan
-6.8996345,107.6423333,Pendidikan
-6.9200384,107.597042,Pendidikan
-6.8978831,107.6357174,Pendidikan
-6.8695941,107.5937635,Pendidikan
-6.9065089,107.6045553,Pendidikan
-6.8745529,107.5957186,Pendidikan
-6.9069935,107.6006151,Pendidikan
-6.9062722,107.5997176,Pendidikan
-6.9056777,107.6000707,Pendidikan
-6.9001218,107.5629381,Pendidikan
-6.9038733,107.5993747,Pendidikan
-6.9196755,107.5949399,Pendidikan
-6.9055946,107.5814027,Pendidikan
-6.9233604,107.6149527,Pendidikan
-6.8983266,107.637906,Pendidikan
-6.9348195,107.6083018,Pendidikan
-6.8940161,107.6477005,Pendidikan
-6.9085709,107.6536708,Pendidikan
-6.9096786,107.6498848,Pendidikan
-6.9079478,107.6513788,Pendidikan
-6.9064327,107.650094,Pendidikan
-6.9049297,107.6804344,Pendidikan
-6.8987223,107.5957475,Pendidikan
-6.9048974,107.612126,Pendidikan
-6.9240505,107.6704875,Pendidikan
-6.8609476,107.5865398,Pendidikan
-6.8914976,107.586936,Pendidikan
-6.8847229,107.6172633,Pendidikan
-6.8848024,107.6183326,Pendidikan
-6.8852984,107.6190478,Pendidikan
-6.8969519,107.5848895,Pendidikan
-6.9449285,107.6700785,Pendidikan
-6.8979318,107.6448221,Pendidikan
-6.8997498,107.590899,Pendidikan
-6.9260341,107.5889155,Pendidikan
-6.9152956,107.6548617,Pendidikan
-6.9233601,107.6225303,Pendidikan
-6.9420391,107.6456606,Pendidikan
-6.935951,107.7100708,Pendidikan
-6.9505337,107.6005885,Pendidikan
-6.8931521,107.6192969,Pendidikan
-6.9010231,107.6523622,Pendidikan
-6.920782,107.6164461,Pendidikan
-6.9454317,107.6497883,Pendidikan
-6.9488006,107.6524771,Pendidikan
-6.9084836,107.6462063,Pendidikan
-6.9425114,107.5687129,Pendidikan
-6.9067402,107.6729219,Pendidikan
-6.9111503,107.6241254,Pendidikan
-6.908962,107.6695954,Pendidikan
-6.9363103,107.6602377,Pendidikan
-6.9288073,107.6754078,Pendidikan
-6.9300994,107.6761744,Pendidikan
-6.9252101,107.6060462,Pendidikan
-6.927954,107.6252744,Pendidikan
-6.9153787,107.6287561,Pendidikan
-6.9543416,107.6221702,Pendidikan
-6.9128109,107.6816245,Pendidikan
-6.9577288,107.6571714,Pendidikan
-6.9377953,107.6087898,Pendidikan
-6.9068897,107.5904444,Pendidikan
-6.9061634,107.664689,Pendidikan
-6.9103627,107.6062649,Pendidikan
-6.8916118,107.6480634,Pendidikan
-6.9193759,107.5989295,Pendidikan
-6.913175,107.6085084,Pendidikan
-6.9254581,107.5944389,Pendidikan
-6.9363444,107.6020651,Pendidikan
-6.9093035,107.72292,Pendidikan
-6.9299562,107.6496655,Pendidikan
-6.9212427,107.7154595,Pendidikan
-6.9215628,107.6725278,Pendidikan
-6.9144522,107.6176534,Pendidikan
-6.9258371,107.6082556,Pendidikan
-6.9429091,107.6275856,Pendidikan
-6.9430887,107.6275522,Pendidikan
-6.9433139,107.6273601,Pendidikan
-6.9441605,107.628458,Pendidikan
-6.9173249,107.6549714,Pendidikan
-6.9536674,107.599169,Pendidikan
-6.9605939,107.7020001,Pendidikan
-6.9605739,107.7021651,Pendidikan
-6.8926687,107.5817903,Pendidikan
-6.9181433,107.706637,Pendidikan
-6.918166,107.7066571,Pendidikan
-6.9300898,107.6417201,Pendidikan
-6.9605407,107.7023296,Pendidikan
-6.9523258,107.642227,Pendidikan
-6.9225909,107.5934155,Kesehatan
-6.8643151,107.6048127,Kesehatan
-6.8777867,107.6064864,Kesehatan
-6.8853403,107.6203433,Kesehatan
-6.8759742,107.6185752,Kesehatan
-6.8913271,107.6272402,Kesehatan
-6.8822943,107.581102,Kesehatan
-6.9273603,107.6089534,Kesehatan
-6.9004583,107.5961352,Kesehatan
-6.8835946,107.5941316,Kesehatan
-6.8852642,107.6200766,Kesehatan
-6.9361248,107.6567933,Kesehatan
-6.9293073,107.6004821,Kesehatan
-6.9237429,107.6249886,Kesehatan
-6.9159466,107.6305461,Kesehatan
-6.8905707,107.6164334,Kesehatan
-6.8970637,107.6072151,Kesehatan
-6.8684168,107.6207149,Kesehatan
-6.9243594,107.6259934,Kesehatan
-6.8720655,107.5945806,Kesehatan
-6.9138207,107.6442248,Kesehatan
-6.9083321,107.6245418,Kesehatan
-6.8945081,107.6114806,Kesehatan
-6.8818506,107.5748257,Kesehatan
-6.9123112,107.5780044,Kesehatan
-6.9113899,107.5773781,Kesehatan
-6.9122192,107.5737557,Kesehatan
-6.886821,107.5812491,Kesehatan
-6.9119891,107.6277378,Kesehatan
-6.893772,107.6353587,Kesehatan
-6.8928605,107.6347733,Kesehatan
-6.9061492,107.6042804,Kesehatan
-6.9112406,107.6381888,Kesehatan
-6.9031498,107.6278431,Kesehatan
-6.9038215,107.6209995,Kesehatan
-6.9213387,107.6585757,Kesehatan
-6.9228524,107.5985445,Kesehatan
-6.9339826,107.6425772,Kesehatan
-6.8775282,107.5766801,Kesehatan
-6.8800922,107.5764442,Kesehatan
-6.8922383,107.5910247,Kesehatan
-6.9450171,107.6306917,Kesehatan
-6.8922267,107.5943825,Kesehatan
-6.8773932,107.5911581,Kesehatan
-6.9143253,107.6981071,Kesehatan
-6.9203324,107.7087704,Kesehatan
-6.9201977,107.6140117,Kesehatan
-6.8896755,107.6168415,Kesehatan
-6.8870016,107.6265938,Kesehatan
-6.9200484,107.6123773,Kesehatan
-6.9071357,107.6109369,Kesehatan
-6.9207341,107.7102291,Kesehatan
-6.8848841,107.6191149,Kesehatan
-6.8971463,107.5972062,Kesehatan
-6.8996253,107.597115,Kesehatan
-6.9190074,107.6236005,Kesehatan
-6.8640425,107.6048425,Kesehatan
-6.8959467,107.6199996,Kesehatan
-6.9344453,107.5958611,Kesehatan
-6.8986441,107.6154774,Kesehatan
-6.8972374,107.6345985,Kesehatan
-6.8774598,107.5789097,Kesehatan
-6.8886552,107.6196519,Kesehatan
-6.9470279,107.6763636,Kesehatan
-6.8785955,107.5809916,Kesehatan
-6.9089943,107.6907945,Kesehatan
-6.9198677,107.5971803,Kesehatan
-6.9227492,107.5930739,Kesehatan
-6.8867752,107.6117787,Kesehatan
-6.9048642,107.6775519,Kesehatan
-6.9003623,107.643322,Kesehatan
-6.9032552,107.639416,Kesehatan
-6.9044846,107.618761,Kesehatan
-6.9297937,107.7124259,Kesehatan
-6.9145472,107.6786845,Kesehatan
-6.8811277,107.6038593,Kesehatan
-6.9073115,107.606448,Kesehatan
-6.9029104,107.6271296,Kesehatan
-6.9217294,107.5773663,Kesehatan
-6.9004634,107.6121442,Kesehatan
-6.904255,107.6286558,Kesehatan
-6.8900385,107.6127527,Kesehatan
-6.9553968,107.6981133,Kesehatan
-6.9548477,107.6974641,Kesehatan
-6.9161661,107.598835,Kesehatan
-6.9264455,107.6365435,Kesehatan
-6.9359164,107.6117344,Kesehatan
-6.9284318,107.616431,Kesehatan
-6.9296213,107.6160722,Kesehatan
-6.9145254,107.6177701,Kesehatan
-6.9180787,107.6178988,Kesehatan
-6.9373076,107.60672,Kesehatan
-6.9378814,107.6077299,Kesehatan
-6.8891911,107.5956801,Kesehatan
-6.908207,107.6727198,Kesehatan
-6.9072528,107.6032083,Kesehatan
-6.9271371,107.6060676,Kesehatan
-6.9317401,107.6034705,Kesehatan
-6.9317794,107.6070513,Kesehatan
-6.8932333,107.6059395,Kesehatan
-6.8931747,107.6055694,Kesehatan
-6.939894,107.6467896,Kesehatan
-6.94367,107.6494291,Kesehatan
-6.9088821,107.6088932,Kesehatan
-6.9005782,107.5976838,Kesehatan
-6.9269276,107.6011784,Kesehatan
-6.9406395,107.7144711,Kesehatan
-6.9337892,107.6312163,Kesehatan
-6.8892944,107.6131146,Kesehatan
-6.959098,107.7017071,Kesehatan
-6.954353,107.6089138,Kesehatan
-6.953041,107.6048458,Kesehatan
-6.9045425,107.6105095,Kesehatan
-6.9476953,107.6761704,Kesehatan
-6.941173,107.6253387,Kesehatan
-6.891185,107.600253,Kesehatan
-6.8915623,107.5992521,Kesehatan
-6.9130241,107.6479444,Kesehatan
-6.9129094,107.6517597,Kesehatan
-6.9197415,107.5959369,Kesehatan
-6.9182754,107.5805414,Kesehatan
-6.8879536,107.6243703,Kesehatan
-6.8878695,107.6248068,Kesehatan
-6.8936758,107.609677,Kesehatan
-6.9164532,107.6305696,Kesehatan
-6.9108016,107.6262556,Kesehatan
-6.8851622,107.6172498,Kesehatan
-6.8849114,107.618251,Kesehatan
-6.9224416,107.6061285,Kesehatan
-6.9066037,107.6430319,Kesehatan
-6.8807039,107.5829931,Komersial
-6.8824074,107.6012807,Komersial
-6.8855637,107.6118223,Komersial
-6.8961585,107.6035969,Komersial
-6.9056137,107.6103851,Komersial
-6.9020861,107.6113879,Komersial
-6.8855838,107.5816217,Komersial
-6.8884968,107.5816697,Komersial
-6.8977508,107.6045111,Komersial
-6.9066941,107.6123657,Komersial
-6.9383535,107.6129673,Komersial
-6.9175343,107.6038426,Komersial
-6.9178476,107.6264761,Komersial
-6.9048451,107.6168101,Komersial
-6.9377575,107.6243315,Komersial
-6.8920363,107.6129097,Komersial
-6.8918699,107.6129465,Komersial
-6.8876559,107.6132404,Komersial
-6.8876565,107.6133497,Komersial
-6.8877229,107.6132401,Komersial
-6.9039115,107.6107242,Komersial
-6.9059786,107.6163236,Komersial
-6.8944347,107.6155573,Komersial
-6.8942549,107.6155573,Komersial
-6.8944316,107.6150322,Komersial
-6.8849005,107.6166916,Komersial
-6.8879558,107.6240308,Komersial
-6.891806,107.6312114,Komersial
-6.8882488,107.6251727,Komersial
-6.8910423,107.6271781,Komersial
-6.9550754,107.6627941,Komersial
-6.8718892,107.5945687,Komersial
-6.8828322,107.5752655,Komersial
-6.8829441,107.5748793,Komersial
-6.8728846,107.5951306,Komersial
-6.9064413,107.5905383,Komersial
-6.8943839,107.6053407,Komersial
-6.8938924,107.6053462,Komersial
-6.8938526,107.605255,Komersial
-6.9040204,107.6050652,Komersial
-6.9080375,107.5951157,Komersial
-6.8695561,107.5884129,Komersial
-6.8730313,107.5847705,Komersial
-6.8677719,107.5831477,Komersial
-6.9228238,107.6049446,Komersial
-6.9272591,107.6057187,Komersial
-6.9274135,107.6085833,Komersial
-6.9265894,107.6068854,Komersial
-6.8945758,107.6049918,Komersial
-6.9558066,107.6518651,Komersial
-6.9577205,107.6518169,Komersial
-6.8995892,107.612431,Komersial
-6.9010937,107.6125222,Komersial
-6.9144997,107.6056015,Komersial
-6.8835605,107.5824814,Komersial
-6.9389453,107.6757454,Komersial
-6.9389299,107.674953,Komersial
-6.9070034,107.5996552,Komersial
-6.9211868,107.6191306,Komersial
-6.9236577,107.6232719,Komersial
-6.923892,107.6258683,Komersial
-6.9242192,107.6201322,Komersial
-6.8853779,107.6046252,Komersial
-6.885527,107.6045394,Komersial
-6.8959866,107.5997543,Komersial
-6.8961784,107.5967288,Komersial
-6.9304101,107.6436996,Komersial
-6.8680157,107.6205254,Komersial
-6.9360122,107.6427555,Komersial
-6.930048,107.6259971,Komersial
-6.928083,107.6376378,Komersial
-6.9273002,107.6418972,Komersial
-6.9035393,107.6052614,Komersial
-6.8931747,107.6050973,Komersial
-6.9065242,107.6161383,Komersial
-6.9071801,107.6233065,Komersial
-6.9483717,107.6312011,Komersial
-6.9487072,107.6295376,Komersial
-6.9501769,107.6287436,Komersial
-6.9531376,107.6279497,Komersial
-6.9237708,107.6030741,Komersial
-6.9149472,107.6339027,Komersial
-6.9112658,107.6275886,Komersial
-6.9133667,107.6606808,Komersial
-6.9346233,107.6259242,Komersial
-6.899106,107.6235504,Komersial
-6.9066168,107.6144633,Komersial
-6.9135994,107.6956572,Komersial
-6.9040627,107.664639,Komersial
-6.9049041,107.6777104,Komersial
-6.9017966,107.6530705,Komersial
-6.9039978,107.6665883,Komersial
-6.9050372,107.6811244,Komersial
-6.9103331,107.6896145,Komersial
-6.9319878,107.7152085,Komersial
-6.9194181,107.6309069,Komersial
-6.9246699,107.6286091,Komersial
-6.9226793,107.6212111,Komersial
-6.9223617,107.6296437,Komersial
-6.9138523,107.6341539,Komersial
-6.9201532,107.6170115,Komersial
-6.9188877,107.6098597,Komersial
-6.9035459,107.6154133,Komersial
-6.8787402,107.6167701,Komersial
-6.8799394,107.6164803,Komersial
-6.8776456,107.6174147,Komersial
-6.8850007,107.6139157,Komersial
-6.8777918,107.6171923,Komersial
-6.8804713,107.6163332,Komersial
-6.8849509,107.613931,Komersial
-6.8804199,107.616337,Komersial
-6.8786063,107.6168065,Komersial
-6.8800094,107.6164577,Komersial
-6.8788018,107.6167574,Komersial
-6.8800683,107.6164436,Komersial
-6.877817,107.6171725,Komersial
-6.8833996,107.6147516,Komersial
-6.8830528,107.6149602,Komersial
-6.8849013,107.6139444,Komersial
-6.8778549,107.6171499,Komersial
-6.8844222,107.6136004,Komersial
-6.8830706,107.6149502,Komersial
-6.8757734,107.6182085,Komersial
-6.8845143,107.6140493,Komersial
-6.8845704,107.61403,Komersial
-6.8847931,107.6139745,Komersial
-6.8808685,107.6162191,Komersial
-6.8809561,107.6161977,Komersial
-6.8781807,107.6169292,Komersial
-6.8844573,107.6140657,Komersial
-6.8848463,107.6139592,Komersial
-6.8785783,107.6168122,Komersial
-6.8829912,107.6149985,Komersial
-6.8785362,107.6168305,Komersial
-6.8788481,107.6167461,Komersial
-6.8781262,107.6169512,Komersial
-6.8829764,107.6150075,Komersial
-6.8749301,107.6190022,Komersial
-6.8749691,107.6189865,Komersial
-6.8748716,107.6190278,Komersial
-6.8746486,107.6191,Komersial
-6.874754,107.6190636,Komersial
-6.8676273,107.6208714,Komersial
-6.8724765,107.6199735,Komersial
-6.8735014,107.6195849,Komersial
-6.873337,107.6196375,Komersial
-6.8829988,107.6152587,Komersial
-6.8725543,107.61996,Komersial
-6.8724224,107.6199778,Komersial
-6.8733712,107.6196243,Komersial
-6.8681396,107.6208995,Komersial
-6.8725885,107.6199566,Komersial
-6.8726868,107.6199144,Komersial
-6.9161836,107.6326335,Komersial
-6.8679228,107.6204165,Komersial
-6.8668241,107.6207766,Komersial
-6.8678667,107.6204346,Komersial
-6.866567,107.620848,Komersial
-6.8667107,107.6208096,Komersial
-6.8673587,107.6205289,Komersial
-6.8667713,107.6207834,Komersial
-6.8666433,107.6208243,Komersial
-6.8677252,107.6204956,Komersial
-6.8666152,107.6208345,Komersial
-6.8667977,107.6207783,Komersial
-6.8738412,107.6191657,Komersial
-6.8664817,107.620865,Komersial
-6.8678083,107.6204843,Komersial
-6.8666725,107.6208175,Komersial
-6.8665344,107.6208514,Komersial
-6.8772971,107.6175519,Komersial
-6.9382684,107.6190544,Komersial
-6.9045465,107.6037254,Komersial
-6.9068306,107.6045393,Komersial
-6.9193276,107.6153555,Komersial
-6.9194462,107.6155548,Komersial
-6.9214958,107.6192977,Komersial
-6.902813,107.5973733,Komersial
-6.9419223,107.6673901,Komersial
-6.8711921,107.5939664,Komersial
-6.85857,107.5946023,Komersial
-6.9013861,107.5962662,Komersial
-6.9005058,107.5967658,Komersial
-6.8932001,107.6052024,Komersial
-6.8933013,107.6051976,Komersial
-6.8936042,107.6055955,Komersial
-6.9338248,107.6971453,Komersial
-6.9434333,107.6815225,Komersial
-6.931515,107.6432437,Komersial
-6.9448618,107.6418056,Komersial
-6.9344767,107.6429838,Komersial
-6.9324509,107.6545159,Komersial
-6.928128,107.6370022,Komersial
-6.9435883,107.6771995,Komersial
-6.9442907,107.6417939,Komersial
-6.9367946,107.6578288,Komersial
-6.9140956,107.6613256,Komersial
-6.9387802,107.6635394,Komersial
-6.9383132,107.6543632,Komersial
-6.9428949,107.6796136,Komersial
-6.9439088,107.6816132,Komersial
-6.9412376,107.6556326,Komersial
-6.9136745,107.645688,Komersial
-6.9256782,107.6446051,Komersial
-6.9311681,107.654629,Komersial
-6.9155023,107.667429,Komersial
-6.912639,107.655039,Komersial
-6.9087409,107.6269569,Komersial
-6.920388,107.612482,Komersial
-6.8901609,107.5954131,Komersial
-6.890354,107.5958951,Komersial
-6.8883569,107.5957414,Komersial
-6.8884219,107.595743,Komersial
-6.8881386,107.5958546,Komersial
-6.8888371,107.5957603,Komersial
-6.8882796,107.5957959,Komersial
-6.8897822,107.5958188,Komersial
-6.8896875,107.5958128,Komersial
-6.8895287,107.5958045,Komersial
-6.8892193,107.595776,Komersial
-6.8891524,107.5957721,Komersial
-6.8890914,107.5957714,Komersial
-6.8888962,107.595764,Komersial
-6.8811456,107.5869526,Komersial
-6.8810656,107.5863443,Komersial
-6.8989743,107.620941,Komersial
-6.9198193,107.6034551,Komersial
-6.8829227,107.5995559,Komersial
-6.9170486,107.6084817,Komersial
-6.911656,107.5997882,Komersial
-6.9062897,107.6148131,Komersial
-6.9064549,107.6164208,Komersial
-6.9067259,107.6151135,Komersial
-6.8945181,107.6041356,Komersial
-6.9044113,107.6110125,Komersial
-6.8620585,107.5963497,Komersial
-6.8755371,107.5969796,Komersial
-6.9046357,107.6109598,Komersial
-6.8977603,107.6150671,Komersial
-6.9166942,107.6138156,Komersial
-6.8796669,107.5965048,Komersial
-6.8791802,107.5974537,Komersial
-6.9262571,107.6194804,Komersial
-6.9272851,107.62267,Komersial
-6.9123323,107.6002998,Komersial
-6.9122914,107.599997,Komersial
-6.9105531,107.6041785,Komersial
-6.9039258,107.6139279,Komersial
-6.9225073,107.6175479,Komersial
-6.9153446,107.6531264,Komersial
-6.9264219,107.6196252,Komersial
-6.8989337,107.6113451,Komersial
-6.8824811,107.5760189,Komersial
-6.8753648,107.6043455,Komersial
-6.8782562,107.6035876,Komersial
-6.9124632,107.5779638,Komersial
-6.9115843,107.5781787,Komersial
-6.8803453,107.5965355,Komersial
-6.8469616,107.5955585,Komersial
-6.8938625,107.586604,Komersial
-6.9070735,107.592171,Komersial
-6.9248368,107.6291917,Komersial
-6.9095613,107.597889,Komersial
-6.9162559,107.597422,Komersial
-6.9177399,107.5983598,Komersial
-6.9174378,107.5983135,Komersial
-6.9192613,107.5906253,Komersial
-6.9178303,107.5981862,Komersial
-6.9442563,107.6056477,Komersial
-6.9210534,107.5946675,Komersial
-6.8878993,107.6132494,Komersial
-6.8914487,107.5815607,Komersial
-6.9374251,107.5991726,Komersial
-6.9376625,107.5996701,Komersial
-6.9121609,107.627911,Komersial
-6.9124687,107.6287389,Komersial
-6.8994349,107.6344945,Komersial
-6.8926293,107.6350318,Komersial
-6.8936239,107.638084,Komersial
-6.9197519,107.5944665,Komersial
-6.9067432,107.6045365,Komersial
-6.918955,107.6121305,Komersial
-6.9044208,107.6690594,Komersial
-6.9104891,107.6397943,Komersial
-6.9020599,107.6533314,Komersial
-6.9021313,107.6531613,Komersial
-6.8891824,107.5969495,Komersial
-6.9175221,107.6049259,Komersial
-6.934667,107.6245516,Komersial
-6.9027773,107.5959419,Komersial
-6.9517036,107.5934602,Komersial
-6.8847762,107.5966542,Komersial
-6.9061069,107.6158765,Komersial
-6.9319771,107.6072773,Komersial
-6.8960075,107.6043169,Komersial
-6.885798,107.5789579,Komersial
-6.9325439,107.576102,Komersial
-6.9207683,107.6611034,Komersial
-6.939636,107.6257123,Komersial
-6.906118,107.6157817,Komersial
-6.9177012,107.6032498,Komersial
-6.9181033,107.6039284,Komersial
-6.917813,107.6042395,Komersial
-6.9180074,107.6036467,Komersial
-6.9171128,107.6039525,Komersial
-6.9322836,107.622146,Komersial
-6.933106,107.5962728,Komersial
-6.9586671,107.7056473,Komersial
-6.9205666,107.6210502,Komersial
-6.8892523,107.5793066,Komersial
-6.9136423,107.6024432,Komersial
-6.9169109,107.5981305,Komersial
-6.9256775,107.6197784,Komersial
-6.9187172,107.6097412,Komersial
-6.918953,107.6061072,Komersial
-6.9183592,107.6044334,Komersial
-6.918447,107.6049323,Komersial
-6.9189452,107.6064409,Komersial
-6.9190703,107.6065562,Komersial
-6.9208356,107.598316,Komersial
-6.921046,107.5984876,Komersial
-6.9213219,107.5985624,Komersial
-6.9223917,107.5984768,Komersial
-6.9229455,107.5987047,Komersial
-6.9302856,107.6209798,Komersial
-6.9162691,107.6136219,Komersial
-6.9083053,107.6045861,Komersial
-6.9234371,107.6039748,Komersial
-6.8885876,107.6194372,Komersial
-6.9148384,107.6106694,Komersial
-6.9155844,107.633892,Komersial
-6.8935645,107.6055866,Komersial
-6.8728714,107.5945218,Komersial
-6.8956287,107.5971557,Komersial
-6.9171472,107.6079281,Komersial
-6.9189372,107.5984118,Komersial
-6.8778403,107.5906263,Komersial
-6.8839607,107.595642,Komersial
-6.8969698,107.592197,Komersial
-6.8963183,107.5900493,Komersial
-6.9632216,107.686689,Komersial
-6.9307019,107.6218994,Komersial
-6.963917,107.6875534,Komersial
-6.8825057,107.5730726,Komersial
-6.9003578,107.6150429,Komersial
-6.8781277,107.5771736,Komersial
-6.8774412,107.5764776,Komersial
-6.8778299,107.5776855,Komersial
-6.8794629,107.5767625,Komersial
-6.8785205,107.5764579,Komersial
-6.8782122,107.5763265,Komersial
-6.8824559,107.6011498,Komersial
-6.9102986,107.6084619,Komersial
-6.9102732,107.6086475,Komersial
-6.9101451,107.6086326,Komersial
-6.9101677,107.6084441,Komersial
-6.9418742,107.6673838,Komersial
-6.8924077,107.6102557,Komersial
-6.8934066,107.6038538,Komersial
-6.8891749,107.6077102,Komersial
-6.896551,107.6309086,Komersial
-6.8968026,107.6310226,Komersial
-6.8992041,107.6338676,Komersial
-6.9040682,107.6676082,Komersial
-6.888637,107.5957501,Komersial
-6.8886444,107.5955893,Komersial
-6.8883318,107.5959162,Komersial
-6.8980489,107.635122,Komersial
-6.8981125,107.63546,Komersial
-6.8885726,107.5959214,Komersial
-6.8886693,107.5959239,Komersial
-6.8885618,107.5957464,Komersial
-6.8884912,107.5957448,Komersial
-6.8884095,107.5959163,Komersial
-6.8882303,107.5959119,Komersial
-6.8885612,107.5956622,Komersial
-6.8884889,107.5959189,Komersial
-6.8886402,107.5956647,Komersial
-6.8886478,107.5955096,Komersial
-6.8891487,107.5956846,Komersial
-6.8892254,107.5956872,Komersial
-6.8898562,107.5956914,Komersial
-6.8887158,107.5957521,Komersial
-6.8887289,107.5956637,Komersial
-6.8889122,107.5956681,Komersial
-6.8890709,107.5956785,Komersial
-6.8893656,107.5956327,Komersial
-6.8895294,107.5956829,Komersial
-6.8896193,107.5956837,Komersial
-6.8897052,107.5956877,Komersial
-6.8896081,107.5958072,Komersial
-6.8898582,107.5958235,Komersial
-6.8901235,107.5958585,Komersial
-6.8900386,107.5954101,Komersial
-6.8895711,107.5955437,Komersial
-6.8894576,107.5955461,Komersial
-6.8888097,107.5956676,Komersial
-6.8887789,107.5957562,Komersial
-6.8889561,107.595766,Komersial
-6.8892736,107.5956251,Komersial
-6.8899369,107.5956942,Komersial
-6.8899604,107.5958276,Komersial
-6.8901204,107.5959573,Komersial
-6.8898086,107.5955546,Komersial
-6.8896799,107.5954047,Komersial
-6.8893532,107.5954546,Komersial
-6.8891544,107.5954591,Komersial
-6.8890691,107.5954551,Komersial
-6.8887685,107.5955251,Komersial
-6.8890252,107.595769,Komersial
-6.8897864,107.5956915,Komersial
-6.8899506,107.5955556,Komersial
-6.8891601,107.5955422,Komersial
-6.8890726,107.5955392,Komersial
-6.8888504,107.5954177,Komersial
-6.8889911,107.5956727,Komersial
-6.8894219,107.5958284,Komersial
-6.8894327,107.5956773,Komersial
-6.8893837,107.5959016,Komersial
-6.890274,107.5959631,Komersial
-6.8897658,107.5954041,Komersial
-6.8897273,107.5955572,Komersial
-6.8896041,107.5954038,Komersial
-6.8896431,107.59555,Komersial
-6.8892625,107.5954605,Komersial
-6.8892393,107.5955461,Komersial
-6.8889902,107.5954456,Komersial
-6.8889919,107.5955404,Komersial
-6.8889197,107.5954292,Komersial
-6.8888384,107.595529,Komersial
-6.8887807,107.5954192,Komersial
-6.8887073,107.5954184,Komersial
-6.8886341,107.5954189,Komersial
-6.8885675,107.5954169,Komersial
-6.8902938,107.5956021,Komersial
-6.8889122,107.5955384,Komersial
-6.8895253,107.5954175,Komersial
-6.8894445,107.5954434,Komersial
-6.9202228,107.6213234,Komersial
-6.9194309,107.6226723,Komersial
-6.919369,107.6227849,Komersial
-6.9195341,107.6224864,Komersial
-6.919499,107.6225456,Komersial
-6.919399,107.6227306,Komersial
-6.9194645,107.6226091,Komersial
-6.9615132,107.6246842,Komersial
-6.8902201,107.5966502,Komersial
-6.8932327,107.6056973,Komersial
-6.9093412,107.6201459,Komersial
-6.8994524,107.5968444,Komersial
-6.8942169,107.6041816,Komersial
-6.8938834,107.6042265,Komersial
-6.895036,107.5968093,Komersial
-6.8946148,107.5972964,Komersial
-6.8868956,107.5967543,Komersial
-6.8592628,107.5947389,Komersial
-6.8698221,107.5908012,Komersial
-6.8699917,107.5907259,Komersial
-6.9136508,107.6026476,Komersial
-6.9172489,107.5931239,Komersial
-6.9175134,107.5930928,Komersial
-6.9174309,107.5931115,Komersial
-6.8973456,107.5926019,Komersial
-6.9072221,107.6233401,Komersial
-6.9062849,107.6224733,Komersial
-6.9060692,107.6203062,Komersial
-6.9175795,107.6033812,Komersial
-6.9083788,107.5786883,Komersial
-6.9086424,107.5786601,Komersial
-6.9081733,107.5787812,Komersial
-6.8882677,107.6087169,Komersial
-6.950853,107.6360319,Komersial
-6.9445659,107.630211,Komersial
-6.9453681,107.6304369,Komersial
-6.9448733,107.6300523,Komersial
-6.8823059,107.5732083,Komersial
-6.8817268,107.5746109,Komersial
-6.881268,107.5763524,Komersial
-6.8805684,107.5763042,Komersial
-6.8556241,107.593066,Komersial
-6.9130312,107.6944012,Komersial
-6.903199,107.5973479,Komersial
-6.903814,107.5973207,Komersial
-6.895007,107.5879967,Komersial
-6.9175314,107.6182893,Komersial
-6.904344,107.6238497,Komersial
-6.9227477,107.6214113,Komersial
-6.9211764,107.6067102,Komersial
-6.9252169,107.6062281,Komersial
-6.8862383,107.6042692,Komersial
-6.8820091,107.6042246,Komersial
-6.8813648,107.6040101,Komersial
-6.9176588,107.6095018,Komersial
-6.9172911,107.6093706,Komersial
-6.9163529,107.6082435,Komersial
-6.9053852,107.6133142,Komersial
-6.9030419,107.6141911,Komersial
-6.908156,107.6225913,Komersial
-6.9388242,107.5808587,Komersial
-6.8759159,107.6057675,Komersial
-6.8739294,107.6045897,Komersial
-6.8803585,107.6035753,Komersial
-6.9325229,107.610485,Komersial
-6.8886489,107.603946,Komersial
-6.9303003,107.6161488,Komersial
-6.901581,107.6527109,Komersial
-6.9178489,107.6095046,Komersial
-6.9172415,107.609184,Komersial
-6.9182197,107.6094627,Komersial
-6.9180383,107.6095596,Komersial
-6.9169517,107.6089282,Komersial
-6.9606808,107.624258,Komersial
-6.9340828,107.7217918,Komersial
-6.9318787,107.7139301,Komersial
-6.9131404,107.6946989,Komersial
-6.904999,107.6801352,Komersial
-6.9053009,107.6819427,Komersial
-6.9169562,107.7059001,Komersial
-6.9049888,107.678734,Komersial
-6.9133706,107.6982594,Komersial
-6.9144264,107.6966851,Komersial
-6.9151788,107.6964906,Komersial
-6.9052428,107.6045734,Komersial
-6.8948175,107.5982706,Komersial
-6.899367,107.6242311,Komersial
-6.8997574,107.6412393,Komersial
-6.8959414,107.6012958,Komersial
-6.9015357,107.6471531,Komersial
-6.902155,107.6483165,Komersial
-6.9496709,107.6223525,Komersial
-6.9149659,107.5942741,Komersial
-6.9150132,107.5948942,Komersial
-6.8888019,107.6189237,Komersial
-6.9415223,107.6419719,Komersial
-6.9320088,107.5761657,Komersial
-6.9054573,107.5970335,Komersial
-6.8958371,107.5971882,Komersial
-6.8937026,107.6055968,Komersial
-6.8934891,107.6055913,Komersial
-6.8936632,107.6052089,Komersial
-6.8937339,107.6052044,Komersial
-6.9268563,107.634847,Komersial
-6.8974194,107.6122914,Komersial
-6.9051459,107.5977675,Komersial
-6.9320397,107.6256304,Komersial
-6.903663,107.6147623,Komersial
-6.898473,107.6141847,Komersial
-6.8869812,107.6264076,Komersial
-6.9425894,107.6891842,Komersial
-6.9198685,107.614035,Komersial
-6.9076283,107.6024063,Komersial
-6.9079289,107.5975405,Komersial
-6.9062627,107.61554,Komersial
-6.9059425,107.6191508,Komersial
-6.9061559,107.6156052,Komersial
-6.9110456,107.5979603,Komersial
-6.8912109,107.5718178,Komersial
-6.9196793,107.6845844,Komersial
-6.8828312,107.6291989,Komersial
-6.8643717,107.6236411,Komersial
-6.9156463,107.5935529,Komersial
-6.9115404,107.5978162,Komersial
-6.9062428,107.5978201,Komersial
-6.9123621,107.5999506,Komersial
-6.906086,107.5976963,Komersial
-6.9145711,107.6021311,Komersial
-6.8934162,107.6055707,Komersial
-6.8933745,107.6055815,Komersial
-6.8933801,107.6055862,Komersial
-6.9072461,107.6108309,Komersial
-6.9088632,107.6087934,Komersial
-6.8928984,107.5952696,Komersial
-6.8875699,107.5815232,Komersial
-6.8902448,107.5817128,Komersial
-6.9040347,107.6664012,Komersial
-6.9042516,107.6663218,Komersial
-6.9042712,107.6664241,Komersial
-6.9037938,107.6659994,Komersial
-6.9042544,107.6665506,Komersial
-6.9098728,107.637711,Komersial
-6.9027326,107.6659109,Komersial
-6.903047,107.6655329,Komersial
-6.8982397,107.6314937,Komersial
-6.9061448,107.6483058,Komersial
-6.944214,107.6418101,Komersial
-6.9546205,107.6270992,Komersial
-6.956741,107.626658,Komersial
-6.9382023,107.6281653,Komersial
-6.9297075,107.6266235,Komersial
-6.9059016,107.6245267,Komersial
-6.9015702,107.613618,Komersial
-6.9026206,107.6190522,Komersial
-6.908169,107.6109454,Komersial
-6.9174764,107.6263227,Komersial
-6.9137607,107.6026129,Komersial
-6.9137427,107.6027737,Komersial
-6.8926655,107.6247977,Komersial
-6.8912724,107.6204441,Komersial
-6.8886001,107.6215938,Komersial
-6.9342239,107.6269632,Komersial
-6.8964464,107.6168218,Komersial
-6.8965283,107.6169908,Komersial
-6.9078731,107.6678663,Komersial
-6.9145674,107.6601515,Komersial
-6.9371739,107.6538981,Komersial
-6.8887524,107.6195765,Komersial
-6.8995435,107.6091582,Komersial
-6.9001406,107.6116928,Komersial
-6.8969566,107.6037783,Komersial
-6.9043744,107.62293,Komersial
-6.9017303,107.6212087,Komersial
-6.9060812,107.6199916,Komersial
-6.9071996,107.617304,Komersial
-6.8673646,107.6209471,Komersial
-6.8776775,107.6205421,Komersial
-6.9377575,107.5943027,Komersial
-6.870947,107.6149266,Komersial
-6.8750981,107.6132845,Komersial
-6.8755528,107.6175037,Komersial
-6.8789911,107.6158532,Komersial
-6.8761553,107.6127944,Komersial
-6.8713294,107.615716,Komersial
-6.8749904,107.6132088,Komersial
-6.8792337,107.613001,Komersial
-6.8755663,107.6180992,Komersial
-6.8761731,107.6130861,Komersial
-6.8737496,107.6178792,Komersial
-6.8877234,107.6133493,Komersial
-6.89064,107.6165327,Komersial
-6.8865447,107.6147187,Komersial
-6.8990009,107.6201004,Komersial
-6.9225023,107.589721,Komersial
-6.9031126,107.6549388,Komersial
-6.9319109,107.6260143,Komersial
-6.9298544,107.5581093,Komersial
-6.9446049,107.6421613,Komersial
-6.9591895,107.5802239,Komersial
-6.9488062,107.6207923,Komersial
-6.9160569,107.5873512,Komersial
-6.8935752,107.6354053,Komersial
-6.8858493,107.610574,Komersial
-6.8937176,107.5836565,Komersial
-6.9075097,107.5820546,Komersial
-6.9146557,107.6028452,Komersial
-6.8962859,107.5971602,Komersial
-6.8923996,107.5941555,Komersial
-6.8967563,107.5970973,Komersial
-6.9115745,107.6375725,Komersial
-6.9164423,107.6417575,Komersial
-6.9075559,107.6072768,Komersial
-6.9097572,107.6328097,Komersial
-6.9098076,107.6326788,Komersial
-6.9143273,107.6322717,Komersial
-6.9130478,107.6356003,Komersial
-6.9303811,107.7126325,Komersial
-6.9020765,107.5648459,Komersial
-6.9038505,107.6107144,Komersial
-6.9157459,107.6278998,Komersial
-6.9453718,107.6304886,Komersial
-6.9410924,107.6268912,Komersial
-6.9411448,107.6270712,Komersial
-6.939736,107.62579,Komersial
-6.9393958,107.6253031,Komersial
-6.9402917,107.6261754,Komersial
-6.9235485,107.5953642,Komersial
-6.9230999,107.5965575,Komersial
-6.9207807,107.5927685,Komersial
-6.9441597,107.6069862,Komersial
-6.9248685,107.6026077,Komersial
-6.9303096,107.7147353,Komersial
-6.9299428,107.7150223,Komersial
-6.9194933,107.7225251,Komersial
-6.9403016,107.6534602,Komersial
-6.9367325,107.6434301,Komersial
-6.9221134,107.6460023,Komersial
-6.9324853,107.6554011,Komersial
-6.9572245,107.6122621,Komersial
-6.9286854,107.7158477,Komersial
-6.9312855,107.7143557,Komersial
-6.9295481,107.7151503,Komersial
-6.9295341,107.7153119,Komersial
-6.9251009,107.7177574,Komersial
-6.9262584,107.7143001,Komersial
-6.9281043,107.7115072,Komersial
-6.9203087,107.6538424,Komersial
-6.9157556,107.7241901,Komersial
-6.9170503,107.7224805,Komersial
-6.9239473,107.5974731,Komersial
-6.9206775,107.7186647,Komersial
-6.8689938,107.5934024,Komersial
-6.9312682,107.6544241,Komersial
-6.9279426,107.6451262,Komersial
-6.9109321,107.6295888,Komersial
-6.9082331,107.6174954,Komersial
-6.9057332,107.671861,Komersial
-6.9044557,107.6071733,Komersial
-6.904404,107.6071208,Komersial
-6.9044839,107.607202,Komersial
-6.9043857,107.6073001,Komersial
-6.9043058,107.6072189,Komersial
-6.8847511,107.612429,Komersial
-6.8940825,107.6048393,Komersial
-6.9538347,107.6284453,Komersial
-6.9090311,107.6086977,Komersial
-6.9065822,107.6132048,Komersial
-6.8913847,107.6171311,Komersial
-6.9027992,107.6044559,Komersial
-6.8936343,107.6052029,Komersial
-6.8935893,107.6052056,Komersial
-6.8987172,107.6341318,Komersial
-6.9249854,107.6302173,Komersial
-6.9267836,107.6347125,Komersial
-6.9238762,107.6256241,Komersial
-6.9050153,107.6163708,Komersial
-6.9065228,107.6472519,Komersial
-6.8981237,107.6544243,Komersial
-6.8992093,107.6269415,Komersial
-6.9233696,107.6119189,Komersial
-6.8856888,107.6125432,Komersial
-6.9155685,107.6336628,Komersial
-6.9152592,107.6338508,Komersial
-6.9394009,107.626211,Komersial
-6.9394816,107.6263159,Komersial
-6.9528665,107.5983412,Komersial
-6.9532137,107.6061803,Komersial
-6.9069848,107.5915373,Komersial
-6.9237334,107.6163667,Komersial
-6.9237559,107.6169965,Komersial
-6.8922281,107.6105406,Komersial
-6.9146605,107.6018761,Komersial
-6.9152099,107.594132,Komersial
-6.9151959,107.593981,Komersial
-6.9151325,107.5937869,Komersial
-6.9153508,107.5951198,Komersial
-6.9157803,107.5950714,Komersial
-6.9153185,107.5948536,Komersial
-6.9460217,107.5943338,Komersial
-6.9457275,107.5944173,Komersial
-6.9460508,107.5946443,Komersial
-6.9146815,107.6023651,Komersial
-6.9158983,107.6090959,Komersial
-6.8901518,107.6127416,Komersial
-6.9157442,107.5936563,Komersial
-6.9152956,107.5947078,Komersial
-6.9361913,107.7141438,Komersial
-6.9243399,107.6722676,Komersial
-6.9242884,107.6723445,Komersial
-6.9242352,107.672417,Komersial
-6.9195604,107.6730955,Komersial
-6.9491651,107.6280841,Komersial
-6.9550772,107.6987346,Komersial
-6.9549761,107.6986903,Komersial
-6.9549474,107.6988643,Komersial
-6.9548256,107.6987164,Komersial
-6.954626,107.698642,Komersial
-6.9546628,107.6985536,Komersial
-6.9549292,107.6989088,Komersial
-6.9548083,107.6988566,Komersial
-6.9545471,107.6987447,Komersial
-6.9556577,107.6979406,Komersial
-6.9556995,107.6978708,Komersial
-6.9556414,107.6975489,Komersial
-6.9551952,107.6984409,Komersial
-6.9551368,107.6984259,Komersial
-6.9549992,107.6983597,Komersial
-6.9549101,107.6983227,Komersial
-6.9548285,107.6982889,Komersial
-6.9547558,107.6982588,Komersial
-6.9546824,107.6982284,Komersial
-6.9545514,107.698174,Komersial
-6.9554626,107.6972083,Komersial
-6.9552469,107.6972687,Komersial
-6.9546313,107.6977722,Komersial
-6.9547717,107.6976151,Komersial
-6.9549375,107.6974726,Komersial
-6.9549889,107.6976574,Komersial
-6.9548935,107.6977478,Komersial
-6.9546957,107.6979825,Komersial
-6.9553275,107.6981994,Komersial
-6.9553581,107.6981297,Komersial
-6.9553967,107.6980385,Komersial
-6.9554393,107.697942,Komersial
-6.955485,107.6978263,Komersial
-6.9555225,107.6977293,Komersial
-6.9555603,107.6976318,Komersial
-6.9555951,107.6975348,Komersial
-6.9556461,107.6974172,Komersial
-6.9552623,107.6983497,Komersial
-6.955433,107.6974432,Komersial
-6.9551997,107.6975395,Komersial
-6.9549394,107.6976913,Komersial
-6.9547701,107.6978691,Komersial
-6.9546361,107.6980875,Komersial
-6.9546039,107.6981873,Komersial
-6.9544204,107.6986754,Komersial
-6.9544969,107.6984806,Komersial
-6.9549761,107.6986903,Komersial
-6.9550772,107.6987346,Komersial
-6.9552953,107.6982707,Komersial
-6.955821,107.6970218,Komersial
-6.9554132,107.6972738,Komersial
-6.9551808,107.6973597,Komersial
-6.9550083,107.6974255,Komersial
-6.9548875,107.6975159,Komersial
-6.9547079,107.6976794,Komersial
-6.954484,107.6980253,Komersial
-6.9543903,107.6982532,Komersial
-6.9561062,107.6969494,Komersial
-6.9556896,107.6969616,Komersial
-6.955538,107.6983612,Komersial
-6.954578,107.6977514,Komersial
-6.9543459,107.6982347,Komersial
-6.954379,107.6984293,Komersial
-6.955062,107.6975517,Komersial
-6.9548132,107.6977541,Komersial
-6.9547637,107.6978146,Komersial
-6.9545917,107.6980728,Komersial
-6.9552891,107.6989477,Komersial
-6.955318,107.6983101,Komersial
-6.9546653,107.6976526,Komersial
-6.9545005,107.6978826,Komersial
-6.9544213,107.698056,Komersial
-6.9554826,107.6983487,Komersial
-6.95603,107.6972323,Komersial
-6.9559696,107.6973708,Komersial
-6.9559126,107.6975016,Komersial
-6.955834,107.6976819,Komersial
-6.9557777,107.6978112,Komersial
-6.9557415,107.6978942,Komersial
-6.9557127,107.6979603,Komersial
-6.9556594,107.6980825,Komersial
-6.9556116,107.6981922,Komersial
-6.9558121,107.6975932,Komersial
-6.9556159,107.69718,Komersial
-6.9440281,107.6309126,Komersial
-6.9251673,107.6464393,Komersial
-6.9251543,107.6464028,Komersial
-6.9094694,107.6107883,Komersial
-6.9086436,107.6148993,Komersial
-6.9105179,107.5980826,Komersial
-6.8835806,107.597131,Komersial
-6.8973303,107.6209766,Komersial
-6.9252692,107.6180664,Komersial
-6.9088086,107.6281182,Komersial
-6.9374501,107.6269441,Komersial
-6.9331242,107.6187289,Komersial
-6.9050348,107.59665,Komersial
-6.8997264,107.6101257,Komersial
-6.9388819,107.6187895,Komersial
-6.9344994,107.6327397,Komersial
-6.9146361,107.6129843,Komersial
-6.9196942,107.6177337,Komersial
-6.9317273,107.6173127,Komersial
-6.9271158,107.6226331,Komersial
-6.9292066,107.6173263,Komersial
-6.9283067,107.617755,Komersial
-6.9258817,107.6094307,Komersial
-6.9353738,107.6139638,Komersial
-6.9375575,107.6266067,Komersial
-6.9081793,107.6203661,Komersial
-6.9110085,107.6295383,Komersial
-6.9336746,107.6250609,Komersial
-6.8910878,107.5996507,Komersial
-6.9042492,107.6158446,Komersial
-6.8805089,107.6035551,Komersial
-6.928495,107.6181581,Komersial
-6.905209,107.6281938,Komersial
-6.9088269,107.6215133,Komersial
-6.9517781,107.6022352,Komersial
-6.9079704,107.6223198,Komersial
-6.8888306,107.6015393,Komersial
-6.8730104,107.5954305,Komersial
-6.9024627,107.6146332,Komersial
-6.9018179,107.597282,Komersial
-6.8921347,107.5998556,Komersial
-6.933072,107.6109972,Komersial
-6.9549962,107.6040289,Komersial
-6.8839125,107.6152455,Komersial
-6.9071308,107.5889286,Komersial
-6.9245515,107.6366803,Komersial
-6.9540363,107.6079212,Komersial
-6.8777856,107.5871332,Komersial
-6.8926722,107.5971542,Komersial
-6.9417178,107.6590371,Komersial
-6.8774347,107.6038048,Komersial
-6.8966626,107.5875761,Komersial
-6.9259963,107.587107,Komersial
-6.8844565,107.6135858,Komersial
-6.8879518,107.624024,Komersial
-6.9549793,107.630874,Komersial
-6.9188899,107.5991527,Komersial
-6.9179201,107.6625004,Komersial
-6.9539186,107.6288383,Komersial
-6.9100474,107.6904528,Komersial
-6.8804511,107.6038209,Komersial
-6.9545889,107.632022,Komersial
-6.9460091,107.5844686,Komersial
-6.9239551,107.6366088,Komersial
-6.8915563,107.6021321,Komersial
-6.9072284,107.5849134,Komersial
-6.909642,107.6108517,Komersial
-6.9150741,107.5943968,Komersial
-6.8886892,107.6002202,Komersial
-6.9584626,107.6128866,Komersial
-6.9429088,107.5957708,Komersial
-6.9002525,107.6444469,Komersial
-6.8946587,107.6052365,Komersial
-6.8946883,107.6047853,Komersial
-6.941126,107.6031258,Komersial
-6.9024351,107.6098213,Komersial
-6.9086636,107.6726443,Komersial
-6.8893839,107.5962262,Komersial
-6.8893877,107.5960336,Komersial
-6.8906713,107.5962338,Komersial
-6.9113036,107.5891287,Komersial
-6.9003598,107.5958516,Komersial
-6.8932653,107.6043422,Komersial
-6.9099,107.6116965,Komersial
-6.9016304,107.6269767,Komersial
-6.9031201,107.6137899,Komersial
-6.8928589,107.5950668,Komersial
-6.9547864,107.698824,Komersial
-6.9547505,107.6989185,Komersial
-6.9555769,107.6981761,Komersial
-6.9556807,107.697445,Komersial
-6.9553094,107.698485,Komersial
-6.9556212,107.6980601,Komersial
-6.9556623,107.6975034,Komersial
-6.9555978,107.6981198,Komersial
-6.9556472,107.6978466,Komersial
-6.8950828,107.5880854,Komersial
-6.9420478,107.6637952,Komersial
-6.9251379,107.6463615,Komersial
-6.9122856,107.601731,Komersial
-6.9122853,107.6017168,Komersial
-6.9551725,107.6983063,Komersial
-6.9544492,107.6981151,Komersial
-6.9547927,107.69752,Komersial
-6.9546675,107.6978523,Komersial
-6.9550462,107.6982567,Komersial
-6.9548564,107.698174,Komersial
-6.9546227,107.697821,Komersial
-6.954711,107.6978831,Komersial
-6.9546554,107.6979702,Komersial
-6.9548583,107.6977053,Komersial
-6.9195269,107.6100198,Komersial
-6.9173535,107.6092125,Komersial
-6.8741581,107.604371,Komersial
-6.8795614,107.6032139,Komersial
-6.8794988,107.6032174,Komersial
-6.8781307,107.603626,Komersial
-6.902446,107.6562985,Komersial
-6.9144996,107.6058684,Komersial
-6.9466212,107.6414493,Komersial
-6.9465173,107.6407197,Komersial
-6.9550163,107.6976376,Komersial
-6.9555889,107.6972627,Komersial
-6.9553103,107.6974933,Komersial
-6.9495559,107.6183196,Komersial
-6.9494994,107.6176732,Komersial
-6.9491318,107.6255234,Komersial
-6.922663,107.6052119,Komersial
-6.9549803,107.6984444,Komersial
-6.9549969,107.698938,Komersial
-6.9550735,107.6989676,Komersial
-6.954945,107.6985125,Komersial
-6.9550504,107.6983787,Komersial
-6.9495017,107.6653293,Komersial
-6.8733038,107.614264,Komersial
-6.9056765,107.5968911,Komersial
-6.9070348,107.6175591,Komersial
-6.9276079,107.6071298,Komersial
-6.9145481,107.6017153,Komersial
-6.9235734,107.62785,Komersial
-6.948069,107.6215664,Komersial
-6.9137614,107.6026585,Komersial
-6.8969284,107.6126464,Komersial
-6.8727771,107.5949961,Komersial
-6.8559057,107.5923595,Komersial
-6.8764584,107.6232389,Komersial
-6.9254061,107.6172154,Komersial
-6.9360331,107.6322128,Komersial
-6.908887,107.6096447,Komersial
-6.919613,107.6094211,Komersial
-6.9211226,107.6179045,Komersial
-6.9197927,107.6113454,Komersial
-6.9046956,107.5974247,Komersial
-6.89091,107.5969958,Komersial
-6.9209872,107.6151956,Komersial
-6.9254078,107.630143,Komersial
-6.8846836,107.6008868,Komersial
-6.8845743,107.5967514,Komersial
-6.9045264,107.6045973,Komersial
-6.8931987,107.6051744,Komersial
-6.8932433,107.6051683,Komersial
-6.8978265,107.609726,Komersial
-6.889333,107.6161106,Komersial
-6.887989,107.614684,Komersial
-6.8896975,107.6163564,Komersial
-6.8875952,107.6153962,Komersial
-6.8873174,107.6150366,Komersial
-6.9165622,107.6005537,Komersial
-6.8976747,107.6130544,Komersial
-6.8839057,107.6137265,Komersial
-6.8906725,107.6091767,Komersial
-6.892011,107.6166965,Komersial
-6.9161543,107.6963069,Komersial
-6.9161886,107.696285,Komersial
-6.8823811,107.6118149,Komersial
-6.95946,107.6997282,Komersial
-6.9384984,107.6239368,Komersial
-6.9384479,107.6238981,Komersial
-6.937591,107.6230616,Komersial
-6.93753,107.6229964,Komersial
-6.9376516,107.6230973,Komersial
-6.937907,107.6233695,Komersial
-6.9373106,107.6227865,Komersial
-6.9403809,107.6262775,Komersial
-6.9404417,107.6263293,Komersial
-6.9403421,107.626232,Komersial
-6.8692044,107.5934595,Komersial
-6.9587573,107.6946689,Komersial
-6.9584451,107.6946628,Komersial
-6.9578316,107.6947883,Komersial
-6.9442909,107.6271575,Komersial
-6.9556239,107.6978997,Komersial
-6.9553679,107.6981793,Komersial
-6.9554114,107.6980689,Komersial
-6.9549554,107.6982087,Komersial
-6.9596508,107.6986771,Komersial
-6.9557139,107.6973738,Komersial
-6.9556909,107.6973412,Komersial
-6.8864797,107.6231339,Komersial
-6.8861171,107.6231817,Komersial
-6.8863722,107.6230181,Komersial
-6.8859799,107.6230988,Komersial
-6.9005631,107.612699,Komersial
-6.9059105,107.5961736,Komersial
-6.9124822,107.5993957,Komersial
-6.9124636,107.5987049,Komersial
-6.9549917,107.6988603,Komersial
-6.8946503,107.6172644,Komersial
-6.8797109,107.6121086,Komersial
-6.9600279,107.5809168,Komersial
-6.929785,107.5859374,Komersial
-6.9298848,107.5862903,Komersial
-6.9103184,107.6096448,Komersial
-6.92028,107.5989874,Komersial
-6.9166174,107.6097716,Komersial
-6.8992393,107.6272089,Komersial
-6.8929212,107.6043527,Komersial
-6.8851167,107.5812006,Komersial
-6.8893165,107.5969665,Komersial
-6.9146344,107.5934808,Komersial
-6.9142561,107.5934443,Komersial
-6.9142606,107.593771,Komersial
-6.9022244,107.6802183,Komersial
-6.9062428,107.6224118,Komersial
-6.9028957,107.6242407,Komersial
-6.9393781,107.6346142,Komersial
-6.9429579,107.5911833,Komersial
-6.936962,107.6007542,Komersial
-6.9185296,107.6053741,Komersial
-6.9176075,107.5983574,Komersial
-6.9259656,107.6096646,Komersial
-6.9300184,107.64381,Komersial
-6.9298285,107.6438162,Komersial
-6.9301688,107.6437961,Komersial
-6.9298854,107.6438163,Komersial
-6.9302552,107.6438034,Komersial
-6.8892588,107.5969626,Komersial
-6.9176499,107.7065234,Komersial
-6.9169743,107.7074982,Komersial
-6.9153485,107.7091696,Komersial
-6.9169971,107.7074644,Komersial
-6.9154287,107.7094211,Komersial
-6.9167316,107.7080385,Komersial
-6.917211,107.707239,Komersial
-6.9170971,107.7073321,Komersial
-6.89111,107.6128782,Komersial
-6.8915081,107.6128712,Komersial
-6.8901028,107.6127497,Komersial
-6.8928489,107.6134413,Komersial
-6.8980476,107.6124742,Komersial
-6.917664,107.7065827,Komersial
-6.9176381,107.7065552,Komersial
-6.9176148,107.7065331,Komersial
-6.917001,107.7059349,Komersial
-6.8895828,107.6131232,Komersial
-6.889428,107.6131339,Komersial
-6.9560421,107.6971103,Komersial
-6.9555513,107.6973869,Komersial
-6.8919939,107.6176837,Komersial
-6.8853254,107.6143786,Komersial
-6.8857943,107.6148147,Komersial
-6.8900209,107.616581,Komersial
-6.8912589,107.6170836,Komersial
-6.9280722,107.6329968,Komersial
-6.9304164,107.6353829,Komersial
-6.9306181,107.6353421,Komersial
-6.9321471,107.6349453,Komersial
-6.8870846,107.6138985,Komersial
-6.9052402,107.5975915,Komersial
-6.9544271,107.6090848,Komersial
-6.9530747,107.6054195,Komersial
-6.9537986,107.6076174,Komersial
-6.9547849,107.6087296,Komersial
-6.9525317,107.5998134,Komersial
-6.9526708,107.60124,Komersial
-6.9532703,107.6034933,Komersial
-6.9534287,107.6046763,Komersial
-6.9528218,107.6027931,Komersial
-6.953404,107.6047584,Komersial
-6.953975,107.6065887,Komersial
-6.9544016,107.6079053,Komersial
-6.9513584,107.7058104,Komersial
-6.8811823,107.6119537,Komersial
-6.8812407,107.6119308,Komersial
-6.8837508,107.6146486,Komersial
-6.8836681,107.6141149,Komersial
-6.9472452,107.7063611,Komersial
-6.9547883,107.6099069,Komersial
-6.9312258,107.6227969,Komersial
-6.9050714,107.6108863,Komersial
-6.9048551,107.610898,Komersial
-6.8998286,107.613012,Komersial
-6.9181811,107.7071163,Komersial
-6.9181551,107.7071379,Komersial
-6.8949046,107.5975039,Komersial
-6.8935654,107.5990421,Komersial
-6.8948996,107.5976844,Komersial
-6.8941144,107.5984993,Komersial
-6.8922995,107.5990706,Komersial
-6.8946755,107.5983935,Komersial
-6.8929236,107.5989284,Komersial
-6.9600694,107.7015774,Komersial
-6.9601579,107.7015595,Komersial
-6.9486541,107.676135,Komersial
-6.947183,107.6762055,Komersial
-6.8847684,107.6135706,Komersial
-6.9384275,107.6243683,Komersial
-6.9389253,107.6267724,Komersial
-6.8918114,107.5994571,Komersial
-6.8920508,107.5994139,Komersial
-6.9138286,107.6442684,Komersial
-6.9133583,107.6447,Komersial
-6.9135346,107.6466839,Komersial
-6.913838,107.6444168,Komersial
-6.9133185,107.64806,Komersial
-6.9128042,107.6489697,Komersial
-6.913098,107.6467913,Komersial
-6.9131169,107.6466898,Komersial
-6.9136992,107.6453768,Komersial
-6.9138763,107.6448979,Komersial
-6.9129452,107.651637,Komersial
-6.9136637,107.6454817,Komersial
-6.9132597,107.6483746,Komersial
-6.9122526,107.6539523,Komersial
-6.9123135,107.6529143,Komersial
-6.9180261,107.5824513,Komersial
-6.9182651,107.581339,Komersial
-6.9188262,107.5861644,Komersial
-6.9186789,107.5844053,Komersial
-6.9187354,107.5878464,Komersial
-6.9181335,107.5833977,Komersial
-6.9186971,107.5876925,Komersial
-6.9185388,107.5830297,Komersial
-6.9186879,107.5846059,Komersial
-6.9198392,107.5948607,Komersial
-6.9179437,107.578715,Komersial
-6.9178402,107.577567,Komersial
-6.9046066,107.6716359,Komersial
-6.9203737,107.6143919,Komersial
-6.9205762,107.6139842,Komersial
-6.8770411,107.6179365,Komersial
-6.8770591,107.6179253,Komersial
-6.8778284,107.6168216,Komersial
-6.9038681,107.6652671,Komersial
-6.9038774,107.6663988,Komersial
-6.8918132,107.6271871,Komersial
-6.8919322,107.6272591,Komersial
-6.8921459,107.627281,Komersial
-6.8921461,107.627695,Komersial
-6.8921548,107.6303005,Komersial
-6.8920079,107.6272823,Komersial
-6.886754,107.623362,Komersial
-6.8923358,107.6287031,Komersial
-6.8911277,107.6268038,Komersial
-6.8914742,107.6270634,Komersial
-6.8913259,107.6270278,Komersial
-6.8923439,107.627601,Komersial
-6.8917957,107.6295937,Komersial
-6.8905797,107.6267658,Komersial
-6.8905328,107.6267704,Komersial
-6.8905771,107.5959072,Komersial
-6.8939328,107.6124954,Komersial
-6.9037724,107.6640578,Komersial
-6.9057349,107.6173444,Komersial
-6.90676,107.6141891,Komersial
-6.9061854,107.615997,Komersial
-6.9061563,107.6208034,Komersial
-6.9061272,107.6223152,Komersial
-6.9076705,107.6226192,Komersial
-6.9076973,107.6206702,Komersial
-6.9063597,107.6176162,Komersial
-6.9064464,107.6166417,Komersial
-6.9066619,107.6144652,Komersial
-6.9066942,107.614469,Komersial
-6.9354757,107.6634431,Komersial
-6.9354122,107.6633985,Komersial
-6.9353752,107.6633311,Komersial
-6.9159467,107.6303075,Komersial
-6.9129441,107.6291003,Komersial
-6.9122561,107.6279919,Komersial
-6.9143612,107.6291812,Komersial
-6.9086913,107.6248719,Komersial
-6.9089553,107.6252578,Komersial
-6.9088212,107.6251258,Komersial
-6.911238,107.6274949,Komersial
-6.8965344,107.6158652,Komersial
-6.8965171,107.6158501,Komersial
-6.8965061,107.6158166,Komersial
-6.8965154,107.6158071,Komersial
-6.9139479,107.7001493,Komersial
-6.9165243,107.7050417,Komersial
-6.9150098,107.7040252,Komersial
-6.916419,107.7049558,Komersial
-6.9141055,107.7023246,Komersial
-6.9163715,107.7049176,Komersial
-6.9140937,107.7021896,Komersial
-6.9141191,107.7025002,Komersial
-6.9166513,107.7051672,Komersial
-6.9167725,107.7052946,Komersial
-6.9165602,107.7050767,Komersial
-6.9141133,107.7024191,Komersial
-6.9141165,107.7024631,Komersial
-6.9157201,107.7045878,Komersial
-6.9154862,107.7039394,Komersial
-6.9158785,107.7047715,Komersial
-6.9140882,107.7020918,Komersial
-6.9158524,107.704746,Komersial
-6.9168863,107.7053709,Komersial
-6.9160176,107.7045627,Komersial
-6.9163477,107.7048867,Komersial
-6.8896045,107.581319,Komersial
-6.8852712,107.6182582,Komersial
-6.8851919,107.6177312,Komersial
-6.9040299,107.6187738,Komersial
-6.9224141,107.6059747,Komersial
-6.9224401,107.6060974,Komersial
-6.922613,107.6061697,Komersial
-6.9114466,107.5782311,Komersial
-6.8818906,107.5746049,Komersial
-6.9601035,107.700902,Komersial
-6.9600292,107.7008858,Komersial
-6.9599546,107.7013338,Komersial
-6.960219,107.7012402,Komersial
-6.9072088,107.6449764,Komersial
-6.9180232,107.6693554,Komersial
-6.94526,107.6308899,Komersial
-6.9060826,107.6201455,Komersial
-6.9060987,107.6200905,Komersial
-6.9546892,107.6436847,Komersial
-6.9543963,107.6089859,Komersial
-6.9544119,107.6090408,Komersial
-6.9544469,107.6091241,Komersial
-6.9081931,107.6217693,Komersial
-6.9086432,107.6110429,Komersial
-6.9139369,107.703006,Komersial
-6.9126545,107.6929225,Komersial
-6.9227471,107.5857429,Komersial
-6.9539931,107.6114892,Komersial
-6.9543039,107.6115375,Komersial
-6.9535581,107.611361,Komersial
-6.9538662,107.6114432,Komersial
-6.8888542,107.6183852,Komersial
-6.8890417,107.6182911,Komersial
-6.8890071,107.6184192,Komersial
-6.8890652,107.6182296,Komersial
-6.9192889,107.7079513,Komersial
-6.9192523,107.7079131,Komersial
-6.9187797,107.7075664,Komersial
-6.9187544,107.7075396,Komersial
-6.9186585,107.7073404,Komersial
-6.9184595,107.7070994,Komersial
-6.885951,107.6148618,Komersial
-6.9093058,107.5979324,Komersial
-6.9155873,107.7093495,Komersial
-6.9172376,107.7072144,Komersial
-6.9454353,107.6305281,Komersial
-6.880798,107.6118538,Komersial
-6.8800529,107.6120883,Komersial
-6.8802313,107.6120846,Komersial
-6.8808936,107.6119973,Komersial
-6.8805548,107.6120679,Komersial
-6.8807448,107.6118656,Komersial
-6.9163278,107.6092355,Komersial
-6.9458064,107.5929171,Komersial
-6.945681,107.5928695,Komersial
-6.9456234,107.5928468,Komersial
-6.9457462,107.5928882,Komersial
-6.9071312,107.6015338,Komersial
-6.8938948,107.6055344,Komersial
-6.8937666,107.6055978,Komersial
-6.9121434,107.6106984,Komersial
-6.9090047,107.6099176,Komersial
-6.9091327,107.6097779,Komersial
-6.9186807,107.617809,Komersial
-6.9117279,107.6266066,Komersial
-6.9575721,107.6895426,Komersial
-6.8929232,107.6053664,Komersial
-6.8806894,107.6119942,Komersial
-6.880654,107.611998,Komersial
-6.9063789,107.643716,Komersial
-6.9179628,107.6324267,Komersial
-6.9165623,107.6435078,Komersial
-6.9160193,107.7094473,Komersial
-6.9160239,107.7093134,Komersial
-6.9165398,107.7090765,Komersial
-6.8869435,107.5811614,Katering
-6.8873695,107.5816872,Katering
-6.8815495,107.5944013,Katering
-6.8807109,107.5959997,Katering
-6.8715552,107.5940509,Katering
-6.8858733,107.5962969,Katering
-6.8752093,107.5964539,Katering
-6.8843694,107.6012683,Katering
-6.9027926,107.5978878,Katering
-6.8977742,107.6036158,Katering
-6.8799127,107.5838387,Katering
-6.9058695,107.5931889,Katering
-6.9057417,107.6176217,Katering
-6.8914029,107.61281,Katering
-6.8990133,107.6195912,Katering
-6.8990098,107.6197139,Katering
-6.9018456,107.6214397,Katering
-6.9055352,107.6271646,Katering
-6.9019586,107.6115579,Katering
-6.8668218,107.6090526,Katering
-6.9154742,107.6028366,Katering
-6.8813231,107.5815533,Katering
-6.9167625,107.6183923,Katering
-6.9027613,107.6104139,Katering
-6.9009918,107.6134343,Katering
-6.9126453,107.5983597,Katering
-6.898751,107.6030848,Katering
-6.8925163,107.6127554,Katering
-6.8867215,107.6167462,Katering
-6.8872957,107.6138988,Katering
-6.8972541,107.6147191,Katering
-6.8968401,107.6152372,Katering
-6.8941921,107.6150603,Katering
-6.897292,107.6363552,Katering
-6.8982722,107.6369137,Katering
-6.8840078,107.6150326,Katering
-6.8837407,107.6148998,Katering
-6.8854679,107.6155752,Katering
-6.8682162,107.5934603,Katering
-6.8682748,107.5938519,Katering
-6.8789798,107.5979852,Katering
-6.8823595,107.5758245,Katering
-6.8823742,107.5762796,Katering
-6.873753,107.5957989,Katering
-6.8744394,107.5962776,Katering
-6.8703438,107.5917527,Katering
-6.8784018,107.5977475,Katering
-6.8831642,107.6025761,Katering
-6.8828983,107.6005782,Katering
-6.8943171,107.6089129,Katering
-6.8716969,107.5941246,Katering
-6.9010333,107.6016546,Katering
-6.8939696,107.6055017,Katering
-6.8934997,107.6050826,Katering
-6.8825278,107.5802874,Katering
-6.9255337,107.605885,Katering
-6.8947619,107.6043216,Katering
-6.8947276,107.6044044,Katering
-6.8942243,107.6047504,Katering
-6.8939367,107.6050187,Katering
-6.8959285,107.6031089,Katering
-6.869002,107.6208824,Katering
-6.9009712,107.6125356,Katering
-6.8689523,107.5939107,Katering
-6.8689658,107.5939841,Katering
-6.8561749,107.5958927,Katering
-6.9267334,107.6132906,Katering
-6.924869,107.6196988,Katering
-6.8879183,107.615515,Katering
-6.9198235,107.6170063,Katering
-6.9230613,107.6131868,Katering
-6.8880195,107.6016212,Katering
-6.8936141,107.6057343,Katering
-6.8696348,107.6202679,Katering
-6.9067229,107.6208472,Katering
-6.9069786,107.6208901,Katering
-6.907068,107.6200544,Katering
-6.9068905,107.6197771,Katering
-6.9104934,107.6184011,Katering
-6.8937286,107.6050758,Katering
-6.8931108,107.6050973,Katering
-6.9110685,107.6267052,Katering
-6.9052749,107.5961955,Katering
-6.9196306,107.5935729,Katering
-6.8942667,107.610979,Katering
-6.8903481,107.6087349,Katering
-6.8905771,107.6093626,Katering
-6.8917009,107.6116156,Katering
-6.8883084,107.6088476,Katering
-6.9019099,107.611152,Katering
-6.8792672,107.6127822,Katering
-6.8898807,107.6172141,Katering
-6.9256802,107.6276337,Katering
-6.9169297,107.6093123,Katering
-6.869891,107.5934101,Katering
-6.9188476,107.6067686,Katering
-6.9021325,107.6040636,Katering
-6.91157,107.627266,Katering
-6.9060828,107.6202185,Katering
-6.9136255,107.6289496,Katering
-6.9070431,107.6230593,Katering
-6.9161351,107.6304057,Katering
-6.9287447,107.6222637,Katering
-6.9159688,107.602779,Katering
-6.8838733,107.6150099,Katering
-6.8986257,107.613195,Katering
-6.9031083,107.6154995,Katering
-6.9045738,107.6140864,Katering
-6.9045936,107.6141887,Katering
-6.9046556,107.6141388,Katering
-6.9183143,107.6143286,Katering
-6.919286,107.6169434,Katering
-6.9007525,107.5970316,Katering
-6.8964177,107.595882,Katering
-6.8782448,107.6169053,Katering
-6.878149,107.6169412,Katering
-6.8846311,107.6140131,Katering
-6.878483,107.616839,Katering
-6.8803626,107.6163564,Katering
-6.8811193,107.6161344,Katering
-6.8786715,107.616787,Katering
-6.8804359,107.6163385,Katering
-6.8811754,107.6161217,Katering
-6.8787037,107.6167785,Katering
-6.8788817,107.6167362,Katering
-6.8775391,107.6174599,Katering
-6.8845352,107.6135695,Katering
-6.8834273,107.6147436,Katering
-6.8834511,107.6147196,Katering
-6.8767404,107.6179507,Katering
-6.8745715,107.6191251,Katering
-6.8745072,107.6191486,Katering
-6.8746857,107.6190813,Katering
-6.8674478,107.6209107,Katering
-6.8717491,107.620125,Katering
-6.8675629,107.6208871,Katering
-6.8698557,107.6205977,Katering
-6.8699337,107.6204523,Katering
-6.8734448,107.6196056,Katering
-6.8951031,107.617139,Katering
-6.867961,107.620412,Katering
-6.8665928,107.6208379,Katering
-6.8677746,107.6204866,Katering
-6.926744,107.6276202,Katering
-6.9027187,107.6136333,Katering
-6.9194536,107.6161559,Katering
-6.9026858,107.5973876,Katering
-6.8966337,107.5970159,Katering
-6.8967854,107.5970217,Katering
-6.8951185,107.5880348,Katering
-6.9414117,107.6671503,Katering
-6.893351,107.6051095,Katering
-6.8594667,107.5950246,Katering
-6.8975809,107.6121376,Katering
-6.8969429,107.5907416,Katering
-6.8829482,107.6137095,Katering
-6.9135741,107.659887,Katering
-6.9238746,107.6457785,Katering
-6.9308355,107.6409925,Katering
-6.909191,107.6276245,Katering
-6.9089804,107.627429,Katering
-6.868265,107.6091207,Katering
-6.8679495,107.6073027,Katering
-6.9072246,107.6203843,Katering
-6.8805774,107.5942858,Katering
-6.8799945,107.5940974,Katering
-6.8835345,107.5949143,Katering
-6.8979598,107.6098119,Katering
-6.8543222,107.5957541,Katering
-6.9079727,107.6239556,Katering
-6.9190972,107.6153692,Katering
-6.8875201,107.6127573,Katering
-6.8869895,107.6126856,Katering
-6.9010104,107.6123933,Katering
-6.9061929,107.5981092,Katering
-6.904728,107.6178751,Katering
-6.9173914,107.6133076,Katering
-6.9284008,107.6240018,Katering
-6.9088982,107.6184895,Katering
-6.9049365,107.6227839,Katering
-6.9100039,107.6256233,Katering
-6.9019264,107.6214808,Katering
-6.917453,107.6132859,Katering
-6.8672236,107.6060351,Katering
-6.9164146,107.6138316,Katering
-6.916593,107.6138143,Katering
-6.8856245,107.5962474,Katering
-6.905489,107.6206005,Katering
-6.8611951,107.5953286,Katering
-6.9205607,107.614136,Katering
-6.9082315,107.624401,Katering
-6.9047843,107.6165469,Katering
-6.9065739,107.6158864,Katering
-6.9291255,107.6196615,Katering
-6.9036224,107.6209866,Katering
-6.8710838,107.6076398,Katering
-6.9046421,107.618747,Katering
-6.9045688,107.6197076,Katering
-6.9055992,107.616762,Katering
-6.8742543,107.6192351,Katering
-6.905619,107.6167643,Katering
-6.8810535,107.5983139,Katering
-6.8799997,107.5981916,Katering
-6.8677255,107.5938724,Katering
-6.8755338,107.5966884,Katering
-6.9167187,107.613811,Katering
-6.924126,107.6118868,Katering
-6.914155,107.6135284,Katering
-6.8791733,107.6009453,Katering
-6.9104912,107.6306581,Katering
-6.9286472,107.5868038,Katering
-6.9151627,107.5982134,Katering
-6.9160557,107.6091519,Katering
-6.8748841,107.6188318,Katering
-6.8810858,107.5986064,Katering
-6.8826195,107.5964138,Katering
-6.9039231,107.5989336,Katering
-6.9204002,107.6002017,Katering
-6.9216518,107.6003966,Katering
-6.9052965,107.6138859,Katering
-6.9185493,107.6096852,Katering
-6.8797792,107.5984107,Katering
-6.8810021,107.5982247,Katering
-6.9097236,107.5977039,Katering
-6.9379902,107.6193999,Katering
-6.9095532,107.5976897,Katering
-6.905355,107.6104147,Katering
-6.9010768,107.6097423,Katering
-6.9153616,107.5982452,Katering
-6.9072846,107.6190397,Katering
-6.9124832,107.5992553,Katering
-6.9124458,107.5983485,Katering
-6.9123909,107.6011252,Katering
-6.9125398,107.6038437,Katering
-6.9043132,107.6237201,Katering
-6.9111906,107.6271109,Katering
-6.8775851,107.5895741,Katering
-6.9154611,107.629507,Katering
-6.9159462,107.6678531,Katering
-6.9018086,107.5973555,Katering
-6.9211852,107.6170492,Katering
-6.9025783,107.6097557,Katering
-6.889864,107.5969999,Katering
-6.9024057,107.6143369,Katering
-6.9011504,107.6134266,Katering
-6.900332,107.6136806,Katering
-6.9051622,107.6095953,Katering
-6.9127336,107.6289424,Katering
-6.9000351,107.6115953,Katering
-6.9022555,107.6044599,Katering
-6.9118683,107.5779293,Katering
-6.9130997,107.6262194,Katering
-6.8999,107.611426,Katering
-6.8926493,107.6144085,Katering
-6.8959401,107.6031687,Katering
-6.8997957,107.6115847,Katering
-6.9051254,107.6223404,Katering
-6.9016748,107.6250691,Katering
-6.9268716,107.6193988,Katering
-6.8548349,107.5959097,Katering
-6.8802525,107.5806276,Katering
-6.905339,107.6135667,Katering
-6.872527,107.5932983,Katering
-6.9204024,107.6130499,Katering
-6.884257,107.5968352,Katering
-6.899456,107.6106804,Katering
-6.9164865,107.6136019,Katering
-6.8997615,107.6104078,Katering
-6.8869718,107.603936,Katering
-6.8996949,107.610294,Katering
-6.8815585,107.5757293,Katering
-6.8768509,107.604058,Katering
-6.8979361,107.592867,Katering
-6.8816289,107.5816811,Katering
-6.8810961,107.581227,Katering
-6.8851859,107.5815401,Katering
-6.9202649,107.599052,Katering
-6.8919365,107.6175378,Katering
-6.9489967,107.6234324,Katering
-6.8891532,107.582279,Katering
-6.8958519,107.5893761,Katering
-6.9021588,107.5975823,Katering
-6.90137,107.5990705,Katering
-6.9027733,107.6026978,Katering
-6.9067623,107.5978417,Katering
-6.8968528,107.6037639,Katering
-6.9309098,107.6262291,Katering
-6.9330981,107.6254099,Katering
-6.9352035,107.6247857,Katering
-6.9257329,107.6201892,Katering
-6.9120068,107.5960795,Katering
-6.9109614,107.5979568,Katering
-6.9106044,107.5979615,Katering
-6.9104931,107.5979568,Katering
-6.9093991,107.597875,Katering
-6.908961,107.5978563,Katering
-6.9129657,107.597758,Katering
-6.9156161,107.5982369,Katering
-6.9162559,107.597541,Katering
-6.9164135,107.5968616,Katering
-6.9172755,107.5981687,Katering
-6.9173543,107.5981524,Katering
-6.9182827,107.5931426,Katering
-6.919323,107.5929285,Katering
-6.918928,107.5889867,Katering
-6.917344,107.5983109,Katering
-6.9370934,107.5954123,Katering
-6.9493489,107.6254604,Katering
-6.9204135,107.5927319,Katering
-6.9150458,107.5965701,Katering
-6.904971,107.6102432,Katering
-6.9025596,107.6104052,Katering
-6.902495,107.6093707,Katering
-6.9023283,107.6102359,Katering
-6.900301,107.6092063,Katering
-6.8885603,107.6137119,Katering
-6.8895762,107.5990536,Katering
-6.8861336,107.5816203,Katering
-6.8810304,107.5825971,Katering
-6.9095825,107.6273878,Katering
-6.9105624,107.6276613,Katering
-6.9113656,107.6276989,Katering
-6.9118276,107.6281662,Katering
-6.9124405,107.6281825,Katering
-6.9002713,107.6340985,Katering
-6.8994995,107.63409,Katering
-6.8986559,107.6338765,Katering
-6.8980078,107.6347887,Katering
-6.8958583,107.6348705,Katering
-6.8954547,107.6346062,Katering
-6.8946071,107.6346631,Katering
-6.8940138,107.6348136,Katering
-6.8943992,107.635277,Katering
-6.8876325,107.6154079,Katering
-6.890292,107.6079525,Katering
-6.8874739,107.6132269,Katering
-6.890525,107.6169022,Katering
-6.8922074,107.6176016,Katering
-6.8924156,107.6153131,Katering
-6.8949494,107.6164681,Katering
-6.8948256,107.6173147,Katering
-6.8960232,107.6168462,Katering
-6.8961805,107.6166992,Katering
-6.8969548,107.6156562,Katering
-6.8976182,107.6156768,Katering
-6.8981525,107.6149453,Katering
-6.8990246,107.6194663,Katering
-6.9189145,107.5889524,Katering
-6.9195683,107.5927733,Katering
-6.9195066,107.5939635,Katering
-6.9198568,107.5954646,Katering
-6.9199557,107.5963305,Katering
-6.8982719,107.6435216,Katering
-6.8975816,107.6437749,Katering
-6.8983404,107.6436331,Katering
-6.89895,107.6434172,Katering
-6.8991169,107.6435269,Katering
-6.8869859,107.6149061,Katering
-6.8668806,107.5937278,Katering
-6.8677159,107.5936571,Katering
-6.8686153,107.5937916,Katering
-6.8689556,107.593519,Katering
-6.8713736,107.594601,Katering
-6.8707908,107.5937423,Katering
-6.8710748,107.5936203,Katering
-6.8747901,107.5964663,Katering
-6.8794456,107.5964269,Katering
-6.8791683,107.5960754,Katering
-6.8809958,107.5972527,Katering
-6.91908,107.6125521,Katering
-6.9053771,107.6009336,Katering
-6.9038425,107.600752,Katering
-6.930002,107.6144025,Katering
-6.9101164,107.6314897,Katering
-6.9039846,107.6672996,Katering
-6.9063815,107.6103688,Katering
-6.9040985,107.5794215,Katering
-6.9169485,107.6091118,Katering
-6.9071717,107.6233922,Katering
-6.9105164,107.6259586,Katering
-6.9320455,107.6252304,Katering
-6.9175752,107.6044197,Katering
-6.8939186,107.6054344,Katering
-6.9090714,107.6257541,Katering
-6.9045305,107.6199423,Katering
-6.8989615,107.6050417,Katering
-6.9167985,107.6092222,Katering
-6.9248412,107.621374,Katering
-6.8873777,107.60234,Katering
-6.9078484,107.6237768,Katering
-6.9448984,107.6305201,Katering
-6.8825002,107.5997553,Katering
-6.8829404,107.5992425,Katering
-6.8829031,107.6000043,Katering
-6.8937427,107.5868538,Katering
-6.9116564,107.6268819,Katering
-6.9070587,107.6237299,Katering
-6.9045876,107.6175664,Katering
-6.9018694,107.6122673,Katering
-6.9001488,107.6094398,Katering
-6.9136423,107.6024432,Katering
-6.9043768,107.6119068,Katering
-6.9070236,107.6057856,Katering
-6.8979509,107.6137089,Katering
-6.897885,107.6138041,Katering
-6.9190188,107.6078605,Katering
-6.9207251,107.5984722,Katering
-6.9229988,107.5985499,Katering
-6.9206091,107.6154775,Katering
-6.9052744,107.6141365,Katering
-6.8873682,107.6021008,Katering
-6.9073948,107.5833286,Katering
-6.9084123,107.6181452,Katering
-6.9248012,107.6199116,Katering
-6.9058067,107.5968488,Katering
-6.906181,107.6144313,Katering
-6.915549,107.6334008,Katering
-6.9061987,107.6143036,Katering
-6.8933618,107.6057065,Katering
-6.9202633,107.6017398,Katering
-6.887541,107.5968379,Katering
-6.8999911,107.6039898,Katering
-6.9021861,107.6247453,Katering
-6.8939783,107.586321,Katering
-6.9185448,107.6155488,Katering
-6.8952024,107.6022782,Katering
-6.930728,107.6219372,Katering
-6.8974299,107.6451802,Katering
-6.9186286,107.6141221,Katering
-6.9161264,107.5887671,Katering
-6.877199,107.57791,Katering
-6.8771028,107.5779728,Katering
-6.8780412,107.5773986,Katering
-6.8923683,107.6182983,Katering
-6.9528421,107.6277228,Katering
-6.8982686,107.6173956,Katering
-6.9023115,107.6135993,Katering
-6.8903288,107.5961947,Katering
-6.8901174,107.5960789,Katering
-6.8903231,107.5963214,Katering
-6.8901104,107.5965612,Katering
-6.889655,107.5960529,Katering
-6.8890381,107.5960491,Katering
-6.8884652,107.5960213,Katering
-6.8901004,107.5961777,Katering
-6.8903255,107.5962561,Katering
-6.8903206,107.5963924,Katering
-6.8902188,107.5965618,Katering
-6.889791,107.5960614,Katering
-6.8887545,107.5960331,Katering
-6.8886602,107.5960294,Katering
-6.8885606,107.5960266,Katering
-6.888327,107.5960888,Katering
-6.8901094,107.596655,Katering
-6.8903808,107.5964328,Katering
-6.8883223,107.5961745,Katering
-6.8889259,107.5960428,Katering
-6.888838,107.5960375,Katering
-6.8902714,107.5960569,Katering
-6.961599,107.6246951,Katering
-6.9612467,107.6246483,Katering
-6.9067935,107.612344,Katering
-6.9195711,107.6157894,Katering
-6.8917426,107.6044205,Katering
-6.8846654,107.6073974,Katering
-6.8914629,107.6043639,Katering
-6.8650516,107.5942055,Katering
-6.9162324,107.6022856,Katering
-6.9058775,107.6179806,Katering
-6.9157346,107.6304829,Katering
-6.9468855,107.6384563,Katering
-6.94702,107.6382191,Katering
-6.8733449,107.6050402,Katering
-6.9045335,107.5993145,Katering
-6.9205355,107.6137582,Katering
-6.9065581,107.6438913,Katering
-6.8926072,107.5852302,Katering
-6.9085032,107.5984194,Katering
-6.8783734,107.5963943,Katering
-6.9016624,107.597561,Katering
-6.9044343,107.597659,Katering
-6.9064912,107.6170456,Katering
-6.893814,107.6057222,Katering
-6.8942378,107.6056125,Katering
-6.8939722,107.6057199,Katering
-6.8941224,107.6056536,Katering
-6.9084924,107.6225601,Katering
-6.9086216,107.6247886,Katering
-6.8948961,107.5891041,Katering
-6.9106431,107.6260908,Katering
-6.9005394,107.6030518,Katering
-6.9227199,107.6077303,Katering
-6.8662192,107.609991,Katering
-6.9183508,107.6138211,Katering
-6.8970431,107.5914757,Katering
-6.9296717,107.6035086,Katering
-6.9062762,107.590788,Katering
-6.9171592,107.6091646,Katering
-6.9174178,107.6092353,Katering
-6.9169772,107.608836,Katering
-6.9170955,107.6087448,Katering
-6.9171422,107.6085855,Katering
-6.917202,107.608385,Katering
-6.91746,107.6094194,Katering
-6.9169273,107.609001,Katering
-6.9174934,107.6092599,Katering
-6.9176115,107.6092962,Katering
-6.9173678,107.6093892,Katering
-6.9171923,107.6093407,Katering
-6.9171028,107.6083528,Katering
-6.9169993,107.6087546,Katering
-6.9169517,107.6089282,Katering
-6.9266622,107.7105839,Katering
-6.887513,107.612487,Katering
-6.9144264,107.6966851,Katering
-6.8993196,107.6133452,Katering
-6.9045127,107.6755431,Katering
-6.9296914,107.6534638,Katering
-6.9157907,107.6303781,Katering
-6.8830152,107.6112306,Katering
-6.8829977,107.6112311,Katering
-6.8830337,107.6112306,Katering
-6.9165534,107.5889526,Katering
-6.8844734,107.6063465,Katering
-6.9041234,107.5973403,Katering
-6.9054835,107.5973672,Katering
-6.9056495,107.5965298,Katering
-6.917021,107.6084609,Katering
-6.8888338,107.6187864,Katering
-6.9056577,107.5973527,Katering
-6.9129873,107.6285112,Katering
-6.9137601,107.6294757,Katering
-6.8853011,107.601412,Katering
-6.9018765,107.60974,Katering
-6.8949433,107.6162456,Katering
-6.8785631,107.5981433,Katering
-6.8868433,107.6266658,Katering
-6.9125227,107.6286872,Katering
-6.8780483,107.5922348,Katering
-6.8657012,107.6213081,Katering
-6.8813092,107.5826337,Katering
-6.9059425,107.6191508,Katering
-6.906393,107.6173966,Katering
-6.910716,107.5977589,Katering
-6.8913214,107.5718325,Katering
-6.8886687,107.6189787,Katering
-6.9236123,107.6054502,Katering
-6.9239658,107.6060117,Katering
-6.9058303,107.5973504,Katering
-6.9062428,107.5978201,Katering
-6.9062496,107.5976963,Katering
-6.9059507,107.597695,Katering
-6.9145711,107.6021311,Katering
-6.8808327,107.5819186,Katering
-6.8970234,107.5912071,Katering
-6.9040399,107.6664854,Katering
-6.9029451,107.6655565,Katering
-6.9226022,107.6119813,Katering
-6.8882177,107.6172569,Katering
-6.9097811,107.5969413,Katering
-6.9249539,107.6183981,Katering
-6.9313423,107.6125525,Katering
-6.9091896,107.6103382,Katering
-6.9000896,107.6040806,Katering
-6.9041311,107.624076,Katering
-6.9054216,107.6202311,Katering
-6.893725,107.6057251,Katering
-6.8932546,107.5854356,Katering
-6.9107444,107.5977119,Katering
-6.913752,107.6025779,Katering
-6.8924838,107.6251253,Katering
-6.9071388,107.6180169,Katering
-6.9288257,107.6250214,Katering
-6.8772699,107.6172128,Katering
-6.9194121,107.6214102,Katering
-6.851575,107.6137911,Katering
-6.9184679,107.6101923,Katering
-6.8902387,107.5955503,Katering
-6.8686861,107.6065263,Katering
-6.8731826,107.6053069,Katering
-6.8711062,107.6056926,Katering
-6.8730196,107.6051703,Katering
-6.9032558,107.6139508,Katering
-6.9142367,107.6297314,Katering
-6.8840587,107.6177097,Katering
-6.8840265,107.6116969,Katering
-6.8825712,107.580079,Katering
-6.9473382,107.5966434,Katering
-6.9148453,107.6811293,Katering
-6.9249268,107.6236929,Katering
-6.904474,107.6046209,Katering
-6.8844363,107.59674,Katering
-6.9003961,107.6142255,Katering
-6.9051142,107.6015846,Katering
-6.8963513,107.5971582,Katering
-6.8925062,107.5904751,Katering
-6.894676,107.5885194,Katering
-6.9004348,107.5967457,Katering
-6.9028428,107.6135049,Katering
-6.9162226,107.6416342,Katering
-6.9163269,107.6416974,Katering
-6.9165173,107.6417667,Katering
-6.9156712,107.6418632,Katering
-6.9041351,107.6280099,Katering
-6.9160279,107.6407122,Katering
-6.8940427,107.605689,Katering
-6.9182851,107.6094729,Katering
-6.885306,107.5777699,Katering
-6.9107304,107.6329394,Katering
-6.9094781,107.6321409,Katering
-6.9538241,107.6205361,Katering
-6.9248453,107.6039702,Katering
-6.92656,107.7105623,Katering
-6.9487922,107.5625018,Katering
-6.93388,107.7166266,Katering
-6.9315299,107.7146477,Katering
-6.9303811,107.7126325,Katering
-6.9172988,107.6596812,Katering
-6.8859298,107.5811612,Katering
-6.9085952,107.6092025,Katering
-6.8980574,107.607698,Katering
-6.9553972,107.6122622,Katering
-6.8776541,107.6168476,Katering
-6.9177994,107.5932634,Katering
-6.9093416,107.5922661,Katering
-6.8855533,107.5955189,Katering
-6.9069909,107.5883826,Katering
-6.9052088,107.6286944,Katering
-6.9155713,107.627886,Katering
-6.898016,107.654862,Katering
-6.9242587,107.6452348,Katering
-6.9453718,107.6304886,Katering
-6.9410924,107.6268912,Katering
-6.9411448,107.6270712,Katering
-6.9411889,107.6271417,Katering
-6.9438553,107.6295651,Katering
-6.9389573,107.6249953,Katering
-6.9394675,107.6253284,Katering
-6.9398319,107.625775,Katering
-6.9090193,107.6088789,Katering
-6.9144606,107.6364708,Katering
-6.9470408,107.6627296,Katering
-6.9160953,107.6678117,Katering
-6.9158532,107.5944292,Katering
-6.9161426,107.6101371,Katering
-6.9083222,107.6291177,Katering
-6.8934069,107.6050563,Katering
-6.9293268,107.6383175,Katering
-6.9048976,107.6284471,Katering
-6.9044402,107.5800838,Katering
-6.9040791,107.5802488,Katering
-6.9068088,107.6134529,Katering
-6.9090282,107.6087787,Katering
-6.9088049,107.6092704,Katering
-6.8901476,107.6162257,Katering
-6.9040033,107.620462,Katering
-6.9053582,107.6270058,Katering
-6.9011192,107.6117927,Katering
-6.8947462,107.6047328,Katering
-6.8936666,107.6050894,Katering
-6.8936026,107.6051072,Katering
-6.9130481,107.6326629,Katering
-6.9024399,107.6217955,Katering
-6.9063298,107.5977616,Katering
-6.9268025,107.6347607,Katering
-6.9052076,107.6045701,Katering
-6.9173701,107.6092183,Katering
-6.9058136,107.6188161,Katering
-6.8983318,107.6374414,Katering
-6.9072563,107.6455184,Katering
-6.9273391,107.6192541,Katering
-6.9087814,107.648662,Katering
-6.9182144,107.6183639,Katering
-6.923578,107.6167183,Katering
-6.8961105,107.6167743,Katering
-6.9237589,107.617037,Katering
-6.9241793,107.6201345,Katering
-6.9156425,107.6028187,Katering
-6.8798623,107.6121023,Katering
-6.879916,107.6120978,Katering
-6.8918986,107.6167681,Katering
-6.9024389,107.6088905,Katering
-6.885158,107.6139102,Katering
-6.9072927,107.6158218,Katering
-6.8902542,107.6127312,Katering
-6.8991191,107.6211357,Katering
-6.9176973,107.5981544,Katering
-6.9217662,107.6727307,Katering
-6.8901223,107.6043047,Katering
-6.8949076,107.5887755,Katering
-6.8821567,107.6139604,Katering
-6.9555898,107.6976858,Katering
-6.9553954,107.6973975,Katering
-6.955314,107.6972429,Katering
-6.955032,107.6973546,Katering
-6.9549274,107.6974123,Katering
-6.9547018,107.6970904,Katering
-6.9548709,107.6969053,Katering
-6.9550413,107.6968302,Katering
-6.9552303,107.6967913,Katering
-6.9554992,107.6971507,Katering
-6.9551464,107.6972339,Katering
-6.9548656,107.6973881,Katering
-6.9556068,107.6971404,Katering
-6.9553909,107.6971672,Katering
-6.95507,107.697276,Katering
-6.9547817,107.6974504,Katering
-6.9546177,107.6976176,Katering
-6.9543572,107.698036,Katering
-6.9542561,107.6982999,Katering
-6.9541148,107.698342,Katering
-6.9540125,107.6985746,Katering
-6.955456,107.6973867,Katering
-6.95524,107.6974483,Katering
-6.9551033,107.6975077,Katering
-6.9551449,107.6973058,Katering
-6.9542561,107.6982999,Katering
-6.9540125,107.6985746,Katering
-6.907439,107.6089496,Katering
-6.9439022,107.630798,Katering
-6.918186,107.5983421,Katering
-6.8766336,107.6234896,Katering
-6.8755511,107.6042704,Katering
-6.8756006,107.6042621,Katering
-6.9183441,107.6182166,Katering
-6.9170677,107.6178618,Katering
-6.9136374,107.6023798,Katering
-6.9035798,107.6007649,Katering
-6.9552762,107.699168,Katering
-6.895995,107.6352498,Katering
-6.9086249,107.6149449,Katering
-6.908369,107.5981989,Katering
-6.9219678,107.6098876,Katering
-6.9230943,107.6051186,Katering
-6.9235043,107.6058278,Katering
-6.8825421,107.5794318,Katering
-6.9020155,107.6214869,Katering
-6.9079749,107.6159677,Katering
-6.9263544,107.7051584,Katering
-6.9092065,107.6093385,Katering
-6.9105149,107.6074018,Katering
-6.9088771,107.6113549,Katering
-6.9089077,107.6111712,Katering
-6.9091554,107.6109231,Katering
-6.9089623,107.6109418,Katering
-6.9082061,107.6111349,Katering
-6.9083419,107.6115292,Katering
-6.9085629,107.6114447,Katering
-6.9084071,107.6108989,Katering
-6.9087306,107.6113495,Katering
-6.9087306,107.6109311,Katering
-6.9085789,107.6109526,Katering
-6.9084883,107.6114541,Katering
-6.9088052,107.6112583,Katering
-6.9082993,107.6114166,Katering
-6.9083632,107.6114166,Katering
-6.9083392,107.6112959,Katering
-6.9085256,107.6115681,Katering
-6.9087559,107.6111779,Katering
-6.9085483,107.611489,Katering
-6.9085163,107.6113468,Katering
-6.9086281,107.6114501,Katering
-6.9087014,107.611489,Katering
-6.9084444,107.6113683,Katering
-6.9084005,107.6113442,Katering
-6.9083046,107.6113696,Katering
-6.9084111,107.6115024,Katering
-6.9088105,107.6114756,Katering
-6.9086534,107.6113254,Katering
-6.908475,107.611316,Katering
-6.9089357,107.6112758,Katering
-6.9137994,107.6022629,Katering
-6.9137299,107.6027866,Katering
-6.9262618,107.6363128,Katering
-6.9254816,107.6368627,Katering
-6.9259795,107.6365703,Katering
-6.9259848,107.6368761,Katering
-6.9261792,107.6367581,Katering
-6.92652,107.6360553,Katering
-6.9264002,107.6364228,Katering
-6.92652,107.636396,Katering
-6.9257851,107.6368386,Katering
-6.9257133,107.6366132,Katering
-6.9258357,107.6364309,Katering
-6.926126,107.6365703,Katering
-6.9251168,107.636809,Katering
-6.9255375,107.6367205,Katering
-6.9263124,107.6366374,Katering
-6.9252979,107.6368815,Katering
-6.9248133,107.637029,Katering
-6.9262245,107.6364657,Katering
-6.9261073,107.6362726,Katering
-6.9252899,107.6369539,Katering
-6.9255482,107.6364925,Katering
-6.9258118,107.636632,Katering
-6.9251168,107.6365945,Katering
-6.9256094,107.6368976,Katering
-6.9249837,107.636978,Katering
-6.9259156,107.6367205,Katering
-6.9254017,107.6370183,Katering
-6.9253112,107.6365301,Katering
-6.926552,107.6366293,Katering
-6.9260541,107.6367983,Katering
-6.9253911,107.6366642,Katering
-6.926355,107.6362619,Katering
-6.9252553,107.6366669,Katering
-6.9257479,107.6365301,Katering
-6.9248639,107.6365972,Katering
-6.9260008,107.6364014,Katering
-6.9253591,107.6368305,Katering
-6.9256946,107.6369002,Katering
-6.9255242,107.6366213,Katering
-6.9080037,107.6089302,Katering
-6.9080783,107.6089945,Katering
-6.9082354,107.6090696,Katering
-6.9347728,107.612645,Katering
-6.936835,107.6100232,Katering
-6.9079638,107.6091152,Katering
-6.9081608,107.6088604,Katering
-6.9081262,107.6087585,Katering
-6.9077481,107.6089409,Katering
-6.9080024,107.6088363,Katering
-6.9081781,107.6091112,Katering
-6.9080543,107.6088041,Katering
-6.934669,107.6126719,Katering
-6.9360102,107.6116238,Katering
-6.9345318,107.6132378,Katering
-6.9342203,107.613681,Katering
-6.930307,107.615859,Katering
-6.9305899,107.6158027,Katering
-6.9270739,107.6167414,Katering
-6.9299948,107.6159549,Katering
-6.9295947,107.6164155,Katering
-6.9268196,107.6167897,Katering
-6.9324097,107.6151797,Katering
-6.9241882,107.61753,Katering
-6.9327352,107.6145561,Katering
-6.9327759,107.6145018,Katering
-6.9301445,107.6159099,Katering
-6.930068,107.6158972,Katering
-6.9255309,107.6170888,Katering
-6.9221679,107.6170928,Katering
-6.9277988,107.6168266,Katering
-6.9222099,107.6174482,Katering
-6.9266146,107.617133,Katering
-6.918138,107.6182334,Katering
-6.9179862,107.618397,Katering
-6.9188256,107.6177895,Katering
-6.9182591,107.6182294,Katering
-6.921262,107.6186579,Katering
-6.9180821,107.6182321,Katering
-6.9184096,107.6182696,Katering
-6.9112789,107.6182602,Katering
-6.9118054,107.6165396,Katering
-6.9380957,107.6143395,Katering
-6.93744,107.6106354,Katering
-6.9382861,107.6242523,Katering
-6.9381716,107.624198,Katering
-6.9385433,107.6240548,Katering
-6.9382688,107.6242342,Katering
-6.890207,107.5961944,Katering
-6.8903761,107.596541,Katering
-6.8903994,107.596187,Katering
-6.8903841,107.5963546,Katering
-6.9058296,107.597162,Katering
-6.8903694,107.5962594,Katering
-6.8886892,107.5957444,Katering
-6.8895732,107.5957994,Katering
-6.8881792,107.5960006,Katering
-6.890456,107.5963399,Katering
-6.8904932,107.5962339,Katering
-6.8901338,107.596364,Katering
-6.8893096,107.596132,Katering
-6.8900725,107.5963064,Katering
-6.9059294,107.596989,Katering
-6.8902802,107.5958919,Katering
-6.8884167,107.5962458,Katering
-6.8895219,107.5960441,Katering
-6.8902775,107.596482,Katering
-6.8893868,107.5957847,Katering
-6.890428,107.596073,Katering
-6.8882644,107.596183,Katering
-6.8904733,107.5962031,Katering
-6.8903055,107.5956801,Katering
-6.9057311,107.5971955,Katering
-6.9056512,107.597044,Katering
-6.8981169,107.5968488,Katering
-6.8963241,107.5970084,Katering
-6.9058442,107.5970574,Katering
-6.9056885,107.5968039,Katering
-6.9014214,107.5976649,Katering
-6.9057404,107.5969756,Katering
-6.9058855,107.5967623,Katering
-6.9058176,107.5967395,Katering
-6.9063555,107.5985943,Katering
-6.9069959,107.5998294,Katering
-6.9213245,107.618971,Katering
-6.9191878,107.6240437,Katering
-6.9217839,107.6188999,Katering
-6.9452646,107.5953092,Katering
-6.9461256,107.5954263,Katering
-6.922132,107.6181697,Katering
-6.9451361,107.5953548,Katering
-6.9202968,107.6216733,Katering
-6.9237935,107.6059891,Katering
-6.9461539,107.5954259,Katering
-6.945204,107.5953253,Katering
-6.9237083,107.6059905,Katering
-6.9235752,107.6056619,Katering
-6.9236763,107.6054339,Katering
-6.9243673,107.6060823,Katering
-6.9236444,107.6059704,Katering
-6.9236524,107.6057531,Katering
-6.9237482,107.6057692,Katering
-6.9237296,107.60545,Katering
-6.9237802,107.605399,Katering
-6.9235539,107.6054902,Katering
-6.9236138,107.6055989,Katering
-6.9240138,107.6039962,Katering
-6.9237882,107.6039701,Katering
-6.9236923,107.6056726,Katering
-6.9236444,107.6055224,Katering
-6.9238787,107.6058979,Katering
-6.923874,107.604003,Katering
-6.9229401,107.6046829,Katering
-6.9226938,107.6051804,Katering
-6.9228123,107.6052837,Katering
-6.9230533,107.6050168,Katering
-6.9229907,107.6049753,Katering
-6.9226965,107.6048411,Katering
-6.9230346,107.604703,Katering
-6.9226885,107.6047727,Katering
-6.9226579,107.6047526,Katering
-6.9226432,107.6048774,Katering
-6.9228136,107.6047888,Katering
-6.9230413,107.6048908,Katering
-6.9227351,107.6050195,Katering
-6.9227737,107.6050946,Katering
-6.9229215,107.6049189,Katering
-6.9229574,107.6048063,Katering
-6.922807,107.6049913,Katering
-6.9229055,107.605041,Katering
-6.9229721,107.6050892,Katering
-6.9228802,107.604994,Katering
-6.9225966,107.6051563,Katering
-6.9228323,107.6052207,Katering
-6.9226459,107.6050195,Katering
-6.9228802,107.6048747,Katering
-6.9226273,107.6050879,Katering
-6.9228549,107.6047271,Katering
-6.9227617,107.6047271,Katering
-6.922763,107.604872,Katering
-6.9230826,107.6048143,Katering
-6.9273328,107.6069219,Katering
-6.9230772,107.604357,Katering
-6.9230346,107.6048197,Katering
-6.930088,107.6035886,Katering
-6.9231248,107.6061197,Katering
-6.9230207,107.6062144,Katering
-6.9316429,107.6041022,Katering
-6.925889,107.6072538,Katering
-6.9212254,107.6063687,Katering
-6.9214217,107.6100741,Katering
-6.917025,107.6083052,Katering
-6.9181992,107.6094452,Katering
-6.9214803,107.6087008,Katering
-6.9172247,107.608607,Katering
-6.9171821,107.6087317,Katering
-6.9158827,107.6090844,Katering
-6.9172353,107.6085091,Katering
-6.9157469,107.6088571,Katering
-6.9181054,107.6095813,Katering
-6.9205344,107.6098582,Katering
-6.9172487,107.608379,Katering
-6.9201483,107.6098461,Katering
-6.9189781,107.6096597,Katering
-6.9167135,107.6092165,Katering
-6.9163094,107.6082294,Katering
-6.9208865,107.6058892,Katering
-6.9171355,107.6082851,Katering
-6.9170396,107.6086271,Katering
-6.9164565,107.6089409,Katering
-6.9184282,107.6096812,Katering
-6.9181387,107.6095866,Katering
-6.9167108,107.6090294,Katering
-6.9196038,107.6098227,Katering
-6.9192969,107.6097395,Katering
-6.9186106,107.6097429,Katering
-6.9182265,107.6096222,Katering
-6.9168559,107.609075,Katering
-6.916796,107.6090569,Katering
-6.9161583,107.6088376,Katering
-6.9172726,107.613274,Katering
-6.8929137,107.6055492,Katering
-6.8936953,107.6054004,Katering
-6.8929457,107.6054862,Katering
-6.8932959,107.6050758,Katering
-6.892967,107.6056096,Katering
-6.893216,107.6050745,Katering
-6.8935368,107.6057437,Katering
-6.8936633,107.6054889,Katering
-6.8930176,107.6055184,Katering
-6.8932812,107.6055707,Katering
-6.8938431,107.6055559,Katering
-6.8937951,107.6052676,Katering
-6.8930016,107.6051965,Katering
-6.8934942,107.6052234,Katering
-6.8931774,107.6057169,Katering
-6.8934144,107.6051952,Katering
-6.8929564,107.6051027,Katering
-6.8937632,107.6054634,Katering
-6.8937579,107.6053856,Katering
-6.8937765,107.6055479,Katering
-6.8932626,107.6050866,Katering
-6.8935395,107.6052113,Katering
-6.8936633,107.6057263,Katering
-6.8977654,107.6041733,Katering
-6.8934543,107.6059368,Katering
-6.893172,107.6051965,Katering
-6.8930389,107.6050571,Katering
-6.893871,107.6054648,Katering
-6.8938311,107.6053897,Katering
-6.8930149,107.6054701,Katering
-6.8933971,107.6055385,Katering
-6.8938151,107.6054902,Katering
-6.8928831,107.6052743,Katering
-6.8994802,107.6043275,Katering
-6.8936474,107.6053038,Katering
-6.8939469,107.6053146,Katering
-6.8928805,107.6054969,Katering
-6.8980223,107.6038112,Katering
-6.8981342,107.6039091,Katering
-6.8988891,107.6039252,Katering
-6.8978799,107.6042028,Katering
-6.8970045,107.6037307,Katering
-6.8607257,107.5896742,Katering
-6.8607502,107.589671,Katering
-6.9215477,107.6125981,Katering
-6.8884196,107.5961276,Katering
-6.8906713,107.5962338,Katering
-6.8600609,107.59394,Katering
-6.8817703,107.599353,Katering
-6.8934898,107.6057076,Katering
-6.8886642,107.6157453,Katering
-6.9019393,107.6156563,Katering
-6.9267296,107.6192632,Katering
-6.9145662,107.6020322,Katering
-6.9424857,107.6276045,Katering
-6.9555935,107.6978209,Katering
-6.9556308,107.6973789,Katering
-6.9557777,107.6973994,Katering
-6.9555781,107.6974404,Katering
-6.9521787,107.6983259,Katering
-6.8815672,107.5788046,Katering
-6.8854024,107.6134807,Katering
-6.8857827,107.6139375,Katering
-6.9184788,107.6100202,Katering
-6.8959269,107.6048656,Katering
-6.8741234,107.6045594,Katering
-6.8741674,107.6046198,Katering
-6.8741614,107.6045809,Katering
-6.8740529,107.6045701,Katering
-6.873965,107.6045856,Katering
-6.8794269,107.6032186,Katering
-6.8787541,107.6035871,Katering
-6.9031736,107.6529317,Katering
-6.9031839,107.6529325,Katering
-6.8967323,107.6381555,Katering
-6.9040552,107.6527098,Katering
-6.9039042,107.6527236,Katering
-6.9039203,107.6527231,Katering
-6.9029678,107.6649926,Katering
-6.8990525,107.6340568,Katering
-6.9075012,107.6182495,Katering
-6.9026301,107.6237638,Katering
-6.9124733,107.6028374,Katering
-6.9468381,107.6413621,Katering
-6.9463283,107.6411971,Katering
-6.8844753,107.6140509,Katering
-6.955097,107.6975888,Katering
-6.9554997,107.5933303,Katering
-6.9058713,107.6165201,Katering
-6.9543155,107.6986069,Katering
-6.9020182,107.6126236,Katering
-6.9066586,107.6171308,Katering
-6.9171857,107.609343,Katering
-6.9160496,107.6091452,Katering
-6.9171712,107.6087343,Katering
-6.9174913,107.6092602,Katering
-6.9163066,107.6082247,Katering
-6.9130379,107.604257,Katering
-6.9236101,107.6278801,Katering
-6.9417207,107.6346637,Katering
-6.8831467,107.5860352,Katering
-6.8764579,107.6232361,Katering
-6.9158673,107.610473,Katering
-6.9120427,107.6231671,Katering
-6.8865621,107.6200137,Katering
-6.9155748,107.6156562,Katering
-6.9368383,107.6846021,Katering
-6.8984645,107.5970953,Katering
-6.921684,107.6124486,Katering
-6.8972018,107.5972083,Katering
-6.905677,107.6216854,Katering
-6.9085228,107.6239245,Katering
-6.9110387,107.6274018,Katering
-6.9079386,107.6221334,Katering
-6.9049367,107.6037473,Katering
-6.9069845,107.6039968,Katering
-6.8968452,107.5918421,Katering
-6.9000246,107.5967562,Katering
-6.9273798,107.635134,Katering
-6.9025236,107.6218961,Katering
-6.9054977,107.6039072,Katering
-6.9143585,107.6052506,Katering
-6.9004947,107.6025507,Katering
-6.8893282,107.6160743,Katering
-6.8876954,107.6154204,Katering
-6.8883837,107.615672,Katering
-6.8897924,107.6158406,Katering
-6.8895414,107.6162461,Katering
-6.8894273,107.6161589,Katering
-6.8885934,107.6157335,Katering
-6.887948,107.6155054,Katering
-6.8897156,107.6155163,Katering
-6.8894248,107.6161882,Katering
-6.8880494,107.6152539,Katering
-6.8875422,107.6153737,Katering
-6.8882793,107.615636,Katering
-6.9165847,107.6005901,Katering
-6.8866152,107.613184,Katering
-6.8812498,107.6117848,Katering
-6.8979085,107.6131797,Katering
-6.8950794,107.5599771,Katering
-6.9594916,107.6996933,Katering
-6.9414209,107.6267707,Katering
-6.9386826,107.6241875,Katering
-6.9385697,107.6240745,Katering
-6.9372816,107.6226773,Katering
-6.9378566,107.6233102,Katering
-6.9090414,107.6109495,Katering
-6.9309559,107.676151,Katering
-6.9405229,107.6263702,Katering
-6.8690585,107.5937257,Katering
-6.9593973,107.6946449,Katering
-6.9578772,107.6947776,Katering
-6.9553477,107.6968542,Katering
-6.8579813,107.5941032,Katering
-6.9554997,107.6978697,Katering
-6.9554821,107.6979267,Katering
-6.95455,107.6988241,Katering
-6.9554297,107.6980191,Katering
-6.9596553,107.6986534,Katering
-6.9554923,107.6967853,Katering
-6.9552216,107.697204,Katering
-6.9549358,107.697337,Katering
-6.9546884,107.6975191,Katering
-6.94559,107.7056451,Katering
-6.9143573,107.6323363,Katering
-6.9557432,107.697312,Katering
-6.9557174,107.6973489,Katering
-6.9035058,107.6041268,Katering
-6.886874,107.6233729,Katering
-6.9196996,107.6087865,Katering
-6.9166642,107.6167624,Katering
-6.9124509,107.5985737,Katering
-6.9064704,107.5957325,Katering
-6.9124771,107.5993197,Katering
-6.9124674,107.5987521,Katering
-6.927444,107.6352768,Katering
-6.9269491,107.6343391,Katering
-6.9267388,107.6340585,Katering
-6.9271837,107.6348004,Katering
-6.9270839,107.6345955,Katering
-6.9242636,107.6275601,Katering
-6.9269543,107.6344668,Katering
-6.9575614,107.6948376,Katering
-6.9402128,107.6256352,Katering
-6.9439157,107.7140447,Katering
-6.9595771,107.5799942,Katering
-6.9599952,107.580528,Katering
-6.9598461,107.5805535,Katering
-6.960119,107.5805696,Katering
-6.9178815,107.5813035,Katering
-6.8778043,107.6171442,Katering
-6.8782672,107.6168953,Katering
-6.9085799,107.6092991,Katering
-6.9150163,107.6016859,Katering
-6.8926555,107.6043715,Katering
-6.9544415,107.6978529,Katering
-6.9127986,107.6087958,Katering
-6.9079689,107.613069,Katering
-6.9270689,107.6192846,Katering
-6.9280383,107.6187527,Katering
-6.9176171,107.6307007,Katering
-6.8898697,107.6132228,Katering
-6.9176499,107.7065234,Katering
-6.9131759,107.7033826,Katering
-6.9169743,107.7074982,Katering
-6.9153485,107.7091696,Katering
-6.9169971,107.7074644,Katering
-6.9154287,107.7094211,Katering
-6.8927142,107.6134771,Katering
-6.8948816,107.6127494,Katering
-6.8963411,107.6132718,Katering
-6.9095088,107.6111162,Katering
-6.9095556,107.6113091,Katering
-6.8918716,107.6133905,Katering
-6.8980342,107.6163401,Katering
-6.8984383,107.6159839,Katering
-6.9592104,107.7010735,Katering
-6.8921407,107.6124655,Katering
-6.8892293,107.6131281,Katering
-6.8881675,107.6152842,Katering
-6.8856391,107.6142741,Katering
-6.8914987,107.6172107,Katering
-6.8898536,107.6160484,Katering
-6.8855907,107.6148415,Katering
-6.8889548,107.6155118,Katering
-6.9310198,107.625839,Katering
-6.9000525,107.6529964,Katering
-6.9271073,107.6332585,Katering
-6.9266876,107.6333859,Katering
-6.9273344,107.633275,Katering
-6.9279161,107.6362954,Katering
-6.9299892,107.6352792,Katering
-6.9280321,107.6370132,Katering
-6.8970967,107.6365302,Katering
-6.8907528,107.6161511,Katering
-6.8918942,107.6166874,Katering
-6.8914827,107.6156109,Katering
-6.8906056,107.6160495,Katering
-6.8918848,107.6166415,Katering
-6.953359,107.6977998,Katering
-6.9546571,107.60966,Katering
-6.9538518,107.6060474,Katering
-6.9541862,107.6085023,Katering
-6.9536319,107.6072452,Katering
-6.9534019,107.606648,Katering
-6.9529348,107.5992771,Katering
-6.9537584,107.6075403,Katering
-6.9530597,107.6043045,Katering
-6.9529331,107.5992344,Katering
-6.953275,107.6040159,Katering
-6.9542802,107.6076389,Katering
-6.954554,107.6081941,Katering
-6.8765407,107.6181533,Katering
-6.875312,107.6184837,Katering
-6.8811227,107.6119462,Katering
-6.8836294,107.6140853,Katering
-6.947297,107.7064597,Katering
-6.8917073,107.6134038,Katering
-6.8964979,107.6130858,Katering
-6.9008433,107.612496,Katering
-6.8952504,107.6131845,Katering
-6.9096731,107.6162313,Katering
-6.894465,107.5983911,Katering
-6.8963792,107.5987441,Katering
-6.8940407,107.5985376,Katering
-6.9045533,107.6714693,Katering
-6.8845767,107.6135622,Katering
-6.8832063,107.6113047,Katering
-6.9061934,107.6151485,Katering
-6.9384125,107.6243466,Katering
-6.9406925,107.6265764,Katering
-6.8915557,107.6043872,Katering
-6.8937287,107.5995911,Katering
-6.8943944,107.6039259,Katering
-6.9130852,107.6465293,Katering
-6.9138853,107.6450839,Katering
-6.9129243,107.6516685,Katering
-6.9127413,107.6525613,Katering
-6.9137891,107.6448969,Katering
-6.912805,107.6490196,Katering
-6.9126104,107.6538134,Katering
-6.9126494,107.6506356,Katering
-6.9122734,107.6537021,Katering
-6.9123773,107.6525651,Katering
-6.9127387,107.6526405,Katering
-6.9124721,107.6517295,Katering
-6.9127618,107.6493448,Katering
-6.9182472,107.5813747,Katering
-6.9183459,107.5849341,Katering
-6.9182475,107.5804134,Katering
-6.9145659,107.6377122,Katering
-6.9205271,107.6135394,Katering
-6.8770552,107.617856,Katering
-6.8775925,107.6174203,Katering
-6.8775429,107.6170574,Katering
-6.8774561,107.6170449,Katering
-6.8784466,107.613982,Katering
-6.9155978,107.5937096,Katering
-6.8815954,107.616259,Katering
-6.8922258,107.628763,Katering
-6.8879203,107.6242164,Katering
-6.8919188,107.630091,Katering
-6.8910393,107.6251659,Katering
-6.8872565,107.6234177,Katering
-6.8875334,107.62362,Katering
-6.8909919,107.6269369,Katering
-6.9368512,107.6223351,Katering
-6.896948,107.614857,Katering
-6.9066218,107.6131991,Katering
-6.9067598,107.6145458,Katering
-6.9061428,107.6161804,Katering
-6.9062454,107.6157037,Katering
-6.90586,107.6178486,Katering
-6.9057747,107.6193288,Katering
-6.9062859,107.6180785,Katering
-6.9058137,107.617351,Katering
-6.9057602,107.6191803,Katering
-6.9058918,107.6184481,Katering
-6.9060537,107.6221924,Katering
-6.9077486,107.622716,Katering
-6.9070949,107.6232606,Katering
-6.9081478,107.6226311,Katering
-6.9079114,107.6224437,Katering
-6.9054228,107.6193253,Katering
-6.9075049,107.6209281,Katering
-6.9069047,107.6200924,Katering
-6.9064186,107.6209169,Katering
-6.9070994,107.6208694,Katering
-6.9064483,107.6165251,Katering
-6.9065509,107.6162582,Katering
-6.8798069,107.6142771,Katering
-6.914557,107.6292476,Katering
-6.9140149,107.6296844,Katering
-6.9123448,107.6286759,Katering
-6.914775,107.6293298,Katering
-6.9165886,107.6306212,Katering
-6.9163793,107.6305265,Katering
-6.9117289,107.628104,Katering
-6.912993,107.6291312,Katering
-6.9153705,107.6301256,Katering
-6.9127525,107.6281915,Katering
-6.9123566,107.6281132,Katering
-6.9085147,107.6247093,Katering
-6.9090901,107.6253905,Katering
-6.9111364,107.6276007,Katering
-6.9254817,107.6194728,Katering
-6.8965327,107.6158271,Katering
-6.896566,107.6157874,Katering
-6.8965223,107.6157986,Katering
-6.8965441,107.6158755,Katering
-6.8965588,107.6157818,Katering
-6.9158281,107.7047218,Katering
-6.9167464,107.7052678,Katering
-6.9166008,107.7051205,Katering
-6.8894696,107.5813872,Katering
-6.8895141,107.5813579,Katering
-6.8894107,107.5813624,Katering
-6.8852291,107.6181781,Katering
-6.8849634,107.6174846,Katering
-6.8849064,107.6181821,Katering
-6.9221992,107.6060186,Katering
-6.9227525,107.60621,Katering
-6.922482,107.6059797,Katering
-6.9159984,107.6963768,Katering
-6.9158042,107.6963546,Katering
-6.9144782,107.6966487,Katering
-6.8904694,107.6168822,Katering
-6.9142631,107.6051053,Katering
-6.9601035,107.700902,Katering
-6.9194978,107.608165,Katering
-6.917655,107.6694901,Katering
-6.9546856,107.6436149,Katering
-6.9540686,107.6404191,Katering
-6.9433141,107.6421598,Katering
-6.9547091,107.6085814,Katering
-6.9547382,107.608646,Katering
-6.9124766,107.6923993,Katering
-6.8889156,107.6182403,Katering
-6.8889401,107.6184435,Katering
-6.8889393,107.6182083,Katering
-6.9186865,107.7073793,Katering
-6.9184139,107.7070387,Katering
-6.8855117,107.6147103,Katering
-6.8804358,107.6120432,Katering
-6.8807838,107.6119828,Katering
-6.8801156,107.6119668,Katering
-6.8808402,107.6118428,Katering
-6.8801825,107.6120879,Katering
-6.8802063,107.611954,Katering
-6.9164001,107.6093829,Katering
-6.9456193,107.5941615,Katering
-6.9457145,107.5928993,Katering
-6.9598801,107.6900001,Katering
-6.8807658,107.6119795,Katering
-6.8981648,107.6141504,Katering
-6.9065558,107.6438935,Katering
-6.916519,107.6435029,Katering
-6.91627,107.6434722,Katering
-6.9166054,107.6435206,Katering
-6.9164822,107.6434968,Katering
-6.9163429,107.6434817,Katering
-6.9167521,107.6435496,Katering
-6.9324628,107.6184606,Katering
-6.9066952,107.6128619,Finansial
-6.8912467,107.5812981,Finansial
-6.8873686,107.5810974,Finansial
-6.8853374,107.5810733,Finansial
-6.9227418,107.6178185,Finansial
-6.9080029,107.5818657,Finansial
-6.9062001,107.6301011,Finansial
-6.8813709,107.5815729,Finansial
-6.899322,107.6167588,Finansial
-6.8919627,107.6150806,Finansial
-6.86311,107.5950231,Finansial
-6.8603153,107.5937226,Finansial
-6.8817136,107.581199,Finansial
-6.8743115,107.5962133,Finansial
-6.8927761,107.6102525,Finansial
-6.8943365,107.6086995,Finansial
-6.8679155,107.5938618,Finansial
-6.8724319,107.5949348,Finansial
-6.8721205,107.594688,Finansial
-6.9000501,107.5992194,Finansial
-6.9047002,107.6030939,Finansial
-6.8946717,107.6048845,Finansial
-6.8947462,107.6048524,Finansial
-6.8963146,107.6037017,Finansial
-6.8816486,107.5815694,Finansial
-6.8815367,107.5816177,Finansial
-6.8892431,107.5816821,Finansial
-6.8851955,107.5812154,Finansial
-6.8903923,107.611891,Finansial
-6.913433,107.6042175,Finansial
-6.9219323,107.6162553,Finansial
-6.8930682,107.6056337,Finansial
-6.9278753,107.6439142,Finansial
-6.9461512,107.6309109,Finansial
-6.9248506,107.6294518,Finansial
-6.8785975,107.6164936,Finansial
-6.9063385,107.6168761,Finansial
-6.9040062,107.6666729,Finansial
-6.933979,107.7163436,Finansial
-6.89997,107.6422716,Finansial
-6.9155841,107.606741,Finansial
-6.9133418,107.6029045,Finansial
-6.8768183,107.6179003,Finansial
-6.8783078,107.6168926,Finansial
-6.8774844,107.617498,Finansial
-6.8798805,107.6164916,Finansial
-6.9025275,107.5973567,Finansial
-6.9434119,107.6636615,Finansial
-6.9434247,107.6636606,Finansial
-6.9434352,107.66366,Finansial
-6.9433994,107.663687,Finansial
-6.8904946,107.5720151,Finansial
-6.8904878,107.5720307,Finansial
-6.8904829,107.5720435,Finansial
-6.89048,107.5720603,Finansial
-6.8908922,107.5720376,Finansial
-6.8724969,107.5949346,Finansial
-6.8940142,107.5863942,Finansial
-6.9133546,107.6591866,Finansial
-6.9430938,107.641704,Finansial
-6.9131158,107.6585605,Finansial
-6.9147667,107.6365085,Finansial
-6.9155124,107.6441032,Finansial
-6.9147431,107.6373048,Finansial
-6.9136046,107.6601745,Finansial
-6.9047047,107.6104387,Finansial
-6.9445428,107.6413985,Finansial
-6.8756622,107.604257,Finansial
-6.8757208,107.6044394,Finansial
-6.8736821,107.6047827,Finansial
-6.8732201,107.6070599,Finansial
-6.9126825,107.5749681,Finansial
-6.9108316,107.5979708,Finansial
-6.9168272,107.5974042,Finansial
-6.9174541,107.5981815,Finansial
-6.9118268,107.6275366,Finansial
-6.9004368,107.6341371,Finansial
-6.9144646,107.6125011,Finansial
-6.9104818,107.6404147,Finansial
-6.9042197,107.6036441,Finansial
-6.9156586,107.6047668,Finansial
-6.9184886,107.605099,Finansial
-6.9217367,107.5983104,Finansial
-6.9219257,107.5983159,Finansial
-6.9236485,107.5986679,Finansial
-6.924442,107.5989066,Finansial
-6.9058863,107.5968899,Finansial
-6.8873918,107.5966257,Finansial
-6.8980097,107.5934612,Finansial
-6.894012,107.5864359,Finansial
-6.9275132,107.6630682,Finansial
-6.9273464,107.6634419,Finansial
-6.8815117,107.581158,Finansial
-6.880034,107.5764077,Finansial
-6.8775263,107.6065891,Finansial
-6.8775263,107.6066065,Finansial
-6.9610582,107.6244472,Finansial
-6.9142981,107.6984558,Finansial
-6.9069352,107.612842,Finansial
-6.9065231,107.6124211,Finansial
-6.8924483,107.6043271,Finansial
-6.883818,107.5964177,Finansial
-6.9205577,107.6009935,Finansial
-6.9085754,107.6240079,Finansial
-6.9056325,107.6206448,Finansial
-6.9070302,107.6435138,Finansial
-6.9071288,107.6434205,Finansial
-6.8783802,107.5964898,Finansial
-6.9030179,107.6168478,Finansial
-6.910749,107.6107848,Finansial
-6.9169992,107.6113524,Finansial
-6.9119095,107.6088482,Finansial
-6.8997003,107.6292199,Finansial
-6.8997612,107.6408219,Finansial
-6.9023922,107.6592883,Finansial
-6.9046258,107.6513104,Finansial
-6.9178459,107.6091952,Finansial
-6.9322762,107.715273,Finansial
-6.9044988,107.6690485,Finansial
-6.9116411,107.690924,Finansial
-6.9079745,107.6879852,Finansial
-6.9132852,107.695072,Finansial
-6.9041535,107.6695851,Finansial
-6.9045024,107.6754516,Finansial
-6.9061762,107.648451,Finansial
-6.8973592,107.6123994,Finansial
-6.8973948,107.6123977,Finansial
-6.8974291,107.6123969,Finansial
-6.9145254,107.6126103,Finansial
-6.8960054,107.5996589,Finansial
-6.9007418,107.6455991,Finansial
-6.8960437,107.5996516,Finansial
-6.8937094,107.6383942,Finansial
-6.8966105,107.5970577,Finansial
-6.9030226,107.5973926,Finansial
-6.904195,107.6038352,Finansial
-6.9080619,107.6240454,Finansial
-6.9281362,107.6375778,Finansial
-6.8994915,107.6398198,Finansial
-6.8923895,107.6103213,Finansial
-6.9039178,107.5978256,Finansial
-6.9141892,107.6042621,Finansial
-6.8930713,107.6056125,Finansial
-6.9400177,107.6635647,Finansial
-6.9441185,107.6417523,Finansial
-6.9133304,107.6029041,Finansial
-6.9037531,107.6085789,Finansial
-6.8844195,107.6137327,Finansial
-6.8646324,107.5924119,Finansial
-6.932585,107.5760078,Finansial
-6.9326086,107.5759403,Finansial
-6.9326384,107.5758781,Finansial
-6.9326718,107.5757872,Finansial
-6.9327047,107.5756835,Finansial
-6.8603175,107.5936687,Finansial
-6.860316,107.5937108,Finansial
-6.8852565,107.6116544,Finansial
-6.8917777,107.6173758,Finansial
-6.8861285,107.613851,Finansial
-6.8946539,107.6164585,Finansial
-6.8901887,107.6189331,Finansial
-6.8886825,107.615853,Finansial
-6.886659,107.6137934,Finansial
-6.8866585,107.6137791,Finansial
-6.8866578,107.6137651,Finansial
-6.8866574,107.6137528,Finansial
-6.9350004,107.5927531,Finansial
-6.9351122,107.5915984,Finansial
-6.9063089,107.6191628,Finansial
-6.9062783,107.6191615,Finansial
-6.9062503,107.6191534,Finansial
-6.906217,107.6191547,Finansial
-6.9061824,107.6191547,Finansial
-6.9015732,107.6195088,Finansial
-6.8993537,107.6129602,Finansial
-6.9054415,107.6185741,Finansial
-6.9054415,107.6185244,Finansial
-6.9062876,107.6182884,Finansial
-6.9098889,107.6116633,Finansial
-6.9047791,107.6285237,Finansial
-6.908752,107.6269251,Finansial
-6.9087599,107.6269533,Finansial
-6.9083086,107.6213153,Finansial
-6.8851689,107.6204509,Finansial
-6.8851819,107.6204922,Finansial
-6.8849614,107.619721,Finansial
-6.8886159,107.6188214,Finansial
-6.8879476,107.6152005,Finansial
-6.8946226,107.6138339,Finansial
-6.8946253,107.6138812,Finansial
-6.8904585,107.6164509,Finansial
-6.8866938,107.6150811,Finansial
-6.8867107,107.6151542,Finansial
-6.9195625,107.5924574,Finansial
-6.9225507,107.5911696,Finansial
-6.9225531,107.5912311,Finansial
-6.9225555,107.5911696,Finansial
-6.9263195,107.5934482,Finansial
-6.9258912,107.5919232,Finansial
-6.920005,107.5864944,Finansial
-6.9204575,107.5864341,Finansial
-6.9204185,107.5860889,Finansial
-6.9205943,107.5864158,Finansial
-6.9197463,107.5865284,Finansial
-6.919266,107.5866095,Finansial
-6.8916992,107.6271715,Finansial
-6.8969645,107.6197267,Finansial
-6.8973453,107.6219349,Finansial
-6.8989616,107.6232703,Finansial
-6.8775171,107.6170184,Finansial
-6.8792816,107.6158228,Finansial
-6.8830632,107.6088638,Finansial
-6.8798172,107.6118467,Finansial
-6.8830226,107.6098005,Finansial
-6.8827937,107.610751,Finansial
-6.886272,107.6043161,Finansial
-6.8806832,107.5988719,Finansial
-6.8770134,107.6177799,Finansial
-6.8770229,107.6177972,Finansial
-6.8631591,107.6248467,Finansial
-6.8631731,107.6248551,Finansial
-6.8775577,107.6201049,Finansial
-6.8673689,107.6246184,Finansial
-6.8673613,107.6246097,Finansial
-6.8691764,107.6209575,Finansial
-6.8691668,107.6209579,Finansial
-6.8691941,107.6209585,Finansial
-6.8674538,107.6208945,Finansial
-6.8622697,107.6182683,Finansial
-6.8744847,107.6194498,Finansial
-6.867101,107.6251046,Finansial
-6.8726499,107.6196396,Finansial
-6.8769931,107.6177553,Finansial
-6.8683086,107.6186438,Finansial
-6.8796634,107.6165812,Finansial
-6.9045941,107.6082435,Finansial
-6.90142,107.6086606,Finansial
-6.8971729,107.6037656,Finansial
-6.8970771,107.6037629,Finansial
-6.8969719,107.6037669,Finansial
-6.9041228,107.6038662,Finansial
-6.9041214,107.6037937,Finansial
-6.9040928,107.6041156,Finansial
-6.8995295,107.6091528,Finansial
-6.9239915,107.5859111,Finansial
-6.9239985,107.5859034,Finansial
-6.8840703,107.611725,Finansial
-6.9431512,107.5911123,Finansial
-6.9044537,107.6041675,Finansial
-6.920523,107.60821,Finansial
-6.9005382,107.6089578,Finansial
-6.9062319,107.6298472,Finansial
-6.9378771,107.6767726,Finansial
-6.9418701,107.5660823,Finansial
-6.8878267,107.613897,Finansial
-6.887842,107.613897,Finansial
-6.8878599,107.613897,Finansial
-6.8911026,107.6136339,Finansial
-6.8911248,107.613635,Finansial
-6.891145,107.613636,Finansial
-6.9149895,107.6022638,Finansial
-6.9128158,107.6021742,Finansial
-6.9438124,107.628993,Finansial
-6.9412463,107.6271905,Finansial
-6.9441682,107.6293537,Finansial
-6.924133,107.7118432,Finansial
-6.9230739,107.7198368,Finansial
-6.919265,107.7084569,Finansial
-6.9299748,107.7124594,Finansial
-6.9300134,107.7124755,Finansial
-6.9325808,107.7162715,Finansial
-6.9433702,107.6073591,Finansial
-6.9535656,107.6110028,Finansial
-6.9536821,107.6110404,Finansial
-6.9405692,107.6069587,Finansial
-6.9440944,107.6056525,Finansial
-6.9440938,107.6056404,Finansial
-6.9426027,107.6032908,Finansial
-6.94051,107.6032861,Finansial
-6.9427652,107.6032506,Finansial
-6.9292739,107.6008219,Finansial
-6.9208632,107.5929791,Finansial
-6.9204578,107.6004001,Finansial
-6.9211015,107.5964016,Finansial
-6.913601,107.6046733,Finansial
-6.9136331,107.6046703,Finansial
-6.927448,107.6055439,Finansial
-6.9301279,107.6035778,Finansial
-6.9239572,107.6053481,Finansial
-6.9230893,107.6044251,Finansial
-6.9233941,107.6008286,Finansial
-6.9084298,107.5786521,Finansial
-6.9098956,107.578015,Finansial
-6.9068368,107.5858913,Finansial
-6.9068374,107.5858646,Finansial
-6.9068374,107.585839,Finansial
-6.9082607,107.5787231,Finansial
-6.9026662,107.6549046,Finansial
-6.9026383,107.6548938,Finansial
-6.9068062,107.595558,Finansial
-6.9068275,107.595554,Finansial
-6.899604,107.6341523,Finansial
-6.8921149,107.6326382,Finansial
-6.9064726,107.6471624,Finansial
-6.9064939,107.6471731,Finansial
-6.9024705,107.6591492,Finansial
-6.9037174,107.6530579,Finansial
-6.9037047,107.6530518,Finansial
-6.914088,107.6450944,Finansial
-6.944611,107.6437332,Finansial
-6.9301998,107.6489514,Finansial
-6.9129937,107.6466303,Finansial
-6.9129893,107.6466152,Finansial
-6.9129857,107.6465991,Finansial
-6.9215683,107.6445936,Finansial
-6.924342,107.6461565,Finansial
-6.9113614,107.6437479,Finansial
-6.9115345,107.643764,Finansial
-6.9334615,107.6461485,Finansial
-6.9402697,107.6435508,Finansial
-6.9219163,107.6454578,Finansial
-6.9220894,107.6477927,Finansial
-6.9223557,107.6497333,Finansial
-6.9227897,107.651234,Finansial
-6.9367771,107.6578899,Finansial
-6.9359284,107.6549287,Finansial
-6.9290635,107.7199823,Finansial
-6.9290529,107.7199857,Finansial
-6.9290389,107.7199897,Finansial
-6.9116835,107.6908777,Finansial
-6.9161047,107.7054327,Finansial
-6.9293284,107.6381653,Finansial
-6.9293164,107.6381707,Finansial
-6.9158298,107.633713,Finansial
-6.8931602,107.6050892,Finansial
-6.9262466,107.6337713,Finansial
-6.8925571,107.5832671,Finansial
-6.914325,107.7014449,Finansial
-6.9382341,107.6279139,Finansial
-6.9389656,107.6065406,Finansial
-6.9390235,107.6065181,Finansial
-6.9390362,107.6064762,Finansial
-6.8795179,107.6120848,Finansial
-6.9560103,107.6939345,Finansial
-6.9074375,107.6090451,Finansial
-6.955502,107.697116,Finansial
-6.9555152,107.6971171,Finansial
-6.9057554,107.620539,Finansial
-6.9210178,107.6072349,Finansial
-6.9045698,107.6715567,Finansial
-6.9045106,107.671385,Finansial
-6.9086468,107.6117096,Finansial
-6.9086667,107.6117183,Finansial
-6.9086821,107.6116949,Finansial
-6.9086654,107.6116962,Finansial
-6.9082933,107.6112282,Finansial
-6.9086295,107.6117257,Finansial
-6.9083,107.6111946,Finansial
-6.9082181,107.6112905,Finansial
-6.8957856,107.6170827,Finansial
-6.8979917,107.619026,Finansial
-6.9086494,107.6117358,Finansial
-6.9083033,107.61121,Finansial
-6.8979684,107.619028,Finansial
-6.8979405,107.6190273,Finansial
-6.9083366,107.6090428,Finansial
-6.9260274,107.6362994,Finansial
-6.9259289,107.6364952,Finansial
-6.925471,107.6367339,Finansial
-6.9254204,107.6364201,Finansial
-6.9083978,107.6091126,Finansial
-6.9260834,107.6363665,Finansial
-6.9254648,107.6367938,Finansial
-6.924981,107.6366106,Finansial
-6.9255482,107.636809,Finansial
-6.9254869,107.6363611,Finansial
-6.9082194,107.608961,Finansial
-6.9080796,107.6091179,Finansial
-6.9346889,107.6126048,Finansial
-6.9372091,107.6101687,Finansial
-6.9082167,107.6090066,Finansial
-6.9081329,107.6091313,Finansial
-6.9081954,107.6090616,Finansial
-6.9081036,107.6091018,Finansial
-6.9297531,107.6160447,Finansial
-6.9309427,107.6156048,Finansial
-6.930086,107.6159341,Finansial
-6.9306897,107.6157638,Finansial
-6.9270066,107.6167609,Finansial
-6.922379,107.6187088,Finansial
-6.9225567,107.6170948,Finansial
-6.9227471,107.6181369,Finansial
-6.9224089,107.6188631,Finansial
-6.9188802,107.6181643,Finansial
-6.9178305,107.6182341,Finansial
-6.9178344,107.6182576,Finansial
-6.9178381,107.6183114,Finansial
-6.9178404,107.61833,Finansial
-6.9187611,107.6181757,Finansial
-6.9178378,107.6182911,Finansial
-6.9169851,107.617872,Finansial
-6.9119732,107.6186196,Finansial
-6.9150666,107.6192003,Finansial
-6.9119472,107.6186492,Finansial
-6.9119632,107.6186351,Finansial
-6.9382168,107.6237165,Finansial
-6.9372976,107.608031,Finansial
-6.9383387,107.6186357,Finansial
-6.9378547,107.6179873,Finansial
-6.9373349,107.6233618,Finansial
-6.9377695,107.6172967,Finansial
-6.9384804,107.6169359,Finansial
-6.9372224,107.6217753,Finansial
-6.9377476,107.6172926,Finansial
-6.937347,107.6233823,Finansial
-6.9383496,107.6238205,Finansial
-6.9373861,107.6234061,Finansial
-6.9385307,107.6240344,Finansial
-6.9387261,107.6247358,Finansial
-6.8966217,107.5970969,Finansial
-6.8893402,107.5957176,Finansial
-6.9028167,107.597341,Finansial
-6.9059481,107.5967194,Finansial
-6.8967782,107.5970668,Finansial
-6.8893256,107.5956653,Finansial
-6.8894747,107.5957324,Finansial
-6.9058043,107.5966644,Finansial
-6.8892643,107.5957806,Finansial
-6.8892563,107.5957055,Finansial
-6.8893043,107.5958075,Finansial
-6.889299,107.5957458,Finansial
-6.905996,107.5969219,Finansial
-6.8981688,107.5968461,Finansial
-6.9058509,107.5966644,Finansial
-6.9058948,107.5967006,Finansial
-6.9056991,107.5966296,Finansial
-6.90694,107.5997463,Finansial
-6.9067988,107.6001956,Finansial
-6.9071876,107.6023507,Finansial
-6.9193788,107.6229125,Finansial
-6.9176714,107.6267407,Finansial
-6.9212899,107.619138,Finansial
-6.945849,107.5943014,Finansial
-6.9458683,107.594296,Finansial
-6.9452753,107.5955406,Finansial
-6.9238188,107.6053374,Finansial
-6.926532,107.605792,Finansial
-6.923908,107.6053675,Finansial
-6.9235499,107.6052582,Finansial
-6.9236364,107.6053427,Finansial
-6.9308242,107.603543,Finansial
-6.9229687,107.6064773,Finansial
-6.9199313,107.6102364,Finansial
-6.9211195,107.6099695,Finansial
-6.9199,107.6098897,Finansial
-6.9215309,107.6089496,Finansial
-6.9214277,107.6101968,Finansial
-6.9213845,107.6102022,Finansial
-6.921674,107.6093633,Finansial
-6.9199872,107.6101854,Finansial
-6.9156464,107.6090985,Finansial
-6.9153195,107.6088095,Finansial
-6.9147617,107.6088014,Finansial
-6.9162854,107.6079579,Finansial
-6.9160957,107.6095806,Finansial
-6.8937552,107.6058711,Finansial
-6.8970058,107.6038239,Finansial
-6.8937099,107.60534,Finansial
-6.8971296,107.6038293,Finansial
-6.8931667,107.6053119,Finansial
-6.8975091,107.6041424,Finansial
-6.8596879,107.5918816,Finansial
-6.9559874,107.6939866,Finansial
-6.955936,107.6939008,Finansial
-6.9139615,107.6290494,Finansial
-6.8969569,107.5922281,Finansial
-6.9239419,107.6968174,Finansial
-6.9429823,107.6275703,Finansial
-6.9559146,107.6939552,Finansial
-6.9559744,107.6939153,Finansial
-6.887965,107.611813,Finansial
-6.8923634,107.6103195,Finansial
-6.8879735,107.6116676,Finansial
-6.9393018,107.6654506,Finansial
-6.8970136,107.5914666,Finansial
-6.8906725,107.609244,Finansial
-6.8906453,107.609236,Finansial
-6.9559483,107.6939681,Finansial
-6.8690181,107.5937294,Finansial
-6.9333294,107.6971436,Finansial
-6.9333195,107.6972037,Finansial
-6.9333288,107.6970837,Finansial
-6.9333261,107.6971128,Finansial
-6.9333305,107.697176,Finansial
-6.9458393,107.7056371,Finansial
-6.945842,107.7056524,Finansial
-6.9125771,107.6515645,Finansial
-6.9297031,107.7118385,Finansial
-6.9581442,107.6947297,Finansial
-6.9573654,107.6948884,Finansial
-6.9342085,107.6336789,Finansial
-6.8954093,107.6088319,Finansial
-6.9573623,107.6948735,Finansial
-6.8692006,107.6208893,Finansial
-6.9594428,107.5800584,Finansial
-6.9013931,107.6214457,Finansial
-6.9058008,107.6210556,Finansial
-6.9176787,107.5983489,Finansial
-6.9300607,107.6442083,Finansial
-6.8932526,107.6127704,Finansial
-6.8995141,107.6130293,Finansial
-6.9171179,107.7055306,Finansial
-6.8871013,107.6132241,Finansial
-6.8859386,107.6140136,Finansial
-6.8859362,107.6139903,Finansial
-6.8896172,107.6136462,Finansial
-6.8920398,107.6134003,Finansial
-6.9555107,107.6971133,Finansial
-6.9555065,107.697115,Finansial
-6.9555167,107.6971219,Finansial
-6.8979158,107.6190238,Finansial
-6.9315134,107.6257215,Finansial
-6.9314491,107.6256869,Finansial
-6.9280862,107.6372712,Finansial
-6.9324683,107.6348388,Finansial
-6.8979019,107.6359856,Finansial
-6.9147123,107.6025342,Finansial
-6.9146967,107.6025346,Finansial
-6.9146827,107.6025358,Finansial
-6.9545516,107.6094075,Finansial
-6.9547793,107.6088003,Finansial
-6.9514913,107.7058002,Finansial
-6.9514913,107.7058034,Finansial
-6.883658,107.6138788,Finansial
-6.9438446,107.7106049,Finansial
-6.9438442,107.7106013,Finansial
-6.9018581,107.6116066,Finansial
-6.9057369,107.6103818,Finansial
-6.9041023,107.6111899,Finansial
-6.9034984,107.6114475,Finansial
-6.9020131,107.6121621,Finansial
-6.9000158,107.6129284,Finansial
-6.8951922,107.598484,Finansial
-6.8951525,107.5984942,Finansial
-6.8955109,107.5982191,Finansial
-6.9043818,107.6693627,Finansial
-6.9396222,107.6263755,Finansial
-6.8919107,107.603993,Finansial
-6.8911637,107.599327,Finansial
-6.8911672,107.5994031,Finansial
-6.9138306,107.6443185,Finansial
-6.9127467,107.6494924,Finansial
-6.9128198,107.6488746,Finansial
-6.9122505,107.6537898,Finansial
-6.9128148,107.6489066,Finansial
-6.9122569,107.6538757,Finansial
-6.9179861,107.5818424,Finansial
-6.91868,107.5873767,Finansial
-6.9179404,107.5792196,Finansial
-6.9179353,107.5791797,Finansial
-6.8770209,107.6177927,Finansial
-6.891993,107.630828,Finansial
-6.8882879,107.6249727,Finansial
-6.8919885,107.6308675,Finansial
-6.8919893,107.6308499,Finansial
-6.8923192,107.6287322,Finansial
-6.8919877,107.6308975,Finansial
-6.8919886,107.6309122,Finansial
-6.8919881,107.6308818,Finansial
-6.9062956,107.6175155,Finansial
-6.9067709,107.6223043,Finansial
-6.9117545,107.6274308,Finansial
-6.9097297,107.6255152,Finansial
-6.9151222,107.7039118,Finansial
-6.9043422,107.6759341,Finansial
-6.912557,107.6515679,Finansial
-6.9125212,107.6515733,Finansial
-6.9318585,107.7149672,Finansial
-6.9056988,107.6208399,Finansial
-6.9546214,107.6436884,Finansial
-6.9193562,107.7080076,Finansial
-6.9572279,107.6895762,Finansial
-6.9523003,107.6983277,Finansial
-6.9522897,107.698357,Finansial
-6.9144028,107.639042,Finansial
-6.9593249,107.6517395,Olahraga
-6.9438665,107.6244719,Olahraga
-6.9114646,107.6200327,Olahraga
-6.8954072,107.6040332,Olahraga
-6.9170257,107.6078468,Olahraga
-6.8979842,107.645788,Olahraga
-6.8884932,107.5954155,Olahraga
-6.9134171,107.6223545,Olahraga
-6.9171428,107.6090066,Olahraga
-6.9629595,107.6506634,Olahraga
-6.918292,107.6178869,Olahraga
-6.8748167,107.6074487,Olahraga
-6.8802132,107.6038408,Olahraga
-6.8860495,107.6105887,Olahraga
-6.9558294,107.6966735,Olahraga
-6.910328,107.6195561,Olahraga
-6.9107968,107.6735692,Olahraga
-6.9598918,107.6948067,Olahraga
-6.8492662,107.5913545,Olahraga
-6.8919774,107.6124807,Olahraga
-6.8885672,107.613059,Olahraga
-6.9532728,107.6039277,Olahraga
-6.9539275,107.6061598,Olahraga
-6.8947115,107.5983078,Olahraga
-6.9178223,107.5774807,Olahraga
-6.8894704,107.5816423,Olahraga
-6.9454834,107.6305675,Olahraga
