tas_nit_id,n_points,avg_distance_to_stop,min_distance_to_stop,max_distance_to_stop,nearest_stop_name,street_name,highway_type,center_lat,center_lon,walking_class
10043935231_3448592238_STOP121,4,375.075,299.9,450.3,Leuwipanjang Soekarno Hatta,Jalan Soekarno-Hatta,trunk,-6.947358854440924,107.59676620661506,Dekat (200-400m)
10043935231_3448592238_STOP198,1,481.8,481.8,481.8,Karasak Lama,Jalan Soekarno-Hatta,trunk,-6.9474508540602224,107.59789281484366,Sedang (400-800m)
10043935232_10043935231_STOP121,1,304.4,304.4,304.4,Leuwipanjang Soekarno Hatta,,trunk_link,-6.947532699999992,107.5960773,Dekat (200-400m)
10043935232_10816174967_STOP121,2,279.45,254.5,304.4,Leuwipanjang Soekarno Hatta,Jalan Soekarno-Hatta,trunk,-6.947497234966626,107.59585401403605,Dekat (200-400m)
10101152064_10101152065_STOP154,1,80.8,80.8,80.8,Ditjen Bina Konstruksi Kementerian PU,Jalan Cihapit,tertiary,-6.907335183481348,107.62351954837877,Sangat Dekat (<200m)
10101152064_10101152065_STOP665,1,38.8,38.8,38.8,Simpang Brantas Cihapit 1,Jalan Cihapit,tertiary,-6.906472300000003,107.6245656,Sangat Dekat (<200m)
10101152064_10101152065_STOP692,2,35.699999999999996,12.1,59.3,Simpang Brantas Cihapit 2,Jalan Cihapit,tertiary,-6.906904486024523,107.62404318941124,Sangat Dekat (<200m)
10101152064_5369325245_STOP665,1,38.8,38.8,38.8,Simpang Brantas Cihapit 1,Jalan Cihapit,tertiary,-6.906472300000003,107.6245656,Sangat Dekat (<200m)
10101152065_10101152064_STOP154,1,87.6,87.6,87.6,Ditjen Bina Konstruksi Kementerian PU,Jalan Cihapit,tertiary,-6.907224384248807,107.6236544372742,Sangat Dekat (<200m)
10101152065_10101152064_STOP664,1,58.8,58.8,58.8,Pasar Cihapit 1,Jalan Cihapit,tertiary,-6.907514299999994,107.6233077,Sangat Dekat (<200m)
10101152065_10101152064_STOP665,1,9.3,9.3,9.3,Simpang Brantas Cihapit 1,Jalan Cihapit,tertiary,-6.90664931147474,107.62435195617796,Sangat Dekat (<200m)
10101152065_10101152064_STOP692,1,40.2,40.2,40.2,Simpang Brantas Cihapit 2,Jalan Cihapit,tertiary,-6.906937479979181,107.62400371907826,Sangat Dekat (<200m)
10101152065_1849525943_STOP41,2,29.15,9.4,48.9,Riau Cihapit,Jalan L.L. RE. Martadinata,secondary,-6.908014627116639,107.6237629614608,Sangat Dekat (<200m)
10101152065_1849525943_STOP510,1,10.4,10.4,10.4,bjb Riau,Jalan L.L. RE. Martadinata,secondary,-6.909332593721546,107.62530950714876,Sangat Dekat (<200m)
10101152065_1849525943_STOP560,2,26.3,7.4,45.2,HKBP Riau,Jalan L.L. RE. Martadinata,secondary,-6.9085902987875105,107.6244584420258,Sangat Dekat (<200m)
10101152065_1849525943_STOP561,2,26.15,18.8,33.5,Riau Aceh,Jalan L.L. RE. Martadinata,secondary,-6.909807376087876,107.62579343267618,Sangat Dekat (<200m)
10101152065_1849525943_STOP566,1,9.3,9.3,9.3,Riau Serayu,Jalan L.L. RE. Martadinata,secondary,-6.909022986498886,107.62498024921042,Sangat Dekat (<200m)
10101152065_1849525943_STOP664,1,58.8,58.8,58.8,Pasar Cihapit 1,Jalan L.L. RE. Martadinata,secondary,-6.907514299999994,107.6233077,Sangat Dekat (<200m)
10101152065_2520790639_STOP663,2,27.75,3.1,52.4,Polsek Bandung Wetan 1,Jalan Cihapit,tertiary,-6.908730117455993,107.62134658372186,Sangat Dekat (<200m)
10101152065_2520790639_STOP664,2,34.05,9.3,58.8,Pasar Cihapit 1,Jalan Cihapit,tertiary,-6.90764914395767,107.62312638141009,Sangat Dekat (<200m)
10101152065_2520790639_STOP693,1,40.7,40.7,40.7,Pasar Cihapit 2,Jalan Cihapit,tertiary,-6.908050166644426,107.62257985072848,Sangat Dekat (<200m)
10101152065_2520790639_STOP694,2,46.95,23.2,70.7,Polsek Bandung Wetan 2,Jalan Cihapit,tertiary,-6.908143758329117,107.62193197198854,Sangat Dekat (<200m)
10101152065_6639564151_STOP154,2,27.200000000000003,24.3,30.1,Ditjen Bina Konstruksi Kementerian PU,Jalan L.L. RE. Martadinata,secondary,-6.906986891012478,107.62288250731211,Sangat Dekat (<200m)
10101152065_6639564151_STOP508,1,46.0,46.0,46.0,Pengadilan Negeri Bandung,Jalan L.L. RE. Martadinata,secondary,-6.906533889790846,107.62238294580902,Sangat Dekat (<200m)
10101152065_6639564151_STOP509,2,27.7,3.8,51.6,Seberang Pengadilan Negeri Bandung,Jalan L.L. RE. Martadinata,secondary,-6.906198986604025,107.62179580635026,Sangat Dekat (<200m)
10101152065_6639564151_STOP664,1,58.8,58.8,58.8,Pasar Cihapit 1,Jalan L.L. RE. Martadinata,secondary,-6.907514299999994,107.6233077,Sangat Dekat (<200m)
10125360884_10125360885_STOP108,1,134.2,134.2,134.2,Puskesmas Kopo,,trunk_link,-6.946058799999998,107.5904505,Sangat Dekat (<200m)
10125360884_3272542990_STOP108,2,116.19999999999999,98.2,134.2,Puskesmas Kopo,Jalan Soekarno-Hatta,trunk,-6.945969523169668,107.59024286173965,Sangat Dekat (<200m)
10125360885_11369316680_STOP108,2,169.25,148.7,189.8,Puskesmas Kopo,Jalan Soekarno-Hatta,trunk,-6.945970321770991,107.59074793469685,Sangat Dekat (<200m)
10125360885_11369316680_STOP121,2,38.2,13.3,63.1,Leuwipanjang Soekarno Hatta,Jalan Soekarno-Hatta,trunk,-6.9469043771443735,107.59376745785876,Sangat Dekat (<200m)
10125360885_11369316680_STOP385,5,103.14000000000001,28.2,195.8,Seberang Terminal Leuwipanjang,Jalan Soekarno-Hatta,trunk,-6.946493977309041,107.592240290457,Sangat Dekat (<200m)
10125575435_12135879793_STOP121,1,208.7,208.7,208.7,Leuwipanjang Soekarno Hatta,Jalan Leuwi Panjang,primary,-6.947203700000004,107.5952745,Dekat (200-400m)
10125575435_3272382569_STOP121,1,208.7,208.7,208.7,Leuwipanjang Soekarno Hatta,Jalan Soekarno-Hatta,trunk,-6.947203700000004,107.5952745,Dekat (200-400m)
1013421522_5358212370_STOP239,1,35.4,35.4,35.4,Bandros Alun-alun,Jalan Dalem Kaum,secondary,-6.9225267000000095,107.6075166,Sangat Dekat (<200m)
1013421522_5852700917_STOP239,1,35.4,35.4,35.4,Bandros Alun-alun,"['Jalan Alun-alun Timur', 'Jalan Asia Afrika']",tertiary,-6.9225267000000095,107.6075166,Sangat Dekat (<200m)
1013421522_5852700917_STOP7,1,38.4,38.4,38.4,Alun-alun Bandung,"['Jalan Alun-alun Timur', 'Jalan Asia Afrika']",tertiary,-6.921258428042811,107.60749293286612,Sangat Dekat (<200m)
1013421522_5852700917_STOP788,2,29.5,22.0,37.0,Jalan Alun-alun Timur,"['Jalan Alun-alun Timur', 'Jalan Asia Afrika']",tertiary,-6.921865976506199,107.60761920444679,Sangat Dekat (<200m)
1013431926_7856163871_STOP318,2,61.1,36.3,85.9,Grand Yogya Kepatihan,Jalan Dewi Sartika,secondary,-6.9233123268938295,107.60633073154918,Sangat Dekat (<200m)
1013431926_7990471529_STOP307,3,67.2,19.3,116.0,Toko Mas ABC,Jalan Kepatihan,tertiary,-6.923211513746559,107.60456770093462,Sangat Dekat (<200m)
1013431926_7990471529_STOP318,3,66.2,36.3,101.1,Grand Yogya Kepatihan,Jalan Kepatihan,tertiary,-6.923409259580898,107.60589541322544,Sangat Dekat (<200m)
1013431927_7856163872_STOP307,3,50.4,11.7,94.7,Toko Mas ABC,Jalan Kepatihan,tertiary,-6.923153614920466,107.60438585909536,Sangat Dekat (<200m)
1013431927_7856163872_STOP318,4,88.225,53.6,122.2,Grand Yogya Kepatihan,Jalan Kepatihan,tertiary,-6.923222093303824,107.60587857437612,Sangat Dekat (<200m)
1013431927_7990471529_STOP307,1,11.7,11.7,11.7,Toko Mas ABC,Jalan Otto Iskandardinata,primary,-6.923115199999993,107.6039369,Sangat Dekat (<200m)
10134513808_10125575435_STOP121,1,199.7,199.7,199.7,Leuwipanjang Soekarno Hatta,Jalan Soekarno-Hatta,trunk,-6.947189700000003,107.5951948,Sangat Dekat (<200m)
10134513808_3272382565_STOP121,1,199.7,199.7,199.7,Leuwipanjang Soekarno Hatta,Jalan Leuwi Panjang,primary,-6.947189700000003,107.5951948,Sangat Dekat (<200m)
10134513809_10134513808_STOP121,1,205.1,205.1,205.1,Leuwipanjang Soekarno Hatta,Jalan Raya Cibaduyut,primary,-6.947381300000004,107.5951905,Dekat (200-400m)
10134513809_10816174969_STOP121,1,205.1,205.1,205.1,Leuwipanjang Soekarno Hatta,Jalan Soekarno-Hatta,trunk,-6.947381300000004,107.5951905,Dekat (200-400m)
1014721714_1014722257_STOP22,4,187.95,169.2,216.0,Sekolah Ganesha,Jalan Pelindung Hewan,tertiary,-6.9400464937161415,107.60490137855349,Sangat Dekat (<200m)
1014721714_1014722257_STOP593,3,124.2,89.4,162.4,Mohammad Toha Pelindung Hewan,Jalan Pelindung Hewan,tertiary,-6.940763028158899,107.6060700917576,Sangat Dekat (<200m)
1014721714_5353902941_STOP22,4,280.975,216.0,348.1,Sekolah Ganesha,,tertiary,-6.940230370095692,107.60397903314204,Dekat (200-400m)
1014722257_3110265322_STOP310,1,192.7,192.7,192.7,Madurasa Tengah,Jalan Mohammad Toha,primary,-6.943570828629787,107.6077888051616,Sangat Dekat (<200m)
1014722257_3110265322_STOP593,7,102.95714285714287,22.3,222.9,Mohammad Toha Pelindung Hewan,Jalan Mohammad Toha,primary,-6.941857053428267,107.60721447648382,Sangat Dekat (<200m)
1014722257_5348770323_STOP22,3,75.0,25.5,124.8,Sekolah Ganesha,Jalan Mohammad Toha,primary,-6.939710724151748,107.60650891850442,Sangat Dekat (<200m)
1014722257_5348770323_STOP227,2,46.55,22.3,70.8,Muhammad Toha 1 (PT INTI A),Jalan Mohammad Toha,primary,-6.938626236848944,107.60620712323214,Sangat Dekat (<200m)
1014722257_5348770323_STOP593,1,79.2,79.2,79.2,Mohammad Toha Pelindung Hewan,Jalan Mohammad Toha,primary,-6.940569500000002,107.6067904,Sangat Dekat (<200m)
1014722265_11380591251_STOP30,3,85.33333333333333,39.5,132.6,Terminal Abdul Muis/Kebon Kalapa,Jalan Pungkur,secondary,-6.927448548351342,107.60660545711313,Sangat Dekat (<200m)
1014722265_1831360476_STOP29,6,166.95000000000002,113.4,255.3,SDN 020 Lengkong Besar,Jalan Pungkur,secondary,-6.930492735925341,107.61154026284548,Sangat Dekat (<200m)
1014722265_1831360476_STOP30,1,132.6,132.6,132.6,Terminal Abdul Muis/Kebon Kalapa,Jalan Pungkur,secondary,-6.927488900000006,107.6070558,Sangat Dekat (<200m)
1014722265_1831360476_STOP470,9,117.44444444444444,12.7,242.8,Pasundan,Jalan Pungkur,secondary,-6.9282496948183905,107.60906023731951,Sangat Dekat (<200m)
1014722585_1014722265_STOP30,2,136.7,130.4,143.0,Terminal Abdul Muis/Kebon Kalapa,Jalan Mohammad Toha,secondary,-6.928028025202861,107.60701025975342,Sangat Dekat (<200m)
1014722585_1014722265_STOP369,8,101.5875,13.0,192.7,SDN Moh. Toha,Jalan Mohammad Toha,secondary,-6.930278050351049,107.6068074176192,Sangat Dekat (<200m)
1014722585_29489136_STOP269,1,206.3,206.3,206.3,Jalan Ibu Inggit Garnasih,Jalan Ibu Inggit Ganarsih,secondary,-6.931731048821786,107.60575680815448,Dekat (200-400m)
1014722585_29489136_STOP369,2,193.75,192.7,194.8,SDN Moh. Toha,Jalan Ibu Inggit Ganarsih,secondary,-6.931821216422969,107.60642901572925,Sangat Dekat (<200m)
1014722585_29489138_STOP29,4,348.82500000000005,297.8,403.1,SDN 020 Lengkong Besar,Jalan Ibu Inggit Ganarsih,secondary,-6.932358081389717,107.61046276512903,Dekat (200-400m)
1014722585_29489138_STOP369,4,218.975,192.7,254.8,SDN Moh. Toha,Jalan Ibu Inggit Ganarsih,secondary,-6.931943856128842,107.60732496407417,Dekat (200-400m)
1014722585_29489138_STOP842,3,327.6666666666667,289.9,366.5,Ciateul,Jalan Ibu Inggit Ganarsih,secondary,-6.932153898879256,107.60889349706571,Dekat (200-400m)
1014722585_5355897677_STOP257,3,74.36666666666666,24.8,124.2,Taman Tegalega 3,Jalan Mohammad Toha,secondary,-6.935907000595297,107.60634900321081,Sangat Dekat (<200m)
1014722585_5355897677_STOP258,1,7.2,7.2,7.2,Pasar Tegalega,Jalan Mohammad Toha,secondary,-6.936807681919519,107.60627573729413,Sangat Dekat (<200m)
1014722585_5355897677_STOP369,1,192.7,192.7,192.7,SDN Moh. Toha,Jalan Mohammad Toha,secondary,-6.931851899999999,107.606653,Sangat Dekat (<200m)
1014722585_5355897677_STOP842,7,88.71428571428571,13.7,160.8,Ciateul,Jalan Mohammad Toha,secondary,-6.9336540403907305,107.60651631044038,Sangat Dekat (<200m)
1014722675_1014721714_STOP22,1,222.4,222.4,222.4,Sekolah Ganesha,Jalan Pelindung Hewan,tertiary,-6.939398376258386,107.60424816746004,Dekat (200-400m)
1014722675_1014721714_STOP226,4,165.95,127.0,211.5,Seberang Museum Sri Baduga,Jalan Pelindung Hewan,tertiary,-6.938617394362341,107.60347134217113,Sangat Dekat (<200m)
1014722675_11953687707_STOP226,1,127.0,127.0,127.0,Seberang Museum Sri Baduga,Jalan Inhoftank,secondary,-6.9380461000000055,107.6031103,Sangat Dekat (<200m)
1014722675_11953687707_STOP607,1,100.9,100.9,100.9,P Hostel,Jalan Inhoftank,secondary,-6.937600842426203,107.60303483842856,Sangat Dekat (<200m)
1014722675_5353902941_STOP22,1,363.5,363.5,363.5,Sekolah Ganesha,Jalan Inhoftank,secondary,-6.940686035174594,107.6033677193038,Dekat (200-400m)
1014722675_5353902941_STOP226,4,251.225,127.0,338.8,Seberang Museum Sri Baduga,Jalan Inhoftank,secondary,-6.9393558766512005,107.60320366345307,Dekat (200-400m)
1014722675_5353902941_STOP607,2,180.5,157.8,203.2,P Hostel,Jalan Inhoftank,secondary,-6.938678274227864,107.6030569404056,Sangat Dekat (<200m)
10151612728_10151612729_STOP265,1,355.9,355.9,355.9,UNIKOM Pascasarjana,,primary_link,-6.882884900000007,107.61502950000002,Dekat (200-400m)
10151612728_12692455340_STOP265,2,332.04999999999995,308.2,355.9,UNIKOM Pascasarjana,Jalan Ir. H. Djuanda,primary,-6.883057192902735,107.61488332122967,Dekat (200-400m)
10151612729_10151612728_STOP265,1,360.0,360.0,360.0,UNIKOM Pascasarjana,,primary_link,-6.8828137000000025,107.6149531,Dekat (200-400m)
10151612729_1662376718_STOP265,2,384.25,360.0,408.5,UNIKOM Pascasarjana,Jalan Ir. H. Djuanda,primary,-6.882635060187399,107.61509146082942,Dekat (200-400m)
10151612729_1662376718_STOP591,2,344.3,320.6,368.0,Dago Asri A,Jalan Ir. H. Djuanda,primary,-6.8819127335512125,107.61563435099322,Dekat (200-400m)
10154700107_7715327378_STOP187,3,37.699999999999996,12.1,61.1,SPBU Ahmad Yani,Jalan Supratman,primary,-6.913010742297353,107.63401256192914,Sangat Dekat (<200m)
10154700107_7715327378_STOP512,1,21.5,21.5,21.5,SMPN 22 Bandung,Jalan Supratman,primary,-6.912234632059682,107.63354992661732,Sangat Dekat (<200m)
10154700107_7715327378_STOP633,1,15.0,15.0,15.0,Seberang SMP Negeri 22 Bandung,Jalan Supratman,primary,-6.911850840127615,107.63331133233604,Sangat Dekat (<200m)
10154700114_10154700107_STOP44,1,53.8,53.8,53.8,Simpang Supratman - Ahmad Yani,,primary_link,-6.913350800000004,107.6343563,Sangat Dekat (<200m)
10154700114_2520649220_STOP44,1,53.8,53.8,53.8,Simpang Supratman - Ahmad Yani,Jalan Supratman,primary,-6.913350800000004,107.6343563,Sangat Dekat (<200m)
10158095824_7179028074_STOP658,1,39.5,39.5,39.5,Simpang Naripan Sunda,Jalan Sunda,secondary,-6.9220817,107.6176603,Sangat Dekat (<200m)
10166777277_10166777280_STOP139,1,25.7,25.7,25.7,Jalan Haji Tatang Sumantri,Jalan Haji Tatang Sumantri,tertiary,-6.954909599999995,107.611406,Sangat Dekat (<200m)
10166777277_6428110632_STOP139,1,25.7,25.7,25.7,Jalan Haji Tatang Sumantri,Jalan Haji Tatang Sumantri,tertiary,-6.954909599999995,107.611406,Sangat Dekat (<200m)
10166777280_10166777277_STOP139,1,35.8,35.8,35.8,Jalan Haji Tatang Sumantri,Jalan Haji Tatang Sumantri,tertiary,-6.954968199999991,107.6112892,Sangat Dekat (<200m)
10166777280_5353902321_STOP139,4,100.6,35.8,162.5,Jalan Haji Tatang Sumantri,Jalan Haji Tatang Sumantri,tertiary,-6.955074869567697,107.61065572888202,Sangat Dekat (<200m)
10167417684_8418013666_STOP253,1,58.5,58.5,58.5,Simpang Laswi Gatot Subroto 1,Jalan Layang Laswi - Pelajar Pejuang 45,primary,-6.923156600000004,107.6285299,Sangat Dekat (<200m)
10167417684_9832971267_STOP252,2,44.25,20.5,68.0,Simpang Laswi Gatot Subroto 2,Jalan Layang Laswi - Pelajar Pejuang 45,primary,-6.924047291692577,107.62787230247375,Sangat Dekat (<200m)
10167417684_9832971267_STOP253,2,37.75,17.0,58.5,Simpang Laswi Gatot Subroto 1,Jalan Layang Laswi - Pelajar Pejuang 45,primary,-6.923306707843226,107.6283611403514,Sangat Dekat (<200m)
10167417684_9832971267_STOP435,4,127.275,86.7,180.4,Sumber Rasa,Jalan Layang Laswi - Pelajar Pejuang 45,primary,-6.92535581503696,107.62752366181925,Sangat Dekat (<200m)
10171739080_3269421803_STOP284,1,229.8,229.8,229.8,SMA Kartika,Jalan Taman Cibeunying Utara,tertiary,-6.907466664728298,107.62645866181973,Dekat (200-400m)
10171739080_3269421803_STOP665,1,119.0,119.0,119.0,Simpang Brantas Cihapit 1,Jalan Taman Cibeunying Utara,tertiary,-6.9061650000000006,107.6252185,Sangat Dekat (<200m)
10171739080_3269421803_STOP692,3,169.0,136.6,203.8,Simpang Brantas Cihapit 2,Jalan Taman Cibeunying Utara,tertiary,-6.906842275912195,107.62581687697646,Sangat Dekat (<200m)
10171739085_10171739080_STOP665,1,145.6,145.6,145.6,Simpang Brantas Cihapit 1,,tertiary_link,-6.905924599999994,107.6253534,Sangat Dekat (<200m)
10171739085_6461589822_STOP665,1,145.6,145.6,145.6,Simpang Brantas Cihapit 1,Jalan Ciliwung,tertiary,-6.905924599999994,107.6253534,Sangat Dekat (<200m)
10171865526_10171865531_STOP172,1,45.8,45.8,45.8,Pet Park,,tertiary_link,-6.904889600000007,107.6268835,Sangat Dekat (<200m)
10171865526_3269421786_STOP172,1,45.8,45.8,45.8,Pet Park,Jalan Cisangkuy,tertiary,-6.904889600000007,107.6268835,Sangat Dekat (<200m)
10171865526_7715289717_STOP172,1,45.8,45.8,45.8,Pet Park,,tertiary_link,-6.904889600000007,107.6268835,Sangat Dekat (<200m)
10171865531_11707030830_STOP172,2,87.55,67.1,108.0,Pet Park,Jalan Ciliwung,tertiary,-6.904894390421687,107.62724721338336,Sangat Dekat (<200m)
10171865531_11707030830_STOP73,2,44.349999999999994,23.9,64.8,Ciliwung,Jalan Ciliwung,tertiary,-6.904406250936841,107.62800817065211,Sangat Dekat (<200m)
10171865532_1849907162_STOP172,2,112.80000000000001,87.7,137.9,Pet Park,Jalan Cilaki,tertiary,-6.905322598076643,107.62737953067466,Sangat Dekat (<200m)
10171865532_1849907162_STOP174,2,46.15,28.0,64.3,SDN 062 Ciujung Bandung (Lapangan Supratman B),Jalan Cilaki,tertiary,-6.907141456300851,107.62932076332237,Sangat Dekat (<200m)
10171865532_1849907162_STOP555,3,113.36666666666667,82.6,149.6,Seberang Telkom Supratman,Jalan Cilaki,tertiary,-6.906239746196387,107.62864342998233,Sangat Dekat (<200m)
10171865532_1849907162_STOP73,1,175.4,175.4,175.4,Ciliwung,Jalan Cilaki,tertiary,-6.905634336135552,107.62797928563256,Sangat Dekat (<200m)
10171865532_1855697097_STOP172,1,87.7,87.7,87.7,Pet Park,Jalan Cilaki,tertiary,-6.905233,107.6271722,Sangat Dekat (<200m)
10171865536_10171865532_STOP172,1,76.5,76.5,76.5,Pet Park,,tertiary_link,-6.905049700000006,107.6271363,Sangat Dekat (<200m)
10171865536_3269421789_STOP172,1,76.5,76.5,76.5,Pet Park,Jalan Ciliwung,tertiary,-6.905049700000006,107.6271363,Sangat Dekat (<200m)
10173603853_25778195_STOP576,1,14.0,14.0,14.0,Seberang SMAN 20 Bandung,Jalan Citarum,tertiary,-6.904487800000005,107.6224963,Sangat Dekat (<200m)
10173603853_25778195_STOP806,2,46.15,21.3,71.0,SMA Negeri 20 Bandung,Jalan Citarum,tertiary,-6.903965406653709,107.62292837507422,Sangat Dekat (<200m)
10173603857_11382550192_STOP576,1,50.0,50.0,50.0,Seberang SMAN 20 Bandung,Jalan Taman Citarum,tertiary,-6.904534600000004,107.6221326,Sangat Dekat (<200m)
10173603857_1666747518_STOP576,2,56.3,50.0,62.6,Seberang SMAN 20 Bandung,,tertiary,-6.904754244748006,107.62215381700881,Sangat Dekat (<200m)
10173603859_7715326201_STOP576,2,57.7,37.6,77.8,Seberang SMAN 20 Bandung,Jalan Ciliwung,tertiary,-6.9050690857407675,107.62269666825094,Sangat Dekat (<200m)
10173603863_10173603859_STOP576,1,6.5,6.5,6.5,Seberang SMAN 20 Bandung,,tertiary_link,-6.904579200000003,107.6225204,Sangat Dekat (<200m)
10173603863_5369368116_STOP576,1,6.5,6.5,6.5,Seberang SMAN 20 Bandung,Jalan Citarum,tertiary,-6.904579200000003,107.6225204,Sangat Dekat (<200m)
10173603868_1666747518_STOP576,1,45.6,45.6,45.6,Seberang SMAN 20 Bandung,,tertiary_link,-6.904984700000007,107.6224969,Sangat Dekat (<200m)
10173603868_5369369333_STOP576,1,45.6,45.6,45.6,Seberang SMAN 20 Bandung,Jalan Ciliwung,tertiary,-6.904984700000007,107.6224969,Sangat Dekat (<200m)
10173705729_7211115101_STOP669,1,164.3,164.3,164.3,Gedung Sate,Jalan Cilamaya,tertiary,-6.902895199999992,107.6170172,Sangat Dekat (<200m)
10173705732_6445381505_STOP575,3,37.1,10.0,59.0,Tugu PKK Citarum,Jalan Citarum,tertiary,-6.901689926904477,107.62489276918286,Sangat Dekat (<200m)
10173705736_10173705732_STOP575,1,105.9,105.9,105.9,Tugu PKK Citarum,,primary_link,-6.901103300000004,107.6255521,Sangat Dekat (<200m)
10173705736_5832181364_STOP575,1,105.9,105.9,105.9,Tugu PKK Citarum,Jalan Diponegoro,primary,-6.901103300000004,107.6255521,Sangat Dekat (<200m)
10173705737_2519917288_STOP575,1,87.8,87.8,87.8,Tugu PKK Citarum,Jalan Diponegoro,primary,-6.901108300000007,107.625296,Sangat Dekat (<200m)
10173705737_5293786192_STOP575,1,87.8,87.8,87.8,Tugu PKK Citarum,Jalan Citarum,tertiary,-6.901108300000007,107.625296,Sangat Dekat (<200m)
10173744438_11564259401_STOP556,1,61.3,61.3,61.3,Stadion Siliwangi,Jalan Bangka,tertiary,-6.911734500000001,107.6184125,Sangat Dekat (<200m)
10173744438_1849525812_STOP506,4,128.975,117.8,149.7,Kantor Kecamatan Sumurbandung,Jalan Bangka,tertiary,-6.913264598651189,107.61877276982514,Sangat Dekat (<200m)
10173744438_1849525812_STOP556,1,61.3,61.3,61.3,Stadion Siliwangi,Jalan Bangka,tertiary,-6.911734500000001,107.6184125,Sangat Dekat (<200m)
10173744438_1849525812_STOP661,1,100.9,100.9,100.9,Simpang Bangka - Belitung,Jalan Bangka,tertiary,-6.912163648023819,107.61855390197294,Sangat Dekat (<200m)
10173744438_1849525812_STOP697,2,95.85,76.5,115.2,Simpang Menado - Gudang Utara,Jalan Bangka,tertiary,-6.9146164436434745,107.6188372816687,Sangat Dekat (<200m)
10173744441_10173744438_STOP556,1,43.9,43.9,43.9,Stadion Siliwangi,,tertiary_link,-6.911560800000003,107.6186071,Sangat Dekat (<200m)
10173744441_11564259401_STOP556,1,43.9,43.9,43.9,Stadion Siliwangi,Jalan Belitung,tertiary,-6.911560800000003,107.6186071,Sangat Dekat (<200m)
10173744441_1849525986_STOP556,1,43.9,43.9,43.9,Stadion Siliwangi,Jalan Belitung,tertiary,-6.911560800000003,107.6186071,Sangat Dekat (<200m)
10173744441_1849525986_STOP661,2,25.65,19.6,31.7,Simpang Bangka - Belitung,Jalan Belitung,tertiary,-6.911723319726368,107.61926551616,Sangat Dekat (<200m)
10173744441_1849525986_STOP696,1,47.6,47.6,47.6,Simpang Menado - Belitung,Jalan Belitung,tertiary,-6.9118858039955615,107.61992394095896,Sangat Dekat (<200m)
10173744442_12809507139_STOP562,1,155.7,155.7,155.7,TK Taruna Bakti,Jalan Lombok,tertiary,-6.907232499999996,107.6199255,Sangat Dekat (<200m)
10173744442_3278058148_STOP562,1,155.7,155.7,155.7,TK Taruna Bakti,Jalan Ambon,tertiary,-6.907232499999996,107.6199255,Sangat Dekat (<200m)
10173744442_7211100688_STOP562,1,155.7,155.7,155.7,TK Taruna Bakti,Jalan Lombok,tertiary,-6.907232499999996,107.6199255,Sangat Dekat (<200m)
10173744442_7211100688_STOP567,4,94.9,63.3,131.6,De Pavilijoen,Jalan Lombok,tertiary,-6.906658433373221,107.62085017927342,Sangat Dekat (<200m)
10173744443_6639564151_STOP509,2,98.0,82.2,113.8,Seberang Pengadilan Negeri Bandung,Jalan Citarum,tertiary,-6.905557946904271,107.62153498637106,Sangat Dekat (<200m)
10173744448_10173744443_STOP567,1,100.8,100.8,100.8,De Pavilijoen,,tertiary_link,-6.905284600000005,107.6213553,Sangat Dekat (<200m)
10173744448_1666747506_STOP567,1,100.8,100.8,100.8,De Pavilijoen,Jalan Citarum,tertiary,-6.905284600000005,107.6213553,Sangat Dekat (<200m)
10173744449_6445776985_STOP667,3,139.73333333333335,128.8,156.3,Simpang Cilaki - Cimanuk,Jalan Cisanggarung,tertiary,-6.904002146120842,107.62070330449262,Sangat Dekat (<200m)
10173744453_10173744449_STOP667,1,145.5,145.5,145.5,Simpang Cilaki - Cimanuk,,tertiary_link,-6.904248499999997,107.6211038,Sangat Dekat (<200m)
10173744453_3269364722_STOP667,1,145.5,145.5,145.5,Simpang Cilaki - Cimanuk,Jalan Cisanggarung,tertiary,-6.904248499999997,107.6211038,Sangat Dekat (<200m)
10173744458_6445776991_STOP668,1,249.6,249.6,249.6,Museum Pos Indonesia,Jalan Hayam Wuruk,tertiary,-6.903761100000003,107.6186813,Dekat (200-400m)
10173744458_6445776991_STOP805,1,261.8,261.8,261.8,BPK Penabur Banda,Jalan Hayam Wuruk,tertiary,-6.903780450031514,107.618229586388,Dekat (200-400m)
10173744459_10173744458_STOP668,1,242.7,242.7,242.7,Museum Pos Indonesia,,tertiary_link,-6.903683700000004,107.6186787,Dekat (200-400m)
10173744459_11771489566_STOP668,2,229.45,216.2,242.7,Museum Pos Indonesia,Jalan Hayam Wuruk,tertiary,-6.9036779042380285,107.61890468967698,Dekat (200-400m)
10176052060_1107494497_STOP460,3,251.29999999999998,233.0,272.4,Simpang Buah Batu Soekarno Hatta 1,Jalan Guntursari Wetan,tertiary,-6.945269756885691,107.63445740937993,Dekat (200-400m)
10176052060_1107494497_STOP469,2,38.949999999999996,13.8,64.1,Seberang Jalan Guntursari Wetan,Jalan Guntursari Wetan,tertiary,-6.946690313143876,107.63241723670707,Sangat Dekat (<200m)
10176052060_1107494497_STOP712,3,160.1,112.0,208.6,Jalan Guntursari Wetan,Jalan Guntursari Wetan,tertiary,-6.946037288687951,107.63333936186218,Sangat Dekat (<200m)
10176052060_2614138805_STOP229,1,113.4,113.4,113.4,Taman Buah Batu,Jalan Buah Batu,primary,-6.947768022777,107.63320875319124,Sangat Dekat (<200m)
10176052060_2614138805_STOP469,3,57.03333333333334,13.8,103.4,Seberang Jalan Guntursari Wetan,Jalan Buah Batu,primary,-6.947137066181116,107.63256142103859,Sangat Dekat (<200m)
10177320000_1870759840_STOP489,1,244.3,244.3,244.3,SDN Sukaraja,Jalan Cibogo,secondary,-6.891065200000003,107.5764991,Dekat (200-400m)
10177320000_5639376031_STOP489,2,244.5,244.3,244.7,SDN Sukaraja,Jalan Cibogo,secondary,-6.89085843959281,107.57656817738459,Dekat (200-400m)
1017853007_1013431926_STOP318,3,56.300000000000004,9.1,105.0,Grand Yogya Kepatihan,Jalan Dewi Sartika,secondary,-6.9243385467094045,107.60621165296841,Sangat Dekat (<200m)
1017853007_1013431926_STOP471,2,81.0,72.6,89.4,SMP Negeri 43 Bandung,Jalan Dewi Sartika,secondary,-6.925461847800687,107.60609727990743,Sangat Dekat (<200m)
1017853007_6443246208_STOP471,3,41.06666666666666,22.5,72.6,SMP Negeri 43 Bandung,Jalan Kautamaan Istri,tertiary,-6.925754026047777,107.60652328857127,Sangat Dekat (<200m)
10184462928_10176052060_STOP650,2,51.25,27.1,75.4,Seberang Jalan Kayuagung II,Jalan Buah Batu,primary,-6.9455474940042645,107.63099586737064,Sangat Dekat (<200m)
10184462928_10176052060_STOP711,2,26.150000000000002,13.6,38.7,Jalan Kayuagung II,Jalan Buah Batu,primary,-6.944892818879257,107.6303725188103,Sangat Dekat (<200m)
10184462928_10176052060_STOP712,3,43.1,23.3,78.0,Jalan Guntursari Wetan,Jalan Buah Batu,primary,-6.946361160274097,107.63177992713628,Sangat Dekat (<200m)
10184462928_14053088734_STOP711,1,38.7,38.7,38.7,Jalan Kayuagung II,,primary_link,-6.944729800000003,107.63021600000002,Sangat Dekat (<200m)
10184467579_6715130346_STOP138,4,142.35,85.7,205.7,Simpang Buah Batu BKR,Jalan Buah Batu,primary,-6.9377284918944095,107.62349236238957,Sangat Dekat (<200m)
10184467579_6715130346_STOP466,5,129.5,30.1,229.6,Seberang Selontongan,Jalan Buah Batu,primary,-6.93919519287535,107.62490142565703,Sangat Dekat (<200m)
10184467588_10184467593_STOP138,3,152.53333333333333,109.3,197.1,Simpang Buah Batu BKR,Jalan Buah Batu,primary,-6.937872909684359,107.62357130791281,Sangat Dekat (<200m)
10184467588_10184467593_STOP466,1,236.9,236.9,236.9,Seberang Selontongan,Jalan Buah Batu,primary,-6.93852600000001,107.6241963,Dekat (200-400m)
10184467588_6436250308_STOP466,12,298.425,219.0,398.6,Seberang Selontongan,Jalan Mutumanikam,tertiary,-6.940789290338825,107.62341943751214,Dekat (200-400m)
10184467593_11181449012_STOP138,1,81.2,81.2,81.2,Simpang Buah Batu BKR,Jalan Buah Batu,primary,-6.937258600000008,107.62299,Sangat Dekat (<200m)
10184467593_11181449018_STOP138,1,81.2,81.2,81.2,Simpang Buah Batu BKR,,primary_link,-6.937258600000008,107.62299,Sangat Dekat (<200m)
10186688804_5348638990_STOP108,2,138.39999999999998,117.6,159.2,Puskesmas Kopo,Jalan Soekarno-Hatta,trunk,-6.945303342539499,107.58858530586048,Sangat Dekat (<200m)
10186688804_5348638990_STOP384,5,125.38,32.2,222.5,Simpang Caringin,Jalan Soekarno-Hatta,trunk,-6.944088836422341,107.58591437642113,Sangat Dekat (<200m)
10186688804_5348638990_STOP396,3,215.76666666666665,189.3,245.0,Barat Simpang Kopo Caringin,Jalan Soekarno-Hatta,trunk,-6.944877986719358,107.58753808212924,Dekat (200-400m)
10186688809_10186688804_STOP108,1,135.7,135.7,135.7,Puskesmas Kopo,,trunk_link,-6.945181099999996,107.5888658,Sangat Dekat (<200m)
10186688809_5355866271_STOP108,2,122.05,108.4,135.7,Puskesmas Kopo,Jalan Soekarno-Hatta,trunk,-6.945268078198206,107.58907433765366,Sangat Dekat (<200m)
10187187001_3272299574_STOP120,2,45.5,23.0,68.0,Pasirluyu Selatan/Sukaati,Jalan Soekarno-Hatta,trunk,-6.94917813636471,107.6217445558253,Sangat Dekat (<200m)
10187187001_3272299574_STOP122,3,41.833333333333336,18.5,55.0,STIE Inaba,Jalan Soekarno-Hatta,trunk,-6.949269529484051,107.62287121631074,Sangat Dekat (<200m)
10187187001_3272299574_STOP320,3,44.9,16.8,84.1,LPKIA B,Jalan Soekarno-Hatta,trunk,-6.949440882387974,107.62512504590673,Sangat Dekat (<200m)
10187187001_3272299574_STOP335,2,37.55,18.8,56.3,LPKIA A,Jalan Soekarno-Hatta,trunk,-6.949371444966977,107.62399698925412,Sangat Dekat (<200m)
10198287484_3269381708_STOP665,1,84.1,84.1,84.1,Simpang Brantas Cihapit 1,,tertiary_link,-6.905904699999994,107.6241765,Sangat Dekat (<200m)
10198287484_7715326215_STOP665,1,84.1,84.1,84.1,Simpang Brantas Cihapit 1,Jalan Ciliwung,tertiary,-6.905904699999994,107.6241765,Sangat Dekat (<200m)
10198287485_7715326213_STOP172,1,134.6,134.6,134.6,Pet Park,Jalan Ciliwung,tertiary,-6.905782012670445,107.6256759196052,Sangat Dekat (<200m)
10198287485_7715326213_STOP665,1,137.4,137.4,137.4,Simpang Brantas Cihapit 1,Jalan Ciliwung,tertiary,-6.905891599999996,107.625238,Sangat Dekat (<200m)
10198287489_10198287485_STOP665,1,123.3,123.3,123.3,Simpang Brantas Cihapit 1,,tertiary_link,-6.905807499999997,107.6249819,Sangat Dekat (<200m)
10239511223_10184467579_STOP138,1,76.8,76.8,76.8,Simpang Buah Batu BKR,Jalan Buah Batu,primary,-6.936965099999998,107.6227837,Sangat Dekat (<200m)
10239511223_11181449012_STOP138,1,76.8,76.8,76.8,Simpang Buah Batu BKR,Jalan Pelajar Pejuang 45,primary,-6.936965099999998,107.6227837,Sangat Dekat (<200m)
10239511223_11222647213_STOP138,1,76.8,76.8,76.8,Simpang Buah Batu BKR,Jalan Buah Batu,primary,-6.936965099999998,107.6227837,Sangat Dekat (<200m)
10261582621_1857160520_STOP162,3,51.29999999999999,5.8,99.1,Masjid Baiturrahman,Jalan Dipatiukur,secondary,-6.886207786660961,107.6148296635212,Sangat Dekat (<200m)
10261582621_1857160520_STOP265,1,80.4,80.4,80.4,UNIKOM Pascasarjana,Jalan Dipatiukur,secondary,-6.885449314186871,107.61439037468782,Sangat Dekat (<200m)
10261582621_1857160520_STOP268,3,38.96666666666666,15.8,65.8,Seberang UNIKOM,Jalan Dipatiukur,secondary,-6.8874939432397815,107.61525734553082,Sangat Dekat (<200m)
10261582621_1857160520_STOP600,6,79.38333333333334,11.3,161.1,Seberang ITHB,Jalan Dipatiukur,secondary,-6.88935901333813,107.61604677426878,Sangat Dekat (<200m)
10261582621_5465992888_STOP600,1,161.1,161.1,161.1,Seberang ITHB,Jalan Dipatiukur,secondary,-6.890324799999995,107.6166228,Sangat Dekat (<200m)
10288977250_10825681738_STOP597,1,203.9,203.9,203.9,Gang Maleer Timur III,Jalan Jenderal Gatot Subroto,primary,-6.931225514332698,107.64169123215184,Dekat (200-400m)
10288977250_10825681738_STOP831,1,168.3,168.3,168.3,Binong,Jalan Jenderal Gatot Subroto,primary,-6.9313797999999975,107.6421162,Sangat Dekat (<200m)
10288977250_3376282078_STOP831,3,138.26666666666668,112.0,168.3,Binong,Jalan Jenderal Gatot Subroto,primary,-6.931532825689078,107.64254112658121,Sangat Dekat (<200m)
10596741969_10596741983_STOP388,1,503.5,503.5,503.5,Pasar Sinpasa,,secondary_link,-6.950309899999999,107.69370630000002,Sedang (400-800m)
10596741969_7290653024_STOP388,3,462.26666666666665,418.4,503.5,Pasar Sinpasa,Bulevar Utama,secondary,-6.950685045109164,107.69394270583162,Sedang (400-800m)
10596741981_10596847102_STOP388,1,205.0,205.0,205.0,Pasar Sinpasa,Bulevar Teknopolis,tertiary,-6.953487499999992,107.6991954,Dekat (200-400m)
10596741981_11270910340_STOP261,5,108.97999999999999,76.8,163.4,Shuttle Summarecon Mall Bandung,Jalan Sentra Raya Selatan,tertiary,-6.954562184190839,107.69670506590369,Sangat Dekat (<200m)
10596741981_11270910340_STOP388,4,188.575,178.4,205.0,Pasar Sinpasa,Jalan Sentra Raya Selatan,tertiary,-6.953751676608309,107.69857095642406,Sangat Dekat (<200m)
10596741983_10596741969_STOP388,1,514.9,514.9,514.9,Pasar Sinpasa,,secondary_link,-6.950343600000002,107.6935752,Sedang (400-800m)
10596741983_11513213941_STOP388,5,570.5600000000001,514.9,626.7,Pasar Sinpasa,Bulevar Utama,secondary,-6.949444490598035,107.69355714670539,Sedang (400-800m)
10596741996_10596742004_STOP285,3,194.0666666666667,167.0,224.1,Summarecon Mall Bandung,Bulevar Raya,tertiary,-6.955932656804348,107.70083807527529,Sangat Dekat (<200m)
10596741996_10596742004_STOP386,2,182.89999999999998,166.7,199.1,Sekolah Al-Azhar Summarecon,Bulevar Raya,tertiary,-6.959048895665301,107.7021698786765,Sangat Dekat (<200m)
10596741996_10596742004_STOP820,5,197.92000000000002,185.0,217.0,Flora,Bulevar Raya,tertiary,-6.9575951801722695,107.70154713558911,Sangat Dekat (<200m)
10596741996_7216077612_STOP386,1,166.7,166.7,166.7,Sekolah Al-Azhar Summarecon,Bulevar Selatan,secondary,-6.959256200000005,107.7022597,Sangat Dekat (<200m)
10596742004_7216077722_STOP285,1,163.0,163.0,163.0,Summarecon Mall Bandung,Bunderan Grand Bulevar,tertiary,-6.955416700000006,107.7006183,Sangat Dekat (<200m)
10596847016_10596742004_STOP285,1,176.1,176.1,176.1,Summarecon Mall Bandung,Bunderan Grand Bulevar,tertiary,-6.955366500000006,107.7007313,Sangat Dekat (<200m)
10596847016_7216077612_STOP285,3,199.29999999999998,176.1,225.7,Summarecon Mall Bandung,Bulevar Raya,tertiary,-6.955781661849687,107.70090966288262,Sangat Dekat (<200m)
10596847016_7216077612_STOP386,1,185.6,185.6,185.6,Sekolah Al-Azhar Summarecon,Bulevar Raya,tertiary,-6.959102945042718,107.70233658753703,Sangat Dekat (<200m)
10596847016_7216077612_STOP820,6,189.79999999999998,171.7,212.1,Flora,Bulevar Raya,tertiary,-6.957649894930271,107.70171228113507,Sangat Dekat (<200m)
10596847027_10596847110_STOP386,1,162.9,162.9,162.9,Sekolah Al-Azhar Summarecon,Bulevar Selatan,secondary,-6.9594899,107.7024944,Sangat Dekat (<200m)
10596847027_11373181570_STOP386,3,207.26666666666665,162.9,252.5,Sekolah Al-Azhar Summarecon,"['Bulevar Selatan', 'Jembatan Cisaranten Baru']",secondary,-6.959409290311292,107.7029392959228,Dekat (200-400m)
10596847027_11373181570_STOP820,4,280.45,256.6,309.3,Flora,"['Bulevar Selatan', 'Jembatan Cisaranten Baru']",secondary,-6.959113535711385,107.70449282056879,Dekat (200-400m)
10596847027_7216077611_STOP386,1,162.9,162.9,162.9,Sekolah Al-Azhar Summarecon,Bulevar Raya,tertiary,-6.9594899,107.7024944,Sangat Dekat (<200m)
10596847102_12705240852_STOP388,1,188.5,188.5,188.5,Pasar Sinpasa,"['Bulevar Teknopolis', 'Jalan Sentra Raya Selatan']",tertiary,-6.953433700000003,107.6990487,Sangat Dekat (<200m)
10596847110_10596741996_STOP386,1,150.5,150.5,150.5,Sekolah Al-Azhar Summarecon,Bulevar Raya,tertiary,-6.9595124999999936,107.7023566,Sangat Dekat (<200m)
10596847110_10596847027_STOP386,1,150.5,150.5,150.5,Sekolah Al-Azhar Summarecon,Bulevar Selatan,secondary,-6.9595124999999936,107.7023566,Sangat Dekat (<200m)
10596847110_9800628721_STOP386,5,117.14000000000001,95.1,150.5,Sekolah Al-Azhar Summarecon,Bulevar Selatan,secondary,-6.959661983655619,107.7014647720601,Sangat Dekat (<200m)
10628427188_25433891_STOP84,1,282.1,282.1,282.1,Husein Pajajaran,Kapten Tata Natanegara,secondary,-6.905899300000006,107.5858842,Dekat (200-400m)
10654541236_10654541237_STOP10,1,39.0,39.0,39.0,Rumah Sakit Santo Borromeus A,Jalan Hasanudin,tertiary,-6.894809900000007,107.6130082,Sangat Dekat (<200m)
10654541236_11553388875_STOP10,1,39.0,39.0,39.0,Rumah Sakit Santo Borromeus A,Jalan Ir. H. Djuanda,primary,-6.894809900000007,107.6130082,Sangat Dekat (<200m)
10654541236_11553388875_STOP163,1,84.5,84.5,84.5,Cikapayang Dago 2,Jalan Ir. H. Djuanda,primary,-6.89842057400616,107.61285053791994,Sangat Dekat (<200m)
10654541236_11553388875_STOP165,1,31.0,31.0,31.0,SMAN 1 Bandung,Jalan Ir. H. Djuanda,primary,-6.8952606267787,107.6129767246918,Sangat Dekat (<200m)
10654541236_11553388875_STOP234,2,44.599999999999994,19.6,69.6,STMIK LIKMI,Jalan Ir. H. Djuanda,primary,-6.895937085519236,107.61293577382068,Sangat Dekat (<200m)
10654541236_11553388875_STOP235,4,51.224999999999994,3.5,100.6,Kartikasari B,Jalan Ir. H. Djuanda,primary,-6.8972917142250525,107.61288925846084,Sangat Dekat (<200m)
10654541236_1857160470_STOP1,2,29.75,6.2,53.3,Rumah Sakit Santo Borromeus B,Jalan Hasanudin,tertiary,-6.894832527102572,107.61368597252304,Sangat Dekat (<200m)
10654541236_1857160470_STOP10,1,39.0,39.0,39.0,Rumah Sakit Santo Borromeus A,Jalan Hasanudin,tertiary,-6.894809900000007,107.6130082,Sangat Dekat (<200m)
10654541236_1857160470_STOP399,4,74.275,7.5,146.8,Surya Kencana,Jalan Hasanudin,tertiary,-6.894846232072878,107.6150420157536,Sangat Dekat (<200m)
10654541236_1857160470_STOP536,3,68.53333333333333,31.2,111.3,Simpang Dipatiukur Hasanudin,Jalan Hasanudin,tertiary,-6.894836291370623,107.61662244253519,Sangat Dekat (<200m)
10654541237_10654541236_STOP10,1,37.7,37.7,37.7,Rumah Sakit Santo Borromeus A,Jalan Hasanudin,tertiary,-6.894806900000002,107.612944,Sangat Dekat (<200m)
10654541237_11104669201_STOP10,1,37.7,37.7,37.7,Rumah Sakit Santo Borromeus A,Jalan Ir. H. Djuanda,primary,-6.894806900000002,107.612944,Sangat Dekat (<200m)
10654541237_11104669201_STOP161,2,28.549999999999997,12.7,44.4,Rumah Sakit Santo Borromeus,Jalan Ir. H. Djuanda,primary,-6.894130841485133,107.61299154677529,Sangat Dekat (<200m)
10680268006_1837401657_STOP0,1,26.8,26.8,26.8,Terminal Elang,Jalan Rajawali Timur,trunk,-6.9131420000000015,107.5758021,Sangat Dekat (<200m)
10680268006_1837401657_STOP286,1,75.3,75.3,75.3,Rajawali 1,Jalan Rajawali Timur,trunk,-6.913634723477539,107.57753612604856,Sangat Dekat (<200m)
10680268006_1837401657_STOP799,3,62.93333333333334,13.9,112.3,Pangkalan Angkot Rajawali,Jalan Rajawali Timur,trunk,-6.913435603259127,107.57665485851668,Sangat Dekat (<200m)
10696379242_1914135257_STOP468,1,84.5,84.5,84.5,ISBI Bandung,Jalan Cijagra,tertiary,-6.9419977999999976,107.627593,Sangat Dekat (<200m)
10696379242_6715130340_STOP468,2,60.3,36.1,84.5,ISBI Bandung,Jalan Buah Batu,primary,-6.942160226722191,107.6277501339406,Sangat Dekat (<200m)
10703340254_2034531645_STOP265,1,64.9,64.9,64.9,UNIKOM Pascasarjana,Jalan Siliwangi,tertiary,-6.885244800000007,107.6137073,Sangat Dekat (<200m)
10703340254_2034531645_STOP519,1,78.6,78.6,78.6,Sumur Bandung,Jalan Siliwangi,tertiary,-6.885203506965851,107.61326077884318,Sangat Dekat (<200m)
10703340254_5825278971_STOP265,1,64.9,64.9,64.9,UNIKOM Pascasarjana,Jalan Ir. H. Djuanda,primary,-6.885244800000007,107.6137073,Sangat Dekat (<200m)
10703340255_10703340254_STOP265,1,63.0,63.0,63.0,UNIKOM Pascasarjana,Jalan Siliwangi,tertiary,-6.885258899999996,107.6137795,Sangat Dekat (<200m)
10703340255_5465993094_STOP265,5,68.2,13.5,138.3,UNIKOM Pascasarjana,Jalan Ir. H. Djuanda,primary,-6.8861595674366045,107.6137093944672,Sangat Dekat (<200m)
10703340256_10703340255_STOP265,1,68.8,68.8,68.8,UNIKOM Pascasarjana,Jalan Ir. H. Djuanda,primary,-6.8852066,107.61378860000002,Sangat Dekat (<200m)
10703340256_1857160520_STOP265,2,71.1,68.8,73.4,UNIKOM Pascasarjana,Jalan Dipatiukur,secondary,-6.885273237573409,107.61400443920685,Sangat Dekat (<200m)
10771913956_11181449054_STOP21,3,45.1,21.1,81.9,PT INTI B (BKR 5),Jalan BKR,primary,-6.937555204123666,107.60703493761453,Sangat Dekat (<200m)
10771913956_11181449054_STOP431,2,28.25,14.8,41.7,Samsudin,Jalan BKR,primary,-6.937591394008011,107.608164768395,Sangat Dekat (<200m)
10771913956_11181449054_STOP59,1,48.6,48.6,48.6,Masjid An Nur PT INTI,Jalan BKR,primary,-6.9376130892720935,107.60884266715335,Sangat Dekat (<200m)
10771913957_5348770323_STOP21,1,70.6,70.6,70.6,PT INTI B (BKR 5),Jalan Mohammad Toha,primary,-6.937808999999998,107.6062235,Sangat Dekat (<200m)
10771913957_5348770323_STOP227,1,85.8,85.8,85.8,Muhammad Toha 1 (PT INTI A),Jalan Mohammad Toha,primary,-6.938260268016483,107.60620084840195,Sangat Dekat (<200m)
10771913958_11181449060_STOP270,1,76.5,76.5,76.5,Simpang Mohamad Toha Biddokkes,Jalan Mohammad Toha,primary,-6.9378681999999925,107.6061483,Sangat Dekat (<200m)
10771913958_3272569143_STOP270,1,76.5,76.5,76.5,Simpang Mohamad Toha Biddokkes,,primary_link,-6.9378681999999925,107.6061483,Sangat Dekat (<200m)
10778288301_5358212370_STOP7,1,72.4,72.4,72.4,Alun-alun Bandung,Jalan Alun-alun Timur,tertiary,-6.921224500000005,107.60779610000002,Sangat Dekat (<200m)
10778288301_5358212370_STOP788,2,25.25,19.0,31.5,Jalan Alun-alun Timur,Jalan Alun-alun Timur,tertiary,-6.921898497911036,107.60772893544923,Sangat Dekat (<200m)
10778288301_5852700917_STOP7,2,49.2,26.0,72.4,Alun-alun Bandung,Jalan Asia Afrika,primary,-6.9211938063869045,107.60757213527614,Sangat Dekat (<200m)
10793008254_10793008429_STOP190,4,58.225,16.5,113.0,Bandung Indah Plaza,Jalan Merdeka,primary,-6.908568448942727,107.61059829237507,Sangat Dekat (<200m)
10793008254_10793008429_STOP304,1,82.1,82.1,82.1,Taman Sejarah Balai Kota Bandung,Jalan Merdeka,primary,-6.909697856977079,107.61059482389685,Sangat Dekat (<200m)
10793008254_10793008429_STOP306,2,69.94999999999999,45.3,94.6,Hotel The-One-O-One B,Jalan Merdeka,primary,-6.907213092596012,107.61057957342919,Sangat Dekat (<200m)
10793008254_5358055095_STOP306,1,45.3,45.3,45.3,Hotel The-One-O-One B,Jalan L.L. RE. Martadinata,secondary,-6.906987199999993,107.6105769,Sangat Dekat (<200m)
10793008254_6622030455_STOP305,4,74.2,10.8,145.4,Hotel The-One-O-One A,Jalan Ir. H. Djuanda,primary,-6.905857745228385,107.61059078291453,Sangat Dekat (<200m)
10793008254_6622030455_STOP306,1,45.3,45.3,45.3,Hotel The-One-O-One B,Jalan Ir. H. Djuanda,primary,-6.906987199999993,107.6105769,Sangat Dekat (<200m)
10793008258_11727886518_STOP283,3,38.93333333333333,14.5,62.3,Simpang Banda Riau,Jalan L.L. RE. Martadinata,secondary,-6.9063344370219975,107.61584826094047,Sangat Dekat (<200m)
10793008258_11727886518_STOP558,3,37.86666666666667,12.2,61.3,RSGM Kota Bandung,Jalan L.L. RE. Martadinata,secondary,-6.9064701664694,107.61450031218526,Sangat Dekat (<200m)
10793008258_11727886518_STOP564,1,66.6,66.6,66.6,Graha Pos,Jalan L.L. RE. Martadinata,secondary,-6.906203336157906,107.6167428110098,Sangat Dekat (<200m)
10793008258_11727886518_STOP800,3,37.96666666666667,13.4,61.6,RSIA Limijati,Jalan L.L. RE. Martadinata,secondary,-6.906819405643251,107.61321811784477,Sangat Dekat (<200m)
10793008258_2520649169_STOP800,1,61.6,61.6,61.6,RSIA Limijati,Jalan L.L. RE. Martadinata,secondary,-6.907014899999998,107.6128139,Sangat Dekat (<200m)
10793008394_2962096312_STOP483,1,74.3,74.3,74.3,Abdul Rivai,"['Jalan Wastukencana', 'Jalan Wastukancana']",primary,-6.904284200000001,107.604454,Sangat Dekat (<200m)
10793008397_10793008394_STOP483,1,59.8,59.8,59.8,Abdul Rivai,Jalan Abdul Rivai,primary,-6.904288600000004,107.60432,Sangat Dekat (<200m)
10793008397_2962096518_STOP483,1,59.8,59.8,59.8,Abdul Rivai,Jalan Cihampelas,primary,-6.904288600000004,107.60432,Sangat Dekat (<200m)
10793008429_25433364_STOP304,1,70.2,70.2,70.2,Taman Sejarah Balai Kota Bandung,Jalan Aceh,secondary,-6.9098058,107.6105905,Sangat Dekat (<200m)
10793008429_7687331829_STOP304,1,70.2,70.2,70.2,Taman Sejarah Balai Kota Bandung,Jalan Merdeka,primary,-6.9098058,107.6105905,Sangat Dekat (<200m)
10793101435_1849525851_STOP292,1,31.9,31.9,31.9,Lembong,Jalan Lembong,primary,-6.9165602000000055,107.610072,Sangat Dekat (<200m)
10793101435_1849525851_STOP414,4,50.825,23.0,78.7,Museum Mandala Wangsit Siliwangi,Jalan Lembong,primary,-6.9170706102334805,107.61108035346233,Sangat Dekat (<200m)
10793585087_2439023829_STOP292,1,89.8,89.8,89.8,Lembong,Jalan Lembong,primary,-6.916357800000001,107.6090248,Sangat Dekat (<200m)
10793585087_5358212417_STOP292,1,89.8,89.8,89.8,Lembong,Jalan Braga,primary,-6.916357800000001,107.6090248,Sangat Dekat (<200m)
10816174967_12135879793_STOP121,1,238.5,238.5,238.5,Leuwipanjang Soekarno Hatta,Jalan Soekarno-Hatta,trunk,-6.947439100000005,107.595488,Dekat (200-400m)
10816174967_2614138771_STOP121,1,238.5,238.5,238.5,Leuwipanjang Soekarno Hatta,,trunk_link,-6.947439100000005,107.595488,Dekat (200-400m)
10816174969_11369316679_STOP121,2,159.0,134.3,183.7,Leuwipanjang Soekarno Hatta,Jalan Soekarno-Hatta,trunk,-6.9473029397503225,107.59477856590827,Sangat Dekat (<200m)
10825681737_10825681738_STOP597,1,130.6,130.6,130.6,Gang Maleer Timur III,Jalan Jenderal Gatot Subroto,primary,-6.930998899999994,107.6410724,Sangat Dekat (<200m)
10825681737_5395151866_STOP557,5,89.36,21.4,181.6,JPO Cibangkong,Jalan Jenderal Gatot Subroto,primary,-6.928409838109379,107.63742427549019,Sangat Dekat (<200m)
10825681737_5395151866_STOP597,8,106.4,21.7,222.5,Gang Maleer Timur III,Jalan Jenderal Gatot Subroto,primary,-6.930180176954455,107.63973983873484,Sangat Dekat (<200m)
10825681738_10288977250_STOP597,1,172.6,172.6,172.6,Gang Maleer Timur III,Jalan Jenderal Gatot Subroto,primary,-6.931130400000001,107.6414267,Sangat Dekat (<200m)
10825681738_10288977250_STOP831,1,193.3,193.3,193.3,Binong,Jalan Jenderal Gatot Subroto,primary,-6.9312840799216335,107.64185188366504,Sangat Dekat (<200m)
10825681738_10825681737_STOP597,1,172.6,172.6,172.6,Gang Maleer Timur III,Jalan Jenderal Gatot Subroto,primary,-6.931130400000001,107.6414267,Sangat Dekat (<200m)
1083569114_1575311287_STOP128,6,142.75,17.5,268.3,Simpang Sarimanah Sariasih,Jalan Sarimanah,tertiary,-6.8775236389132255,107.57769760708568,Sangat Dekat (<200m)
1083569114_1575311287_STOP391,7,148.45714285714283,19.7,289.4,Sarimanah,Jalan Sarimanah,tertiary,-6.880216284207584,107.57656048399748,Sangat Dekat (<200m)
1083569114_1575311287_STOP629,1,26.3,26.3,26.3,Timur Simpang Sarimanah Sariasih,Jalan Sarimanah,tertiary,-6.876082115520771,107.5783482519257,Sangat Dekat (<200m)
1083569114_2019234455_STOP129,2,93.25,84.6,101.9,Pasar Cibogo Sarijadi,Jalan Perintis,tertiary,-6.881808771121824,107.57518512226312,Sangat Dekat (<200m)
1083569114_2019234455_STOP391,2,44.300000000000004,19.7,68.9,Sarimanah,Jalan Perintis,tertiary,-6.88154159434494,107.57604894460195,Sangat Dekat (<200m)
1083569114_5646605222_STOP350,2,74.25,61.6,86.9,Lemahneundeut,Jalan Perintis,tertiary,-6.880887192461916,107.57821254369134,Sangat Dekat (<200m)
1083569114_5646605222_STOP351,1,112.2,112.2,112.2,Sarijadi,Jalan Perintis,tertiary,-6.881080995100531,107.57756271416726,Sangat Dekat (<200m)
1083569114_5646605222_STOP391,3,45.20000000000001,19.7,82.8,Sarimanah,Jalan Perintis,tertiary,-6.881345405393058,107.57669808694561,Sangat Dekat (<200m)
1083569114_700728686_STOP391,2,32.95,19.7,46.2,Sarimanah,,tertiary,-6.881691015180291,107.57633045631792,Sangat Dekat (<200m)
10968637156_10968637160_STOP819,1,248.1,248.1,248.1,Amanda Btari,Jalan Akasia,tertiary,-6.956849099999998,107.6922007,Dekat (200-400m)
10968637156_6608965029_STOP647,5,157.42000000000002,64.3,246.8,Taman Sumringah,Jalan Akasia,tertiary,-6.955723517930073,107.6929007558992,Sangat Dekat (<200m)
10968637156_6608965029_STOP819,1,248.1,248.1,248.1,Amanda Btari,Jalan Akasia,tertiary,-6.956849099999998,107.6922007,Dekat (200-400m)
10968637160_10968637156_STOP819,1,237.4,237.4,237.4,Amanda Btari,Jalan Akasia,tertiary,-6.956926299999993,107.6922932,Dekat (200-400m)
10968637160_6608965073_STOP819,1,237.4,237.4,237.4,Amanda Btari,Jalan Akasia,tertiary,-6.956926299999993,107.6922932,Dekat (200-400m)
10995135976_13575977252_STOP388,2,853.5,853.5,853.5,Pasar Sinpasa,Jalan Gedebage Utama,tertiary,-6.945039568917418,107.69999143726034,Jauh (>800m)
10995135976_6640792413_STOP388,5,869.6,853.5,892.4,Pasar Sinpasa,,tertiary,-6.945329331867791,107.7010747800206,Jauh (>800m)
10995250540_6608965027_STOP371,2,438.85,424.8,452.9,Magna,,tertiary,-6.953695451853593,107.69033608733149,Sedang (400-800m)
10995250540_6608965027_STOP647,3,448.4666666666667,430.4,457.5,Taman Sumringah,,tertiary,-6.953359080333523,107.69046618056963,Sedang (400-800m)
10995250561_10995250540_STOP371,3,540.7666666666667,524.0,566.8,Magna,,tertiary,-6.952391847520708,107.68988500786035,Sedang (400-800m)
10995250561_10995250540_STOP647,1,482.7,482.7,482.7,Taman Sumringah,,tertiary,-6.953008391269209,107.6902936379786,Sedang (400-800m)
10995250561_12339301138_STOP371,5,587.62,566.8,616.5,Magna,Jalan Gedebage Raya,secondary,-6.951740482238838,107.68910723337369,Sedang (400-800m)
11027050165_11499132689_STOP387,4,559.675,534.0,589.3,Dayana,Jalan Pendamping SOR GBLA,tertiary,-6.966739145235341,107.70543322912555,Sedang (400-800m)
11027050165_2518075057_STOP387,1,589.3,589.3,589.3,Dayana,,tertiary_link,-6.966515600000003,107.7060735,Sedang (400-800m)
11028882122_11207093319_STOP786,1,23.6,23.6,23.6,Seberang Paskal 23,,primary_link,-6.915305900000007,107.5981841,Sangat Dekat (<200m)
11028882122_12606431204_STOP113,1,26.4,26.4,26.4,Paskal 23,Jalan HOS. Cokroaminoto,primary,-6.91575455489016,107.5982367596222,Sangat Dekat (<200m)
11028882122_12606431204_STOP786,1,23.6,23.6,23.6,Seberang Paskal 23,Jalan HOS. Cokroaminoto,primary,-6.915305900000007,107.5981841,Sangat Dekat (<200m)
11041545701_3278023496_STOP449,1,12.2,12.2,12.2,SDN 083 Babakan Surabaya Selatan,Jalan Layang Kiaracondong,primary,-6.919530899999996,107.6442841,Sangat Dekat (<200m)
11041545701_3359249111_STOP214,3,86.2,37.4,135.5,Seberang Griya Kiaracondong,Jalan H. Ibrahim Adjie,primary,-6.921335920140257,107.64437225547867,Sangat Dekat (<200m)
11041545701_3359249111_STOP449,3,47.36666666666667,12.2,90.0,SDN 083 Babakan Surabaya Selatan,Jalan H. Ibrahim Adjie,primary,-6.9199819320505425,107.64431009624319,Sangat Dekat (<200m)
11041545702_11041545703_STOP218,2,26.05,10.1,42.0,Daese Garmin,Jalan H. Ibrahim Adjie,primary,-6.919299628868426,107.64413871736883,Sangat Dekat (<200m)
11041545703_11041579711_STOP218,1,42.8,42.8,42.8,Daese Garmin,Jalan H. Ibrahim Adjie,primary,-6.919067199999997,107.644128,Sangat Dekat (<200m)
11041545703_7699079504_STOP218,3,92.8,42.8,142.9,Daese Garmin,Jalan H. Ibrahim Adjie,primary,-6.918617283553097,107.64408652830586,Sangat Dekat (<200m)
11041545703_7699079504_STOP450,2,148.05,122.9,173.2,Gerbang Timur Kiara Artha Park,Jalan H. Ibrahim Adjie,primary,-6.917493436878534,107.6439734423991,Sangat Dekat (<200m)
11041545704_11041545701_STOP218,1,48.2,48.2,48.2,Daese Garmin,Jalan H. Ibrahim Adjie,primary,-6.919052799999999,107.6442687,Sangat Dekat (<200m)
11041545704_11041545701_STOP449,1,14.9,14.9,14.9,SDN 083 Babakan Surabaya Selatan,Jalan H. Ibrahim Adjie,primary,-6.919504278756406,107.64428286813296,Sangat Dekat (<200m)
11041579711_7699079503_STOP218,3,118.89999999999999,69.0,168.9,Daese Garmin,Jalan H. Ibrahim Adjie,primary,-6.918383218406865,107.64411594138483,Sangat Dekat (<200m)
11041579711_7699079503_STOP450,2,123.05,98.1,148.0,Gerbang Timur Kiara Artha Park,Jalan H. Ibrahim Adjie,primary,-6.917258515689223,107.64401128057338,Sangat Dekat (<200m)
11041579712_11041545704_STOP218,1,70.1,70.1,70.1,Daese Garmin,Jalan H. Ibrahim Adjie,primary,-6.918828999999996,107.6441985,Sangat Dekat (<200m)
11041579712_5392239227_STOP218,1,70.1,70.1,70.1,Daese Garmin,Jalan H. Ibrahim Adjie,primary,-6.918828999999996,107.6441985,Sangat Dekat (<200m)
11041579717_11041579712_STOP218,2,110.39999999999999,85.6,135.2,Daese Garmin,Jalan H. Ibrahim Adjie,primary,-6.918461400042524,107.64416454605339,Sangat Dekat (<200m)
11041579717_11041579712_STOP450,4,108.5,35.5,182.7,Gerbang Timur Kiara Artha Park,Jalan H. Ibrahim Adjie,primary,-6.917111981618312,107.64403775263449,Sangat Dekat (<200m)
11041579717_7698884005_STOP450,1,35.5,35.5,35.5,Gerbang Timur Kiara Artha Park,,primary_link,-6.9164378999999965,107.64396790000002,Sangat Dekat (<200m)
1107494473_1108674456_STOP460,1,399.4,399.4,399.4,Simpang Buah Batu Soekarno Hatta 1,Jalan Rajamantri Wetan,tertiary,-6.943883980820819,107.63460285354242,Dekat (200-400m)
1107494473_1108674456_STOP712,1,447.3,447.3,447.3,Jalan Guntursari Wetan,Jalan Rajamantri Wetan,tertiary,-6.943433235940209,107.6345716060756,Sedang (400-800m)
1107494473_1108674456_STOP740,4,336.85,262.0,412.0,Nayaga - Salendro Raya,Jalan Rajamantri Wetan,tertiary,-6.942305709030671,107.63458563166093,Dekat (200-400m)
1107494473_3068325990_STOP710,5,118.28,27.4,215.6,Kantor Kelurahan Turangga,Jalan Karawitan,tertiary,-6.940143565068159,107.63185739168554,Sangat Dekat (<200m)
1107494473_3068325990_STOP740,5,244.61999999999998,234.6,262.0,Nayaga - Salendro Raya,Jalan Karawitan,tertiary,-6.94126288611873,107.63381746679258,Dekat (200-400m)
1107494473_4146694789_STOP737,3,38.199999999999996,24.6,63.3,Taman Tri G,"['Jalan Salendro', 'Jalan R.A.A. Martanegara']",tertiary,-6.9346405666168,107.63459251820234,Sangat Dekat (<200m)
1107494473_4146694789_STOP738,4,50.425,23.6,77.2,Jalan RH Hasan Saputra Raya,"['Jalan Salendro', 'Jalan R.A.A. Martanegara']",tertiary,-6.935989646838349,107.63481647012458,Sangat Dekat (<200m)
1107494473_4146694789_STOP739,4,50.825,5.1,97.1,Salendro Utara - Salendro Raya,"['Jalan Salendro', 'Jalan R.A.A. Martanegara']",tertiary,-6.9377953965736925,107.6347843835326,Sangat Dekat (<200m)
1107494473_4146694789_STOP740,7,127.04285714285713,26.8,262.0,Nayaga - Salendro Raya,"['Jalan Salendro', 'Jalan R.A.A. Martanegara']",tertiary,-6.94027786197047,107.63470995772548,Sangat Dekat (<200m)
1107494497_10176052060_STOP460,3,254.5,234.8,276.9,Simpang Buah Batu Soekarno Hatta 1,Jalan Guntursari Wetan,tertiary,-6.94522882103249,107.63451737780979,Dekat (200-400m)
1107494497_10176052060_STOP469,2,46.949999999999996,21.8,72.1,Seberang Jalan Guntursari Wetan,Jalan Guntursari Wetan,tertiary,-6.946647140696937,107.6324755994067,Sangat Dekat (<200m)
1107494497_10176052060_STOP712,3,167.83333333333334,119.5,216.5,Jalan Guntursari Wetan,Jalan Guntursari Wetan,tertiary,-6.945996095588531,107.63339915297028,Sangat Dekat (<200m)
1107494497_1108674456_STOP460,3,325.06666666666666,276.9,373.8,Simpang Buah Batu Soekarno Hatta 1,Jalan Rajamantri Wetan,tertiary,-6.944545756185195,107.63474967340126,Dekat (200-400m)
1107865374_1107865397_STOP580,2,76.6,76.4,76.8,Universitas Aisyiyah,Jalan Malabar,tertiary,-6.927888418389289,107.62255670042802,Sangat Dekat (<200m)
1107865374_1107865397_STOP655,2,63.6,57.5,69.7,Seberang SD Al-Azhar 36 Bandung,Jalan Malabar,tertiary,-6.927062335242374,107.62292318155784,Sangat Dekat (<200m)
1107865374_1107865397_STOP656,1,76.7,76.7,76.7,Taman Pers Malabar 1,Jalan Malabar,tertiary,-6.926439200000004,107.6231899,Sangat Dekat (<200m)
1107865374_1107865398_STOP656,3,42.9,25.0,76.7,Taman Pers Malabar 1,Jalan Malabar,tertiary,-6.926025818651204,107.62337241739395,Sangat Dekat (<200m)
1107865397_1107865374_STOP580,2,86.5,74.2,98.8,Universitas Aisyiyah,Jalan Malabar,tertiary,-6.928226911465478,107.62240225753166,Sangat Dekat (<200m)
1107865397_1107865374_STOP655,3,69.56666666666666,56.7,76.7,Seberang SD Al-Azhar 36 Bandung,Jalan Malabar,tertiary,-6.927195987210599,107.62286413056363,Sangat Dekat (<200m)
1107865397_2607816746_STOP580,2,80.6,62.4,98.8,Universitas Aisyiyah,Jalan Talaga Bodas,tertiary,-6.928487387687892,107.62252735112497,Sangat Dekat (<200m)
1107865397_6469653354_STOP580,3,144.36666666666667,98.8,191.0,Universitas Aisyiyah,Jalan Talaga Bodas,tertiary,-6.928313099733461,107.62187204604696,Sangat Dekat (<200m)
1107865397_6469653354_STOP733,3,156.03333333333333,129.9,183.9,Macan - Lodaya 2,Jalan Talaga Bodas,tertiary,-6.9280317258490145,107.62054816381688,Sangat Dekat (<200m)
1107865398_5395152111_STOP433,1,45.3,45.3,45.3,Taman Pers Malabar 2,,tertiary,-6.925251999999992,107.62371400000002,Sangat Dekat (<200m)
1108586472_5334558654_STOP238,2,94.4,82.6,106.2,Seberang Superindo Dago,Jalan Rangga Malela,tertiary,-6.9015218283268815,107.61099903686906,Sangat Dekat (<200m)
1108586472_5334558654_STOP373,1,50.3,50.3,50.3,Taman Radio A,Jalan Rangga Malela,tertiary,-6.90218200000001,107.6111525,Sangat Dekat (<200m)
1108586472_5334558654_STOP578,3,89.0,39.0,139.1,Sulanjana Rangga Malela,Jalan Rangga Malela,tertiary,-6.900421999557061,107.61074168962006,Sangat Dekat (<200m)
1108586472_7669230603_STOP373,2,32.949999999999996,15.6,50.3,Taman Radio A,Jalan Saung Galing,tertiary,-6.9022688142684,107.61136120692994,Sangat Dekat (<200m)
1108653589_1980735013_STOP654,2,29.450000000000003,9.8,49.1,Dinas Ketenagakerjaan Kota Bandung,Jalan R.A.A. Martanegara,secondary,-6.932943887642109,107.62688969583502,Sangat Dekat (<200m)
1108653589_1980735013_STOP706,1,31.1,31.1,31.1,Seberang Dinas Ketenagakerjaan Kota Bandung,Jalan R.A.A. Martanegara,secondary,-6.932773199999993,107.6262334,Sangat Dekat (<200m)
1108653589_8979178865_STOP706,1,31.1,31.1,31.1,Seberang Dinas Ketenagakerjaan Kota Bandung,Jalan R.A.A. Martanegara,secondary,-6.932773199999993,107.6262334,Sangat Dekat (<200m)
1108653643_240791856_STOP501,3,65.13333333333334,20.2,109.2,Sekolah BPI,Jalan Burangrang,tertiary,-6.923083147356557,107.61999195868653,Sangat Dekat (<200m)
1108653643_240791856_STOP798,1,20.5,20.5,20.5,Seberang Sekolah BPI,Jalan Burangrang,tertiary,-6.923949245468154,107.62000092101188,Sangat Dekat (<200m)
1108653643_4258557080_STOP501,1,109.2,109.2,109.2,Sekolah BPI,Jalan Jenderal Gatot Subroto,primary,-6.922688900000005,107.6200822,Sangat Dekat (<200m)
1108653643_4258557080_STOP703,1,97.2,97.2,97.2,Seberang SMK Negeri 15 Bandung,Jalan Jenderal Gatot Subroto,primary,-6.922628989233633,107.61963404682476,Sangat Dekat (<200m)
1108653643_6470450620_STOP501,1,109.2,109.2,109.2,Sekolah BPI,Jalan Jenderal Gatot Subroto,primary,-6.922688900000005,107.6200822,Sangat Dekat (<200m)
1108653643_6470450620_STOP568,1,6.8,6.8,6.8,Jalan Putri,Jalan Jenderal Gatot Subroto,primary,-6.922901420271339,107.62142184869776,Sangat Dekat (<200m)
1108653643_6470450620_STOP657,1,89.9,89.9,89.9,Simpang Malabar Gatot Subroto 1,Jalan Jenderal Gatot Subroto,primary,-6.923554093753071,107.62356892911552,Sangat Dekat (<200m)
1108653643_6470450620_STOP704,2,51.25,26.4,76.1,Simpang Gatot Subroto - Guntur,Jalan Jenderal Gatot Subroto,primary,-6.922796428722817,107.62075182804423,Sangat Dekat (<200m)
1108653643_6470450620_STOP835,1,26.6,26.6,26.6,Guntur 2,Jalan Jenderal Gatot Subroto,primary,-6.922971416724286,107.6218685338866,Sangat Dekat (<200m)
1108653643_6470450620_STOP836,3,68.33333333333333,21.0,116.5,Guntur 1,Jalan Jenderal Gatot Subroto,primary,-6.923203404028238,107.62273673617209,Sangat Dekat (<200m)
1108674456_1107494473_STOP460,2,401.95000000000005,376.8,427.1,Simpang Buah Batu Soekarno Hatta 1,Jalan Rajamantri Wetan,tertiary,-6.9438612275669165,107.63460127621694,Sedang (400-800m)
1108674456_1107494473_STOP740,4,359.375,284.3,434.7,Nayaga - Salendro Raya,Jalan Rajamantri Wetan,tertiary,-6.94250808295216,107.63457359403588,Dekat (200-400m)
1108674456_1107494497_STOP460,3,328.0,279.7,376.8,Simpang Buah Batu Soekarno Hatta 1,Jalan Rajamantri Wetan,tertiary,-6.9445198762017215,107.63474244267438,Dekat (200-400m)
1108674456_3272299563_STOP368,3,148.93333333333334,114.2,186.0,SPBU Simpang Buah Batu Soekarno Hatta,"['Jalan Jati Indah Raya', 'Jalan Rajamantri Kidul', 'Jalan Batu Kencana']",tertiary,-6.946321882684189,107.63573731305591,Sangat Dekat (<200m)
1108674456_3272299563_STOP460,5,308.3,224.7,376.8,Simpang Buah Batu Soekarno Hatta 1,"['Jalan Jati Indah Raya', 'Jalan Rajamantri Kidul', 'Jalan Batu Kencana']",tertiary,-6.944710619152294,107.63502443105237,Dekat (200-400m)
11104669201_11104669202_STOP161,1,59.1,59.1,59.1,Rumah Sakit Santo Borromeus,Jalan Ganesha,tertiary,-6.8937711,107.6130211,Sangat Dekat (<200m)
11104669201_11262097537_STOP102,2,37.25,14.3,60.2,Lapangan Seni Rupa,Jalan Ganesha,tertiary,-6.8932283686085105,107.61060514504307,Sangat Dekat (<200m)
11104669201_11262097537_STOP161,1,59.1,59.1,59.1,Rumah Sakit Santo Borromeus,Jalan Ganesha,tertiary,-6.8937711,107.6130211,Sangat Dekat (<200m)
11104669201_11262097537_STOP514,2,28.450000000000003,5.2,51.7,Ganesha Ciungwanara,Jalan Ganesha,tertiary,-6.893651391744916,107.6123536435568,Sangat Dekat (<200m)
11104669201_11262097537_STOP515,2,26.05,7.6,44.5,Masjid Salman ITB,Jalan Ganesha,tertiary,-6.893417479909378,107.6114829417638,Sangat Dekat (<200m)
11104669201_11262097537_STOP516,1,41.2,41.2,41.2,ITB Ganesha A,Jalan Ganesha,tertiary,-6.89326840661666,107.60993052359431,Sangat Dekat (<200m)
11104669201_11262097537_STOP517,2,28.799999999999997,8.2,49.4,ITB Ganesha B,Jalan Ganesha,tertiary,-6.89343816652366,107.609275019016,Sangat Dekat (<200m)
11104669201_11262097537_STOP587,1,28.7,28.7,28.7,Ganesha Tamansari,Jalan Ganesha,tertiary,-6.893709074155958,107.6086556981455,Sangat Dekat (<200m)
11104669201_1663274645_STOP161,1,59.1,59.1,59.1,Rumah Sakit Santo Borromeus,Jalan Ir. H. Djuanda,primary,-6.8937711,107.6130211,Sangat Dekat (<200m)
11104669201_1663274645_STOP514,5,175.54000000000002,107.1,257.1,Ganesha Ciungwanara,Jalan Ir. H. Djuanda,primary,-6.892419979139163,107.61312934508435,Sangat Dekat (<200m)
11104669202_10654541236_STOP10,1,25.7,25.7,25.7,Rumah Sakit Santo Borromeus A,Jalan Ir. H. Djuanda,primary,-6.894681692366752,107.61301705099098,Sangat Dekat (<200m)
11104669202_10654541236_STOP161,2,32.949999999999996,8.1,57.8,Rumah Sakit Santo Borromeus,Jalan Ir. H. Djuanda,primary,-6.894005675539235,107.6130654791791,Sangat Dekat (<200m)
11104669202_11104669201_STOP161,1,57.8,57.8,57.8,Rumah Sakit Santo Borromeus,Jalan Ganesha,tertiary,-6.893780399999996,107.6130825,Sangat Dekat (<200m)
11104754744_11149984612_STOP483,1,318.7,318.7,318.7,Abdul Rivai,Jalan Doktor Louis Otten,secondary,-6.903527299999998,107.6011022,Dekat (200-400m)
11104754744_2325451311_STOP483,1,318.7,318.7,318.7,Abdul Rivai,Bundaran Rajiman,primary,-6.903527299999998,107.6011022,Dekat (200-400m)
11106971273_5865367998_STOP356,1,168.9,168.9,168.9,Panyileukan,Jalan Soekarno-Hatta,trunk,-6.935551499999992,107.7136592,Sangat Dekat (<200m)
11106971273_6455291974_STOP356,1,168.9,168.9,168.9,Panyileukan,Jalan Pertamina,trunk_link,-6.935551499999992,107.7136592,Sangat Dekat (<200m)
11106971279_9443702027_STOP356,5,66.22,26.3,125.7,Panyileukan,Jalan Soekarno-Hatta,secondary,-6.93571185324318,107.71237980641145,Sangat Dekat (<200m)
11106971279_9443702027_STOP357,2,136.65,111.5,161.8,Cimincrang,Jalan Soekarno-Hatta,secondary,-6.93605742659988,107.70764510470977,Sangat Dekat (<200m)
11106971279_9443702027_STOP423,7,100.77142857142857,38.9,188.7,Universitas Bhakti Kencana,Jalan Soekarno-Hatta,secondary,-6.935910259138309,107.70967433304604,Sangat Dekat (<200m)
11107827260_1849525794_STOP543,4,51.225,25.5,77.0,Rumah Sakit Murni Teguh Naripan,Jalan Naripan,secondary,-6.920834285278328,107.61598320275633,Sangat Dekat (<200m)
11107827260_1849525794_STOP658,2,81.3,66.5,96.1,Simpang Naripan Sunda,Jalan Naripan,secondary,-6.921092939173875,107.617314693895,Sangat Dekat (<200m)
11107827260_1849525794_STOP701,2,127.35,109.8,144.9,Simpang Embong - Veteran,Jalan Naripan,secondary,-6.920583488687525,107.61465019497601,Sangat Dekat (<200m)
11107827260_1849525794_STOP713,5,67.2,17.7,133.8,Simpang Naripan Tamblong,Jalan Naripan,secondary,-6.920284019906964,107.6130963749445,Sangat Dekat (<200m)
11107827260_25435318_STOP713,2,92.85,67.7,118.0,Simpang Naripan Tamblong,Jalan Naripan,secondary,-6.9200695327374255,107.61198662286806,Sangat Dekat (<200m)
11107827260_25435318_STOP787,4,84.0,38.6,145.1,Taman Braga,Jalan Naripan,secondary,-6.919830347183187,107.61065156586001,Sangat Dekat (<200m)
11107827260_3374033502_STOP144,1,117.2,117.2,117.2,Monumen 0 KM Kota Bandung,Jalan Tamblong,primary,-6.921455185347253,107.61205090473054,Sangat Dekat (<200m)
11107827260_3374033502_STOP713,3,90.73333333333333,67.7,120.4,Simpang Naripan Tamblong,Jalan Tamblong,primary,-6.920557615992589,107.61215471362537,Sangat Dekat (<200m)
11118207003_11132665439_STOP241,1,83.6,83.6,83.6,Simpang Surya Sumantri Pasteur,Jalan Prof. Dr. Surya Soemantri,primary,-6.892263199999997,107.581013,Sangat Dekat (<200m)
11124688730_2325451280_STOP474,2,27.150000000000002,16.1,38.2,BPK Penabur,Jalan HOS. Cokroaminoto,trunk,-6.903283449063673,107.5974879082935,Sangat Dekat (<200m)
11124688730_2325451280_STOP475,1,87.9,87.9,87.9,Seberang BPK Penabur,Jalan HOS. Cokroaminoto,trunk,-6.90260858415478,107.597449975613,Sangat Dekat (<200m)
11124688730_2325451280_STOP82,2,40.65,16.0,65.3,IWU,Jalan HOS. Cokroaminoto,trunk,-6.901931164813057,107.59742922374181,Sangat Dekat (<200m)
11124688730_2325451280_STOP83,2,35.75,13.6,57.9,Seberang IWU,Jalan HOS. Cokroaminoto,trunk,-6.901028306780818,107.597391835805,Sangat Dekat (<200m)
11124688730_25433686_STOP474,2,39.8,16.1,63.5,BPK Penabur,Jalan HOS. Cokroaminoto,trunk,-6.90373237348919,107.59752214722329,Sangat Dekat (<200m)
11125489871_2476972396_STOP176,1,454.7,454.7,454.7,Abdurachman Saleh,Jalan Pajajaran,secondary,-6.904362199999997,107.5805619,Sedang (400-800m)
11125489871_2476972396_STOP774,1,463.9,463.9,463.9,Stasiun Andir 2,Jalan Pajajaran,secondary,-6.90424586931014,107.58012499936882,Sedang (400-800m)
11125489871_25433891_STOP176,12,317.0,251.8,454.7,Abdurachman Saleh,Jalan Pajajaran,secondary,-6.905071513911838,107.58294317801504,Dekat (200-400m)
11125489871_25433891_STOP84,1,293.6,293.6,293.6,Husein Pajajaran,Jalan Pajajaran,secondary,-6.9059937464184245,107.58573245259008,Dekat (200-400m)
11132403120_11513213943_STOP141,1,360.8,360.8,360.8,Bulog Gedebage,Bulevar Utama,secondary,-6.943156299999996,107.6936569,Dekat (200-400m)
11132403120_11803832449_STOP141,5,444.98,360.8,539.6,Bulog Gedebage,Jalan Gedebage Utama,tertiary,-6.943561799714092,107.6944308597667,Sedang (400-800m)
11132622841_3272722527_STOP403,1,21.2,21.2,21.2,Simpang Gedebage Selatan,Jalan Gedebage Selatan,primary,-6.937607100000008,107.6925641,Sangat Dekat (<200m)
11132665439_11132665441_STOP241,1,69.7,69.7,69.7,Simpang Surya Sumantri Pasteur,Jalan Dr. Djunjunan,trunk,-6.892146699999995,107.5810582,Sangat Dekat (<200m)
11132665439_1666786347_STOP241,1,69.7,69.7,69.7,Simpang Surya Sumantri Pasteur,Jalan Prof. Dr. Surya Soemantri,primary,-6.892146699999995,107.5810582,Sangat Dekat (<200m)
11132665440_11118207003_STOP241,1,82.9,82.9,82.9,Simpang Surya Sumantri Pasteur,Jalan Dr. Djunjunan,trunk,-6.892283500000008,107.5811037,Sangat Dekat (<200m)
11132665441_11132665440_STOP241,1,69.0,69.0,69.0,Simpang Surya Sumantri Pasteur,Jalan Prof. Dr. Surya Soemantri,primary,-6.892167800000005,107.5811571,Sangat Dekat (<200m)
11132665441_12809283848_STOP241,2,76.35,69.0,83.7,Simpang Surya Sumantri Pasteur,Jalan Dr. Djunjunan,trunk,-6.892200365934347,107.5813806932714,Sangat Dekat (<200m)
11136401953_2518074025_STOP821,6,96.83333333333333,11.0,206.1,Gerbang Merah GBLA 1,Jalan Pintu Masuk GBLA,tertiary,-6.959182348887295,107.71444195779036,Sangat Dekat (<200m)
11136401953_2518074025_STOP822,5,95.76,12.8,191.8,Gerbang Merah GBLA 2,Jalan Pintu Masuk GBLA,tertiary,-6.959094983741821,107.71195738199549,Sangat Dekat (<200m)
11136401953_2518074025_STOP823,1,233.1,233.1,233.1,Gerbang Biru GBLA 1,Jalan Pintu Masuk GBLA,tertiary,-6.959072160100498,107.71060113332092,Dekat (200-400m)
11136401953_5479194191_STOP821,1,206.1,206.1,206.1,Gerbang Merah GBLA 1,Jalan Pintu Masuk GBLA,tertiary,-6.9592523,107.71557,Dekat (200-400m)
11138589127_11138589131_STOP88,1,217.9,217.9,217.9,GOR Padjajaran,,secondary_link,-6.905080800000001,107.6011536,Dekat (200-400m)
11138589127_2325451571_STOP88,1,217.9,217.9,217.9,GOR Padjajaran,Jalan dr. Cipto,secondary,-6.905080800000001,107.6011536,Dekat (200-400m)
11138589131_5278840351_STOP242,2,215.65,209.8,221.5,SDN Pajajaran,Jalan dr. Rum,primary,-6.904917776514221,107.60045485142638,Dekat (200-400m)
11138589131_5278840351_STOP405,1,209.5,209.5,209.5,Taman Adipura,Jalan dr. Rum,primary,-6.904931149130483,107.59977678095504,Dekat (200-400m)
11138589131_5278840351_STOP77,1,55.5,55.5,55.5,Istana Plaza,Jalan dr. Rum,primary,-6.904937509418611,107.59796826710102,Sangat Dekat (<200m)
11138589131_5278840351_STOP78,3,147.4,101.9,193.9,Depan Istana Plaza,Jalan dr. Rum,primary,-6.904936458208321,107.59887253542375,Sangat Dekat (<200m)
11138589131_5278840351_STOP88,1,238.2,238.2,238.2,GOR Padjajaran,Jalan dr. Rum,primary,-6.904893799999993,107.6011325,Dekat (200-400m)
11138589132_11138589136_STOP88,1,229.3,229.3,229.3,GOR Padjajaran,Jalan Dokter Gunawan Mangunkusumo,secondary_link,-6.904877700000004,107.6015193,Dekat (200-400m)
11138589132_2325451571_STOP88,1,229.3,229.3,229.3,GOR Padjajaran,Jalan dr. Cipto,primary,-6.904877700000004,107.6015193,Dekat (200-400m)
11138589136_11149984620_STOP88,1,256.3,256.3,256.3,GOR Padjajaran,Jalan Dokter Gunawan Mangunkusumo,secondary,-6.904652299999995,107.6014033,Dekat (200-400m)
11138593390_11138593394_STOP84,1,45.9,45.9,45.9,Husein Pajajaran,Jalan Pajajaran,trunk,-6.906856099999999,107.5877897,Sangat Dekat (<200m)
11138593390_11138593395_STOP84,1,45.9,45.9,45.9,Husein Pajajaran,Jalan Aruna,tertiary,-6.906856099999999,107.5877897,Sangat Dekat (<200m)
11138593392_11138593390_STOP84,1,50.5,50.5,50.5,Husein Pajajaran,Jalan Pajajaran,secondary,-6.906784200000005,107.5877685,Sangat Dekat (<200m)
11138593392_8582835480_STOP812,3,134.63333333333333,84.4,184.9,Pajajaran Sadewa,Jalan Pajajaran,trunk,-6.906998332267318,107.59046772052153,Sangat Dekat (<200m)
11138593392_8582835480_STOP84,5,76.28,19.1,153.1,Husein Pajajaran,Jalan Pajajaran,trunk,-6.906826403558114,107.5886686147647,Sangat Dekat (<200m)
11138593393_11138593392_STOP84,1,60.9,60.9,60.9,Husein Pajajaran,Jalan Pajajaran,trunk,-6.906813999999994,107.5876614,Sangat Dekat (<200m)
11138593393_4854744076_STOP84,2,84.65,60.9,108.4,Husein Pajajaran,Jalan Pajajaran,secondary,-6.906699236723988,107.58747485336222,Sangat Dekat (<200m)
11138593394_11138593393_STOP84,1,56.1,56.1,56.1,Husein Pajajaran,Jalan Pajajaran,secondary,-6.906880299999992,107.5876926,Sangat Dekat (<200m)
11138593394_13123360943_STOP84,2,80.5,56.1,104.9,Husein Pajajaran,Jalan Abdul Rahman Saleh,trunk,-6.906928357768102,107.58747181234834,Sangat Dekat (<200m)
11138593395_11138593394_STOP84,1,45.9,45.9,45.9,Husein Pajajaran,Jalan Aruna,tertiary,-6.907012999999995,107.587786,Sangat Dekat (<200m)
11138593395_25434098_STOP765,5,104.64000000000001,25.1,198.4,Alun-alun Cicendo 2,Jalan Aruna,tertiary,-6.910372403006822,107.5891209024029,Sangat Dekat (<200m)
11138593395_25434098_STOP84,6,133.0666666666667,45.9,246.0,Husein Pajajaran,Jalan Aruna,tertiary,-6.908061675483391,107.58820597535576,Sangat Dekat (<200m)
11138593909_11138593910_STOP78,1,109.5,109.5,109.5,Depan Istana Plaza,Jalan Pajajaran,trunk,-6.9064293,107.5976387,Sangat Dekat (<200m)
11138593909_2012498693_STOP78,1,109.5,109.5,109.5,Depan Istana Plaza,Jalan Pajajaran,primary,-6.9064293,107.5976387,Sangat Dekat (<200m)
11138593910_2012498686_STOP78,1,113.0,113.0,113.0,Depan Istana Plaza,Jalan Pajajaran,trunk,-6.906453099999999,107.5975328,Sangat Dekat (<200m)
11138593910_2012498686_STOP780,3,66.86666666666666,20.8,114.8,Istana Plaza Pajajaran,Jalan Pajajaran,trunk,-6.9065256800295165,107.59663237005348,Sangat Dekat (<200m)
11138593910_2012498711_STOP78,1,113.0,113.0,113.0,Depan Istana Plaza,Jalan HOS. Cokroaminoto,primary,-6.906453099999999,107.5975328,Sangat Dekat (<200m)
11138680823_12820446797_STOP393,1,113.9,113.9,113.9,PVMBG,Jalan Sentot Alibasyah,primary,-6.8993194,107.6193467,Sangat Dekat (<200m)
11138680823_1660289601_STOP393,1,113.9,113.9,113.9,PVMBG,Jalan Surapati,trunk,-6.8993194,107.6193467,Sangat Dekat (<200m)
11138680825_11138680823_STOP393,1,115.1,115.1,115.1,PVMBG,Jalan Sentot Alibasyah,primary,-6.899240000000003,107.6193443,Sangat Dekat (<200m)
11138680825_1660264881_STOP393,2,90.4,65.7,115.1,PVMBG,Jalan Surapati,trunk,-6.899239474328782,107.61957026224255,Sangat Dekat (<200m)
11149984611_25447004_STOP483,1,316.7,316.7,316.7,Abdul Rivai,Bundaran Rajiman,primary,-6.903955199999994,107.6010094,Dekat (200-400m)
11149984611_5334388842_STOP483,1,316.7,316.7,316.7,Abdul Rivai,Jalan dr. Rajiman,primary,-6.903955199999994,107.6010094,Dekat (200-400m)
11149984612_1900223767_STOP123,6,180.88333333333333,56.8,306.0,Taman Westhoff,Jalan Doktor Louis Otten,secondary,-6.902037476582708,107.59946413198189,Sangat Dekat (<200m)
11149984612_1900223767_STOP475,1,337.3,337.3,337.3,Seberang BPK Penabur,Jalan Doktor Louis Otten,secondary,-6.90312585968048,107.60061212383694,Dekat (200-400m)
11149984612_1900223767_STOP483,1,339.1,339.1,339.1,Abdul Rivai,Jalan Doktor Louis Otten,secondary,-6.9034373999999925,107.6009396,Dekat (200-400m)
11149984614_2539986925_STOP483,1,285.0,285.0,285.0,Abdul Rivai,Bundaran Rajiman,primary,-6.903581200000007,107.6014036,Dekat (200-400m)
11149984615_11149984614_STOP483,1,285.8,285.8,285.8,Abdul Rivai,Jalan Nyland,secondary,-6.903398399999999,107.6014702,Dekat (200-400m)
11149984615_2325451300_STOP483,3,276.3666666666667,270.2,285.8,Abdul Rivai,Jalan Nyland,secondary,-6.903071153355982,107.60178183614732,Dekat (200-400m)
11149984616_25433661_STOP483,2,214.2,189.4,239.0,Abdul Rivai,Jalan dr. Rajiman,primary,-6.90388746643508,107.60197213237457,Dekat (200-400m)
11149984620_11149984616_STOP483,2,255.8,246.1,265.5,Abdul Rivai,Jalan Dokter Gunawan Mangunkusumo,secondary_link,-6.904045139830213,107.60155734651477,Dekat (200-400m)
11149984620_1706564149_STOP483,1,265.5,265.5,265.5,Abdul Rivai,Jalan Dokter Gunawan Mangunkusumo,secondary,-6.904220500000001,107.6014361,Dekat (200-400m)
11176912846_2325452068_STOP193,1,75.1,75.1,75.1,Perintis Kemerdekaan,Jalan Perintis Kemerdekaan,primary,-6.914300499999993,107.6073185,Sangat Dekat (<200m)
11176912847_29354164_STOP193,1,115.5,115.5,115.5,Perintis Kemerdekaan,Jalan Perintis Kemerdekaan,primary,-6.914689778403343,107.6071642822401,Sangat Dekat (<200m)
11176912847_29354164_STOP677,1,152.9,152.9,152.9,Suniaraja Braga,Jalan Perintis Kemerdekaan,primary,-6.9151362000000045,107.6070945,Sangat Dekat (<200m)
11176912866_2325452068_STOP193,2,81.95,59.5,104.4,Perintis Kemerdekaan,Jalan Perintis Kemerdekaan,primary,-6.91455432863375,107.6074813052144,Sangat Dekat (<200m)
11176912866_2325452068_STOP677,2,100.65,76.4,124.9,Suniaraja Braga,Jalan Perintis Kemerdekaan,primary,-6.915421228157842,107.60749722701993,Sangat Dekat (<200m)
11176912866_5358212386_STOP677,1,76.4,76.4,76.4,Suniaraja Braga,Jalan Suniaraja,primary,-6.915616500000003,107.6075959,Sangat Dekat (<200m)
11180921757_11180921760_STOP354,1,69.6,69.6,69.6,Tamansari Cikapayang,,primary_link,-6.897900799999994,107.6095795,Sangat Dekat (<200m)
11180921757_9767043233_STOP354,1,69.6,69.6,69.6,Tamansari Cikapayang,Jalan Tamansari,secondary,-6.897900799999994,107.6095795,Sangat Dekat (<200m)
11180921760_1660253697_STOP169,1,87.3,87.3,87.3,Cikapayang Dago 1,Jalan Cikapayang,primary,-6.898685742179311,107.6113682254394,Sangat Dekat (<200m)
11180921760_1660253697_STOP354,4,50.75,4.2,97.9,Tamansari Cikapayang,Jalan Cikapayang,primary,-6.898293867535006,107.61030911814737,Sangat Dekat (<200m)
11180921761_11180921757_STOP354,1,66.1,66.1,66.1,Tamansari Cikapayang,Jalan Tamansari,secondary,-6.898037000000006,107.6095612,Sangat Dekat (<200m)
11180921761_11180921760_STOP354,1,66.1,66.1,66.1,Tamansari Cikapayang,Jalan Cikapayang,primary,-6.898037000000006,107.6095612,Sangat Dekat (<200m)
11180921761_2958252669_STOP354,1,66.1,66.1,66.1,Tamansari Cikapayang,Jalan Tamansari,secondary,-6.898037000000006,107.6095612,Sangat Dekat (<200m)
11181354932_11181354934_STOP435,1,77.9,77.9,77.9,Sumber Rasa,Jalan Laswi,primary,-6.924572200000003,107.6276371,Sangat Dekat (<200m)
11181354932_3277874427_STOP435,1,77.9,77.9,77.9,Sumber Rasa,Jalan Jenderal Gatot Subroto,primary,-6.924572200000003,107.6276371,Sangat Dekat (<200m)
11181354934_11181354935_STOP435,1,79.0,79.0,79.0,Sumber Rasa,Jalan Jenderal Gatot Subroto,primary,-6.924491700000006,107.6276565,Sangat Dekat (<200m)
11181354934_3277874424_STOP435,1,79.0,79.0,79.0,Sumber Rasa,Jalan Laswi,primary,-6.924491700000006,107.6276565,Sangat Dekat (<200m)
11181354935_11181354936_STOP435,1,96.7,96.7,96.7,Sumber Rasa,Jalan Laswi,primary,-6.924530999999996,107.6278126,Sangat Dekat (<200m)
11181354935_3277874434_STOP435,1,96.7,96.7,96.7,Sumber Rasa,Jalan Jenderal Gatot Subroto,primary,-6.924530999999996,107.6278126,Sangat Dekat (<200m)
11181354936_11181354932_STOP435,1,95.8,95.8,95.8,Sumber Rasa,Jalan Jenderal Gatot Subroto,primary,-6.924611200000001,107.6277936,Sangat Dekat (<200m)
11181354936_3277874430_STOP435,1,95.8,95.8,95.8,Sumber Rasa,Jalan Pelajar Pejuang 45,primary,-6.924611200000001,107.6277936,Sangat Dekat (<200m)
11181448954_11181448955_STOP254,1,154.1,154.1,154.1,Jalan Kangkung,Jalan Talaga Bodas,tertiary,-6.929500399999999,107.6264291,Sangat Dekat (<200m)
11181448954_3272599108_STOP254,1,154.1,154.1,154.1,Jalan Kangkung,Jalan Talaga Bodas,tertiary,-6.929500399999999,107.6264291,Sangat Dekat (<200m)
11181448954_3272604915_STOP254,1,154.1,154.1,154.1,Jalan Kangkung,Jalan Pelajar Pejuang 45,primary,-6.929500399999999,107.6264291,Sangat Dekat (<200m)
11181448955_11181448954_STOP255,1,154.4,154.4,154.4,Seberang Jalan Kangkung,Jalan Talaga Bodas,tertiary,-6.929523099999992,107.6265152,Sangat Dekat (<200m)
11181448955_11181448972_STOP255,6,77.2,6.2,154.4,Seberang Jalan Kangkung,Jalan Pelajar Pejuang 45,primary,-6.930619015816901,107.62624133173314,Sangat Dekat (<200m)
11181448955_11181448972_STOP706,1,101.5,101.5,101.5,Seberang Dinas Ketenagakerjaan Kota Bandung,Jalan Pelajar Pejuang 45,primary,-6.932153878943306,107.6258602532764,Sangat Dekat (<200m)
11181448969_11181448974_STOP706,1,98.7,98.7,98.7,Seberang Dinas Ketenagakerjaan Kota Bandung,Jalan Pelajar Pejuang 45,primary,-6.932508700000003,107.6256715,Sangat Dekat (<200m)
11181448969_3272588432_STOP706,1,98.7,98.7,98.7,Seberang Dinas Ketenagakerjaan Kota Bandung,Jalan Lodaya,tertiary,-6.932508700000003,107.6256715,Sangat Dekat (<200m)
11181448969_3272588432_STOP746,1,80.3,80.3,80.3,Banteng Dalam - Lodaya 1,Jalan Lodaya,tertiary,-6.93226282670034,107.62530299535216,Sangat Dekat (<200m)
11181448972_1108653589_STOP706,2,63.75,39.4,88.1,Seberang Dinas Ketenagakerjaan Kota Bandung,Jalan R.A.A. Martanegara,secondary,-6.932620983181981,107.62596640796215,Sangat Dekat (<200m)
11181448972_11181448973_STOP706,1,88.1,88.1,88.1,Seberang Dinas Ketenagakerjaan Kota Bandung,Jalan Pelajar Pejuang 45,primary,-6.932522999999994,107.6257675,Sangat Dekat (<200m)
11181448973_11181448969_STOP706,1,87.7,87.7,87.7,Seberang Dinas Ketenagakerjaan Kota Bandung,Jalan R.A.A. Martanegara,secondary,-6.932611299999997,107.625745,Sangat Dekat (<200m)
11181448973_11181448979_STOP706,1,87.7,87.7,87.7,Seberang Dinas Ketenagakerjaan Kota Bandung,Jalan Pelajar Pejuang 45,primary,-6.932611299999997,107.625745,Sangat Dekat (<200m)
11181448974_11181448972_STOP706,1,100.1,100.1,100.1,Seberang Dinas Ketenagakerjaan Kota Bandung,Jalan R.A.A. Martanegara,secondary,-6.932416799999999,107.6256947,Sangat Dekat (<200m)
11181448974_3272589082_STOP706,1,100.1,100.1,100.1,Seberang Dinas Ketenagakerjaan Kota Bandung,Jalan Pelajar Pejuang 45,primary,-6.932416799999999,107.6256947,Sangat Dekat (<200m)
11181448979_2325453211_STOP706,2,105.1,92.6,117.6,Seberang Dinas Ketenagakerjaan Kota Bandung,Jalan Pelajar Pejuang 45,primary,-6.933075934515104,107.62563330867971,Sangat Dekat (<200m)
11181449012_11181449013_STOP138,1,71.5,71.5,71.5,Simpang Buah Batu BKR,Jalan Buah Batu,primary,-6.9369955000000045,107.6227463,Sangat Dekat (<200m)
11181449012_11181449018_STOP138,1,71.5,71.5,71.5,Simpang Buah Batu BKR,Jalan BKR,primary,-6.9369955000000045,107.6227463,Sangat Dekat (<200m)
11181449013_11222647213_STOP138,1,72.9,72.9,72.9,Simpang Buah Batu BKR,Jalan Pelajar Pejuang 45,primary,-6.936924599999994,107.6226877,Sangat Dekat (<200m)
11181449013_5360340202_STOP138,1,72.9,72.9,72.9,Simpang Buah Batu BKR,Jalan Buah Batu,primary,-6.936924599999994,107.6226877,Sangat Dekat (<200m)
11181449017_11181449013_STOP138,1,41.1,41.1,41.1,Simpang Buah Batu BKR,Jalan BKR,primary,-6.937100600000002,107.6224276,Sangat Dekat (<200m)
11181449017_3272575990_STOP138,1,41.1,41.1,41.1,Simpang Buah Batu BKR,,primary_link,-6.937100600000002,107.6224276,Sangat Dekat (<200m)
11181449018_5353900965_STOP138,11,215.06363636363633,12.7,453.2,Simpang Buah Batu BKR,Jalan BKR,primary,-6.937866557097405,107.62048083056703,Dekat (200-400m)
11181449018_5353900965_STOP644,3,566.8666666666667,543.8,591.1,Jalan Beunteur,Jalan BKR,primary,-6.938067152543266,107.61692001193778,Sedang (400-800m)
11181449018_5353900965_STOP645,1,500.1,500.1,500.1,Jalan Nilem V,Jalan BKR,primary,-6.938115895401145,107.61782298609188,Sedang (400-800m)
11181449053_2325453378_STOP256,1,62.8,62.8,62.8,Patung Ikan,Jalan BKR,primary,-6.937638082525385,107.6096343997778,Sangat Dekat (<200m)
11181449053_2325453378_STOP59,1,85.2,85.2,85.2,Masjid An Nur PT INTI,Jalan BKR,primary,-6.937621500000002,107.6091826,Sangat Dekat (<200m)
11181449053_3248886992_STOP59,1,85.2,85.2,85.2,Masjid An Nur PT INTI,Jalan Mochammad Ramdhan,secondary,-6.937621500000002,107.6091826,Sangat Dekat (<200m)
11181449054_11181449053_STOP59,1,73.0,73.0,73.0,Masjid An Nur PT INTI,Jalan BKR,primary,-6.937619499999992,107.6090705,Sangat Dekat (<200m)
11181449054_2325453371_STOP256,1,87.9,87.9,87.9,Patung Ikan,Jalan Mochammad Ramdhan,secondary,-6.937354978257019,107.60943653469572,Sangat Dekat (<200m)
11181449054_2325453371_STOP59,1,73.0,73.0,73.0,Masjid An Nur PT INTI,Jalan Mochammad Ramdhan,secondary,-6.937619499999992,107.6090705,Sangat Dekat (<200m)
11181449057_11181449058_STOP21,1,65.2,65.2,65.2,PT INTI B (BKR 5),Jalan BKR,primary,-6.937525600000001,107.6061748,Sangat Dekat (<200m)
11181449057_3272566410_STOP21,1,65.2,65.2,65.2,PT INTI B (BKR 5),Jalan Mohammad Toha,secondary,-6.937525600000001,107.6061748,Sangat Dekat (<200m)
11181449058_10771913956_STOP21,1,56.5,56.5,56.5,PT INTI B (BKR 5),Jalan BKR,primary,-6.937530999999995,107.6062545,Sangat Dekat (<200m)
11181449058_11181449059_STOP21,1,56.5,56.5,56.5,PT INTI B (BKR 5),Jalan Mohammad Toha,primary,-6.937530999999995,107.6062545,Sangat Dekat (<200m)
11181449059_10771913957_STOP21,1,59.7,59.7,59.7,PT INTI B (BKR 5),Jalan Mohammad Toha,primary,-6.937621200000007,107.6062439,Sangat Dekat (<200m)
11181449059_11181449060_STOP21,1,59.7,59.7,59.7,PT INTI B (BKR 5),Jalan BKR,primary,-6.937621200000007,107.6062439,Sangat Dekat (<200m)
11181449060_11181449057_STOP21,1,68.1,68.1,68.1,PT INTI B (BKR 5),Jalan Mohammad Toha,primary,-6.937617300000005,107.6061651,Sangat Dekat (<200m)
11181449060_3272569143_STOP21,1,68.1,68.1,68.1,PT INTI B (BKR 5),Jalan Peta,primary,-6.937617300000005,107.6061651,Sangat Dekat (<200m)
11181664518_14003143457_STOP39,3,93.93333333333334,70.1,121.9,Lapangan Gasibu A,Jalan Sentot Alibasyah,primary,-6.90075783876627,107.61923751189296,Sangat Dekat (<200m)
11181664518_14003143457_STOP393,1,141.5,141.5,141.5,PVMBG,Jalan Sentot Alibasyah,primary,-6.899862739595847,107.6191895058316,Sangat Dekat (<200m)
11181664518_1660290286_STOP39,3,90.53333333333335,70.1,118.3,Lapangan Gasibu A,Jalan Sentot Alibasyah,primary,-6.900741189891963,107.61929192915487,Sangat Dekat (<200m)
11181678841_10173603853_STOP576,1,53.3,53.3,53.3,Seberang SMAN 20 Bandung,,tertiary_link,-6.9045121,107.622105,Sangat Dekat (<200m)
11181678841_10173603857_STOP576,1,53.3,53.3,53.3,Seberang SMAN 20 Bandung,Jalan Taman Citarum,tertiary,-6.9045121,107.622105,Sangat Dekat (<200m)
11199413648_11199413656_STOP387,2,316.35,299.5,333.2,Dayana,Bulevar Raya,tertiary,-6.962030642523642,107.70483389106755,Dekat (200-400m)
11199413648_7216077611_STOP386,4,158.0,136.7,197.1,Sekolah Al-Azhar Summarecon,Bulevar Raya,tertiary,-6.9606237185397415,107.7027924126112,Sangat Dekat (<200m)
11199413648_7216077611_STOP387,4,244.75,205.6,299.5,Dayana,Bulevar Raya,tertiary,-6.9618018492544165,107.70398585142135,Dekat (200-400m)
11199413649_11199413648_STOP387,2,316.4,301.6,331.2,Dayana,Bulevar Raya,tertiary,-6.962101141057165,107.7048563364709,Dekat (200-400m)
11199413649_11199413656_STOP387,1,331.2,331.2,331.2,Dayana,Jalan Rancanumpang,secondary,-6.962234499999999,107.7050381,Dekat (200-400m)
11199413649_2518075055_STOP387,10,362.38,307.7,495.4,Dayana,Jalan Rancanumpang,"['secondary', 'secondary_link']",-6.964224516770797,107.70492883233922,Dekat (200-400m)
11199413656_11199413649_STOP387,1,334.6,334.6,334.6,Dayana,Jalan Rancanumpang,secondary,-6.962143600000006,107.705046,Dekat (200-400m)
11199413656_5455694139_STOP267,2,489.95000000000005,488.1,491.8,Stasiun Cimekar 2,Jalan Rancanumpang,secondary,-6.947339339425788,107.70564738387068,Sedang (400-800m)
11199413656_5455694139_STOP386,1,430.4,430.4,430.4,Sekolah Al-Azhar Summarecon,Jalan Rancanumpang,secondary,-6.9603566454058825,107.70531494191424,Sedang (400-800m)
11199413656_5455694139_STOP387,4,375.2,334.6,420.3,Dayana,Jalan Rancanumpang,secondary,-6.961473935706331,107.70515001959548,Dekat (200-400m)
11199413656_5455694139_STOP820,17,374.4529411764706,279.1,573.7,Flora,Jalan Rancanumpang,secondary,-6.956307280542976,107.70566647233312,Dekat (200-400m)
11199413656_5455694139_STOP825,11,498.22727272727275,432.9,613.6,Stasiun Cimekar 1,Jalan Rancanumpang,secondary,-6.95010904609276,107.70595903769717,Sedang (400-800m)
11207093319_11028882122_STOP786,1,25.8,25.8,25.8,Seberang Paskal 23,,primary_link,-6.915315600000008,107.5981204,Sangat Dekat (<200m)
11207093319_364328701_STOP786,2,49.8,25.8,73.8,Seberang Paskal 23,Jalan HOS. Cokroaminoto,primary,-6.915091031369085,107.59810062700906,Sangat Dekat (<200m)
11222647213_10239511223_STOP138,1,77.7,77.7,77.7,Simpang Buah Batu BKR,Jalan Buah Batu,primary,-6.936898199999998,107.6227233,Sangat Dekat (<200m)
11222647213_3272574294_STOP138,1,77.7,77.7,77.7,Simpang Buah Batu BKR,Jalan Pelajar Pejuang 45,primary,-6.936898199999998,107.6227233,Sangat Dekat (<200m)
11224280874_7715425662_STOP364,3,38.93333333333333,15.3,64.7,SMKN 7 Bandung,Jalan Soekarno-Hatta,secondary,-6.939784010479404,107.66030449074708,Sangat Dekat (<200m)
11224280874_7715425662_STOP365,1,20.3,20.3,20.3,BPN Kanwil Jabar,Jalan Soekarno-Hatta,secondary,-6.940636543002683,107.65725848695632,Sangat Dekat (<200m)
11224280874_7715425662_STOP37,1,41.6,41.6,41.6,Jasa Raharja Jabar,Jalan Soekarno-Hatta,secondary,-6.940234814230029,107.6585539828084,Sangat Dekat (<200m)
11224280874_7715425662_STOP454,2,25.65,13.0,38.3,Metro Indah Mall,Jalan Soekarno-Hatta,secondary,-6.9404349212447904,107.65790600170162,Sangat Dekat (<200m)
11224280874_7715425662_STOP455,2,26.099999999999998,10.4,41.8,Gagak Rimang,Jalan Soekarno-Hatta,secondary,-6.940044861764145,107.65920489538134,Sangat Dekat (<200m)
11235233277_11181449054_STOP59,1,68.0,68.0,68.0,Masjid An Nur PT INTI,Jalan Mochammad Ramdhan,secondary,-6.937702299999995,107.6090371,Sangat Dekat (<200m)
11235233277_3277883745_STOP21,2,37.3,18.5,56.1,PT INTI B (BKR 5),Jalan BKR,primary,-6.937639877268095,107.60700335906294,Sangat Dekat (<200m)
11235233277_3277883745_STOP431,2,49.449999999999996,27.3,71.6,Samsudin,Jalan BKR,primary,-6.937668551277934,107.6079072329825,Sangat Dekat (<200m)
11235233277_3277883745_STOP59,2,43.35,18.7,68.0,Masjid An Nur PT INTI,Jalan BKR,primary,-6.937696170317832,107.60881111928974,Sangat Dekat (<200m)
11259520257_5865367998_STOP356,1,140.1,140.1,140.1,Panyileukan,,trunk_link,-6.935462000000005,107.7133738,Sangat Dekat (<200m)
11259520257_6455291974_STOP356,1,140.1,140.1,140.1,Panyileukan,Jalan Soekarno-Hatta,trunk,-6.935462000000005,107.7133738,Sangat Dekat (<200m)
11262097537_11104669201_STOP102,2,28.65,20.5,36.8,Lapangan Seni Rupa,Jalan Ganesha,tertiary,-6.8932464992284626,107.6108165406683,Sangat Dekat (<200m)
11262097537_11104669201_STOP161,1,71.3,71.3,71.3,Rumah Sakit Santo Borromeus,Jalan Ganesha,tertiary,-6.893727000802325,107.61278645900828,Sangat Dekat (<200m)
11262097537_11104669201_STOP514,2,25.549999999999997,25.4,25.7,Ganesha Ciungwanara,Jalan Ganesha,tertiary,-6.89360540960955,107.61211962235245,Sangat Dekat (<200m)
11262097537_11104669201_STOP515,1,18.3,18.3,18.3,Masjid Salman ITB,Jalan Ganesha,tertiary,-6.893413481717924,107.61147084233023,Sangat Dekat (<200m)
11262097537_11104669201_STOP516,2,40.25,16.1,64.4,ITB Ganesha A,Jalan Ganesha,tertiary,-6.893278918489443,107.60991945260801,Sangat Dekat (<200m)
11262097537_11104669201_STOP517,1,26.1,26.1,26.1,ITB Ganesha B,Jalan Ganesha,tertiary,-6.893437022544386,107.609261321473,Sangat Dekat (<200m)
11262097537_11104669201_STOP587,2,38.55,37.5,39.6,Ganesha Tamansari,Jalan Ganesha,tertiary,-6.893720740556986,107.60864770884629,Sangat Dekat (<200m)
11262097537_1956899631_STOP166,3,42.79999999999999,23.4,77.6,Sabuga ITB,Jalan Tamansari,secondary,-6.887748300162311,107.60898577761573,Sangat Dekat (<200m)
11262097537_1956899631_STOP167,4,78.02499999999999,4.6,152.7,Tamansari ITB,Jalan Tamansari,secondary,-6.890495602732993,107.6080515319901,Sangat Dekat (<200m)
11262097537_1956899631_STOP168,5,96.38,9.4,193.4,Tamansari (Bonbin),Jalan Tamansari,secondary,-6.892512252563549,107.60817987992296,Sangat Dekat (<200m)
11262097537_1956899631_STOP231,2,64.5,39.8,89.2,FTI ITB,Jalan Tamansari,secondary,-6.888244229789887,107.60816161706839,Sangat Dekat (<200m)
11262097537_1956899631_STOP232,1,9.7,9.7,9.7,BATAN,Jalan Tamansari,secondary,-6.888915001317554,107.60809973144616,Sangat Dekat (<200m)
11262097537_1956899631_STOP552,4,51.175,21.4,80.8,Gerbang Utara ITB,Jalan Tamansari,secondary,-6.887575530197211,107.61054292301098,Sangat Dekat (<200m)
11262097537_1956899631_STOP587,1,37.5,37.5,37.5,Ganesha Tamansari,Jalan Tamansari,secondary,-6.893831800000003,107.608451,Sangat Dekat (<200m)
11262097537_1956899631_STOP619,1,44.3,44.3,44.3,Bandung Zoo,Jalan Tamansari,secondary,-6.889366570402727,107.608086267105,Sangat Dekat (<200m)
11262097537_9767043233_STOP587,1,37.5,37.5,37.5,Ganesha Tamansari,Jalan Tamansari,secondary,-6.893831800000003,107.608451,Sangat Dekat (<200m)
11262097537_9767043233_STOP594,1,37.9,37.9,37.9,Dispora Kota Bandung,Jalan Tamansari,secondary,-6.896718770673305,107.60961490312305,Sangat Dekat (<200m)
11262097537_9767043233_STOP70,3,44.79999999999999,17.0,83.6,Gelap Nyawang,Jalan Tamansari,secondary,-6.894673266227554,107.60870873744516,Sangat Dekat (<200m)
11262097537_9767043233_STOP71,1,13.8,13.8,13.8,Pelesiran,Jalan Tamansari,secondary,-6.89716998693574,107.60961511504586,Sangat Dekat (<200m)
11262097537_9767043233_STOP725,3,48.300000000000004,7.4,93.5,Diskominfo Jawa Barat,Jalan Tamansari,secondary,-6.895859154096343,107.60935655177825,Sangat Dekat (<200m)
11270910309_11803832459_STOP141,1,762.5,762.5,762.5,Bulog Gedebage,,tertiary_link,-6.944911800000002,107.6972053,Sedang (400-800m)
11270910309_13575977254_STOP141,2,785.7,762.5,808.9,Bulog Gedebage,Jalan Gedebage Utama,tertiary,-6.9449849647479125,107.69741909844805,Sedang (400-800m)
11270910309_13575977254_STOP388,3,821.6666666666666,808.7,835.9,Pasar Sinpasa,Jalan Gedebage Utama,tertiary,-6.94503397855146,107.69852533427593,Jauh (>800m)
11270910316_10995135976_STOP388,2,858.5999999999999,857.8,859.4,Pasar Sinpasa,Jalan Gedebage Utama,tertiary,-6.944937330611738,107.69980581645055,Jauh (>800m)
11270910316_13575977252_STOP388,1,859.4,859.4,859.4,Pasar Sinpasa,,tertiary_link,-6.944870099999994,107.6995906,Jauh (>800m)
11270910340_11270910342_STOP261,1,112.2,112.2,112.2,Shuttle Summarecon Mall Bandung,Jalan Sentra Raya Selatan,tertiary,-6.954984500000004,107.6956789,Sangat Dekat (<200m)
11270910340_7216077673_STOP261,3,121.8,112.2,138.1,Shuttle Summarecon Mall Bandung,Bulevar Utama,secondary,-6.955426688567946,107.69558624349442,Sangat Dekat (<200m)
11270910342_11270910343_STOP261,1,126.5,126.5,126.5,Shuttle Summarecon Mall Bandung,Bulevar Utama,secondary,-6.954961600000006,107.6955503,Sangat Dekat (<200m)
11270910343_11270910344_STOP261,1,128.8,128.8,128.8,Shuttle Summarecon Mall Bandung,Jalan Sentra Raya Selatan,tertiary,-6.954862000000001,107.6955696,Sangat Dekat (<200m)
11270910343_7216077704_STOP261,3,157.53333333333333,128.8,191.6,Shuttle Summarecon Mall Bandung,Bulevar Utama,secondary,-6.954413011602568,107.69559635165153,Sangat Dekat (<200m)
11270910343_7216077704_STOP388,2,293.85,284.8,302.9,Pasar Sinpasa,Bulevar Utama,secondary,-6.952468541433271,107.69510688101587,Dekat (200-400m)
11270910343_7216077704_STOP647,2,244.5,230.8,258.2,Taman Sumringah,Bulevar Utama,secondary,-6.953305665787789,107.69544590910976,Dekat (200-400m)
11270910344_11270910340_STOP261,1,114.8,114.8,114.8,Shuttle Summarecon Mall Bandung,Bulevar Utama,secondary,-6.954884599999997,107.6956979,Sangat Dekat (<200m)
11270910344_13539499879_STOP261,1,114.8,114.8,114.8,Shuttle Summarecon Mall Bandung,Jalan Sentra Raya Selatan,tertiary,-6.954884599999997,107.6956979,Sangat Dekat (<200m)
11270931757_11554687893_STOP285,3,189.86666666666667,168.5,212.3,Summarecon Mall Bandung,Bulevar Teknopolis,tertiary,-6.954196074859048,107.70012793067194,Sangat Dekat (<200m)
11270931757_9807780220_STOP285,1,168.5,168.5,168.5,Summarecon Mall Bandung,Bulevar Teknopolis,tertiary,-6.954598100000003,107.7003287,Sangat Dekat (<200m)
11278632590_7287159351_STOP647,3,417.3,379.7,460.6,Taman Sumringah,Bundaran Bulevar Barat,secondary,-6.9531096633735645,107.69091587320764,Sedang (400-800m)
11294966882_3374033494_STOP673,2,91.44999999999999,67.8,115.1,Taman Pertigaan Pujasera,Jalan Aceh,secondary,-6.909904963693149,107.61282031560663,Sangat Dekat (<200m)
11294966882_3374033494_STOP683,1,161.4,161.4,161.4,Paguyuban Pasundan,Jalan Aceh,secondary,-6.910194090653772,107.61343354906226,Sangat Dekat (<200m)
11295049620_2958261187_STOP123,1,108.9,108.9,108.9,Taman Westhoff,Jalan Doktor Louis Otten,trunk_link,-6.900371099999994,107.5988975,Sangat Dekat (<200m)
11295049620_5826263864_STOP123,1,108.9,108.9,108.9,Taman Westhoff,Jalan Pasteur,trunk,-6.900371099999994,107.5988975,Sangat Dekat (<200m)
11303467321_11303467322_STOP600,1,263.7,263.7,263.7,Seberang ITHB,,primary_link,-6.8892558,107.613446,Dekat (200-400m)
11303467321_5465992318_STOP600,1,263.7,263.7,263.7,Seberang ITHB,Jalan Ir. H. Djuanda,primary,-6.8892558,107.613446,Dekat (200-400m)
11303467322_11303467321_STOP600,1,256.8,256.8,256.8,Seberang ITHB,,primary_link,-6.8892635000000055,107.6135086,Dekat (200-400m)
11303467322_6639639832_STOP600,3,273.23333333333335,256.8,292.1,Seberang ITHB,Jalan Ir. H. Djuanda,primary,-6.889711854934899,107.6134529023537,Dekat (200-400m)
11310046580_11546102144_STOP768,1,13.7,13.7,13.7,Gang 5 Ciroyom,Jalan Ciroyom,secondary,-6.912692,107.5858255,Sangat Dekat (<200m)
11310046580_29377182_STOP768,4,69.6,13.7,138.5,Gang 5 Ciroyom,Jalan Ciroyom,secondary,-6.9123134151451,107.58526316653513,Sangat Dekat (<200m)
11310046580_29377182_STOP770,3,103.36666666666666,53.1,153.7,Simpang Andir - Ciroyom 2,Jalan Ciroyom,secondary,-6.911406929481518,107.58396664318292,Sangat Dekat (<200m)
11310046583_11687490552_STOP810,1,111.7,111.7,111.7,Terminal Ciroyom,Jalan Layang Ciroyom,secondary,-6.9132874000000015,107.5869632,Sangat Dekat (<200m)
11310046583_11740333992_STOP766,1,133.6,133.6,133.6,Alun-alun Cicendo1,Jalan Layang Ciroyom,secondary,-6.9122950553952895,107.58928243259513,Sangat Dekat (<200m)
11310046583_11740333992_STOP810,4,67.25,34.9,111.7,Terminal Ciroyom,Jalan Layang Ciroyom,secondary,-6.913549663474423,107.58758829772961,Sangat Dekat (<200m)
11310046583_11740333992_STOP86,4,96.875,58.5,158.7,Stasiun Ciroyom,Jalan Layang Ciroyom,secondary,-6.9133553822015195,107.58899779225494,Sangat Dekat (<200m)
11310497696_12806309258_STOP640,3,331.59999999999997,281.8,381.5,SMA Negeri 24 Bandung,Jalan Abdul Haris Nasution,trunk,-6.911025627554346,107.69011066207703,Dekat (200-400m)
11310497696_12806309258_STOP720,2,381.45000000000005,358.8,404.1,Yonzipur 9,Jalan Abdul Haris Nasution,trunk,-6.91187742405207,107.69085232346774,Dekat (200-400m)
11310497696_2518040289_STOP402,4,219.52499999999998,197.7,251.5,RSUD Ujungberung,Jalan Abdul Haris Nasution,trunk,-6.914071543914641,107.69856770163068,Dekat (200-400m)
11310497696_2518040289_STOP720,9,168.66666666666666,11.8,358.8,Yonzipur 9,Jalan Abdul Haris Nasution,trunk,-6.912709644427379,107.69267263427314,Sangat Dekat (<200m)
11310497696_2518040289_STOP95,7,99.78571428571429,15.9,214.1,SDN Andir Kidul,Jalan Abdul Haris Nasution,trunk,-6.913785915397755,107.69611810815654,Sangat Dekat (<200m)
11310497696_4183530886_STOP720,5,363.65999999999997,355.7,381.4,Yonzipur 9,Jalan Golf Raya,tertiary,-6.912925794616162,107.69080569367016,Dekat (200-400m)
11345662513_29357859_STOP476,3,67.0,24.4,113.0,Polsek Sukajadi,Jalan Sukamaju,secondary,-6.888212283890872,107.5972014220792,Sangat Dekat (<200m)
11345662513_29379226_STOP17,4,128.95,83.1,188.0,Pasar Sederhana,Jalan Sukamaju,secondary,-6.889730259058659,107.59914221328248,Sangat Dekat (<200m)
11345662513_29379226_STOP476,3,163.29999999999998,113.0,213.6,Polsek Sukajadi,Jalan Sukamaju,secondary,-6.888840540434799,107.59784578616934,Sangat Dekat (<200m)
11347520098_29434769_STOP732,1,68.3,68.3,68.3,Macan - Lodaya 1,Jalan Lodaya,tertiary,-6.929724299999999,107.619745,Sangat Dekat (<200m)
11347520098_6469933723_STOP732,2,43.4,18.5,68.3,Macan - Lodaya 1,Jalan Lodaya,tertiary,-6.929504307420835,107.61969674955448,Sangat Dekat (<200m)
11347520098_6469933723_STOP733,1,26.6,26.6,26.6,Macan - Lodaya 2,Jalan Lodaya,tertiary,-6.928835516906046,107.61959636017102,Sangat Dekat (<200m)
11347520099_11347520098_STOP732,1,80.8,80.8,80.8,Macan - Lodaya 1,Jalan Lodaya,tertiary,-6.929837599999996,107.6197567,Sangat Dekat (<200m)
11347520099_29434768_STOP413,2,61.0,38.2,83.8,SMK Medina,Jalan Sancang,tertiary,-6.930912262569134,107.61940853780655,Sangat Dekat (<200m)
11347520099_29434768_STOP732,2,103.44999999999999,80.8,126.1,Macan - Lodaya 1,Jalan Sancang,tertiary,-6.930052535197476,107.61968707596377,Sangat Dekat (<200m)
11366943120_11366943122_STOP337,1,217.6,217.6,217.6,Karangsetra Waterland,Jalan Bungur,tertiary,-6.877949600000001,107.5936064,Dekat (200-400m)
11366943120_29356944_STOP337,1,217.6,217.6,217.6,Karangsetra Waterland,Jalan Sindang Sirna,primary,-6.877949600000001,107.5936064,Dekat (200-400m)
11366943122_4169236625_STOP337,4,140.65,105.7,198.1,Karangsetra Waterland,Jalan Bungur,tertiary,-6.878542169514143,107.59412245113921,Sangat Dekat (<200m)
11367517448_13551225788_STOP46,1,33.6,33.6,33.6,Bandung Creative Hub B,Jalan Sukabumi,primary,-6.918650499999991,107.6314582,Sangat Dekat (<200m)
11367517448_3277874415_STOP253,2,124.65,100.3,149.0,Simpang Laswi Gatot Subroto 1,Jalan Laswi,primary,-6.92288063676024,107.62910430884214,Sangat Dekat (<200m)
11367517448_3277874415_STOP46,3,74.3,33.6,118.2,Bandung Creative Hub B,Jalan Laswi,primary,-6.9190895425859935,107.63135303691662,Sangat Dekat (<200m)
11367517448_3277874415_STOP726,5,74.72,8.2,157.2,Gang Cinta Asih Selatan,Jalan Laswi,primary,-6.920839661121569,107.6309033260995,Sangat Dekat (<200m)
11367517448_3277874415_STOP727,3,133.20000000000002,93.0,174.2,Samoja-Laswi,Jalan Laswi,primary,-6.922359141839902,107.63010349760832,Sangat Dekat (<200m)
11367547338_29357275_STOP8,2,371.6,361.9,381.3,KPAD,Jalan Sari Endah Baru,secondary,-6.8683937766010885,107.58291184432218,Dekat (200-400m)
11367547341_11367547338_STOP8,1,366.8,366.8,366.8,KPAD,,secondary_link,-6.8680848000000045,107.5829223,Dekat (200-400m)
11367547341_29357239_STOP8,1,366.8,366.8,366.8,KPAD,Jalan Geger Kalong Hilir,secondary,-6.8680848000000045,107.5829223,Dekat (200-400m)
11369316679_10125360884_STOP108,2,179.15,156.5,201.8,Puskesmas Kopo,Jalan Soekarno-Hatta,trunk,-6.946237270284932,107.59087991008096,Sangat Dekat (<200m)
11369316679_10125360884_STOP121,3,53.93333333333334,30.9,88.0,Leuwipanjang Soekarno Hatta,Jalan Soekarno-Hatta,trunk,-6.947089059071299,107.59368836511896,Sangat Dekat (<200m)
11369316679_10125360884_STOP385,4,95.775,20.7,171.1,Seberang Terminal Leuwipanjang,Jalan Soekarno-Hatta,trunk,-6.946681508216296,107.59215990161135,Sangat Dekat (<200m)
11369316680_11369316679_STOP121,1,84.5,84.5,84.5,Leuwipanjang Soekarno Hatta,,trunk_link,-6.946993799999999,107.5941765,Sangat Dekat (<200m)
11369316680_3272382561_STOP121,2,109.6,84.5,134.7,Leuwipanjang Soekarno Hatta,Jalan Soekarno-Hatta,trunk,-6.94704060038569,107.59439762573392,Sangat Dekat (<200m)
11369837179_11369837184_STOP108,1,128.2,128.2,128.2,Puskesmas Kopo,Jalan Kyai Haji Wahid Hasyim,primary,-6.9453598,107.5898972,Sangat Dekat (<200m)
11369837179_5348639847_STOP108,1,128.2,128.2,128.2,Puskesmas Kopo,,trunk_link,-6.9453598,107.5898972,Sangat Dekat (<200m)
11369837181_11369837186_STOP108,1,79.1,79.1,79.1,Puskesmas Kopo,Jalan Kyai Haji Wahid Hasyim,primary,-6.945718600000001,107.5896397,Sangat Dekat (<200m)
11369837181_2614138773_STOP108,1,79.1,79.1,79.1,Puskesmas Kopo,Jalan Soekarno-Hatta,trunk,-6.945718600000001,107.5896397,Sangat Dekat (<200m)
11369837184_11369837181_STOP108,1,102.7,102.7,102.7,Puskesmas Kopo,Jalan Kyai Haji Wahid Hasyim,primary,-6.945549200000004,107.5897693,Sangat Dekat (<200m)
11369837184_5348639847_STOP108,1,102.7,102.7,102.7,Puskesmas Kopo,Jalan Soekarno-Hatta,trunk,-6.945549200000004,107.5897693,Sangat Dekat (<200m)
11369837185_2614138773_STOP108,1,52.6,52.6,52.6,Puskesmas Kopo,Jalan Kyai Haji Wahid Hasyim,primary,-6.9458867,107.5894424,Sangat Dekat (<200m)
11369837185_3272542989_STOP108,1,52.6,52.6,52.6,Puskesmas Kopo,,trunk_link,-6.9458867,107.5894424,Sangat Dekat (<200m)
11369837186_6616389060_STOP108,1,53.0,53.0,53.0,Puskesmas Kopo,Jalan Kyai Haji Wahid Hasyim,primary,-6.945906699999999,107.5894961,Sangat Dekat (<200m)
11369837187_3272542984_STOP108,1,128.3,128.3,128.3,Puskesmas Kopo,Jalan Kyai Haji Wahid Hasyim,primary,-6.945337499999994,107.5898634,Sangat Dekat (<200m)
11373181570_10596847027_STOP386,2,209.35000000000002,186.8,231.9,Sekolah Al-Azhar Summarecon,"['Jembatan Cisaranten Baru', 'Bulevar Selatan']",secondary,-6.959404579802728,107.70296529431813,Dekat (200-400m)
11373181570_10596847027_STOP820,5,284.32,254.6,326.9,Flora,"['Jembatan Cisaranten Baru', 'Bulevar Selatan']",secondary,-6.95910792318939,107.70451863086325,Dekat (200-400m)
11373181571_7216077612_STOP386,1,207.0,207.0,207.0,Sekolah Al-Azhar Summarecon,"['Jembatan Cisaranten Baru', 'Bulevar Selatan']",secondary,-6.959170403738089,107.70273521868812,Dekat (200-400m)
11373181571_7216077612_STOP820,6,257.6333333333333,224.6,321.8,Flora,"['Jembatan Cisaranten Baru', 'Bulevar Selatan']",secondary,-6.958922676759374,107.70429397214646,Dekat (200-400m)
11380591251_1017853007_STOP197,3,44.06666666666666,23.9,79.0,ITC Kebon Kalapa,Jalan Dewi Sartika,secondary,-6.926484077912846,107.60600687530966,Sangat Dekat (<200m)
11380591251_1017853007_STOP30,1,27.6,27.6,27.6,Terminal Abdul Muis/Kebon Kalapa,Jalan Dewi Sartika,secondary,-6.927384900000001,107.6059454,Sangat Dekat (<200m)
11380591251_1837401646_STOP30,3,59.333333333333336,27.6,98.5,Terminal Abdul Muis/Kebon Kalapa,Jalan Pungkur,secondary,-6.9273476987313,107.60549477966072,Sangat Dekat (<200m)
11380591251_1837401646_STOP308,3,110.96666666666665,94.5,134.0,Simpang Ijan,Jalan Pungkur,secondary,-6.927236316678672,107.6041428997177,Sangat Dekat (<200m)
11382060932_12809082542_STOP327,1,86.5,86.5,86.5,Cibarengkok,Jalan Pasir Kaliki,primary,-6.896837099999992,107.5972895,Sangat Dekat (<200m)
11382060932_7983673000_STOP327,1,86.5,86.5,86.5,Cibarengkok,Jalan Sederhana,primary,-6.896837099999992,107.5972895,Sangat Dekat (<200m)
11382550192_3269364718_STOP576,1,32.3,32.3,32.3,Seberang SMAN 20 Bandung,,tertiary,-6.904695900000001,107.6223117,Sangat Dekat (<200m)
11382627918_7669230599_STOP684,4,150.05,76.3,224.5,Dinas Arsip dan Perpustakaan Kota Bandung,Jalan Seram,tertiary,-6.909426821378922,107.61432706049784,Sangat Dekat (<200m)
11382627919_11382627918_STOP340,1,222.7,222.7,222.7,SMA Negeri 3 dan 5 Bandung,Jalan Seram,tertiary,-6.910039400000004,107.6148175,Dekat (200-400m)
11382627919_5360090928_STOP340,2,220.3,217.9,222.7,SMA Negeri 3 dan 5 Bandung,Jalan Aceh,secondary,-6.910112350609334,107.6146035615197,Dekat (200-400m)
11382627919_5360090932_STOP340,1,222.7,222.7,222.7,SMA Negeri 3 dan 5 Bandung,Jalan Aceh,secondary,-6.910039400000004,107.6148175,Dekat (200-400m)
11383843397_1849907134_STOP43,3,175.69999999999996,137.2,203.2,Anggrek,"['Jalan Anggrek', 'Jalan Kamuning']",tertiary,-6.9135958247744895,107.62715998066211,Sangat Dekat (<200m)
11383843402_11383843397_STOP43,1,136.5,136.5,136.5,Anggrek,Jalan Patrakomala,tertiary,-6.913353799999993,107.6274364,Sangat Dekat (<200m)
11383843402_1849907158_STOP43,1,136.5,136.5,136.5,Anggrek,Jalan Patrakomala,tertiary,-6.913353799999993,107.6274364,Sangat Dekat (<200m)
11419915997_11419915998_STOP90,1,254.9,254.9,254.9,Terminal Antapani,,primary_link,-6.916085800000003,107.6679312,Dekat (200-400m)
11419915997_3270445562_STOP90,1,254.9,254.9,254.9,Terminal Antapani,Jalan Terusan Jakarta,primary,-6.916085800000003,107.6679312,Dekat (200-400m)
11419915998_303034042_STOP90,5,360.86,260.5,461.3,Terminal Antapani,Jalan Golf Barat,primary,-6.916315419903016,107.668862474614,Dekat (200-400m)
11458642953_11711275764_STOP280,5,156.5,55.9,257.1,Kemenag Kanwil Jabar,Jalan Jendral Sudirman,trunk,-6.917448707842411,107.57571758276602,Sangat Dekat (<200m)
11499132688_11499132689_STOP387,1,526.1,526.1,526.1,Dayana,,tertiary_link,-6.966917899999997,107.7047337,Sedang (400-800m)
11499132688_2518075049_STOP387,2,533.25,526.1,540.4,Dayana,Jalan Pendamping SOR GBLA,tertiary,-6.9668431865549305,107.70494701030623,Sedang (400-800m)
11499132689_11499132688_STOP387,1,532.8,532.8,532.8,Dayana,,tertiary_link,-6.966981400000004,107.7047451,Sedang (400-800m)
11499132689_5993042057_STOP387,5,529.12,525.7,533.1,Dayana,Jalan Pendamping SOR GBLA,tertiary,-6.967328049263502,107.70391063969313,Sedang (400-800m)
11513213940_11513213942_STOP141,1,360.0,360.0,360.0,Bulog Gedebage,Bulevar Utama,secondary,-6.943219199999999,107.6935148,Dekat (200-400m)
11513213940_11910120725_STOP141,3,336.8666666666666,315.7,360.0,Bulog Gedebage,Jalan Gedebage Utama,secondary,-6.9431510985096425,107.69306782767332,Dekat (200-400m)
11513213941_11730487008_STOP388,1,662.8,662.8,662.8,Pasar Sinpasa,,secondary_link,-6.948125199999998,107.69355480000002,Sedang (400-800m)
11513213941_11803832464_STOP141,5,651.54,559.3,742.3,Bulog Gedebage,Bulevar Utama,secondary,-6.945903891433926,107.69376980691194,Sedang (400-800m)
11513213941_11803832464_STOP388,3,702.4,662.8,739.7,Pasar Sinpasa,Bulevar Utama,secondary,-6.947679259765753,107.69351579040699,Sedang (400-800m)
11513213942_11132403120_STOP141,1,350.8,350.8,350.8,Bulog Gedebage,Jalan Gedebage Utama,secondary,-6.943134499999994,107.6934996,Dekat (200-400m)
11513213943_11513213940_STOP141,1,371.1,371.1,371.1,Bulog Gedebage,Jalan Gedebage Utama,secondary,-6.943250699999992,107.6936775,Dekat (200-400m)
11513213943_11803832450_STOP141,4,444.35,371.1,517.9,Bulog Gedebage,Bulevar Utama,secondary,-6.943915442762206,107.69380951288576,Sedang (400-800m)
11520711530_11520711531_STOP63,1,59.0,59.0,59.0,Pasar Kembang Wastukencana,,primary_link,-6.904564400000007,107.6068707,Sangat Dekat (<200m)
11520711530_6485661075_STOP63,4,53.625,13.2,96.2,Pasar Kembang Wastukencana,Jalan Wastukancana,primary,-6.905113557235417,107.60725514521505,Sangat Dekat (<200m)
11520711531_11520711530_STOP63,1,58.8,58.8,58.8,Pasar Kembang Wastukencana,,primary_link,-6.9045127000000015,107.6069187,Sangat Dekat (<200m)
11520711531_3277449482_STOP63,3,36.666666666666664,8.8,58.8,Pasar Kembang Wastukencana,Jalan Wastukancana,primary,-6.904861344695188,107.6072013703404,Sangat Dekat (<200m)
11546102144_11546102152_STOP767,2,43.949999999999996,18.8,69.1,Seberang Gang 5 Ciroyom,Jalan Ciroyom,secondary,-6.912879633300706,107.5863119499391,Sangat Dekat (<200m)
11546102152_11310046583_STOP767,1,101.5,101.5,101.5,Seberang Gang 5 Ciroyom,Jalan Layang Ciroyom,secondary,-6.913149299999995,107.5867539,Sangat Dekat (<200m)
11546102152_29377063_STOP767,1,101.5,101.5,101.5,Seberang Gang 5 Ciroyom,"['Jalan Arjuna', 'Jalan Ciroyom']",secondary,-6.913149299999995,107.5867539,Sangat Dekat (<200m)
11546102152_29377063_STOP810,4,69.275,47.8,93.1,Terminal Ciroyom,"['Jalan Arjuna', 'Jalan Ciroyom']",secondary,-6.913551767891912,107.58780955924854,Sangat Dekat (<200m)
11546102152_29377063_STOP86,2,23.450000000000003,11.7,35.2,Stasiun Ciroyom,"['Jalan Arjuna', 'Jalan Ciroyom']",secondary,-6.914102004604148,107.58896319218802,Sangat Dekat (<200m)
11549667667_11132622841_STOP403,2,48.599999999999994,23.9,73.3,Simpang Gedebage Selatan,Jalan Gedebage Selatan,primary,-6.937356376533444,107.69258823513948,Sangat Dekat (<200m)
11549667667_11549667668_STOP403,1,73.3,73.3,73.3,Simpang Gedebage Selatan,Jalan Soekarno-Hatta,trunk,-6.937131499999995,107.6926097,Sangat Dekat (<200m)
11549667668_11549683569_STOP403,1,73.4,73.4,73.4,Simpang Gedebage Selatan,,primary,-6.937135700000008,107.6925369,Sangat Dekat (<200m)
11549667668_8456621393_STOP403,1,73.4,73.4,73.4,Simpang Gedebage Selatan,Jalan Soekarno-Hatta,trunk,-6.937135700000008,107.6925369,Sangat Dekat (<200m)
11549683569_11549683570_STOP403,1,94.1,94.1,94.1,Simpang Gedebage Selatan,Jalan Soekarno-Hatta,trunk,-6.936947500000007,107.6925509,Sangat Dekat (<200m)
11549683569_6382216824_STOP403,1,94.1,94.1,94.1,Simpang Gedebage Selatan,Jalan Rumah Sakit,primary,-6.936947500000007,107.6925509,Sangat Dekat (<200m)
11549683570_11549667667_STOP403,1,94.2,94.2,94.2,Simpang Gedebage Selatan,,primary,-6.936943399999994,107.6926303,Sangat Dekat (<200m)
11549683570_8456621395_STOP403,1,94.2,94.2,94.2,Simpang Gedebage Selatan,Jalan Soekarno-Hatta,trunk,-6.936943399999994,107.6926303,Sangat Dekat (<200m)
11553388875_1663274709_STOP163,1,79.3,79.3,79.3,Cikapayang Dago 2,,primary_link,-6.8985301999999935,107.6128476,Sangat Dekat (<200m)
11553388875_1663274712_STOP163,1,79.3,79.3,79.3,Cikapayang Dago 2,Jalan Ir. H. Djuanda,primary,-6.8985301999999935,107.6128476,Sangat Dekat (<200m)
11554687893_10596741981_STOP285,1,222.7,222.7,222.7,Summarecon Mall Bandung,Bulevar Teknopolis,tertiary,-6.953624899999999,107.69966060000002,Dekat (200-400m)
11554687893_10596741981_STOP388,1,208.6,208.6,208.6,Pasar Sinpasa,Bulevar Teknopolis,tertiary,-6.953498581078145,107.69922802199982,Dekat (200-400m)
11554687893_11270931757_STOP285,3,203.13333333333333,181.0,222.7,Summarecon Mall Bandung,Bulevar Teknopolis,tertiary,-6.953952495092739,107.69995601987056,Dekat (200-400m)
11564259401_10173744438_STOP556,1,37.7,37.7,37.7,Stadion Siliwangi,Jalan Bangka,tertiary,-6.911497999999996,107.6183415,Sangat Dekat (<200m)
11564259401_10173744441_STOP556,1,37.7,37.7,37.7,Stadion Siliwangi,Jalan Belitung,tertiary,-6.911497999999996,107.6183415,Sangat Dekat (<200m)
11564259401_12809507137_STOP47,3,50.63333333333333,9.8,95.9,Seberang Stadion Siliwangi,Jalan Lombok,tertiary,-6.910624345882776,107.61857215169776,Sangat Dekat (<200m)
11564259401_12809507137_STOP507,2,98.6,81.2,116.0,Graha Manggala Siliwangi,Jalan Lombok,tertiary,-6.909524806180462,107.6188305929027,Sangat Dekat (<200m)
11564259401_12809507137_STOP556,1,37.7,37.7,37.7,Stadion Siliwangi,Jalan Lombok,tertiary,-6.911497999999996,107.6183415,Sangat Dekat (<200m)
11564259401_2037086792_STOP556,2,55.1,37.7,72.5,Stadion Siliwangi,Jalan Belitung,tertiary,-6.911484745676171,107.61811668118766,Sangat Dekat (<200m)
11594016904_2325451295_STOP16,2,32.85,8.7,57.0,Depan Terminal Cicaheum,Jalan Jenderal Ahmad Yani,trunk,-6.90221307845485,107.65708562912195,Sangat Dekat (<200m)
11594016904_2325451295_STOP213,1,43.2,43.2,43.2,Terminal Angkot Cicaheum,Jalan Jenderal Ahmad Yani,trunk,-6.9021412502722965,107.65595951974296,Sangat Dekat (<200m)
11594016904_2325451295_STOP58,1,25.5,25.5,25.5,Terminal Cicaheum,Jalan Jenderal Ahmad Yani,trunk,-6.90218816534355,107.65640844892994,Sangat Dekat (<200m)
11594016904_2477140738_STOP16,6,142.43333333333334,57.0,248.0,Depan Terminal Cicaheum,Jalan Antapani,tertiary,-6.903335044326991,107.65732662921188,Sangat Dekat (<200m)
11594016904_2477140738_STOP213,7,437.59999999999997,296.1,574.7,Terminal Angkot Cicaheum,Jalan Antapani,tertiary,-6.906233516858937,107.65719439944492,Sedang (400-800m)
11594016904_2477140738_STOP505,15,556.4333333333333,484.3,629.5,bjb Antapani,Jalan Antapani,tertiary,-6.91061016048014,107.65813622360196,Sedang (400-800m)
11687490552_11687490560_STOP767,2,76.65,51.7,101.6,Seberang Gang 5 Ciroyom,Jalan Ciroyom,secondary,-6.913103799068354,107.58651624142848,Sangat Dekat (<200m)
11687490560_11310046580_STOP767,1,22.0,22.0,22.0,Seberang Gang 5 Ciroyom,Jalan Ciroyom,secondary,-6.912848599999998,107.5860843,Sangat Dekat (<200m)
11687490560_11546102144_STOP767,1,22.0,22.0,22.0,Seberang Gang 5 Ciroyom,,secondary_link,-6.912848599999998,107.5860843,Sangat Dekat (<200m)
11707030830_11707030831_STOP73,1,21.9,21.9,21.9,Ciliwung,Jalan Ciliwung,tertiary,-6.9042087000000025,107.6283196,Sangat Dekat (<200m)
11707030830_1666714175_STOP73,2,25.6,21.9,29.3,Ciliwung,Jalan Supratman,primary,-6.904019297407141,107.6281963880325,Sangat Dekat (<200m)
11707030830_1666714175_STOP74,3,128.93333333333334,79.1,178.9,Muararajeun,Jalan Supratman,primary,-6.903075092294891,107.62757600177987,Sangat Dekat (<200m)
11707030831_6445031497_STOP74,1,23.3,23.3,23.3,Muararajeun,Jalan Supratman,primary,-6.904151200000007,107.6284046,Sangat Dekat (<200m)
11711275764_11711275765_STOP280,1,286.7,286.7,286.7,Kemenag Kanwil Jabar,Bunderan Cibeureum,trunk,-6.917278700000005,107.5745601,Dekat (200-400m)
11711275764_2604179165_STOP280,1,286.7,286.7,286.7,Kemenag Kanwil Jabar,Bunderan Cibeureum,trunk,-6.917278700000005,107.5745601,Dekat (200-400m)
11711275765_11711275764_STOP280,1,286.3,286.3,286.3,Kemenag Kanwil Jabar,Bunderan Cibeureum,trunk,-6.917182799999991,107.5745791,Dekat (200-400m)
11711275765_12393475052_STOP280,1,286.3,286.3,286.3,Kemenag Kanwil Jabar,Bunderan Cibeureum,trunk,-6.917182799999991,107.5745791,Dekat (200-400m)
11711275766_2604179165_STOP280,1,314.9,314.9,314.9,Kemenag Kanwil Jabar,Bunderan Cibeureum,trunk,-6.9173779,107.5742937,Dekat (200-400m)
11711275766_2604179177_STOP280,1,314.9,314.9,314.9,Kemenag Kanwil Jabar,Bunderan Cibeureum,trunk,-6.9173779,107.5742937,Dekat (200-400m)
11711275767_12393475052_STOP106,1,295.2,295.2,295.2,Terminal Elang Damri,Bunderan Cibeureum,trunk,-6.9169831,107.5743593,Dekat (200-400m)
11711275767_2604179170_STOP106,1,295.2,295.2,295.2,Terminal Elang Damri,Bunderan Cibeureum,trunk,-6.9169831,107.5743593,Dekat (200-400m)
11727886518_10793008258_STOP283,3,38.46666666666667,13.2,60.5,Simpang Banda Riau,Jalan L.L. RE. Martadinata,secondary,-6.906331930214741,107.6158641470664,Sangat Dekat (<200m)
11727886518_10793008258_STOP558,3,38.4,13.8,63.1,RSGM Kota Bandung,Jalan L.L. RE. Martadinata,secondary,-6.906469387558776,107.61451637642337,Sangat Dekat (<200m)
11727886518_10793008258_STOP564,1,64.8,64.8,64.8,Graha Pos,Jalan L.L. RE. Martadinata,secondary,-6.906201599999993,107.6167588,Sangat Dekat (<200m)
11727886518_10793008258_STOP800,3,37.46666666666667,11.8,59.9,RSIA Limijati,Jalan L.L. RE. Martadinata,secondary,-6.906813264042067,107.61323281384149,Sangat Dekat (<200m)
11727886518_1849525862_STOP155,2,42.8,18.0,67.6,Banda Saparua,Jalan Banda,tertiary,-6.906860634558763,107.61691686458595,Sangat Dekat (<200m)
11727886518_1849525862_STOP564,1,64.8,64.8,64.8,Graha Pos,Jalan Banda,tertiary,-6.906201599999993,107.6167588,Sangat Dekat (<200m)
11727886518_2520649143_STOP564,1,64.8,64.8,64.8,Graha Pos,Jalan Banda,tertiary,-6.906201599999993,107.6167588,Sangat Dekat (<200m)
11727886518_2520649143_STOP805,2,26.55,14.0,39.1,BPK Penabur Banda,Jalan Banda,tertiary,-6.9055453643241105,107.61663411749035,Sangat Dekat (<200m)
11727886518_2520649152_STOP559,2,25.75,21.3,30.2,Yayasan Taruna Bakti,Jalan L.L. RE. Martadinata,secondary,-6.906096796183873,107.61833694561352,Sangat Dekat (<200m)
11727886518_2520649152_STOP562,1,60.1,60.1,60.1,TK Taruna Bakti,Jalan L.L. RE. Martadinata,secondary,-6.906027586593973,107.61901098938564,Sangat Dekat (<200m)
11727886518_2520649152_STOP564,2,40.25,15.7,64.8,Graha Pos,Jalan L.L. RE. Martadinata,secondary,-6.906176758715213,107.61698346247633,Sangat Dekat (<200m)
11727886518_2520649152_STOP565,1,28.2,28.2,28.2,Heritage,Jalan L.L. RE. Martadinata,secondary,-6.906126769426349,107.617659492747,Sangat Dekat (<200m)
11730487008_10596741969_STOP388,5,588.44,530.7,652.2,Pasar Sinpasa,Bulevar Utama,secondary,-6.949003761489547,107.6936882589985,Sedang (400-800m)
11730487008_11513213941_STOP388,1,652.2,652.2,652.2,Pasar Sinpasa,,secondary_link,-6.94810419999999,107.6937141,Sedang (400-800m)
11735248696_2493372404_STOP207,2,100.44999999999999,76.1,124.8,Sulaksana,Jalan Sulaksana,tertiary,-6.905895636861896,107.6499031112979,Sangat Dekat (<200m)
11735248696_2493372404_STOP209,5,301.32,227.1,382.6,BCA Cimuncang,Jalan Sulaksana,tertiary,-6.908373145705331,107.64976557255136,Dekat (200-400m)
11735248696_2493372404_STOP625,2,176.15,160.3,192.0,Cimuncang,Jalan Sulaksana,tertiary,-6.906798764291144,107.6499089704129,Sangat Dekat (<200m)
11735248696_2493372404_STOP87,8,179.225,28.1,350.1,Borma Antapani,Jalan Sulaksana,tertiary,-6.911296874955803,107.64963719207206,Sangat Dekat (<200m)
11735248696_302246829_STOP504,3,39.1,15.1,63.4,Stikes Dharma Husada,Jalan Terusan Jakarta,primary,-6.912758929108887,107.65063701894383,Sangat Dekat (<200m)
11735248696_302246829_STOP87,1,28.1,28.1,28.1,Borma Antapani,Jalan Terusan Jakarta,primary,-6.912872200000004,107.6497399,Sangat Dekat (<200m)
11735248699_3270445561_STOP637,1,23.7,23.7,23.7,Depan Terminal Antapani,Jalan Cibatu,primary,-6.914941300000004,107.6656787,Sangat Dekat (<200m)
11735248699_5394983545_STOP637,2,48.6,23.7,73.5,Depan Terminal Antapani,Jalan Terusan Jakarta,primary,-6.914890577425676,107.66545841088035,Sangat Dekat (<200m)
11735248699_5395315581_STOP637,1,23.7,23.7,23.7,Depan Terminal Antapani,Jalan Cibatu,primary,-6.914941300000004,107.6656787,Sangat Dekat (<200m)
11735248699_5395315581_STOP90,5,128.32,33.0,226.1,Terminal Antapani,Jalan Cibatu,primary,-6.916067956928903,107.6650594664704,Sangat Dekat (<200m)
11739021643_1837401655_STOP111,2,124.8,101.9,147.7,Pasar Astana Anyar,Jalan Ibu Inggit Ganarsih,secondary,-6.93128265126375,107.60227604297023,Sangat Dekat (<200m)
11739021643_1837401655_STOP269,2,84.0,58.9,109.1,Jalan Ibu Inggit Garnasih,Jalan Ibu Inggit Ganarsih,secondary,-6.931399782672942,107.60317266516849,Sangat Dekat (<200m)
11739021643_29489136_STOP269,5,69.26,9.8,142.8,Jalan Ibu Inggit Garnasih,Jalan Ibu Inggit Ganarsih,secondary,-6.931541760626611,107.60429406400593,Sangat Dekat (<200m)
11739021643_4434330589_STOP224,1,38.8,38.8,38.8,Simpang Otista Astana Anyar,Jalan Otto Iskandardinata,primary,-6.935035640794371,107.60318321272482,Sangat Dekat (<200m)
11739021643_4434330589_STOP225,4,52.175,18.7,86.6,Taman Tegallega,Jalan Otto Iskandardinata,primary,-6.933907255171221,107.60323256250533,Sangat Dekat (<200m)
11739021643_4434330589_STOP269,3,85.2,58.9,118.1,Jalan Ibu Inggit Garnasih,Jalan Otto Iskandardinata,primary,-6.931878517971249,107.60336520476109,Sangat Dekat (<200m)
11739021643_4434330589_STOP589,1,132.0,132.0,132.0,Terminal Tegallega,Jalan Otto Iskandardinata,primary,-6.932779953855016,107.60330161328451,Sangat Dekat (<200m)
11740333992_11310046583_STOP766,2,116.65,92.0,141.3,Alun-alun Cicendo1,Jalan Layang Ciroyom,secondary,-6.912141761628213,107.58930786639874,Sangat Dekat (<200m)
11740333992_11310046583_STOP810,3,53.300000000000004,36.9,71.9,Terminal Ciroyom,Jalan Layang Ciroyom,secondary,-6.913611705131841,107.58773083435615,Sangat Dekat (<200m)
11740333992_11310046583_STOP86,4,93.1,55.8,150.9,Stasiun Ciroyom,Jalan Layang Ciroyom,secondary,-6.913407385234158,107.58896519940593,Sangat Dekat (<200m)
11740333992_11740333994_STOP766,1,92.0,92.0,92.0,Alun-alun Cicendo1,Jalan Layang Ciroyom,secondary,-6.911919000000006,107.5893455,Sangat Dekat (<200m)
11740333993_11740333994_STOP766,2,145.85000000000002,121.4,170.3,Alun-alun Cicendo1,Jalan Arjuna,tertiary,-6.912381934649052,107.58920275561906,Sangat Dekat (<200m)
11740333993_11740333994_STOP86,2,99.35,74.9,123.8,Stasiun Ciroyom,Jalan Arjuna,tertiary,-6.913272433233443,107.58905069651004,Sangat Dekat (<200m)
11740333993_29377042_STOP86,1,74.9,74.9,74.9,Stasiun Ciroyom,Jalan Industri,tertiary,-6.913494700000004,107.58901020000002,Sangat Dekat (<200m)
11740333994_7300869689_STOP766,1,74.2,74.2,74.2,Alun-alun Cicendo1,Jalan Arjuna,secondary,-6.911736599999998,107.5893383,Sangat Dekat (<200m)
11771489565_10173744458_STOP668,2,224.25,213.7,234.8,Museum Pos Indonesia,Jalan Hayam Wuruk,tertiary,-6.903747419836571,107.619148025291,Dekat (200-400m)
11771489565_11771489566_STOP668,1,213.7,213.7,213.7,Museum Pos Indonesia,,tertiary_link,-6.9037412,107.619374,Dekat (200-400m)
11771489566_11771489565_STOP668,1,205.7,205.7,205.7,Museum Pos Indonesia,,tertiary_link,-6.9036658999999965,107.619372,Dekat (200-400m)
11771489566_1849526010_STOP667,1,181.0,181.0,181.0,Simpang Cilaki - Cimanuk,Jalan Hayam Wuruk,tertiary,-6.903627421024357,107.61981990715452,Sangat Dekat (<200m)
11771489566_1849526010_STOP668,1,205.7,205.7,205.7,Museum Pos Indonesia,Jalan Hayam Wuruk,tertiary,-6.9036658999999965,107.619372,Dekat (200-400m)
11803832449_11270910309_STOP141,5,647.08,558.1,737.2,Bulog Gedebage,Jalan Gedebage Utama,tertiary,-6.944524508054708,107.69612058907066,Sedang (400-800m)
11803832449_11803832466_STOP141,1,558.1,558.1,558.1,Bulog Gedebage,,tertiary_link,-6.944210099999994,107.6952732,Sedang (400-800m)
11803832450_11730487008_STOP141,5,642.4799999999999,550.3,732.3,Bulog Gedebage,Bulevar Utama,secondary,-6.94576274628743,107.69395126362153,Sedang (400-800m)
11803832450_11730487008_STOP388,3,702.2333333333332,663.9,738.1,Pasar Sinpasa,Bulevar Utama,secondary,-6.947537546676813,107.69368160181777,Sedang (400-800m)
11803832450_11803832464_STOP141,1,550.3,550.3,550.3,Bulog Gedebage,,secondary_link,-6.944871100000001,107.6939993,Sedang (400-800m)
11803832459_11270910309_STOP141,1,766.6,766.6,766.6,Bulog Gedebage,,tertiary_link,-6.9449971000000055,107.6971766,Sedang (400-800m)
11803832459_11803832466_STOP141,5,676.1,587.1,766.6,Bulog Gedebage,Jalan Gedebage Utama,tertiary,-6.944689617421027,107.69632628665818,Sedang (400-800m)
11803832464_11513213940_STOP141,4,471.6,397.6,545.8,Bulog Gedebage,Bulevar Utama,secondary,-6.9442246507054115,107.69370880126388,Sedang (400-800m)
11803832464_11803832450_STOP141,1,545.8,545.8,545.8,Bulog Gedebage,,secondary_link,-6.944890100000006,107.6938372,Sedang (400-800m)
11803832466_11513213943_STOP141,5,468.84,380.3,564.0,Bulog Gedebage,Jalan Gedebage Utama,tertiary,-6.943736870466071,107.69455871296518,Sedang (400-800m)
11803832466_11803832449_STOP141,1,564.0,564.0,564.0,Bulog Gedebage,,tertiary_link,-6.944296899999994,107.6952487,Sedang (400-800m)
11910120724_11513213942_STOP141,3,312.0333333333333,295.2,331.0,Bulog Gedebage,Jalan Gedebage Utama,secondary,-6.943011413771996,107.69270467583654,Dekat (200-400m)
11910120724_11910120725_STOP141,1,295.2,295.2,295.2,Bulog Gedebage,,secondary_link,-6.942934900000002,107.6922591,Dekat (200-400m)
11910120725_11910120724_STOP141,1,305.2,305.2,305.2,Bulog Gedebage,,secondary_link,-6.943024699999993,107.6922485,Dekat (200-400m)
11910120725_5355867147_STOP141,3,296.59999999999997,285.1,305.2,Bulog Gedebage,Jalan Gedebage Utama,secondary,-6.942904179069743,107.69182205250742,Dekat (200-400m)
11953687707_1014722675_STOP226,1,118.3,118.3,118.3,Seberang Museum Sri Baduga,Jalan Inhoftank,secondary,-6.937882628231828,107.60307628850396,Sangat Dekat (<200m)
11953687707_1014722675_STOP607,1,95.1,95.1,95.1,P Hostel,Jalan Inhoftank,secondary,-6.937434599999993,107.6030195,Sangat Dekat (<200m)
11953687707_2150576370_STOP607,1,95.1,95.1,95.1,P Hostel,Jalan Inhoftank,secondary,-6.937434599999993,107.6030195,Sangat Dekat (<200m)
12013198365_11132622841_STOP403,2,66.25,46.5,86.0,Simpang Gedebage Selatan,,primary_link,-6.937236697724913,107.692796989555,Sangat Dekat (<200m)
12013198365_11549667667_STOP403,1,86.0,86.0,86.0,Simpang Gedebage Selatan,Jalan Soekarno-Hatta,trunk,-6.937101399999999,107.6929683,Sangat Dekat (<200m)
12028030824_1837401675_STOP199,5,68.78,11.3,140.8,Seberang SMAN 4 Bandung,Jalan Gardujati,primary,-6.919101849160521,107.59829570609743,Sangat Dekat (<200m)
12028030824_2325452148_STOP199,1,140.8,140.8,140.8,Seberang SMAN 4 Bandung,Jalan Gardujati,primary,-6.918198900000005,107.5982595,Sangat Dekat (<200m)
12028030824_2325452148_STOP290,4,123.525,74.0,183.3,GKI Kebonjati,Jalan Gardujati,primary,-6.917072363878071,107.59821965577643,Sangat Dekat (<200m)
12096324721_11107827260_STOP341,3,44.13333333333333,22.7,79.7,Tamblong,Jalan Tamblong,primary,-6.919242868754284,107.61230876637224,Sangat Dekat (<200m)
12135879793_10134513809_STOP121,1,213.0,213.0,213.0,Leuwipanjang Soekarno Hatta,Jalan Soekarno-Hatta,trunk,-6.947393500000006,107.5952613,Dekat (200-400m)
12135879793_2614138771_STOP121,1,213.0,213.0,213.0,Leuwipanjang Soekarno Hatta,Jalan Raya Cibaduyut,secondary,-6.947393500000006,107.5952613,Dekat (200-400m)
12339301138_12339301139_STOP371,1,637.4,637.4,637.4,Magna,,secondary_link,-6.951138400000001,107.6879115,Sedang (400-800m)
12339301138_35138922_STOP371,3,663.1333333333333,637.4,689.8,Magna,Jalan Gedebage Raya,secondary,-6.9509351348066355,107.68750769468932,Sedang (400-800m)
12339301139_12339301138_STOP371,1,654.2,654.2,654.2,Magna,,secondary_link,-6.950987199999995,107.6879796,Sedang (400-800m)
12339301139_7216077577_STOP371,5,619.3199999999999,592.1,654.2,Magna,Jalan Gedebage Raya,secondary,-6.951390568733116,107.68878879056092,Sedang (400-800m)
12339301139_7216077577_STOP647,2,546.5,522.3,570.7,Taman Sumringah,Jalan Gedebage Raya,secondary,-6.952077711679012,107.6902116978125,Sedang (400-800m)
12393475052_10680268006_STOP0,1,24.6,24.6,24.6,Terminal Elang,Jalan Elang,primary,-6.913160523193389,107.575795049065,Sangat Dekat (<200m)
12393475052_10680268006_STOP106,7,144.9,10.2,293.0,Terminal Elang Damri,Jalan Elang,primary,-6.915720958833383,107.57490616882515,Sangat Dekat (<200m)
12393475052_10680268006_STOP631,2,29.45,6.0,52.9,Terminal Elang,Jalan Elang,primary,-6.913795508939014,107.57555796522169,Sangat Dekat (<200m)
12393475052_11711275765_STOP106,1,293.0,293.0,293.0,Terminal Elang Damri,Bunderan Cibeureum,trunk,-6.9169972,107.5744512,Dekat (200-400m)
12393475052_11711275767_STOP106,1,293.0,293.0,293.0,Terminal Elang Damri,Bunderan Cibeureum,trunk,-6.9169972,107.5744512,Dekat (200-400m)
12606352972_12606352973_STOP620,1,41.2,41.2,41.2,Karapitan—Lengkong Kecil,"['Jalan Sunda', 'Jalan Karapitan']",secondary,-6.923880399999994,107.6174644,Sangat Dekat (<200m)
12606352972_12606352975_STOP620,1,41.2,41.2,41.2,Karapitan—Lengkong Kecil,Jalan Lengkong Kecil,secondary,-6.923880399999994,107.6174644,Sangat Dekat (<200m)
12606352973_7179028076_STOP620,2,81.65,56.7,106.6,Karapitan—Lengkong Kecil,Jalan Sunda,secondary,-6.9235135482683345,107.61750465604314,Sangat Dekat (<200m)
12606352973_7179028076_STOP834,1,112.4,112.4,112.4,SMK Negeri 15 Bandung,Jalan Sunda,secondary,-6.92284056466002,107.61758492213342,Sangat Dekat (<200m)
12606352975_12606352973_STOP620,1,48.7,48.7,48.7,Karapitan—Lengkong Kecil,Jalan Lengkong Kecil,secondary,-6.923789399999992,107.617347,Sangat Dekat (<200m)
12606352975_3277363480_STOP620,2,61.85,48.7,75.0,Karapitan—Lengkong Kecil,Jalan Lengkong Kecil,secondary,-6.923748876478444,107.61712465234305,Sangat Dekat (<200m)
12606431202_25434241_STOP153,1,44.4,44.4,44.4,Stasiun Hall,Jalan Kebon Jati,primary,-6.916179172362737,107.60206958621087,Sangat Dekat (<200m)
12606431202_25434241_STOP290,2,26.7,8.4,45.0,GKI Kebonjati,Jalan Kebon Jati,primary,-6.916290220794545,107.59868092944886,Sangat Dekat (<200m)
12606431202_25434241_STOP291,3,42.96666666666667,26.1,75.4,SMA Pasundan,Jalan Kebon Jati,primary,-6.916234314315197,107.59980988483888,Sangat Dekat (<200m)
12606431202_25434241_STOP601,3,39.73333333333333,16.4,63.9,Rumah Sakit Santosa,Jalan Kebon Jati,primary,-6.9161990234953405,107.60116564972105,Sangat Dekat (<200m)
12606431204_12606431202_STOP290,1,65.1,65.1,65.1,GKI Kebonjati,Jalan HOS. Cokroaminoto,primary,-6.916189999999998,107.5982691,Sangat Dekat (<200m)
12606431204_12806120205_STOP290,1,65.1,65.1,65.1,GKI Kebonjati,Jalan HOS. Cokroaminoto,primary,-6.916189999999998,107.5982691,Sangat Dekat (<200m)
12606431205_11207093319_STOP113,2,45.699999999999996,21.3,70.1,Paskal 23,Jalan HOS. Cokroaminoto,primary,-6.915967411176702,107.5981918235403,Sangat Dekat (<200m)
12606431207_12606431205_STOP113,1,83.9,83.9,83.9,Paskal 23,Jalan HOS. Cokroaminoto,primary,-6.916328900000001,107.5980505,Sangat Dekat (<200m)
12606431207_2325452148_STOP113,1,83.9,83.9,83.9,Paskal 23,Jalan Kebon Jati,primary,-6.916328900000001,107.5980505,Sangat Dekat (<200m)
12633822764_5447158246_STOP118,2,25.9,8.3,43.5,Simpang Kordon Buah Batu,Jalan Marga Cinta,primary,-6.954336755552541,107.63955209634291,Sangat Dekat (<200m)
12633822764_5447158246_STOP719,1,34.4,34.4,34.4,Terminal Angkot Buah Batu-GBA,Jalan Marga Cinta,primary,-6.954101899999992,107.6401882,Sangat Dekat (<200m)
12633822764_5447158308_STOP719,1,34.4,34.4,34.4,Terminal Angkot Buah Batu-GBA,,primary,-6.954101899999992,107.6401882,Sangat Dekat (<200m)
12633822765_11041579717_STOP395,1,9.8,9.8,9.8,Seberang Kiara Artha,Jalan H. Ibrahim Adjie,primary,-6.9146708,107.6438226,Sangat Dekat (<200m)
12633822765_11041579717_STOP450,2,46.15,23.8,68.5,Gerbang Timur Kiara Artha Park,Jalan H. Ibrahim Adjie,primary,-6.915796768118555,107.64391257572933,Sangat Dekat (<200m)
12633822765_11041579717_STOP611,1,33.7,33.7,33.7,Simpang Flyover Antapani,Jalan H. Ibrahim Adjie,primary,-6.91512120997066,107.6438583200497,Sangat Dekat (<200m)
12633822765_7698884005_STOP395,1,9.8,9.8,9.8,Seberang Kiara Artha,Jalan H. Ibrahim Adjie,primary,-6.9146708,107.6438226,Sangat Dekat (<200m)
12633822765_7698884005_STOP450,2,50.15,29.3,71.0,Gerbang Timur Kiara Artha Park,Jalan H. Ibrahim Adjie,primary,-6.915785610123833,107.64396775822405,Sangat Dekat (<200m)
12633822765_7698884005_STOP611,1,36.4,36.4,36.4,Simpang Flyover Antapani,Jalan H. Ibrahim Adjie,primary,-6.915110534535732,107.64390775613484,Sangat Dekat (<200m)
12634504454_2325438114_STOP67,3,41.666666666666664,22.8,72.1,Sukawangi,Jalan Sukajadi,primary,-6.877878308432968,107.59623981292299,Sangat Dekat (<200m)
12634504454_29356940_STOP67,2,29.0,27.9,30.1,Sukawangi,Jalan Sindang Sirna,primary,-6.878172827270487,107.59609231995886,Sangat Dekat (<200m)
12634504454_29358938_STOP67,4,91.775,30.1,160.8,Sukawangi,Jalan Sukawangi,primary,-6.878286590717621,107.59693158194129,Sangat Dekat (<200m)
12637511228_29357929_STOP150,4,262.275,229.3,311.2,Setiabudi Hegarmanah,Jalan Cemara,tertiary,-6.8843071934102635,107.60050662791113,Dekat (200-400m)
12637511228_29357929_STOP92,8,176.125,24.2,321.1,Junction 8 Sukajadi,Jalan Cemara,tertiary,-6.884044997146009,107.59825240839899,Sangat Dekat (<200m)
12637511228_29379583_STOP92,1,24.2,24.2,24.2,Junction 8 Sukajadi,Jalan Cemara,tertiary,-6.884000900000008,107.5969219,Sangat Dekat (<200m)
12692226647_12813271264_STOP117,4,112.3,37.3,187.2,Ciwastra Pluto Raya,Jalan Marga Cinta,primary,-6.9594096342730545,107.6605723925074,Sangat Dekat (<200m)
12692226647_35138416_STOP117,2,25.849999999999998,14.4,37.3,Ciwastra Pluto Raya,Jalan Marga Cinta,primary,-6.95973982207718,107.6614124253739,Sangat Dekat (<200m)
12692226647_9379377310_STOP117,1,37.3,37.3,37.3,Ciwastra Pluto Raya,Jalan Pluto Raya,tertiary,-6.959665300000001,107.661199,Sangat Dekat (<200m)
12692455340_10703340256_STOP265,5,182.07999999999998,83.9,277.4,UNIKOM Pascasarjana,Jalan Ir. H. Djuanda,primary,-6.8842315012179185,107.61411981710526,Sangat Dekat (<200m)
12692455340_30236623_STOP162,12,378.47499999999997,192.5,622.5,Masjid Baiturrahman,"['Jalan Cikutra Barat', 'Jalan Sadang Serang', 'Jalan Tubagus Ismail']",secondary,-6.885060233010293,107.61791397822769,Dekat (200-400m)
12692455340_30236623_STOP265,4,232.64999999999998,194.4,277.4,UNIKOM Pascasarjana,"['Jalan Cikutra Barat', 'Jalan Sadang Serang', 'Jalan Tubagus Ismail']",secondary,-6.884064655883606,107.61482280074163,Dekat (200-400m)
12692455340_30236623_STOP639,2,478.1,453.2,503.0,Nurul Fikri Cikutra,"['Jalan Cikutra Barat', 'Jalan Sadang Serang', 'Jalan Tubagus Ismail']",secondary,-6.8921083259343465,107.63052042570945,Sedang (400-800m)
12692455340_30236623_STOP808,19,278.9315789473684,17.8,629.4,SD Negeri 189 Neglasari,"['Jalan Cikutra Barat', 'Jalan Sadang Serang', 'Jalan Tubagus Ismail']",secondary,-6.887233651902012,107.62389021182605,Dekat (200-400m)
12692455340_30236623_STOP91,11,349.77272727272725,228.2,549.7,Terminal Sadang Serang,"['Jalan Cikutra Barat', 'Jalan Sadang Serang', 'Jalan Tubagus Ismail']",secondary,-6.891681705862351,107.62801583046853,Dekat (200-400m)
12705240852_10596741981_STOP388,1,211.6,211.6,211.6,Pasar Sinpasa,Jalan Sentra Raya Selatan,tertiary,-6.953443999999994,107.6993001,Dekat (200-400m)
12705240852_11554687893_STOP388,1,211.6,211.6,211.6,Pasar Sinpasa,Bulevar Teknopolis,tertiary,-6.953443999999994,107.6993001,Dekat (200-400m)
12806120205_12028030824_STOP199,1,149.2,149.2,149.2,Seberang SMAN 4 Bandung,Jalan Gardujati,primary,-6.9181236310541205,107.59828246142264,Sangat Dekat (<200m)
12806120205_12028030824_STOP290,4,113.35,65.3,173.0,GKI Kebonjati,Jalan Gardujati,primary,-6.916996733871478,107.59828246785061,Sangat Dekat (<200m)
12806120205_12606431202_STOP290,1,65.3,65.3,65.3,GKI Kebonjati,Jalan Kebon Jati,primary,-6.916319100000002,107.5982729,Sangat Dekat (<200m)
12806120213_12806120214_STOP794,1,19.8,19.8,19.8,Monumen Pertempuran Lengkong Besar,Jalan Cikawao,tertiary,-6.927339299999993,107.6134072,Sangat Dekat (<200m)
12806120213_3278061604_STOP794,2,43.699999999999996,19.8,67.6,Monumen Pertempuran Lengkong Besar,Jalan Cikawao,tertiary,-6.927436322470429,107.61361133182041,Sangat Dekat (<200m)
12806120213_3278061604_STOP795,4,50.974999999999994,17.4,84.8,Cikawao - Melong Kaler,Jalan Cikawao,tertiary,-6.927991439352615,107.61484870871979,Sangat Dekat (<200m)
12806120214_1831360476_STOP28,4,51.2,23.0,79.5,UNPAS Lengkong Besar,Jalan Lengkong Besar,tertiary,-6.92903028172924,107.6129905622513,Sangat Dekat (<200m)
12806120214_1831360476_STOP29,3,40.800000000000004,21.0,70.7,SDN 020 Lengkong Besar,Jalan Lengkong Besar,tertiary,-6.930585862759973,107.61278227368261,Sangat Dekat (<200m)
12806120214_1831360476_STOP794,2,60.199999999999996,36.3,84.1,Monumen Pertempuran Lengkong Besar,Jalan Lengkong Besar,tertiary,-6.927680590856461,107.61311359146092,Sangat Dekat (<200m)
12806309251_2477126866_STOP93,1,188.9,188.9,188.9,Borma Pasirimpun,Jalan Abdul Haris Nasution,trunk,-6.904775700000004,107.6776188,Sangat Dekat (<200m)
12806309251_4620173045_STOP100,4,55.1,11.6,108.2,Lapas Sukamiskin,Jalan Abdul Haris Nasution,trunk,-6.904644177356564,107.67469217258447,Sangat Dekat (<200m)
12806309251_4620173045_STOP380,1,141.5,141.5,141.5,Komplek Sarimas,Jalan Abdul Haris Nasution,trunk,-6.904811804578748,107.67358575819377,Sangat Dekat (<200m)
12806309251_4620173045_STOP418,1,12.0,12.0,12.0,Seberang Borma Pasirimpun,Jalan Abdul Haris Nasution,trunk,-6.9047178127298805,107.67581233462732,Sangat Dekat (<200m)
12806309251_4620173045_STOP93,4,113.6,38.5,188.9,Borma Pasirimpun,Jalan Abdul Haris Nasution,trunk,-6.904765151893067,107.67694074692878,Sangat Dekat (<200m)
12806309258_11310497696_STOP640,3,323.8,274.0,373.7,SMA Negeri 24 Bandung,Jalan Abdul Haris Nasution,trunk,-6.9109721451379285,107.69006428353684,Dekat (200-400m)
12806309258_11310497696_STOP720,2,388.55,365.8,411.3,Yonzipur 9,Jalan Abdul Haris Nasution,trunk,-6.911823894944725,107.69080594076459,Dekat (200-400m)
12806309258_35135537_STOP419,3,50.699999999999996,13.2,94.1,Pusjatan,Jalan Abdul Haris Nasution,trunk,-6.907672307586211,107.68710201249957,Sangat Dekat (<200m)
12806309258_35135537_STOP420,1,26.0,26.0,26.0,UPTD Laboratorium Lingkungan Hidup,Jalan Abdul Haris Nasution,trunk,-6.907331678661888,107.68626474127856,Sangat Dekat (<200m)
12806309258_35135537_STOP421,2,28.75,8.2,49.3,Seberang SMAN 24 Bandung,Jalan Abdul Haris Nasution,trunk,-6.9082541012418,107.68805501354797,Sangat Dekat (<200m)
12806309258_35135537_STOP640,6,148.35,23.1,274.0,SMA Negeri 24 Bandung,Jalan Abdul Haris Nasution,trunk,-6.909693393746092,107.6891413120369,Sangat Dekat (<200m)
12806309258_35135537_STOP93,2,522.6,497.5,547.7,Borma Pasirimpun,Jalan Abdul Haris Nasution,trunk,-6.905154697030148,107.68059510407181,Sedang (400-800m)
12806309258_35135537_STOP94,12,262.5916666666667,20.4,534.7,Gerbang Pusjatan,Jalan Abdul Haris Nasution,trunk,-6.906170971670782,107.6835667167353,Dekat (200-400m)
12806516351_5458169530_STOP230,3,48.23333333333333,19.7,87.0,Bundaran Cibiru,Jalan Soekarno-Hatta,trunk,-6.935290283367869,107.7172601789839,Sangat Dekat (<200m)
12806516351_5458169533_STOP230,2,33.7,19.7,47.7,Bundaran Cibiru,Bunderan Cibiru,trunk_link,-6.935127386355619,107.71755636514234,Sangat Dekat (<200m)
12806537959_12986852699_STOP428,4,55.75,11.2,110.5,Yayasan Kemala Bhayangkari,Jalan Palasari,tertiary,-6.932166474068641,107.62209548805036,Sangat Dekat (<200m)
12806537959_12986852699_STOP748,1,55.0,55.0,55.0,Pasar Bunga Palasari 1,Jalan Palasari,tertiary,-6.931080087822787,107.62240494284428,Sangat Dekat (<200m)
12806537959_2325453232_STOP184,4,142.65,89.9,203.3,Hotel Horison B,Jalan Kyai Haji Ahmad Dahlan,secondary,-6.934293130732604,107.62391346636304,Sangat Dekat (<200m)
12806537959_2325453232_STOP428,4,161.3,110.5,219.8,Yayasan Kemala Bhayangkari,Jalan Kyai Haji Ahmad Dahlan,secondary,-6.9332198854675555,107.62245829354704,Sangat Dekat (<200m)
12806717331_25446457_STOP112,2,26.3,19.1,33.5,Yayasan LPPN,Jalan Rajawali Timur,primary,-6.915774381308166,107.58542884068208,Sangat Dekat (<200m)
12809046288_1655728948_STOP404,1,61.7,61.7,61.7,Simpang Gegerkalong Hilir,Jalan Dr. Setiabudi,primary,-6.870425600000004,107.5935249,Sangat Dekat (<200m)
12809046288_1675261401_STOP404,1,61.7,61.7,61.7,Simpang Gegerkalong Hilir,Jalan Geger Kalong Hilir,secondary,-6.870425600000004,107.5935249,Sangat Dekat (<200m)
12809046288_1675261406_STOP404,1,61.7,61.7,61.7,Simpang Gegerkalong Hilir,Jalan Dr. Setiabudi,primary,-6.870425600000004,107.5935249,Sangat Dekat (<200m)
12809082542_29379447_STOP327,2,44.95,20.6,69.3,Cibarengkok,Jalan Sukajadi,primary,-6.896456193745085,107.59726862938284,Sangat Dekat (<200m)
12809082543_29357859_STOP126,8,101.075,14.1,188.9,Sukagalih PVJ,Jalan Sukajadi,primary,-6.89143618546167,107.59696486315893,Sangat Dekat (<200m)
12809082543_29357859_STOP476,4,91.925,17.9,166.7,Polsek Sukajadi,Jalan Sukajadi,primary,-6.888728520121516,107.59684080825254,Sangat Dekat (<200m)
12809082543_29378887_STOP126,9,251.66666666666666,185.9,373.0,Sukagalih PVJ,"['Jalan Sukagalih', 'Jalan Cipedes Selatan']",tertiary,-6.892724523103415,107.59536549715403,Dekat (200-400m)
12809082543_29378887_STOP3,9,150.2888888888889,20.0,330.9,Sukagalih,"['Jalan Sukagalih', 'Jalan Cipedes Selatan']",tertiary,-6.892441753297279,107.59161521662028,Sangat Dekat (<200m)
12809151235_29379393_STOP482,2,211.85,197.0,226.7,Masjid Besar Cipaganti,Jalan Profesor Christiaan Eijkman,secondary,-6.895684786905479,107.60090939492139,Dekat (200-400m)
12809151235_29379476_STOP482,2,182.95,168.9,197.0,Masjid Besar Cipaganti,Jalan Profesor Christiaan Eijkman,secondary,-6.895570289345607,107.60114492293522,Sangat Dekat (<200m)
12809237529_2325451442_STOP483,1,137.9,137.9,137.9,Abdul Rivai,Jalan Abdul Rivai,primary,-6.904500499999999,107.6025713,Sangat Dekat (<200m)
12809237529_3269294963_STOP483,1,137.9,137.9,137.9,Abdul Rivai,Jalan Abdul Rivai,primary_link,-6.904500499999999,107.6025713,Sangat Dekat (<200m)
12809283839_1666231704_STOP18,13,233.87692307692308,6.4,502.1,Pangkalan Angkot Cimindi,Jalan Gunung Batu,secondary,-6.893680903033164,107.56138542167331,Dekat (200-400m)
12809283839_1666231704_STOP486,12,269.2583333333333,26.6,486.2,Seberang Gateway Pasteur,Jalan Gunung Batu,secondary,-6.889698726559811,107.56461164267233,Dekat (200-400m)
12809283839_1870759840_STOP124,12,168.40833333333333,26.3,347.2,Simpang Dakota,"['Jalan Dakota', 'Jalan Sukaraja II', 'Jalan Sukaraja', 'Jalan Gunung Batu']",secondary,-6.893145319979774,107.573826574169,Sangat Dekat (<200m)
12809283839_1870759840_STOP486,4,62.925,25.7,124.5,Seberang Gateway Pasteur,"['Jalan Dakota', 'Jalan Sukaraja II', 'Jalan Sukaraja', 'Jalan Gunung Batu']",secondary,-6.889361382526927,107.56734190998023,Sangat Dekat (<200m)
12809283839_1870759840_STOP487,7,88.0,11.8,161.1,Mentor,"['Jalan Dakota', 'Jalan Sukaraja II', 'Jalan Sukaraja', 'Jalan Gunung Batu']",secondary,-6.889705565277889,107.5698010581991,Sangat Dekat (<200m)
12809283839_1870759840_STOP488,3,69.66666666666667,20.3,119.4,Borma Dakota,"['Jalan Dakota', 'Jalan Sukaraja II', 'Jalan Sukaraja', 'Jalan Gunung Batu']",secondary,-6.8914995571462,107.5723197228226,Sangat Dekat (<200m)
12809283839_1870759840_STOP489,3,322.1333333333333,287.9,348.9,SDN Sukaraja,"['Jalan Dakota', 'Jalan Sukaraja II', 'Jalan Sukaraja', 'Jalan Gunung Batu']",secondary,-6.891346873563155,107.57576131218173,Dekat (200-400m)
12809283839_1870759840_STOP721,3,64.4,18.6,106.9,Seberang Borma Dakota,"['Jalan Dakota', 'Jalan Sukaraja II', 'Jalan Sukaraja', 'Jalan Gunung Batu']",secondary,-6.890289469958013,107.5719146330274,Sangat Dekat (<200m)
12809283848_4375366198_STOP125,3,58.0,9.3,107.4,BPJS Pasteur,Jalan Dr. Djunjunan,trunk,-6.892266938117455,107.58239916130181,Sangat Dekat (<200m)
12809283848_4375366198_STOP15,3,46.333333333333336,16.0,86.6,Mall d'Botanica,Jalan Dr. Djunjunan,trunk,-6.892465494666072,107.58463518582134,Sangat Dekat (<200m)
12809283848_4375366198_STOP378,2,38.75,18.6,58.9,Warung Cepot,Jalan Dr. Djunjunan,trunk,-6.892262354032362,107.58352889889667,Sangat Dekat (<200m)
12809283848_4375366198_STOP490,4,57.650000000000006,14.3,114.5,Djundjunan 3,Jalan Dr. Djunjunan,trunk,-6.893178708081463,107.58603342727424,Sangat Dekat (<200m)
12809283848_4375366198_STOP630,1,155.5,155.5,155.5,Sukamulya,Jalan Dr. Djunjunan,trunk,-6.893846132276242,107.58694384008476,Sangat Dekat (<200m)
12809462426_11367517448_STOP274,1,41.9,41.9,41.9,Bandung Creative Hub A,Jalan Sukabumi,primary,-6.918531781946083,107.63170184238956,Sangat Dekat (<200m)
12809462426_11367517448_STOP502,1,49.4,49.4,49.4,Dinas Perhubungan Provinsi Jawa Barat,Jalan Sukabumi,primary,-6.918302300000001,107.6320827,Sangat Dekat (<200m)
12809462426_1849960313_STOP502,5,73.12,8.3,152.8,Dinas Perhubungan Provinsi Jawa Barat,Jalan Sukabumi,primary,-6.917892328729545,107.63288846502026,Sangat Dekat (<200m)
12809462426_1849960313_STOP610,3,114.66666666666667,65.8,162.4,Jalan Cianjur,Jalan Sukabumi,primary,-6.916820103399336,107.63423528011894,Sangat Dekat (<200m)
12809507137_11564259401_STOP47,3,50.13333333333333,10.3,94.9,Seberang Stadion Siliwangi,Jalan Lombok,tertiary,-6.910633288055873,107.61856998412594,Sangat Dekat (<200m)
12809507137_11564259401_STOP507,2,99.3,81.8,116.8,Graha Manggala Siliwangi,Jalan Lombok,tertiary,-6.909533772764819,107.61882852208416,Sangat Dekat (<200m)
12809507137_11564259401_STOP577,1,40.2,40.2,40.2,Utara Simpang Lombok Aceh,Jalan Lombok,tertiary,-6.908871299999998,107.6189711,Sangat Dekat (<200m)
12809507137_12809507139_STOP577,4,56.55,12.9,111.6,Utara Simpang Lombok Aceh,Jalan Lombok,tertiary,-6.908245823538083,107.61923225201383,Sangat Dekat (<200m)
12809507137_1896207944_STOP577,4,97.075,40.2,165.9,Utara Simpang Lombok Aceh,Jalan Aceh,secondary,-6.908914857107883,107.61831139771257,Sangat Dekat (<200m)
12809507137_6461589858_STOP507,2,56.65,31.7,81.6,Graha Manggala Siliwangi,Jalan Aceh,secondary,-6.909122688960796,107.62007306556853,Sangat Dekat (<200m)
12809507137_6461589858_STOP577,1,40.2,40.2,40.2,Utara Simpang Lombok Aceh,Jalan Aceh,secondary,-6.908871299999998,107.6189711,Sangat Dekat (<200m)
12809507137_6461589858_STOP61,1,14.0,14.0,14.0,PMI Kota Bandung,Jalan Aceh,secondary,-6.908970628839656,107.61941215612876,Sangat Dekat (<200m)
12809507137_6461589858_STOP662,1,61.4,61.4,61.4,Simpang Menado - Aceh 1,Jalan Aceh,secondary,-6.909272598555186,107.6207344599232,Sangat Dekat (<200m)
12809507139_10173744442_STOP577,1,135.3,135.3,135.3,Utara Simpang Lombok Aceh,Jalan Lombok,tertiary,-6.907424400000003,107.6195763,Sangat Dekat (<200m)
12809507139_12809507137_STOP577,4,68.25,17.4,135.3,Utara Simpang Lombok Aceh,Jalan Lombok,tertiary,-6.908049485000371,107.61931419171513,Sangat Dekat (<200m)
12809507139_3278058148_STOP577,1,135.3,135.3,135.3,Utara Simpang Lombok Aceh,Jalan Madura,tertiary,-6.907424400000003,107.6195763,Sangat Dekat (<200m)
12813237929_7345830954_STOP72,1,61.2,61.2,61.2,Balubur Town Square,Jalan Tamansari,secondary,-6.899255000000004,107.6093337,Sangat Dekat (<200m)
12813237929_7345830961_STOP72,2,36.5,11.8,61.2,Balubur Town Square,Jalan Tamansari,secondary,-6.899031581285396,107.60932576737851,Sangat Dekat (<200m)
12813271261_12813271264_STOP116,4,71.45,10.6,142.0,Pandanwangi,Jalan Marga Cinta,primary,-6.9553846389882485,107.65125088705301,Sangat Dekat (<200m)
12813271261_12813271264_STOP117,7,401.34285714285716,251.5,548.6,Ciwastra Pluto Raya,Jalan Marga Cinta,primary,-6.9582706877097475,107.65823181765253,Sedang (400-800m)
12813271261_12813271264_STOP5,2,420.35,395.2,445.5,Terminal Angkot Buah Batu-GBA,Jalan Marga Cinta,primary,-6.954768324143396,107.64404290587774,Sedang (400-800m)
12813271261_12813271264_STOP520,12,296.8,26.6,554.5,Mustika Hegar,Jalan Marga Cinta,primary,-6.956041536749528,107.65472877174874,Dekat (200-400m)
12813271261_12813271264_STOP807,13,191.69230769230768,17.0,437.3,Sarijati I,Jalan Marga Cinta,primary,-6.9550455606191175,107.64742278617555,Sangat Dekat (<200m)
12813271261_4141587843_STOP324,5,492.68,465.6,522.2,Bluebird B,Jalan Logam,tertiary,-6.958675174205622,107.643915948001,Sedang (400-800m)
12813271261_4141587843_STOP330,1,477.5,477.5,477.5,Bluebird A,Jalan Logam,tertiary,-6.9574588092396725,107.6437316133242,Sedang (400-800m)
12813271261_4141587843_STOP5,6,429.56666666666666,395.2,481.8,Terminal Angkot Buah Batu-GBA,Jalan Logam,tertiary,-6.95587828588733,107.64377668577913,Sedang (400-800m)
12813271261_9626125965_STOP5,8,221.0125,51.3,395.2,Terminal Angkot Buah Batu-GBA,Jalan Marga Cinta,primary,-6.954496096549477,107.64225792013208,Dekat (200-400m)
12813271264_12692226647_STOP117,4,130.625,55.6,205.6,Ciwastra Pluto Raya,Jalan Marga Cinta,primary,-6.959344146406904,107.66042069874553,Sangat Dekat (<200m)
12813271264_12813271261_STOP116,4,73.925,7.3,146.4,Pandanwangi,Jalan Marga Cinta,primary,-6.955380608159765,107.6512121069116,Sangat Dekat (<200m)
12813271264_12813271261_STOP117,8,380.6,205.6,552.7,Ciwastra Pluto Raya,Jalan Marga Cinta,primary,-6.958351256588407,107.65840006167814,Dekat (200-400m)
12813271264_12813271261_STOP5,1,441.1,441.1,441.1,Terminal Angkot Buah Batu-GBA,Jalan Marga Cinta,primary,-6.954783777786115,107.6442293577824,Sedang (400-800m)
12813271264_12813271261_STOP520,12,292.68333333333334,22.3,550.5,Mustika Hegar,Jalan Marga Cinta,primary,-6.956028097218465,107.65469416088091,Dekat (200-400m)
12813271264_12813271261_STOP807,13,193.3923076923077,13.2,441.7,Sarijati I,Jalan Marga Cinta,primary,-6.955042326167128,107.64738392957449,Sangat Dekat (<200m)
12813271264_9503884773_STOP117,14,427.4214285714285,205.6,713.7,Ciwastra Pluto Raya,Jalan Rancabolang,tertiary,-6.956196119018952,107.66046353085662,Sedang (400-800m)
12813271264_9503884773_STOP363,1,388.7,388.7,388.7,Rancabolang,Jalan Rancabolang,tertiary,-6.942806545503104,107.6636024779305,Dekat (200-400m)
12813271264_9503884773_STOP540,24,318.1791666666667,19.5,728.4,Terminal Margahayu Raya,Jalan Rancabolang,tertiary,-6.948127839523863,107.66242301528332,Dekat (200-400m)
12813271265_13141223516_STOP114,4,165.5,130.2,210.6,Simpang Derwati,Jalan Derwati,primary,-6.965389584732945,107.68614946531345,Sangat Dekat (<200m)
12813271265_13141223516_STOP115,5,92.06,17.5,185.4,SMP Negeri 51 Bandung,Jalan Derwati,primary,-6.964463457968764,107.68058111840537,Sangat Dekat (<200m)
12813271265_13141223516_STOP521,8,102.4875,8.0,206.9,SDN 069 Cipamokolan Derwati,Jalan Derwati,primary,-6.964866152789059,107.68348959081403,Sangat Dekat (<200m)
12813271265_13141223516_STOP715,7,113.25714285714285,7.9,246.0,Taman Derwati,Jalan Derwati,primary,-6.964226711897887,107.67788701283511,Sangat Dekat (<200m)
12813271265_1664487744_STOP604,31,446.18709677419355,19.3,961.3,Puskesmas Cipamokolan,Jalan Cipamokolan,tertiary,-6.950118203042196,107.67637472751845,Sedang (400-800m)
12813271265_1664487744_STOP715,19,545.8421052631579,246.0,941.4,Taman Derwati,Jalan Cipamokolan,tertiary,-6.9600476656405705,107.67704924913433,Sedang (400-800m)
12813271265_35138723_STOP715,9,447.03333333333336,246.0,648.2,Taman Derwati,Jalan Derwati,primary,-6.96390767192121,107.67474032235123,Sedang (400-800m)
12816121757_28382767_STOP23,3,59.0,43.7,77.8,Terminal Dago,Jalan Ir. H. Djuanda,primary,-6.867143143852656,107.62084967456842,Sangat Dekat (<200m)
12816121757_28382767_STOP24,1,31.3,31.3,31.3,Taman Budaya,Jalan Ir. H. Djuanda,primary,-6.868023495815207,107.62065602480972,Sangat Dekat (<200m)
12816121757_28382767_STOP25,4,66.95,18.0,133.1,SPBU Dago Atas,Jalan Ir. H. Djuanda,primary,-6.869141897449714,107.62057612645808,Sangat Dekat (<200m)
12816121757_312524188_STOP23,1,55.5,55.5,55.5,Terminal Dago,Jalan Ir. H. Djuanda,secondary,-6.866703999999996,107.6209442,Sangat Dekat (<200m)
12819917454_3274608590_STOP54,1,25.8,25.8,25.8,Taman Makam Pahlawan Cikutra,Jalan Cikutra Barat,secondary,-6.892746899999995,107.6354403,Sangat Dekat (<200m)
12819917454_3274608591_STOP54,1,25.8,25.8,25.8,Taman Makam Pahlawan Cikutra,Jalan Cikutra,secondary,-6.892746899999995,107.6354403,Sangat Dekat (<200m)
12819917454_5374108596_STOP346,1,209.6,209.6,209.6,BKKBN,Jalan Pahlawan,secondary,-6.897568957203999,107.63423621321635,Dekat (200-400m)
12819917454_5374108596_STOP527,3,251.76666666666665,227.5,278.5,SDN 151 Sukasenang,Jalan Pahlawan,secondary,-6.896691470829686,107.63445223251601,Dekat (200-400m)
12819917454_5374108596_STOP54,1,25.8,25.8,25.8,Taman Makam Pahlawan Cikutra,Jalan Pahlawan,secondary,-6.892746899999995,107.6354403,Sangat Dekat (<200m)
12819917454_5374108596_STOP542,7,145.62857142857143,22.7,290.7,Pahlawan Sidomukti,Jalan Pahlawan,secondary,-6.8944980119681025,107.63499330902845,Sangat Dekat (<200m)
12820446796_12820446797_STOP393,1,124.4,124.4,124.4,PVMBG,,primary_link,-6.899434899999996,107.6192514,Sangat Dekat (<200m)
12820446796_14003143457_STOP393,1,124.4,124.4,124.4,PVMBG,,primary_link,-6.899434899999996,107.6192514,Sangat Dekat (<200m)
12820446796_1660289601_STOP393,1,124.4,124.4,124.4,PVMBG,Jalan Sentot Alibasyah,primary,-6.899434899999996,107.6192514,Sangat Dekat (<200m)
12820446797_12820446796_STOP393,1,113.6,113.6,113.6,PVMBG,,primary_link,-6.899432099999999,107.6193483,Sangat Dekat (<200m)
12820446797_1660289595_STOP393,1,113.6,113.6,113.6,PVMBG,Jalan Sentot Alibasyah,primary,-6.899432099999999,107.6193483,Sangat Dekat (<200m)
12862489542_3269421784_STOP172,1,48.9,48.9,48.9,Pet Park,,tertiary,-6.905150599999999,107.626812,Sangat Dekat (<200m)
12862489543_12862489542_STOP172,1,59.6,59.6,59.6,Pet Park,,tertiary,-6.905224800000001,107.6268748,Sangat Dekat (<200m)
12862489543_7715397583_STOP172,1,59.6,59.6,59.6,Pet Park,Jalan Ciliwung,tertiary,-6.905224800000001,107.6268748,Sangat Dekat (<200m)
12986852699_12806537959_STOP428,4,51.45,6.2,98.4,Yayasan Kemala Bhayangkari,Jalan Palasari,tertiary,-6.932062111420958,107.62212497652553,Sangat Dekat (<200m)
12986852699_12806537959_STOP748,1,56.1,56.1,56.1,Pasar Bunga Palasari 1,Jalan Palasari,tertiary,-6.930975600000003,107.622434,Sangat Dekat (<200m)
12986852699_2607816746_STOP48,3,47.333333333333336,12.6,89.7,Simpang Pasar Palasari,Jalan Palasari,tertiary,-6.930105361822711,107.62267759452544,Sangat Dekat (<200m)
12986852699_2607816746_STOP571,1,115.4,115.4,115.4,Simpang Talaga Bodas - Patuha,Jalan Palasari,tertiary,-6.929232890589482,107.6229128540032,Sangat Dekat (<200m)
12986852699_2607816746_STOP580,1,72.9,72.9,72.9,Universitas Aisyiyah,Jalan Palasari,tertiary,-6.928795461531231,107.62302609683394,Sangat Dekat (<200m)
12986852699_2607816746_STOP748,1,56.1,56.1,56.1,Pasar Bunga Palasari 1,Jalan Palasari,tertiary,-6.930975600000003,107.622434,Sangat Dekat (<200m)
12986852699_29434769_STOP48,1,69.5,69.5,69.5,Simpang Pasar Palasari,Jalan Lodaya,tertiary,-6.930791475300198,107.62202109343762,Sangat Dekat (<200m)
12986852699_29434769_STOP732,1,92.0,92.0,92.0,Macan - Lodaya 1,Jalan Lodaya,tertiary,-6.929866577588423,107.6199586796783,Sangat Dekat (<200m)
12986852699_29434769_STOP748,1,56.1,56.1,56.1,Pasar Bunga Palasari 1,Jalan Lodaya,tertiary,-6.930975600000003,107.622434,Sangat Dekat (<200m)
12986852699_29434769_STOP750,2,26.549999999999997,23.4,29.7,Lapangan Lodaya,Jalan Lodaya,tertiary,-6.93052118540585,107.62139914911208,Sangat Dekat (<200m)
12986852699_29434769_STOP751,2,43.65,19.0,68.3,Seberang Lapangan Lodaya,Jalan Lodaya,tertiary,-6.930149996654734,107.62057475438887,Sangat Dekat (<200m)
12986852699_3272588432_STOP746,2,26.65,20.2,33.1,Banteng Dalam - Lodaya 1,Jalan Lodaya,tertiary,-6.931958912764761,107.6247177907032,Sangat Dekat (<200m)
12986852699_3272588432_STOP747,2,29.4,9.3,49.5,Banteng Dalam - Lodaya 2,Jalan Lodaya,tertiary,-6.931597462552347,107.62388904324362,Sangat Dekat (<200m)
12986852699_3272588432_STOP748,2,31.400000000000002,6.7,56.1,Pasar Bunga Palasari 1,Jalan Lodaya,tertiary,-6.931064459046912,107.6226418541003,Sangat Dekat (<200m)
12986852699_3272588432_STOP749,1,38.6,38.6,38.6,Pasar Bunga Palasari 2,Jalan Lodaya,tertiary,-6.931330959466722,107.62326544923424,Sangat Dekat (<200m)
13010031522_2325453554_STOP135,10,700.22,584.7,857.2,SD Negeri 005 Babakan Ciparay,Jalan Cibolerang,tertiary,-6.953062517491487,107.58250639532346,Sedang (400-800m)
13010031522_2325453554_STOP401,16,333.16875,3.3,702.6,Mesjid Jami Al Hamidah Cibolerang,Jalan Cibolerang,tertiary,-6.949484359241488,107.56851046964653,Dekat (200-400m)
13010031522_2325453554_STOP586,13,781.1384615384615,734.5,908.5,SMA Negeri 17 Bandung,Jalan Cibolerang,tertiary,-6.950826805470668,107.57488128262233,Sedang (400-800m)
13010031522_2325453554_STOP598,7,893.0857142857143,849.9,949.5,DPKP Kota Bandung,Jalan Cibolerang,tertiary,-6.9522774719981255,107.5789273254745,Jauh (>800m)
13010031522_29489287_STOP135,15,260.6933333333333,21.4,584.7,SD Negeri 005 Babakan Ciparay,Jalan Kyai Haji Wahid Hasyim,primary,-6.950867980338382,107.5861899835322,Dekat (200-400m)
13010031522_29489287_STOP396,3,104.83333333333333,90.4,126.6,Barat Simpang Kopo Caringin,Jalan Kyai Haji Wahid Hasyim,primary,-6.947475639910696,107.58843216720781,Sangat Dekat (<200m)
13010031522_5487734497_STOP135,8,760.75,584.7,936.8,SD Negeri 005 Babakan Ciparay,Jalan Kopo Sayati,primary,-6.954844696405776,107.58360297518489,Sedang (400-800m)
13022549201_1896207944_STOP155,1,230.2,230.2,230.2,Banda Saparua,Jalan Aceh,secondary,-6.909309591683388,107.61693424367571,Dekat (200-400m)
13022549201_1896207944_STOP577,1,200.9,200.9,200.9,Utara Simpang Lombok Aceh,Jalan Aceh,secondary,-6.909168823651403,107.61736387500586,Dekat (200-400m)
13022549201_1896207944_STOP660,3,242.53333333333333,236.8,251.5,Simpang Banda - Belitung,Jalan Aceh,secondary,-6.909600404280692,107.61607816484764,Dekat (200-400m)
13022549201_25433301_STOP660,1,251.5,251.5,251.5,Simpang Banda - Belitung,Jalan Aceh,secondary,-6.909752400000002,107.6156524,Dekat (200-400m)
13022549201_9762128207_STOP660,1,251.5,251.5,251.5,Simpang Banda - Belitung,Jalan Sumbawa,secondary,-6.909752400000002,107.6156524,Dekat (200-400m)
13097895692_2019234455_STOP129,12,124.17500000000001,23.9,242.9,Pasar Cibogo Sarijadi,"['Jalan Sariwangi', 'Jalan Perintis']",tertiary,-6.882548892235882,107.57409128973201,Sangat Dekat (<200m)
13097895692_700728686_STOP129,3,42.73333333333333,23.9,77.2,Pasar Cibogo Sarijadi,Jalan Sariwangi,tertiary,-6.882581278028098,107.57537484209566,Sangat Dekat (<200m)
13097895692_700728686_STOP391,1,94.7,94.7,94.7,Sarimanah,Jalan Sariwangi,tertiary,-6.882320706895237,107.5762406800834,Sangat Dekat (<200m)
13097895693_1575311287_STOP128,2,87.0,64.1,109.9,Simpang Sarimanah Sariasih,Jalan Sariasih,tertiary,-6.876373460880412,107.5790415402167,Sangat Dekat (<200m)
13097895693_1575311287_STOP629,1,34.6,34.6,34.6,Timur Simpang Sarimanah Sariasih,Jalan Sariasih,tertiary,-6.876101742880266,107.5784202670089,Sangat Dekat (<200m)
13097895693_29357277_STOP128,3,138.23333333333335,109.9,170.8,Simpang Sarimanah Sariasih,Jalan Sarijadi Raya,secondary,-6.876048013939506,107.57942727949809,Sangat Dekat (<200m)
13097895693_29357277_STOP629,11,422.94545454545454,206.3,651.2,Timur Simpang Sarimanah Sariasih,Jalan Sarijadi Raya,secondary,-6.87306472948497,107.58042315981388,Sedang (400-800m)
13097895693_29357277_STOP8,2,627.1,606.7,647.5,KPAD,Jalan Sarijadi Raya,secondary,-6.870221162598501,107.58105821536216,Sedang (400-800m)
13097895693_5646605222_STOP128,7,201.20000000000002,109.9,264.8,Simpang Sarimanah Sariasih,"['Jalan Sariasih', 'Jalan Sari Rasa']",secondary,-6.877326547009188,107.57967400136758,Dekat (200-400m)
13097895693_5646605222_STOP350,5,181.56,87.4,277.7,Lemahneundeut,"['Jalan Sariasih', 'Jalan Sari Rasa']",secondary,-6.8797026468786555,107.57886954499654,Sangat Dekat (<200m)
13123360943_25433873_STOP84,1,154.5,154.5,154.5,Husein Pajajaran,Jalan Abdul Rahman Saleh,trunk,-6.907029499999996,107.5868079,Sangat Dekat (<200m)
13123360943_6442486339_STOP176,10,127.99000000000001,13.9,258.8,Abdurachman Saleh,Jalan Abdul Rahman Saleh,trunk,-6.90752698889541,107.5834584977476,Sangat Dekat (<200m)
13123360943_6442486339_STOP84,3,204.5666666666667,154.5,254.7,Husein Pajajaran,Jalan Abdul Rahman Saleh,trunk,-6.9071123361013385,107.58636342192449,Dekat (200-400m)
13136294320_1655728948_STOP220,4,52.599999999999994,7.3,101.6,Poltekpar NHI,Jalan Dr. Setiabudi,primary,-6.868023429333937,107.59374151279646,Sangat Dekat (<200m)
13136294320_1655728948_STOP404,1,71.0,71.0,71.0,Simpang Gegerkalong Hilir,Jalan Dr. Setiabudi,primary,-6.870042592319738,107.593507455778,Sangat Dekat (<200m)
13136294320_1655728948_STOP472,3,36.266666666666666,7.4,54.6,Seberang Unpas Setiabudi,Jalan Dr. Setiabudi,primary,-6.866454743585279,107.59394148347839,Sangat Dekat (<200m)
13136294320_1655728948_STOP473,2,27.3,25.6,29.0,Gegerkalong Girang,Jalan Dr. Setiabudi,primary,-6.865332478540248,107.5940697770624,Sangat Dekat (<200m)
13136294320_1655728948_STOP68,2,26.15,25.9,26.4,Simpang Gegerkalong Hilir,Jalan Dr. Setiabudi,primary,-6.869368105142966,107.59357099110322,Sangat Dekat (<200m)
13136294320_1676070938_STOP473,1,25.6,25.6,25.6,Gegerkalong Girang,Jalan Dr. Setiabudi,primary,-6.865108100000005,107.5940961,Sangat Dekat (<200m)
13141223516_12813271265_STOP114,4,165.275,130.1,210.3,Simpang Derwati,Jalan Derwati,primary,-6.965390433487756,107.68615294881965,Sangat Dekat (<200m)
13141223516_12813271265_STOP115,5,92.32000000000001,17.2,185.8,SMP Negeri 51 Bandung,Jalan Derwati,primary,-6.964463738615867,107.68058468684691,Sangat Dekat (<200m)
13141223516_12813271265_STOP521,8,102.575,8.3,207.3,SDN 069 Cipamokolan Derwati,Jalan Derwati,primary,-6.964866749749929,107.6834931267455,Sangat Dekat (<200m)
13141223516_12813271265_STOP715,7,113.05714285714285,8.1,245.6,Taman Derwati,Jalan Derwati,primary,-6.9642271246844505,107.6778905695967,Sangat Dekat (<200m)
13141223516_2518053983_STOP114,3,79.93333333333334,29.8,130.1,Simpang Derwati,Jalan Gedebage Selatan,primary,-6.965996968081169,107.68674443950395,Sangat Dekat (<200m)
13141223516_5460962097_STOP114,8,298.1125,130.1,471.1,Simpang Derwati,Jalan Gedebage Selatan,primary,-6.96404415570654,107.68687999918356,Dekat (200-400m)
13141223516_5460962097_STOP371,11,288.07272727272726,155.9,494.9,Magna,Jalan Gedebage Selatan,primary,-6.958870397482497,107.68668708275668,Dekat (200-400m)
13141223516_5460962097_STOP521,2,521.1,505.2,537.0,SDN 069 Cipamokolan Derwati,Jalan Gedebage Selatan,primary,-6.961803257299563,107.68674467874243,Sedang (400-800m)
13239081325_5369337988_STOP90,2,521.65,513.0,530.3,Terminal Antapani,,primary,-6.917288353256138,107.67000969476905,Sedang (400-800m)
13242730686_11803832459_STOP141,1,782.2,782.2,782.2,Bulog Gedebage,Jalan Gedebage Utama,tertiary,-6.945050858183538,107.69731743171016,Sedang (400-800m)
13242730686_11803832459_STOP388,4,810.925,798.1,831.1,Pasar Sinpasa,Jalan Gedebage Utama,tertiary,-6.945127945000406,107.69841658535722,Jauh (>800m)
13242730686_13575977254_STOP388,1,831.1,831.1,831.1,Pasar Sinpasa,,tertiary_link,-6.9450212,107.6990844,Jauh (>800m)
13257407280_1666277222_STOP773,4,98.4,47.6,158.6,Stasiun Andir 1,Jalan Garuda,secondary,-6.908920988484688,107.5787917931048,Sangat Dekat (<200m)
13257407280_1666277222_STOP775,1,113.2,113.2,113.2,Simpang Garuda - Dadali,Jalan Garuda,secondary,-6.910005909645369,107.5784848016893,Sangat Dekat (<200m)
13261248357_25433768_STOP12,3,42.03333333333334,24.8,74.7,Seberang Kantor Kelurahan Arjuna,Jalan Arjuna,secondary,-6.908368075205146,107.59206001584162,Sangat Dekat (<200m)
13261248357_25433768_STOP221,1,68.9,68.9,68.9,SMK Negeri 12 Bandung,Jalan Arjuna,secondary,-6.907639841840714,107.59259534990218,Sangat Dekat (<200m)
13261248357_29376968_STOP12,1,26.6,26.6,26.6,Seberang Kantor Kelurahan Arjuna,"['Jalan Kesatriaan', 'Jalan Bima']",tertiary,-6.908729599999999,107.5917888,Sangat Dekat (<200m)
13261248357_29376968_STOP302,1,49.7,49.7,49.7,SMAN 6 Bandung,"['Jalan Kesatriaan', 'Jalan Bima']",tertiary,-6.91176384438551,107.59757692995753,Sangat Dekat (<200m)
13261248357_29376968_STOP759,4,50.75,22.8,78.7,SMP Negeri 1 Bandung,"['Jalan Kesatriaan', 'Jalan Bima']",tertiary,-6.911993918658507,107.59647214268352,Sangat Dekat (<200m)
13261248357_29376968_STOP760,5,59.879999999999995,6.3,99.0,Masjid Jami Miftahul Khaer Jalan Bima,"['Jalan Kesatriaan', 'Jalan Bima']",tertiary,-6.911411538998076,107.59481901719718,Sangat Dekat (<200m)
13261248357_29376968_STOP761,5,61.96,5.2,101.5,Landmark Residence Bima,"['Jalan Kesatriaan', 'Jalan Bima']",tertiary,-6.9107707167705055,107.5927493552,Sangat Dekat (<200m)
13261248357_29376968_STOP762,3,49.86666666666667,6.6,96.3,Kantor Kelurahan Arjuna,"['Jalan Kesatriaan', 'Jalan Bima']",tertiary,-6.909470095166722,107.591956199599,Sangat Dekat (<200m)
13261248357_6622409115_STOP12,1,26.6,26.6,26.6,Seberang Kantor Kelurahan Arjuna,Jalan Arjuna,secondary,-6.908729599999999,107.5917888,Sangat Dekat (<200m)
13261248357_6622409115_STOP762,1,58.8,58.8,58.8,Kantor Kelurahan Arjuna,Jalan Arjuna,secondary,-6.90907187940137,107.59149366856904,Sangat Dekat (<200m)
13261248357_6622409115_STOP763,2,67.05,41.9,92.2,Seberang Jalan Simpang Industri,Jalan Arjuna,secondary,-6.910267600003852,107.59045841424394,Sangat Dekat (<200m)
13261248357_6622409115_STOP764,2,32.45,7.9,57.0,Jalan Simpang Industri,Jalan Arjuna,secondary,-6.909577858693387,107.59104250753936,Sangat Dekat (<200m)
13261248357_6622409115_STOP765,2,30.700000000000003,6.2,55.2,Alun-alun Cicendo 2,Jalan Arjuna,secondary,-6.910939104609165,107.58985575172812,Sangat Dekat (<200m)
13382601416_29377063_STOP86,2,50.3,39.1,61.5,Stasiun Ciroyom,Jalan Ciroyom,secondary,-6.91427872978184,107.5887128575377,Sangat Dekat (<200m)
13382601416_29377187_STOP112,1,156.4,156.4,156.4,Yayasan LPPN,Jalan Ciroyom Timur,tertiary,-6.915414645710542,107.58676636200651,Sangat Dekat (<200m)
13382601416_29377187_STOP810,4,109.35000000000001,73.2,160.9,Terminal Ciroyom,Jalan Ciroyom Timur,tertiary,-6.91483749936096,107.58767306385988,Sangat Dekat (<200m)
13382601416_29377187_STOP86,1,61.5,61.5,61.5,Stasiun Ciroyom,Jalan Ciroyom Timur,tertiary,-6.914123600000004,107.5885486,Sangat Dekat (<200m)
13382601416_29377189_STOP810,3,45.56666666666666,25.1,62.1,Terminal Ciroyom,Jalan Ciroyom,secondary,-6.913719472772229,107.58774451502154,Sangat Dekat (<200m)
13382601416_29377189_STOP86,1,61.5,61.5,61.5,Stasiun Ciroyom,Jalan Ciroyom,secondary,-6.914123600000004,107.5885486,Sangat Dekat (<200m)
13413660891_13413660892_STOP198,1,595.9,595.9,595.9,Karasak Lama,,tertiary_link,-6.952870100000003,107.600096,Sedang (400-800m)
13413660891_5489991817_STOP198,3,613.3333333333334,595.9,631.9,Karasak Lama,Jalan Raden Rangga Kencana,tertiary,-6.95281867219692,107.59964676113039,Sedang (400-800m)
13413660892_13413660891_STOP198,1,580.6,580.6,580.6,Karasak Lama,,tertiary_link,-6.952727999999992,107.6001131,Sedang (400-800m)
13413660892_5489991814_STOP198,2,573.1500000000001,565.7,580.6,Karasak Lama,Jalan Raden Rangga Kencana,tertiary,-6.952743289268879,107.60033863332278,Sedang (400-800m)
13413840424_13413840425_STOP198,1,571.5,571.5,571.5,Karasak Lama,,tertiary_link,-6.953015199999992,107.6029958,Sedang (400-800m)
13413840424_5489977551_STOP198,1,571.5,571.5,571.5,Karasak Lama,Jalan Raden Rangga Kencana,tertiary,-6.953015199999992,107.6029958,Sedang (400-800m)
13413840425_13413840424_STOP463,1,578.3,578.3,578.3,Ampera Soekarno Hatta,,tertiary_link,-6.953038500000002,107.6033197,Sedang (400-800m)
13413840425_5353902572_STOP463,3,570.4666666666667,565.0,578.3,Ampera Soekarno Hatta,Jalan Mekar Laksana,tertiary,-6.953092605904974,107.60376835635311,Sedang (400-800m)
13413840425_5489977551_STOP463,1,578.3,578.3,578.3,Ampera Soekarno Hatta,Jalan Mekar Laksana,tertiary,-6.953038500000002,107.6033197,Sedang (400-800m)
1342112669_1342112684_STOP164,1,13.9,13.9,13.9,Babakan Siliwangi,Jalan Tamansari,secondary,-6.885030000000001,107.6115252,Sangat Dekat (<200m)
1342112669_29359106_STOP164,1,13.9,13.9,13.9,Babakan Siliwangi,Jalan Tamansari,secondary,-6.885030000000001,107.6115252,Sangat Dekat (<200m)
1342112672_312086542_STOP233,1,61.3,61.3,61.3,Sangkuriang,Jalan Sangkuriang,tertiary,-6.884748699999998,107.6119523,Sangat Dekat (<200m)
1342112672_312086670_STOP233,3,38.13333333333333,13.0,61.3,Sangkuriang,Jalan Sangkuriang,tertiary,-6.884386668179386,107.61168207092486,Sangat Dekat (<200m)
1342112684_2034533034_STOP164,1,27.5,27.5,27.5,Babakan Siliwangi,Jalan Siliwangi,secondary,-6.884926799999992,107.611608,Sangat Dekat (<200m)
13539499879_10596847102_STOP261,5,119.67999999999999,87.7,174.8,Shuttle Summarecon Mall Bandung,Jalan Sentra Raya Selatan,tertiary,-6.954445250286412,107.69671689837612,Sangat Dekat (<200m)
13539499879_10596847102_STOP388,3,171.5666666666667,166.5,175.7,Pasar Sinpasa,Jalan Sentra Raya Selatan,tertiary,-6.953718693901603,107.69837286599052,Sangat Dekat (<200m)
13551225788_2325452313_STOP46,1,29.0,29.0,29.0,Bandung Creative Hub B,Jalan Laswi,primary,-6.918686599999991,107.6313572,Sangat Dekat (<200m)
13575977252_11270910316_STOP388,1,850.5,850.5,850.5,Pasar Sinpasa,,tertiary_link,-6.944948,107.6995727,Jauh (>800m)
13575977252_13242730686_STOP388,2,841.65,832.8,850.5,Pasar Sinpasa,Jalan Gedebage Utama,tertiary,-6.944980588087626,107.69934949110198,Jauh (>800m)
13575977254_11270910316_STOP388,2,848.7,839.8,857.6,Pasar Sinpasa,Jalan Gedebage Utama,tertiary,-6.9449039999239375,107.69929398858591,Jauh (>800m)
13575977254_13242730686_STOP388,1,839.8,839.8,839.8,Pasar Sinpasa,,tertiary_link,-6.944939499999996,107.6990709,Jauh (>800m)
13648191536_1663274703_STOP163,1,44.3,44.3,44.3,Cikapayang Dago 2,Jalan Surapati,primary,-6.898841899999996,107.6131081,Sangat Dekat (<200m)
13713992504_10173744459_STOP668,1,265.5,265.5,265.5,Museum Pos Indonesia,Jalan Hayam Wuruk,tertiary,-6.903697791586189,107.61836836248762,Dekat (200-400m)
13713992504_10173744459_STOP805,1,243.7,243.7,243.7,BPK Penabur Banda,Jalan Hayam Wuruk,tertiary,-6.903718299999999,107.6179167,Dekat (200-400m)
1387999367_29380398_STOP496,10,398.21,172.4,620.6,Simpang Bojong Raya,Jalan Raya Cijerah,secondary,-6.930188745985649,107.56507248283667,Dekat (200-400m)
1387999367_29380403_STOP496,3,127.10000000000001,84.5,172.4,Simpang Bojong Raya,Jalan Raya Cijerah,secondary,-6.927806660263779,107.5656788013651,Sangat Dekat (<200m)
1387999367_3115995953_STOP496,4,153.475,141.4,172.4,Simpang Bojong Raya,Jalan Melong Raya,secondary,-6.927727944365593,107.56526502049174,Sangat Dekat (<200m)
1390997943_1675261401_STOP404,6,142.25,17.3,266.9,Simpang Gegerkalong Hilir,Jalan Geger Kalong Hilir,secondary,-6.8700710623854135,107.59173639072088,Sangat Dekat (<200m)
1390997943_29357243_STOP404,3,316.59999999999997,266.9,366.5,Simpang Gegerkalong Hilir,Jalan Geger Kalong Hilir,secondary,-6.869898000534028,107.59017060177325,Dekat (200-400m)
1390997943_29357243_STOP8,8,228.925,75.9,394.8,KPAD,Jalan Geger Kalong Hilir,secondary,-6.869201004877041,107.58779850762406,Dekat (200-400m)
1390997943_5455661685_STOP337,3,563.4333333333333,546.8,582.0,Karangsetra Waterland,Jalan Cipedes Atas,tertiary,-6.876993055270422,107.59061411678924,Sedang (400-800m)
1390997943_5455661685_STOP404,13,383.4153846153846,266.9,543.5,Simpang Gegerkalong Hilir,Jalan Cipedes Atas,tertiary,-6.872446073816748,107.59053138367587,Dekat (200-400m)
1390997943_5455661685_STOP479,2,583.0,571.4,594.6,SMPN 15 Bandung,Jalan Cipedes Atas,tertiary,-6.87542529606586,107.59064645520805,Sedang (400-800m)
1390997943_5455661685_STOP551,1,599.0,599.0,599.0,Gereja Santo Laurentius,Jalan Cipedes Atas,tertiary,-6.876090261848906,107.59064991914045,Sedang (400-800m)
14001473537_1660289594_STOP159,1,33.1,33.1,33.1,Gasibu,Jalan Surapati,primary,-6.899472500000005,107.6181346,Sangat Dekat (<200m)
14001473537_32524281_STOP159,2,56.650000000000006,33.1,80.2,Gasibu,"['Jalan Majapahit', 'Jalan Diponegoro']",primary,-6.899698389215562,107.61813759576962,Sangat Dekat (<200m)
14001473537_32524281_STOP688,3,86.36666666666667,68.2,112.6,Seberang Gedung Sate,"['Jalan Majapahit', 'Jalan Diponegoro']",primary,-6.90082789121998,107.61815016364896,Sangat Dekat (<200m)
14003143457_14001473537_STOP159,3,83.53333333333333,38.8,130.1,Gasibu,Jalan Surapati,primary,-6.8994479376522015,107.6186717539653,Sangat Dekat (<200m)
14053088734_10184462928_STOP711,1,40.9,40.9,40.9,Jalan Kayuagung II,,primary_link,-6.944779000000007,107.6301629,Sangat Dekat (<200m)
14053088734_6715130339_STOP133,4,93.2,20.1,167.6,Seberang ISBI Bandung,Jalan Buah Batu,primary,-6.943314310392803,107.62875164919959,Sangat Dekat (<200m)
14053088734_6715130339_STOP468,1,15.2,15.2,15.2,ISBI Bandung,Jalan Buah Batu,primary,-6.942500995118189,107.62796721858356,Sangat Dekat (<200m)
14053088734_6715130339_STOP711,3,90.13333333333333,40.9,139.7,Jalan Kayuagung II,Jalan Buah Batu,primary,-6.94445344692141,107.62984935759499,Sangat Dekat (<200m)
1575311287_1083569114_STOP128,6,141.58333333333334,16.4,267.2,Simpang Sarimanah Sariasih,Jalan Sarimanah,tertiary,-6.877514017673132,107.57770194005839,Sangat Dekat (<200m)
1575311287_1083569114_STOP391,7,149.42857142857142,20.3,290.5,Sarimanah,Jalan Sarimanah,tertiary,-6.880206503018719,107.57656333822062,Sangat Dekat (<200m)
1575311287_1083569114_STOP629,1,26.5,26.5,26.5,Timur Simpang Sarimanah Sariasih,Jalan Sarimanah,tertiary,-6.876072500000007,107.57835260000002,Sangat Dekat (<200m)
1575311287_13097895693_STOP128,2,79.69999999999999,57.3,102.1,Simpang Sarimanah Sariasih,Jalan Sariasih,tertiary,-6.876344195029877,107.57897388315169,Sangat Dekat (<200m)
1575311287_13097895693_STOP629,1,26.5,26.5,26.5,Timur Simpang Sarimanah Sariasih,Jalan Sariasih,tertiary,-6.876072500000007,107.57835260000002,Sangat Dekat (<200m)
1654067462_29356722_STOP352,10,290.87,147.2,456.1,Setrasari,Jalan Prof. Dr. Ir. Sutami,primary,-6.880114898938719,107.58305066433566,Dekat (200-400m)
1654067462_29357241_STOP128,6,676.4333333333333,648.4,715.1,Simpang Sarimanah Sariasih,Jalan Sukahaji,tertiary,-6.875703172935587,107.58425952047075,Sedang (400-800m)
1654067462_29357241_STOP352,5,530.72,456.1,615.6,Setrasari,Jalan Sukahaji,tertiary,-6.878159206323339,107.58408590855129,Sedang (400-800m)
1654067462_29357241_STOP8,14,414.93571428571425,135.3,714.9,KPAD,Jalan Sukahaji,tertiary,-6.871370502345669,107.58486837254978,Sedang (400-800m)
1654067462_5455661685_STOP337,6,685.5,567.3,801.2,Karangsetra Waterland,Jalan Prof. Dr. Ir. Sutami,primary,-6.8777357029504,107.58921956559101,Sedang (400-800m)
1654067462_5455661685_STOP352,9,635.8888888888889,456.1,820.6,Setrasari,Jalan Prof. Dr. Ir. Sutami,primary,-6.878535114659127,107.58593330356035,Sedang (400-800m)
1655728948_12809046288_STOP404,1,67.6,67.6,67.6,Simpang Gegerkalong Hilir,Jalan Dr. Setiabudi,primary,-6.870100500000006,107.593506,Sangat Dekat (<200m)
1655728948_13136294320_STOP220,4,51.474999999999994,9.2,95.1,Poltekpar NHI,Jalan Dr. Setiabudi,primary,-6.868080867480863,107.5937340195816,Sangat Dekat (<200m)
1655728948_13136294320_STOP404,1,67.6,67.6,67.6,Simpang Gegerkalong Hilir,Jalan Dr. Setiabudi,primary,-6.870100500000006,107.593506,Sangat Dekat (<200m)
1655728948_13136294320_STOP472,3,37.833333333333336,12.1,61.0,Seberang Unpas Setiabudi,Jalan Dr. Setiabudi,primary,-6.866512255289611,107.59393458694933,Sangat Dekat (<200m)
1655728948_13136294320_STOP473,2,27.5,19.9,35.1,Gegerkalong Girang,Jalan Dr. Setiabudi,primary,-6.865390034068847,107.5940632421579,Sangat Dekat (<200m)
1655728948_13136294320_STOP68,2,26.25,20.3,32.2,Simpang Gegerkalong Hilir,Jalan Dr. Setiabudi,primary,-6.869425662536276,107.59356446387226,Sangat Dekat (<200m)
1658426552_11132665441_STOP241,2,29.2,15.6,42.8,Simpang Surya Sumantri Pasteur,Jalan Prof. Dr. Surya Soemantri,primary,-6.891729280225844,107.58133274185278,Sangat Dekat (<200m)
1658426552_12809283848_STOP241,3,54.833333333333336,15.6,97.9,Simpang Surya Sumantri Pasteur,Jalan Prof. Dr. Surya Soemantri,trunk_link,-6.891901099081108,107.58158094999715,Sangat Dekat (<200m)
1658426557_29356793_STOP350,2,65.3,40.5,90.1,Lemahneundeut,Jalan Lemah Neundeut,primary,-6.8818058642678395,107.57900333466678,Sangat Dekat (<200m)
1658426557_29356793_STOP351,2,163.64999999999998,139.1,188.2,Sarijadi,Jalan Lemah Neundeut,primary,-6.882479766318708,107.5796056992195,Sangat Dekat (<200m)
1658426557_29356793_STOP352,4,99.925,32.3,172.4,Setrasari,Jalan Lemah Neundeut,primary,-6.882563728667428,107.58077000607118,Sangat Dekat (<200m)
1658431473_1658426552_STOP127,10,132.31,26.3,278.9,Maranatha,Jalan Prof. Dr. Surya Soemantri,primary,-6.886205055717785,107.58143524799023,Sangat Dekat (<200m)
1658431473_1658426552_STOP241,7,172.3714285714286,26.1,320.2,Simpang Surya Sumantri Pasteur,Jalan Prof. Dr. Surya Soemantri,primary,-6.89003671819554,107.58149576162658,Sangat Dekat (<200m)
1658431473_1658426552_STOP352,4,94.925,20.0,170.2,Setrasari,Jalan Prof. Dr. Surya Soemantri,primary,-6.883044365864941,107.58152818965743,Sangat Dekat (<200m)
1658431473_1658426557_STOP352,1,20.0,20.0,20.0,Setrasari,Jalan Lemah Neundeut,primary,-6.882368099999994,107.5815311,Sangat Dekat (<200m)
1658431511_1666786352_STOP241,2,106.65,86.0,127.3,Simpang Surya Sumantri Pasteur,Jalan Cibogo,secondary,-6.891804013690827,107.58035478837303,Sangat Dekat (<200m)
1658431511_1666786352_STOP489,3,85.36666666666667,54.0,121.8,SDN Sukaraja,Jalan Cibogo,secondary,-6.891353681576916,107.57932016933648,Sangat Dekat (<200m)
1658431511_306334264_STOP127,10,291.43,219.3,369.4,Maranatha,Jalan Cibogo,tertiary,-6.886319622512542,107.57898548639177,Dekat (200-400m)
1658431511_306334264_STOP129,1,274.9,274.9,274.9,Pasar Cibogo Sarijadi,Jalan Cibogo,tertiary,-6.883877417770194,107.57725767436264,Dekat (200-400m)
1658431511_306334264_STOP351,7,225.74285714285716,99.4,328.4,Sarijadi,Jalan Cibogo,tertiary,-6.883431615231084,107.57767492595748,Dekat (200-400m)
1658431511_306334264_STOP489,7,199.85714285714286,54.0,345.5,SDN Sukaraja,Jalan Cibogo,tertiary,-6.889872203351504,107.57919207604189,Sangat Dekat (<200m)
1658431511_5639376031_STOP489,6,131.06666666666666,54.0,237.8,SDN Sukaraja,Jalan Cibogo,secondary,-6.890873192011562,107.5778187776766,Sangat Dekat (<200m)
1658617590_11118207003_STOP241,1,108.5,108.5,108.5,Simpang Surya Sumantri Pasteur,Jalan Sukaraja,secondary,-6.892408,107.5807947,Sangat Dekat (<200m)
1658617590_29377716_STOP241,3,130.46666666666667,108.5,156.2,Simpang Surya Sumantri Pasteur,Jalan Sukaraja,secondary,-6.892240242813743,107.58037556282788,Sangat Dekat (<200m)
1658617590_29377716_STOP489,6,76.08333333333333,11.3,143.1,SDN Sukaraja,Jalan Sukaraja,secondary,-6.891486627525471,107.57849461671792,Sangat Dekat (<200m)
1658919856_29427961_STOP72,4,290.35,222.4,360.2,Balubur Town Square,Jalan Layang Professor Mochtar Kusumaatmadja,trunk,-6.899013778509354,107.60670208178784,Dekat (200-400m)
1658919899_2325450642_STOP353,2,165.64999999999998,162.2,169.1,GKI Pasteur,Jalan Cihampelas,primary,-6.899882382787403,107.60416330799004,Sangat Dekat (<200m)
1658919899_5334388861_STOP353,2,179.75,169.1,190.4,GKI Pasteur,,trunk_link,-6.899822119746016,107.60428582143084,Sangat Dekat (<200m)
1658919998_1658934307_STOP353,1,374.1,374.1,374.1,GKI Pasteur,Jalan Layang Professor Mochtar Kusumaatmadja,trunk,-6.899510374421133,107.60601604361744,Dekat (200-400m)
1658919998_1658934307_STOP72,4,256.075,187.4,326.3,Balubur Town Square,Jalan Layang Professor Mochtar Kusumaatmadja,trunk,-6.898967267121622,107.60700714272313,Dekat (200-400m)
1658920028_2539998095_STOP123,2,79.4,73.8,85.0,Taman Westhoff,Jalan Pasteur,trunk,-6.900383030408035,107.59801815150166,Sangat Dekat (<200m)
1658920028_2958261186_STOP123,1,73.8,73.8,73.8,Taman Westhoff,Jalan Pasteur,trunk_link,-6.900380199999998,107.5982442,Sangat Dekat (<200m)
1658934307_1658934336_STOP353,4,281.3,212.3,349.7,GKI Pasteur,Jalan Layang Professor Mochtar Kusumaatmadja,trunk,-6.899964702154606,107.6052316089449,Dekat (200-400m)
1658934307_2958261171_STOP123,6,135.61666666666665,79.8,227.1,Taman Westhoff,Jalan Layang Professor Mochtar Kusumaatmadja,trunk,-6.90032293523646,107.59896118236504,Sangat Dekat (<200m)
1658934307_2958261171_STOP353,13,168.08461538461538,19.8,349.7,GKI Pasteur,Jalan Layang Professor Mochtar Kusumaatmadja,trunk,-6.900204165739899,107.6032301795436,Sangat Dekat (<200m)
1658934307_2958261171_STOP592,2,295.04999999999995,269.9,320.2,BRI Sukamulya,Jalan Layang Professor Mochtar Kusumaatmadja,trunk,-6.898568250821096,107.5936751972567,Dekat (200-400m)
1658934307_2958261171_STOP81,9,154.94444444444446,15.9,333.3,Djunjunan Paskal,Jalan Layang Professor Mochtar Kusumaatmadja,trunk,-6.899920934475588,107.59568381673941,Sangat Dekat (<200m)
1658934336_1969331837_STOP353,1,202.5,202.5,202.5,GKI Pasteur,Jalan Layang Professor Mochtar Kusumaatmadja,trunk,-6.900301099999997,107.604537,Dekat (200-400m)
1658934336_2539986928_STOP353,2,193.5,184.5,202.5,GKI Pasteur,,trunk_link,-6.9004907424757675,107.60441917522226,Sangat Dekat (<200m)
1658946837_2325450314_STOP81,1,36.5,36.5,36.5,Djunjunan Paskal,,trunk_link,-6.900207400000003,107.5970495,Sangat Dekat (<200m)
1658946837_2539998099_STOP81,1,36.5,36.5,36.5,Djunjunan Paskal,Jalan Dr. Djunjunan,trunk,-6.900207400000003,107.5970495,Sangat Dekat (<200m)
1658956030_5460926047_STOP125,4,58.3,18.0,82.0,BPJS Pasteur,Jalan Dr. Djunjunan,trunk,-6.892480709205889,107.58251625054413,Sangat Dekat (<200m)
1658956030_5460926047_STOP15,4,81.35,32.0,181.7,Mall d'Botanica,Jalan Dr. Djunjunan,trunk,-6.8929527479757775,107.58459134445917,Sangat Dekat (<200m)
1658956030_5460926047_STOP378,6,101.35000000000001,15.3,176.9,Warung Cepot,Jalan Dr. Djunjunan,trunk,-6.893134223289665,107.5834027796363,Sangat Dekat (<200m)
1658956030_5460926047_STOP490,9,117.35555555555555,31.4,173.8,Djundjunan 3,Jalan Dr. Djunjunan,trunk,-6.893807978362106,107.58583759772449,Sangat Dekat (<200m)
1658956030_5460926047_STOP630,2,142.9,142.9,142.9,Sukamulya,Jalan Dr. Djunjunan,trunk,-6.894014200000007,107.5869781,Sangat Dekat (<200m)
1658958704_11124688730_STOP475,2,29.5,6.4,52.6,Seberang BPK Penabur,Jalan HOS. Cokroaminoto,trunk,-6.903143604873251,107.59753076043529,Sangat Dekat (<200m)
1658958704_11124688730_STOP82,3,54.86666666666667,13.0,100.5,IWU,Jalan HOS. Cokroaminoto,trunk,-6.902014691756782,107.59749157570468,Sangat Dekat (<200m)
1658958704_11124688730_STOP83,2,47.349999999999994,22.4,72.3,Seberang IWU,Jalan HOS. Cokroaminoto,trunk,-6.9008856767720665,107.5974566524317,Sangat Dekat (<200m)
1658976883_1658976885_STOP353,1,89.1,89.1,89.1,GKI Pasteur,,trunk_link,-6.900218400000009,107.6035214,Sangat Dekat (<200m)
1658976883_2325450642_STOP353,2,114.2,89.1,139.3,GKI Pasteur,Jalan Pasteur,trunk,-6.9002088344914405,107.60374713076956,Sangat Dekat (<200m)
1658976885_2012565708_STOP353,3,54.23333333333333,24.6,92.6,GKI Pasteur,Jalan Pasteur,trunk,-6.900390357778291,107.60307038025373,Sangat Dekat (<200m)
1659928185_1659928189_STOP150,2,33.25,29.6,36.9,Setiabudi Hegarmanah,,primary_link,-6.882740150932656,107.60222702301024,Sangat Dekat (<200m)
1659928185_320093965_STOP150,2,25.6,21.6,29.6,Setiabudi Hegarmanah,Jalan Dr. Setiabudi,primary,-6.882951435366927,107.6023210305078,Sangat Dekat (<200m)
1659928187_1659928189_STOP150,5,168.38,68.9,268.4,Setiabudi Hegarmanah,Jalan Hegarmanah,tertiary,-6.881508814600721,107.60182677863665,Sangat Dekat (<200m)
1659928187_1659928189_STOP628,5,301.52,288.9,326.1,Taman Gaya Karangsari,Jalan Hegarmanah,tertiary,-6.879511230197349,107.60077173308805,Dekat (200-400m)
1659928187_2037649963_STOP628,3,371.1333333333334,326.1,416.9,Taman Gaya Karangsari,Jalan Hegarmanah,tertiary,-6.878276896741834,107.60037600911221,Dekat (200-400m)
1659928187_2037649964_STOP628,3,352.5,326.1,380.8,Taman Gaya Karangsari,Jalan Cisatu 1,tertiary,-6.878333925570779,107.60010020959044,Dekat (200-400m)
1659928189_1659928187_STOP150,6,168.36666666666667,44.7,293.3,Setiabudi Hegarmanah,Jalan Hegarmanah,tertiary,-6.881510752452535,107.60182775668572,Sangat Dekat (<200m)
1659928189_1659928187_STOP628,4,298.5,290.0,315.2,Taman Gaya Karangsari,Jalan Hegarmanah,tertiary,-6.879513069271209,107.60077290984893,Dekat (200-400m)
1659928189_320093965_STOP150,2,31.650000000000002,18.6,44.7,Setiabudi Hegarmanah,Jalan Hegarmanah,tertiary,-6.8827221114522725,107.602436161171,Sangat Dekat (<200m)
1660110851_1660130531_STOP66,2,33.65,9.6,57.7,Gandok,Jalan Siliwangi,secondary,-6.883442032896749,107.60541568798592,Sangat Dekat (<200m)
1660110851_29359106_STOP164,3,185.46666666666667,53.2,272.9,Babakan Siliwangi,Jalan Siliwangi,secondary,-6.884721152379239,107.60994907641265,Sangat Dekat (<200m)
1660110851_29359106_STOP166,1,316.0,316.0,316.0,Sabuga ITB,Jalan Siliwangi,secondary,-6.884930058137166,107.60866271366712,Dekat (200-400m)
1660110851_29359106_STOP233,3,133.53333333333333,86.9,181.9,Sangkuriang,Jalan Siliwangi,secondary,-6.884517494167962,107.61039184824635,Sangat Dekat (<200m)
1660110851_29359106_STOP66,8,159.7,9.6,314.8,Gandok,Jalan Siliwangi,secondary,-6.884361149376855,107.60682579368716,Sangat Dekat (<200m)
1660110858_1660116944_STOP66,1,87.7,87.7,87.7,Gandok,Jalan Ciumbuleuit,secondary,-6.8833663,107.6049259,Sangat Dekat (<200m)
1660110858_3376673094_STOP66,4,123.7,87.7,173.2,Gandok,Jalan Cihampelas,primary,-6.884022004215197,107.60475686356425,Sangat Dekat (<200m)
1660116942_1660110851_STOP66,2,67.65,45.2,90.1,Gandok,Jalan Siliwangi,secondary,-6.883278927748581,107.60516349341435,Sangat Dekat (<200m)
1660116942_1660130531_STOP66,1,90.1,90.1,90.1,Gandok,Jalan Ciumbuleuit,secondary,-6.883260800000003,107.6049395,Sangat Dekat (<200m)
1660116944_1660116942_STOP66,1,94.8,94.8,94.8,Gandok,Jalan Siliwangi,secondary,-6.883292899999993,107.6048818,Sangat Dekat (<200m)
1660116944_2316743959_STOP66,2,114.94999999999999,94.8,135.1,Gandok,Jalan Ciumbuleuit,secondary,-6.883090114921373,107.60478312208866,Sangat Dekat (<200m)
1660130531_1660110858_STOP66,1,82.8,82.8,82.8,Gandok,Jalan Siliwangi,secondary,-6.883330599999994,107.6049833,Sangat Dekat (<200m)
1660253697_1660260879_STOP169,1,58.0,58.0,58.0,Cikapayang Dago 1,,primary_link,-6.898766799999999,107.6116278,Sangat Dekat (<200m)
1660253697_5825261667_STOP169,3,47.23333333333333,25.8,58.0,Cikapayang Dago 1,Jalan Cikapayang,primary,-6.898818504661644,107.61207562944107,Sangat Dekat (<200m)
1660260878_8913742090_STOP723,1,46.0,46.0,46.0,Mahawarman,Jalan Surapati,trunk,-6.8991862999999976,107.61671250000002,Sangat Dekat (<200m)
1660260879_1660253697_STOP169,1,51.8,51.8,51.8,Cikapayang Dago 1,,primary_link,-6.898961800000001,107.6116004,Sangat Dekat (<200m)
1660260879_2958252669_STOP169,2,76.9,51.8,102.0,Cikapayang Dago 1,Jalan Cikapayang,primary,-6.898899476852075,107.61138329753561,Sangat Dekat (<200m)
1660260879_2958252669_STOP354,3,55.1,34.1,87.8,Tamansari Cikapayang,Jalan Cikapayang,primary,-6.898533435514694,107.61031501891934,Sangat Dekat (<200m)
1660260881_9895279782_STOP163,4,67.425,33.9,115.9,Cikapayang Dago 2,Jalan Prabu Dimuntur,primary,-6.899102239586317,107.6138191675448,Sangat Dekat (<200m)
1660260881_9895279782_STOP723,3,110.39999999999999,61.4,159.7,Mahawarman,Jalan Prabu Dimuntur,primary,-6.899131564652401,107.61540129296209,Sangat Dekat (<200m)
1660264881_1660289600_STOP393,1,51.3,51.3,51.3,PVMBG,Jalan Surapati,trunk,-6.899284700000007,107.6199187,Sangat Dekat (<200m)
1660264881_6637726062_STOP171,1,16.8,16.8,16.8,Distan Jabar,Jalan Surapati,trunk,-6.899232171104274,107.6226308115074,Sangat Dekat (<200m)
1660264881_6637726062_STOP328,2,67.85,43.0,92.7,Jalan Merak,Jalan Surapati,trunk,-6.899268824399471,107.62104880647891,Sangat Dekat (<200m)
1660264881_6637726062_STOP348,2,39.05,14.6,63.5,Wisma BKN,Jalan Surapati,trunk,-6.899247852095764,107.621952808971,Sangat Dekat (<200m)
1660264881_6637726062_STOP393,2,31.4,11.5,51.3,PVMBG,Jalan Surapati,trunk,-6.899283588581102,107.62014473571648,Sangat Dekat (<200m)
1660264881_6637726062_STOP523,3,37.733333333333334,10.8,56.6,Jalan Gagak,Jalan Surapati,trunk,-6.899227216489081,107.62353502858436,Sangat Dekat (<200m)
1660264881_6637726062_STOP524,4,50.85,14.4,88.5,Taman Pusdai,Jalan Surapati,trunk,-6.8992832997171565,107.62601741928151,Sangat Dekat (<200m)
1660264881_6637726062_STOP608,2,26.4,11.3,41.5,Jalan Melania,Jalan Surapati,trunk,-6.899236781113004,107.62466523480985,Sangat Dekat (<200m)
1660289594_1660260878_STOP159,2,37.400000000000006,26.1,48.7,Gasibu,Jalan Surapati,primary,-6.899417031997235,107.61778515333417,Sangat Dekat (<200m)
1660289594_1660260878_STOP723,1,91.7,91.7,91.7,Mahawarman,Jalan Surapati,primary,-6.899304819103766,107.61711635011642,Sangat Dekat (<200m)
1660289595_5832175149_STOP393,1,114.7,114.7,114.7,PVMBG,Jalan Sentot Alibasyah,primary,-6.899564200000006,107.6193536,Sangat Dekat (<200m)
1660289600_11138680823_STOP393,1,83.8,83.8,83.8,PVMBG,Jalan Surapati,trunk,-6.899313899999994,107.6196186,Sangat Dekat (<200m)
1660289600_1660289595_STOP393,1,83.8,83.8,83.8,PVMBG,,trunk_link,-6.899313899999994,107.6196186,Sangat Dekat (<200m)
1660289601_1660260878_STOP159,5,67.97999999999999,24.8,130.2,Gasibu,Jalan Surapati,trunk,-6.899331327890811,107.61823546006353,Sangat Dekat (<200m)
1660289601_1660260878_STOP723,1,63.9,63.9,63.9,Mahawarman,Jalan Surapati,trunk,-6.899197864307621,107.6168913294748,Sangat Dekat (<200m)
1660290286_12820446796_STOP393,2,130.1,123.8,136.4,PVMBG,Jalan Sentot Alibasyah,primary,-6.899710885608318,107.61926676228738,Sangat Dekat (<200m)
1660290286_5832175149_STOP393,1,136.4,136.4,136.4,PVMBG,,primary_link,-6.899936700000005,107.6192733,Sangat Dekat (<200m)
1662376584_1662376790_STOP591,2,52.400000000000006,27.6,77.2,Dago Asri A,Jalan Ir. H. Djuanda,primary,-6.878511250538267,107.61667303443195,Sangat Dekat (<200m)
1662376718_1662376948_STOP591,1,306.9,306.9,306.9,Dago Asri A,,primary_link,-6.881613400000002,107.6158143,Dekat (200-400m)
1662376718_2325448480_STOP591,5,206.42,106.0,306.9,Dago Asri A,Jalan Ir. H. Djuanda,primary,-6.8807451732335565,107.6160647080214,Dekat (200-400m)
1662376726_12816121757_STOP23,2,54.5,53.5,55.5,Terminal Dago,Jalan Ir. H. Djuanda,primary,-6.86693281511857,107.62084587173345,Sangat Dekat (<200m)
1662376726_12816121757_STOP24,2,51.9,27.0,76.8,Taman Budaya,Jalan Ir. H. Djuanda,primary,-6.867801449740201,107.6206177063526,Sangat Dekat (<200m)
1662376726_12816121757_STOP25,4,69.5,21.8,135.3,SPBU Dago Atas,Jalan Ir. H. Djuanda,primary,-6.869141767303458,107.62049609507403,Sangat Dekat (<200m)
1662376726_28382767_STOP25,1,135.3,135.3,135.3,SPBU Dago Atas,,primary_link,-6.869795300000007,107.6203459,Sangat Dekat (<200m)
1662376790_1662376726_STOP25,2,174.15,149.0,199.3,SPBU Dago Atas,Jalan Ir. H. Djuanda,primary,-6.870125101711414,107.62023123333208,Sangat Dekat (<200m)
1662376790_1662376726_STOP32,6,81.81666666666666,19.3,164.0,Kanayakan,Jalan Ir. H. Djuanda,primary,-6.877165772198161,107.61745531257226,Sangat Dekat (<200m)
1662376790_1662376726_STOP33,6,82.03333333333333,19.7,168.2,Dago Pojok,Jalan Ir. H. Djuanda,primary,-6.8748609121598,107.61885694999897,Sangat Dekat (<200m)
1662376790_1662376726_STOP541,7,95.72857142857143,12.5,199.2,Seberang Poltekesos,Jalan Ir. H. Djuanda,primary,-6.872108039214742,107.6198290651361,Sangat Dekat (<200m)
1662376790_28382653_STOP32,1,88.5,88.5,88.5,Kanayakan,,primary_link,-6.878082899999993,107.6167998,Sangat Dekat (<200m)
1662376948_10151612728_STOP265,1,373.4,373.4,373.4,UNIKOM Pascasarjana,Jalan Ir. H. Djuanda,primary,-6.882756058011945,107.61512853932857,Dekat (200-400m)
1662376948_10151612728_STOP591,3,356.5,309.3,403.3,Dago Asri A,Jalan Ir. H. Djuanda,primary,-6.882033712892036,107.61566934316518,Dekat (200-400m)
1663274645_25448847_STOP514,1,259.4,259.4,259.4,Ganesha Ciungwanara,Teuku Umar,tertiary,-6.891495999999997,107.6132006,Dekat (200-400m)
1663274645_6639639833_STOP514,2,282.95,259.4,306.5,Ganesha Ciungwanara,Jalan Ir. H. Djuanda,primary,-6.891270960316264,107.6132205009079,Dekat (200-400m)
1663274645_6639639833_STOP600,1,325.6,325.6,325.6,Seberang ITHB,Jalan Ir. H. Djuanda,primary,-6.890596035306054,107.61328232694176,Dekat (200-400m)
1663274703_1857160713_STOP163,4,63.525,24.8,126.6,Cikapayang Dago 2,Jalan Surapati,primary,-6.898851166353438,107.61396209826233,Sangat Dekat (<200m)
1663274703_1857160713_STOP723,3,92.7,42.4,143.0,Mahawarman,Jalan Surapati,primary,-6.898891010506002,107.6155424397832,Sangat Dekat (<200m)
1663274709_3277469066_STOP163,1,65.1,65.1,65.1,Cikapayang Dago 2,Jalan Dipatiukur,secondary,-6.898596399999997,107.6129583,Sangat Dekat (<200m)
1663274712_1663274709_STOP163,1,74.8,74.8,74.8,Cikapayang Dago 2,Jalan Dipatiukur,secondary,-6.898721100000001,107.6128372,Sangat Dekat (<200m)
1663274712_5463988176_STOP163,1,74.8,74.8,74.8,Cikapayang Dago 2,Jalan Ir. H. Djuanda,primary,-6.898721100000001,107.6128372,Sangat Dekat (<200m)
1663274762_11303467322_STOP600,1,253.5,253.5,253.5,Seberang ITHB,Jalan Ir. H. Djuanda,primary,-6.889037200000005,107.6135355,Dekat (200-400m)
1663274768_10703340254_STOP265,5,86.06,26.8,174.5,UNIKOM Pascasarjana,Jalan Ir. H. Djuanda,primary,-6.886478824815252,107.61362454838745,Sangat Dekat (<200m)
1663274768_1956570020_STOP265,2,180.2,174.5,185.9,UNIKOM Pascasarjana,Jalan Dayang Sumbi,tertiary,-6.88737476991458,107.61336294855558,Sangat Dekat (<200m)
1663274768_1956570020_STOP519,2,187.5,183.8,191.2,Sumur Bandung,Jalan Dayang Sumbi,tertiary,-6.8873454693561795,107.61245920105301,Sangat Dekat (<200m)
1663274768_5465993094_STOP265,1,174.5,174.5,174.5,UNIKOM Pascasarjana,Jalan Dayang Sumbi,tertiary,-6.887381500000006,107.6135889,Sangat Dekat (<200m)
1663283377_7669230602_STOP373,3,103.7,53.5,153.9,Taman Radio A,Jalan Ir. H. Djuanda,primary,-6.903355790048468,107.61119429493516,Sangat Dekat (<200m)
1663283377_7669230602_STOP672,1,171.2,171.2,171.2,Jalan Sultan Agung,Jalan Ir. H. Djuanda,primary,-6.904193300000007,107.6108549,Sangat Dekat (<200m)
1663283380_1663283377_STOP672,1,164.1,164.1,164.1,Jalan Sultan Agung,,primary_link,-6.904218399999992,107.6109154,Sangat Dekat (<200m)
1663283380_6622030454_STOP672,2,172.0,164.1,179.9,Jalan Sultan Agung,Jalan Ir. H. Djuanda,primary,-6.904430025036813,107.61083646081994,Sangat Dekat (<200m)
1664487744_12813271265_STOP604,31,433.0032258064516,17.0,928.5,Puskesmas Cipamokolan,Jalan Cipamokolan,tertiary,-6.949850713643391,107.67635121646666,Sedang (400-800m)
1664487744_12813271265_STOP715,19,572.7736842105263,254.6,975.2,Taman Derwati,Jalan Cipamokolan,tertiary,-6.959737673130678,107.6770917544293,Sedang (400-800m)
1664487744_3272718018_STOP452,1,50.8,50.8,50.8,Guruminda,Jalan Cipamokolan,tertiary,-6.938327213183062,107.67732894606677,Sangat Dekat (<200m)
1664487744_3272718018_STOP604,3,400.0,377.1,434.2,Puskesmas Cipamokolan,Jalan Cipamokolan,tertiary,-6.943559490650063,107.67690265844921,Dekat (200-400m)
1664487744_3272718018_STOP605,10,208.44,23.2,430.1,Bulog Kancab Bandung,Jalan Cipamokolan,tertiary,-6.9408101356424705,107.6772304602617,Dekat (200-400m)
1664487744_6413894757_STOP361,7,201.81428571428572,125.8,328.1,Komplek Aria Graha,,tertiary,-6.939831826143341,107.67410997384107,Dekat (200-400m)
1664487744_6413894757_STOP604,2,401.4,377.1,425.7,Puskesmas Cipamokolan,,tertiary,-6.943484514958936,107.67651385623566,Sedang (400-800m)
1664487744_6413894757_STOP605,6,380.56666666666666,357.5,439.5,Bulog Kancab Bandung,,tertiary,-6.9419505446872884,107.67580488847761,Dekat (200-400m)
1666231704_12809283839_STOP18,13,233.65384615384616,6.3,501.8,Pangkalan Angkot Cimindi,Jalan Gunung Batu,secondary,-6.893682565001042,107.56138367762125,Dekat (200-400m)
1666231704_12809283839_STOP486,12,269.52500000000003,26.9,486.5,Seberang Gateway Pasteur,Jalan Gunung Batu,secondary,-6.889699883162177,107.56460948400354,Dekat (200-400m)
1666231704_2628299951_STOP18,2,38.1,23.6,52.6,Pangkalan Angkot Cimindi,Jalan Jend. H. Amir Machmud,trunk,-6.895311242890973,107.55993221523741,Sangat Dekat (<200m)
1666277222_29377560_STOP518,1,21.3,21.3,21.3,GKBI Andir,Jalan Garuda,trunk,-6.911670300871552,107.57804195307358,Sangat Dekat (<200m)
1666277222_29377560_STOP775,3,43.13333333333333,24.6,72.0,Simpang Garuda - Dadali,Jalan Garuda,trunk,-6.9107905732804555,107.57824869910091,Sangat Dekat (<200m)
1666277222_6442486339_STOP773,4,98.875,55.6,153.2,Stasiun Andir 1,Jalan Layang Nurtanio,trunk,-6.908821098807565,107.5787393690466,Sangat Dekat (<200m)
1666277222_6442486339_STOP774,5,120.5,68.9,180.4,Stasiun Andir 2,Jalan Layang Nurtanio,trunk,-6.907572623397607,107.5800301916571,Sangat Dekat (<200m)
1666277222_6442486339_STOP775,2,96.9,72.0,121.8,Simpang Garuda - Dadali,Jalan Layang Nurtanio,trunk,-6.910129935170879,107.57840017677091,Sangat Dekat (<200m)
1666277222_9642166986_STOP773,3,118.86666666666667,83.3,157.3,Stasiun Andir 1,Jalan Garuda,secondary,-6.909018171259061,107.57858920802397,Sangat Dekat (<200m)
1666277222_9642166986_STOP775,2,96.5,72.0,121.0,Simpang Garuda - Dadali,Jalan Garuda,secondary,-6.910125470434282,107.57837389072682,Sangat Dekat (<200m)
1666714153_5842007853_STOP174,1,70.5,70.5,70.5,SDN 062 Ciujung Bandung (Lapangan Supratman B),Jalan Supratman,primary,-6.906781200000003,107.6301227,Sangat Dekat (<200m)
1666714175_10173705736_STOP575,5,177.16,113.3,235.7,Tugu PKK Citarum,"['Jalan Diponegoro', 'Jalan Supratman']",primary,-6.901517076436058,107.62637776897877,Sangat Dekat (<200m)
1666714175_10173705736_STOP74,1,201.4,201.4,201.4,Muararajeun,"['Jalan Diponegoro', 'Jalan Supratman']",primary,-6.902529499999995,107.6272147,Dekat (200-400m)
1666714175_1666714186_STOP74,1,201.4,201.4,201.4,Muararajeun,,primary_link,-6.902529499999995,107.6272147,Dekat (200-400m)
1666714186_11707030831_STOP74,5,100.44,4.2,199.9,Muararajeun,Jalan Supratman,primary,-6.903234856306048,107.62780140759494,Sangat Dekat (<200m)
1666714186_1666714175_STOP74,1,199.9,199.9,199.9,Muararajeun,,primary_link,-6.902478599999999,107.6273065,Sangat Dekat (<200m)
1666747506_1849525968_STOP567,2,131.3,116.8,145.8,De Pavilijoen,Jalan Taman Citarum,tertiary,-6.904862842798606,107.62119089723592,Sangat Dekat (<200m)
1666747516_10173705737_STOP575,2,57.95,33.4,82.5,Tugu PKK Citarum,Jalan Citarum,tertiary,-6.901320778378097,107.62512331552614,Sangat Dekat (<200m)
1666747516_2519917288_STOP575,1,33.4,33.4,33.4,Tugu PKK Citarum,,primary_link,-6.9014959,107.6249805,Sangat Dekat (<200m)
1666747518_25450505_STOP576,1,63.8,63.8,63.8,Seberang SMAN 20 Bandung,Jalan Citarum,tertiary,-6.904987000000004,107.6221726,Sangat Dekat (<200m)
1666786347_1666786352_STOP241,1,57.2,57.2,57.2,Simpang Surya Sumantri Pasteur,Jalan Cibogo,secondary,-6.892044699999995,107.5811056,Sangat Dekat (<200m)
1666786347_5460926051_STOP241,1,57.2,57.2,57.2,Simpang Surya Sumantri Pasteur,Jalan Prof. Dr. Surya Soemantri,primary,-6.892044699999995,107.5811056,Sangat Dekat (<200m)
1666786352_1658431511_STOP241,3,94.23333333333335,53.6,135.3,Simpang Surya Sumantri Pasteur,Jalan Cibogo,secondary,-6.8918191879772195,107.58049463647119,Sangat Dekat (<200m)
1666786352_1658431511_STOP489,2,93.55000000000001,73.7,113.4,SDN Sukaraja,Jalan Cibogo,secondary,-6.891410966370088,107.57944944287519,Sangat Dekat (<200m)
1666786352_5460926051_STOP241,1,53.6,53.6,53.6,Simpang Surya Sumantri Pasteur,Jalan Cibogo,secondary,-6.891901100000001,107.5809343,Sangat Dekat (<200m)
1667742416_1667742500_STOP202,7,200.18571428571428,53.6,349.5,Sekejati,Jalan Sekejati,tertiary,-6.94027640682162,107.64409632028844,Dekat (200-400m)
1667742416_1667742500_STOP445,1,19.6,19.6,19.6,Seberang Jalan Sekejati,Jalan Sekejati,tertiary,-6.940016799999991,107.6423073,Sangat Dekat (<200m)
1667742416_9198770125_STOP444,1,109.0,109.0,109.0,Borma Kiaracondong,Jalan H. Ibrahim Adjie,primary,-6.941819801933752,107.64218312759286,Sangat Dekat (<200m)
1667742416_9198770125_STOP445,4,85.325,19.6,156.7,Seberang Jalan Sekejati,Jalan H. Ibrahim Adjie,primary,-6.9406930400409586,107.64226229842994,Sangat Dekat (<200m)
1667742500_1667742416_STOP200,1,369.4,369.4,369.4,SMK Medikacom,Jalan Sekejati,tertiary,-6.940544299999996,107.6458081,Dekat (200-400m)
1667742500_1667742416_STOP202,7,192.17142857142858,46.6,341.2,Sekejati,Jalan Sekejati,tertiary,-6.940265724203237,107.64402275519976,Sangat Dekat (<200m)
1667742500_3272226044_STOP200,4,349.275,336.0,369.4,SMK Medikacom,Jalan Sekejati,tertiary,-6.940696007788403,107.64646911986183,Dekat (200-400m)
1667742500_3272226044_STOP439,9,176.6888888888889,95.4,320.5,Unibi,Jalan Sekejati,tertiary,-6.9414505217465265,107.64977513865554,Sangat Dekat (<200m)
1667742500_3272226044_STOP440,1,107.0,107.0,107.0,Cidurian Utara,Jalan Sekejati,tertiary,-6.942018489911093,107.65193584219296,Sangat Dekat (<200m)
1667742500_3272226044_STOP830,1,337.2,337.2,337.2,Cijawura,Jalan Sekejati,tertiary,-6.9409482697484215,107.6475709532347,Dekat (200-400m)
1667742500_5825223577_STOP200,1,369.4,369.4,369.4,SMK Medikacom,"['Jalan Papanggungan', 'Jalan Jenderal Gatot Subroto']",tertiary,-6.940544299999996,107.6458081,Dekat (200-400m)
1667742500_5825223577_STOP202,3,360.8333333333333,353.0,371.8,Sekejati,"['Jalan Papanggungan', 'Jalan Jenderal Gatot Subroto']",tertiary,-6.939667272276048,107.64559191300869,Dekat (200-400m)
1667742500_5825223577_STOP203,3,339.7333333333333,335.9,342.9,Kebon Kangkung 11,"['Jalan Papanggungan', 'Jalan Jenderal Gatot Subroto']",tertiary,-6.938326368325872,107.64548344115404,Dekat (200-400m)
1667742500_5825223577_STOP447,8,305.6625,212.4,364.6,SDN 38 Kiaracondong,"['Jalan Papanggungan', 'Jalan Jenderal Gatot Subroto']",tertiary,-6.933826918545575,107.64557030413603,Dekat (200-400m)
1667742500_5825223577_STOP609,5,362.22,342.8,387.6,Kebon Kangkung,"['Jalan Papanggungan', 'Jalan Jenderal Gatot Subroto']",tertiary,-6.936537298956637,107.64569440209951,Dekat (200-400m)
1667742500_5825223577_STOP831,4,130.425,105.9,170.8,Binong,"['Jalan Papanggungan', 'Jalan Jenderal Gatot Subroto']",tertiary,-6.932202403056909,107.64383414775888,Sangat Dekat (<200m)
1675261401_12809046288_STOP404,1,22.7,22.7,22.7,Simpang Gegerkalong Hilir,Jalan Geger Kalong Hilir,secondary,-6.870382100000006,107.5931754,Sangat Dekat (<200m)
1675261401_1390997943_STOP404,6,111.38333333333333,22.7,229.1,Simpang Gegerkalong Hilir,Jalan Geger Kalong Hilir,secondary,-6.87013112685088,107.5920751764494,Sangat Dekat (<200m)
1675261401_1655728948_STOP404,1,22.7,22.7,22.7,Simpang Gegerkalong Hilir,,primary_link,-6.870382100000006,107.5931754,Sangat Dekat (<200m)
1675261406_12809046288_STOP404,1,84.2,84.2,84.2,Simpang Gegerkalong Hilir,Jalan Dr. Setiabudi,primary,-6.870782299999992,107.5936179,Sangat Dekat (<200m)
1675261406_1675261401_STOP404,2,60.400000000000006,36.6,84.2,Simpang Gegerkalong Hilir,,primary_link,-6.870627840443866,107.59345388339469,Sangat Dekat (<200m)
1675261406_2325438077_STOP404,4,153.1,84.2,225.6,Simpang Gegerkalong Hilir,Jalan Dr. Setiabudi,primary,-6.871397931775857,107.5938918593792,Sangat Dekat (<200m)
1675261406_2325438077_STOP479,5,132.14,33.9,231.7,SMPN 15 Bandung,Jalan Dr. Setiabudi,primary,-6.873042487083024,107.5950691384497,Sangat Dekat (<200m)
1676070938_29357243_STOP473,12,285.84999999999997,58.0,552.1,Gegerkalong Girang,"['Jalan Pak Gatot Raya', 'Jalan Gegerkalong Girang']",tertiary,-6.8642191112864905,107.59171217512163,Dekat (200-400m)
1676070938_29357243_STOP8,15,329.15999999999997,13.1,593.1,KPAD,"['Jalan Pak Gatot Raya', 'Jalan Gegerkalong Girang']",tertiary,-6.865288627929743,107.58744016663988,Dekat (200-400m)
1676070938_6627215624_STOP473,3,108.26666666666667,58.0,158.5,Gegerkalong Girang,Jalan Dr. Setiabudi,primary,-6.864363295429144,107.59422145289629,Sangat Dekat (<200m)
1681303075_35136034_STOP16,5,193.24,93.2,293.6,Depan Terminal Cicaheum,Jalan Jenderal Ahmad Yani,trunk,-6.90218316622005,107.65853479660174,Sangat Dekat (<200m)
1681348740_295555957_STOP146,1,115.3,115.3,115.3,Surapati Core,Jalan Padasuka,tertiary,-6.901912899999998,107.6535715,Sangat Dekat (<200m)
1681348740_5391571111_STOP146,1,115.3,115.3,115.3,Surapati Core,Jalan PH. H. Mustofa,trunk,-6.901912899999998,107.6535715,Sangat Dekat (<200m)
1681348740_5391571111_STOP627,3,92.93333333333334,63.0,128.4,Simpang Cicaheum,Jalan PH. H. Mustofa,trunk,-6.901980297566765,107.65447318098524,Sangat Dekat (<200m)
1706564149_11149984611_STOP483,1,277.1,277.1,277.1,Abdul Rivai,Bundaran Rajiman,primary,-6.9040126000000015,107.60136040000002,Dekat (200-400m)
1708607132_312086670_STOP233,5,167.44,92.9,246.2,Sangkuriang,"['Jalan Cisitu Lama VIII', 'Jalan Cisitu Lama']",tertiary,-6.88286756357031,107.61150960551035,Sangat Dekat (<200m)
1708607132_312086670_STOP618,7,102.75714285714285,21.4,226.0,Pusdiklat Geologi Cisitu,"['Jalan Cisitu Lama VIII', 'Jalan Cisitu Lama']",tertiary,-6.8804039318548655,107.61206463927829,Sangat Dekat (<200m)
1708607132_5444615172_STOP618,7,197.07142857142858,70.4,340.6,Pusdiklat Geologi Cisitu,Jalan Cisitu Indah,tertiary,-6.8780247532041425,107.6126582498794,Sangat Dekat (<200m)
1708607132_5463827264_STOP591,4,175.9,109.7,232.5,Dago Asri A,"['Jalan Cisitu Lama VIII', 'Jalan Dago Asri Raya', 'Jalan Alpina', 'Jalan Dago Asri IV']",tertiary,-6.87845373066151,107.61498219676648,Sangat Dekat (<200m)
1708607132_5463827264_STOP618,6,167.35,70.4,253.9,Pusdiklat Geologi Cisitu,"['Jalan Cisitu Lama VIII', 'Jalan Dago Asri Raya', 'Jalan Alpina', 'Jalan Dago Asri IV']",tertiary,-6.878770030531002,107.61327018769522,Sangat Dekat (<200m)
1746299906_30236623_STOP23,25,474.236,233.2,673.5,Terminal Dago,"['Jalan Cigadung Raya Barat', 'Jalan Cikondang', 'Jalan Raya Golf', 'Jalan Cibeunying Kolot I', 'Jalan Ir. H. Djuanda']",tertiary,-6.865315082282993,107.6247644706465,Sedang (400-800m)
1746299906_30236623_STOP25,5,333.26,327.8,343.9,SPBU Dago Atas,"['Jalan Cigadung Raya Barat', 'Jalan Cikondang', 'Jalan Raya Golf', 'Jalan Cibeunying Kolot I', 'Jalan Ir. H. Djuanda']",tertiary,-6.8699058880253805,107.62332226137168,Dekat (200-400m)
1746299906_30236623_STOP32,4,842.05,788.0,896.8,Kanayakan,"['Jalan Cigadung Raya Barat', 'Jalan Cikondang', 'Jalan Raya Golf', 'Jalan Cibeunying Kolot I', 'Jalan Ir. H. Djuanda']",tertiary,-6.879850443817761,107.62453914190534,Jauh (>800m)
1746299906_30236623_STOP33,9,597.5111111111112,453.4,744.5,Dago Pojok,"['Jalan Cigadung Raya Barat', 'Jalan Cikondang', 'Jalan Raya Golf', 'Jalan Cibeunying Kolot I', 'Jalan Ir. H. Djuanda']",tertiary,-6.87715270575379,107.62352803068329,Sedang (400-800m)
1746299906_30236623_STOP541,10,330.41999999999996,284.0,417.9,Seberang Poltekesos,"['Jalan Cigadung Raya Barat', 'Jalan Cikondang', 'Jalan Raya Golf', 'Jalan Cibeunying Kolot I', 'Jalan Ir. H. Djuanda']",tertiary,-6.873123306270699,107.62255199375481,Dekat (200-400m)
1746299906_30236623_STOP639,4,501.7,461.9,543.0,Nurul Fikri Cikutra,"['Jalan Cigadung Raya Barat', 'Jalan Cikondang', 'Jalan Raya Golf', 'Jalan Cibeunying Kolot I', 'Jalan Ir. H. Djuanda']",tertiary,-6.891287186452888,107.63048197376898,Sedang (400-800m)
1746299906_30236623_STOP808,28,451.51071428571424,134.8,860.4,SD Negeri 189 Neglasari,"['Jalan Cigadung Raya Barat', 'Jalan Cikondang', 'Jalan Raya Golf', 'Jalan Cibeunying Kolot I', 'Jalan Ir. H. Djuanda']",tertiary,-6.886051710794015,107.62711327443859,Sedang (400-800m)
1746299906_312524188_STOP23,4,176.125,119.4,233.2,Terminal Dago,Jalan Ir. H. Djuanda,secondary,-6.865599057127987,107.62164541879861,Sangat Dekat (<200m)
1773328595_11132665440_STOP241,2,88.35,82.8,93.9,Simpang Surya Sumantri Pasteur,Jalan Dr. Djunjunan,trunk,-6.892317465865894,107.58134367746177,Sangat Dekat (<200m)
1773328595_1658617590_STOP241,2,96.35,93.9,98.8,Simpang Surya Sumantri Pasteur,Jalan Sukaraja,secondary,-6.892390950270341,107.58134550590276,Sangat Dekat (<200m)
1777901379_1831360476_STOP29,4,160.85,118.7,207.2,SDN 020 Lengkong Besar,Jalan Pungkur,secondary,-6.931813518100698,107.6130367624157,Sangat Dekat (<200m)
1777901379_1831360476_STOP411,3,198.16666666666666,176.1,223.6,Unla,Jalan Pungkur,secondary,-6.932391278002032,107.6144875674389,Sangat Dekat (<200m)
1777901379_1831360483_STOP411,3,174.76666666666665,171.2,177.0,Unla,Jalan Pungkur,tertiary,-6.932614319845672,107.61536109875696,Sangat Dekat (<200m)
1777901379_2746818952_STOP29,2,435.85,419.7,452.0,SDN 020 Lengkong Besar,Jalan Mochammad Ramdhan,secondary,-6.934329042025469,107.61323660492617,Sedang (400-800m)
1777901379_2746818952_STOP411,5,275.47999999999996,176.1,375.0,Unla,Jalan Mochammad Ramdhan,secondary,-6.933184660167821,107.61432764976425,Dekat (200-400m)
1777901379_3277353721_STOP411,4,103.14999999999999,32.6,176.1,Unla,Jalan Mochammad Ramdhan,secondary,-6.931961100029511,107.61532670545154,Sangat Dekat (<200m)
1777901409_1777901448_STOP644,2,148.95,147.4,150.5,Jalan Beunteur,Jalan Kancra,tertiary,-6.933132802428997,107.6183879600964,Sangat Dekat (<200m)
1777901409_1831360483_STOP412,1,189.7,189.7,189.7,Banteng Sadakeling,Jalan Cilentah,tertiary,-6.933207944633381,107.61783851899868,Sangat Dekat (<200m)
1777901409_1831360483_STOP644,1,150.5,150.5,150.5,Jalan Beunteur,Jalan Cilentah,tertiary,-6.933325800000002,107.618275,Sangat Dekat (<200m)
1777901409_1831360483_STOP801,4,153.825,138.3,176.2,Jalan Gurame,Jalan Cilentah,tertiary,-6.9328353739937265,107.61678658165903,Sangat Dekat (<200m)
1777901409_6435730317_STOP644,8,191.1125,136.3,297.8,Jalan Beunteur,Jalan Kancra,tertiary,-6.934853868360461,107.6186298911159,Sangat Dekat (<200m)
1777901409_6435730317_STOP645,1,281.8,281.8,281.8,Jalan Nilem V,Jalan Kancra,tertiary,-6.936673003066527,107.61940185659287,Dekat (200-400m)
1777901448_1777901409_STOP412,1,134.7,134.7,134.7,Banteng Sadakeling,Jalan Kancra,tertiary,-6.932714900000003,107.6187265,Sangat Dekat (<200m)
1777901448_1777901409_STOP644,1,149.5,149.5,149.5,Jalan Beunteur,Jalan Kancra,tertiary,-6.933039318719306,107.61841224174432,Sangat Dekat (<200m)
1777901448_1982390351_STOP412,3,94.83333333333333,59.3,134.7,Banteng Sadakeling,Jalan Buah Batu,primary,-6.9323853328468745,107.61841733257428,Sangat Dekat (<200m)
1777901457_1831360483_STOP411,1,141.1,141.1,141.1,Unla,Jalan Cilentah,tertiary,-6.932345300000002,107.6160353,Sangat Dekat (<200m)
1831360476_1014722265_STOP29,6,162.73333333333332,113.1,247.8,SDN 020 Lengkong Besar,Jalan Pungkur,secondary,-6.930545294089575,107.61159394709937,Sangat Dekat (<200m)
1831360476_1014722265_STOP30,1,140.8,140.8,140.8,Terminal Abdul Muis/Kebon Kalapa,Jalan Pungkur,secondary,-6.927496342887719,107.60713058506364,Sangat Dekat (<200m)
1831360476_1014722265_STOP470,9,118.8777777777778,8.8,251.1,Pasundan,Jalan Pungkur,secondary,-6.9282875628084675,107.6091206867539,Sangat Dekat (<200m)
1831360476_1777901379_STOP29,5,169.38,115.3,232.0,SDN 020 Lengkong Besar,Jalan Pungkur,secondary,-6.931847876248537,107.61313499436824,Sangat Dekat (<200m)
1831360476_1777901379_STOP411,2,190.85,180.0,201.7,Unla,Jalan Pungkur,secondary,-6.93241743996226,107.61458838704718,Sangat Dekat (<200m)
1831360476_29489138_STOP29,4,190.025,115.3,264.1,SDN 020 Lengkong Besar,Jalan Ibu Inggit Ganarsih,secondary,-6.931863848707941,107.61198141941256,Sangat Dekat (<200m)
1831360483_1777901379_STOP411,2,174.25,171.1,177.4,Unla,Jalan Pungkur,tertiary,-6.932668708151166,107.61556358060628,Sangat Dekat (<200m)
1831360483_1777901379_STOP801,1,139.9,139.9,139.9,Jalan Gurame,Jalan Pungkur,tertiary,-6.932393899999997,107.61609160000002,Sangat Dekat (<200m)
1831360483_1777901409_STOP412,1,191.5,191.5,191.5,Banteng Sadakeling,Jalan Cilentah,tertiary,-6.933172694544887,107.6176893093382,Sangat Dekat (<200m)
1831360483_1777901409_STOP644,1,167.5,167.5,167.5,Jalan Beunteur,Jalan Cilentah,tertiary,-6.933285044538835,107.61812719572367,Sangat Dekat (<200m)
1831360483_1777901409_STOP801,4,150.175,138.9,169.4,Jalan Gurame,Jalan Cilentah,tertiary,-6.932762629031839,107.61665440962764,Sangat Dekat (<200m)
1831360483_1777901457_STOP801,1,139.9,139.9,139.9,Jalan Gurame,Jalan Cilentah,tertiary,-6.932393899999997,107.61609160000002,Sangat Dekat (<200m)
1837401635_5355823339_STOP110,1,63.6,63.6,63.6,Pasar Astana Anyar,Jalan Astana Anyar,primary,-6.930269899999997,107.6008741,Sangat Dekat (<200m)
1837401635_5355823341_STOP110,1,63.6,63.6,63.6,Pasar Astana Anyar,Jalan Panjunan,secondary,-6.930269899999997,107.6008741,Sangat Dekat (<200m)
1837401639_12606431207_STOP113,1,87.9,87.9,87.9,Paskal 23,Jalan Kebon Jati,primary,-6.91633334895673,107.59786020048514,Sangat Dekat (<200m)
1837401639_12606431207_STOP289,6,80.56666666666666,15.3,163.6,Rumah Sakit Kebon Jati,Jalan Kebon Jati,primary,-6.916379493584913,107.59627840216972,Sangat Dekat (<200m)
1837401639_12606431207_STOP599,4,72.225,14.4,141.5,Kebon Jati Kelenteng,Jalan Kebon Jati,primary,-6.916465376280835,107.59401942117013,Sangat Dekat (<200m)
1837401642_1837401645_STOP223,9,156.24444444444444,95.7,237.7,Sukamanah,Jalan Cibadak,secondary,-6.92067447625001,107.59374115061844,Sangat Dekat (<200m)
1837401642_1837401645_STOP276,3,189.9,157.8,224.7,GKI Anugerah,Jalan Cibadak,secondary,-6.921155656403587,107.59622692877952,Sangat Dekat (<200m)
1837401642_1837401645_STOP437,4,87.15,55.9,138.9,Cibadak Astanaanyar,Jalan Cibadak,secondary,-6.921345885711136,107.59779776612083,Sangat Dekat (<200m)
1837401642_1837401675_STOP437,3,38.03333333333333,11.4,55.9,Cibadak Astanaanyar,Jalan Astana Anyar,primary,-6.920970200782758,107.5984249569837,Sangat Dekat (<200m)
1837401642_1911634930_STOP109,4,51.275,16.7,86.3,Karanganyar,Jalan Astana Anyar,primary,-6.92254344422535,107.59858222041242,Sangat Dekat (<200m)
1837401642_1911634930_STOP437,1,55.9,55.9,55.9,Cibadak Astanaanyar,Jalan Astana Anyar,primary,-6.921419600000005,107.5984717,Sangat Dekat (<200m)
1837401645_1837401639_STOP223,4,130.9,91.6,182.6,Sukamanah,Jalan Kelenteng,tertiary,-6.918778190281838,107.59302694511,Sangat Dekat (<200m)
1837401645_1837401639_STOP599,3,92.26666666666667,42.2,142.4,Kebon Jati Kelenteng,Jalan Kelenteng,tertiary,-6.91721245763861,107.59324924116392,Sangat Dekat (<200m)
1837401645_1837401642_STOP223,9,145.3111111111111,91.6,211.5,Sukamanah,Jalan Cibadak,secondary,-6.920553908843606,107.59356177919588,Sangat Dekat (<200m)
1837401645_1837401642_STOP276,4,197.275,150.4,251.7,GKI Anugerah,Jalan Cibadak,secondary,-6.921148009073362,107.59615745100878,Sangat Dekat (<200m)
1837401645_1837401642_STOP437,3,85.60000000000001,53.6,122.9,Cibadak Astanaanyar,Jalan Cibadak,secondary,-6.921339408208779,107.59772824050636,Sangat Dekat (<200m)
1837401645_4434330182_STOP223,1,91.6,91.6,91.6,Sukamanah,Jalan Jendral Sudirman,primary,-6.9194498,107.5929358,Sangat Dekat (<200m)
1837401645_4434330182_STOP278,7,101.67142857142858,19.7,218.6,Mayapada Tower,Jalan Jendral Sudirman,primary,-6.919232821381839,107.59114029581225,Sangat Dekat (<200m)
1837401645_4434330182_STOP301,6,100.14999999999999,13.7,211.9,Simpang Jamika,Jalan Jendral Sudirman,primary,-6.918883845514524,107.58822217170272,Sangat Dekat (<200m)
1837401646_11380591251_STOP30,3,59.36666666666667,27.6,98.5,Terminal Abdul Muis/Kebon Kalapa,Jalan Pungkur,secondary,-6.927347660065041,107.60549431087118,Sangat Dekat (<200m)
1837401646_11380591251_STOP308,3,110.93333333333334,94.5,133.9,Simpang Ijan,Jalan Pungkur,secondary,-6.9272362781169585,107.60414243091914,Sangat Dekat (<200m)
1837401646_11739021643_STOP269,2,75.6,61.4,89.8,Jalan Ibu Inggit Garnasih,Jalan Otto Iskandardinata,primary,-6.93103044924117,107.60342470904443,Sangat Dekat (<200m)
1837401646_11739021643_STOP308,4,50.775,7.6,94.5,Simpang Ijan,Jalan Otto Iskandardinata,primary,-6.927875316427189,107.60364467194626,Sangat Dekat (<200m)
1837401646_11739021643_STOP616,4,54.0,8.6,105.8,Gang Jaya,Jalan Otto Iskandardinata,primary,-6.929678306623712,107.60351938514006,Sangat Dekat (<200m)
1837401655_1837401635_STOP110,1,19.9,19.9,19.9,Pasar Astana Anyar,Jalan Astana Anyar,primary,-6.930539022212378,107.60118689338644,Sangat Dekat (<200m)
1837401655_1837401635_STOP111,2,52.55,27.4,77.7,Pasar Astana Anyar,Jalan Astana Anyar,primary,-6.931034986344624,107.60164834348183,Sangat Dekat (<200m)
1837401657_25446445_STOP286,7,108.57142857142857,18.2,235.4,Rajawali 1,Jalan Rajawali Timur,primary,-6.913942339233757,107.5789316827645,Sangat Dekat (<200m)
1837401657_25446445_STOP287,7,116.71428571428571,5.8,253.0,Dunguscariang,Jalan Rajawali Timur,primary,-6.914671362314406,107.5820107348286,Sangat Dekat (<200m)
1837401657_29377560_STOP286,1,67.2,67.2,67.2,Rajawali 1,Jalan Garuda,trunk,-6.913649599999999,107.5776073,Sangat Dekat (<200m)
1837401657_29377560_STOP518,1,6.1,6.1,6.1,GKBI Andir,Jalan Garuda,trunk,-6.911884719262424,107.57799591773166,Sangat Dekat (<200m)
1837401657_29377560_STOP779,3,36.26666666666667,7.2,51.0,Simpang Garuda - Rajawali Timur,Jalan Garuda,trunk,-6.912768486940621,107.57780781509864,Sangat Dekat (<200m)
1837401657_6616544861_STOP280,4,129.625,63.1,199.6,Kemenag Kanwil Jabar,Jalan Garuda,trunk,-6.916511398963647,107.57694690163093,Sangat Dekat (<200m)
1837401657_6616544861_STOP286,5,135.28,67.2,219.9,Rajawali 1,Jalan Garuda,trunk,-6.9145308367476215,107.57740696438584,Sangat Dekat (<200m)
1837401665_4434330186_STOP301,1,99.0,99.0,99.0,Simpang Jamika,Jalan Jamika,primary,-6.918746900000003,107.5865662,Sangat Dekat (<200m)
1837401665_6475102309_STOP301,1,99.0,99.0,99.0,Simpang Jamika,Jalan Jendral Sudirman,primary,-6.918746900000003,107.5865662,Sangat Dekat (<200m)
1837401667_2614138774_STOP271,1,71.1,71.1,71.1,Rumah Sakit Immanuel B,Jalan Kyai Haji Wahid Hasyim,primary,-6.936952000000006,107.5950424,Sangat Dekat (<200m)
1837401667_5355765058_STOP271,1,71.1,71.1,71.1,Rumah Sakit Immanuel B,Jalan Peta,primary,-6.936952000000006,107.5950424,Sangat Dekat (<200m)
1837401667_7540370583_STOP271,1,71.1,71.1,71.1,Rumah Sakit Immanuel B,Jalan Kyai Haji Wahid Hasyim,primary,-6.936952000000006,107.5950424,Sangat Dekat (<200m)
1837401675_12028030824_STOP199,5,66.53999999999999,21.6,130.0,Seberang SMAN 4 Bandung,Jalan Gardujati,primary,-6.9191990833051324,107.59830004017965,Sangat Dekat (<200m)
1837401675_1837401642_STOP199,1,71.5,71.5,71.5,Seberang SMAN 4 Bandung,Jalan Astana Anyar,primary,-6.920102000000004,107.5983366,Sangat Dekat (<200m)
1837401675_1837401642_STOP437,2,28.299999999999997,13.2,43.4,Cibadak Astanaanyar,Jalan Astana Anyar,primary,-6.9207762680593925,107.59840512751913,Sangat Dekat (<200m)
1837401675_1837401645_STOP199,1,71.5,71.5,71.5,Seberang SMAN 4 Bandung,Jalan Jendral Sudirman,primary,-6.920102000000004,107.5983366,Sangat Dekat (<200m)
1837401675_1837401645_STOP223,6,79.98333333333333,13.6,162.3,Sukamanah,Jalan Jendral Sudirman,primary,-6.919591949904338,107.59407165986305,Sangat Dekat (<200m)
1837401675_1837401645_STOP276,6,98.83333333333333,11.3,210.3,GKI Anugerah,Jalan Jendral Sudirman,primary,-6.9199129717828995,107.59676544643251,Sangat Dekat (<200m)
1837401676_2325453369_STOP309,1,81.1,81.1,81.1,Taman Tegallega,Jalan Peta,primary,-6.937214999999998,107.6030015,Sangat Dekat (<200m)
1837401676_6621856656_STOP309,3,44.166666666666664,20.3,81.1,Taman Tegallega,Jalan Otto Iskandardinata,primary,-6.936764673463429,107.60303842168359,Sangat Dekat (<200m)
1847944841_5356356914_STOP670,2,80.75,55.8,105.7,Taman Segitiga Trunojoyo 1,Jalan Trunojoyo,tertiary,-6.901526240711742,107.61581720847053,Sangat Dekat (<200m)
1847944841_5356356915_STOP670,1,105.7,105.7,105.7,Taman Segitiga Trunojoyo 1,Jalan Diponegoro,primary,-6.901369300000007,107.6159798,Sangat Dekat (<200m)
1847944841_5356356915_STOP687,1,108.6,108.6,108.6,Taman Segitiga Trunojoyo 2,Jalan Diponegoro,primary,-6.901098042289672,107.61561821721044,Sangat Dekat (<200m)
1847944841_6445777003_STOP669,2,78.25,53.6,102.9,Gedung Sate,Jalan Diponegoro,primary,-6.901347776525025,107.61665763372415,Sangat Dekat (<200m)
1847944841_6445777003_STOP670,1,105.7,105.7,105.7,Taman Segitiga Trunojoyo 1,Jalan Diponegoro,primary,-6.901369300000007,107.6159798,Sangat Dekat (<200m)
1849525794_11107827260_STOP543,4,52.7,8.3,100.5,Rumah Sakit Murni Teguh Naripan,Jalan Naripan,secondary,-6.920877928997951,107.61621062028499,Sangat Dekat (<200m)
1849525794_11107827260_STOP658,2,70.4,62.4,78.4,Simpang Naripan Sunda,Jalan Naripan,secondary,-6.921139525483873,107.61754152068791,Sangat Dekat (<200m)
1849525794_11107827260_STOP701,2,111.4,97.2,125.6,Simpang Embong - Veteran,Jalan Naripan,secondary,-6.920625480354374,107.61487792402964,Sangat Dekat (<200m)
1849525794_11107827260_STOP713,5,75.86,9.4,159.6,Simpang Naripan Tamblong,Jalan Naripan,secondary,-6.920328574607399,107.61332360985143,Sangat Dekat (<200m)
1849525794_2325452463_STOP297,1,85.3,85.3,85.3,Katapang Kaler,Jalan Naripan,secondary,-6.92137853344344,107.619097644069,Sangat Dekat (<200m)
1849525794_2325452463_STOP658,1,62.4,62.4,62.4,Simpang Naripan Sunda,Jalan Naripan,secondary,-6.921185799999994,107.6177628,Sangat Dekat (<200m)
1849525794_2325452463_STOP702,2,76.75,75.9,77.6,Simpang Veteran -Sunda,Jalan Naripan,secondary,-6.921306659739296,107.61843014688206,Sangat Dekat (<200m)
1849525794_3375103669_STOP658,1,62.4,62.4,62.4,Simpang Naripan Sunda,Jalan Sunda,secondary,-6.921185799999994,107.6177628,Sangat Dekat (<200m)
1849525794_3375103669_STOP702,1,84.0,84.0,84.0,Simpang Veteran -Sunda,Jalan Sunda,secondary,-6.920737132345161,107.61781621329938,Sangat Dekat (<200m)
1849525810_2035792342_STOP682,1,31.1,31.1,31.1,Seberang SMP Negeri 2 Bandung,Jalan Sumatra,tertiary,-6.9133639000000064,107.6133515,Sangat Dekat (<200m)
1849525810_5841953280_STOP26,2,26.65,11.8,41.5,SMP Negeri 2 Bandung,Jalan Sumatra,tertiary,-6.9143321969502125,107.61391797145993,Sangat Dekat (<200m)
1849525810_5841953280_STOP682,2,25.8,20.5,31.1,Seberang SMP Negeri 2 Bandung,Jalan Sumatra,tertiary,-6.913551133798755,107.61347768250235,Sangat Dekat (<200m)
1849525812_10173744438_STOP506,3,125.33333333333333,118.8,137.5,Kantor Kecamatan Sumurbandung,Jalan Bangka,tertiary,-6.913292508091481,107.61878680590802,Sangat Dekat (<200m)
1849525812_10173744438_STOP556,1,87.8,87.8,87.8,Stadion Siliwangi,Jalan Bangka,tertiary,-6.91197692773031,107.61849425633967,Sangat Dekat (<200m)
1849525812_10173744438_STOP661,1,111.1,111.1,111.1,Simpang Bangka - Belitung,Jalan Bangka,tertiary,-6.9124075244606,107.61863122358068,Sangat Dekat (<200m)
1849525812_10173744438_STOP697,3,96.23333333333335,62.4,134.4,Simpang Menado - Gudang Utara,Jalan Bangka,tertiary,-6.914646341246766,107.61883810857621,Sangat Dekat (<200m)
1849525812_1849525958_STOP697,2,37.5,12.6,62.4,Simpang Menado - Gudang Utara,Jalan Gudang Utara,tertiary,-6.915151132060503,107.61907032835616,Sangat Dekat (<200m)
1849525812_25433463_STOP659,1,91.3,91.3,91.3,SPBU Jalan Sunda,Jalan Bangka,tertiary,-6.915913426169415,107.61877032988188,Sangat Dekat (<200m)
1849525812_25433463_STOP697,2,64.5,62.4,66.6,Simpang Menado - Gudang Utara,Jalan Bangka,tertiary,-6.9153238539086335,107.61885576657676,Sangat Dekat (<200m)
1849525827_1849525979_STOP671,5,115.02000000000001,37.9,204.9,Simpang Sultan Tirtayasa - Trunojoyo 1,Jalan Sultan Tirtayasa,tertiary,-6.903450685310664,107.61464727993913,Sangat Dekat (<200m)
1849525827_1849525979_STOP805,3,114.5,71.5,160.7,BPK Penabur Banda,Jalan Sultan Tirtayasa,tertiary,-6.904754852310904,107.6157998600413,Sangat Dekat (<200m)
1849525827_2520649143_STOP805,2,52.65,33.8,71.5,BPK Penabur Banda,Jalan Bahureksa,tertiary,-6.90516153346484,107.6161993558143,Sangat Dekat (<200m)
1849525827_25434520_STOP558,4,136.25,124.9,151.0,RSGM Kota Bandung,Jalan Bahureksa,tertiary,-6.9053040544124435,107.61439709521088,Sangat Dekat (<200m)
1849525827_25434520_STOP805,2,94.7,71.5,117.9,BPK Penabur Banda,Jalan Bahureksa,tertiary,-6.9051836652001,107.61574812805524,Sangat Dekat (<200m)
1849525851_12096324721_STOP293,1,127.8,127.8,127.8,RSU Bungsu,Jalan Tamblong,primary,-6.917738977224962,107.61226771666124,Sangat Dekat (<200m)
1849525851_12096324721_STOP341,2,70.75,45.9,95.6,Tamblong,Jalan Tamblong,primary,-6.918355662175555,107.61237911609373,Sangat Dekat (<200m)
1849525851_12096324721_STOP414,1,99.2,99.2,99.2,Museum Mandala Wangsit Siliwangi,Jalan Tamblong,primary,-6.917482600000003,107.611899,Sangat Dekat (<200m)
1849525851_3374033499_STOP293,2,102.1,77.0,127.2,RSU Bungsu,Jalan Lembong,primary,-6.917792370602415,107.61249834547473,Sangat Dekat (<200m)
1849525851_3374033499_STOP414,1,99.2,99.2,99.2,Museum Mandala Wangsit Siliwangi,Jalan Lembong,primary,-6.917482600000003,107.611899,Sangat Dekat (<200m)
1849525862_11727886518_STOP155,2,25.8,23.1,28.5,Banda Saparua,Jalan Banda,tertiary,-6.907206740262182,107.61699471597262,Sangat Dekat (<200m)
1849525862_11727886518_STOP564,1,67.6,67.6,67.6,Graha Pos,Jalan Banda,tertiary,-6.906545818295461,107.61684459211138,Sangat Dekat (<200m)
1849525862_1896207944_STOP155,4,98.1,23.1,173.3,Banda Saparua,Jalan Banda,tertiary,-6.908090057205969,107.61718548299474,Sangat Dekat (<200m)
1849525862_7669230599_STOP155,4,81.275,23.1,149.8,Banda Saparua,Jalan Ambon,tertiary,-6.907649633541471,107.61640366614738,Sangat Dekat (<200m)
1849525862_7669230599_STOP283,1,198.9,198.9,198.9,Simpang Banda Riau,Jalan Ambon,tertiary,-6.908080050721395,107.6153606919154,Sangat Dekat (<200m)
1849525862_7669230599_STOP684,4,115.45,70.3,170.8,Dinas Arsip dan Perpustakaan Kota Bandung,Jalan Ambon,tertiary,-6.9086462623208815,107.61438555491176,Sangat Dekat (<200m)
1849525877_1849525950_STOP212,1,134.8,134.8,134.8,Segitiga Mas,Jalan Gudang Utara,tertiary,-6.916716600000003,107.6255424,Sangat Dekat (<200m)
1849525877_1849525950_STOP89,4,68.2,37.2,110.3,Jaya Plaza,Jalan Gudang Utara,tertiary,-6.916982442148043,107.6266409509073,Sangat Dekat (<200m)
1849525877_1849525958_STOP212,4,186.975,134.8,245.5,Segitiga Mas,Jalan Gudang Utara,tertiary,-6.916557149622724,107.62488322928591,Sangat Dekat (<200m)
1849525877_1849525958_STOP697,7,200.82857142857142,49.9,351.8,Simpang Menado - Gudang Utara,Jalan Gudang Utara,tertiary,-6.915653664535701,107.62114790978305,Dekat (200-400m)
1849525877_1849525958_STOP97,3,315.09999999999997,283.9,347.9,Cikudapateuh,Jalan Gudang Utara,tertiary,-6.916185129125302,107.6233451564879,Dekat (200-400m)
1849525877_1849526030_STOP212,1,134.8,134.8,134.8,Segitiga Mas,Jalan Gandapura,tertiary,-6.916716600000003,107.6255424,Sangat Dekat (<200m)
1849525877_1849526030_STOP43,2,283.4,269.5,297.3,Anggrek,Jalan Gandapura,tertiary,-6.91385994920522,107.62622367477131,Dekat (200-400m)
1849525877_1849526030_STOP649,1,233.7,233.7,233.7,Jalan Johar,Jalan Gandapura,tertiary,-6.913199167615126,107.62637445231697,Dekat (200-400m)
1849525877_1849526030_STOP89,5,247.14000000000001,176.8,327.2,Jaya Plaza,Jalan Gandapura,tertiary,-6.9154007168819005,107.62586748456563,Dekat (200-400m)
1849525877_9834915547_STOP212,4,91.45,66.1,134.8,Segitiga Mas,Jalan Gandapura,tertiary,-6.917375661566027,107.62538428635972,Sangat Dekat (<200m)
1849525878_9834915546_STOP97,1,76.2,76.2,76.2,Cikudapateuh,Jalan Jenderal Ahmad Yani,primary,-6.918293100000003,107.625131,Sangat Dekat (<200m)
1849525878_9834915547_STOP97,1,76.2,76.2,76.2,Cikudapateuh,Jalan Gandapura,tertiary,-6.918293100000003,107.625131,Sangat Dekat (<200m)
1849525880_6609192452_STOP682,1,79.1,79.1,79.1,Seberang SMP Negeri 2 Bandung,Jalan Sumatra,tertiary,-6.912971699999995,107.6131733,Sangat Dekat (<200m)
1849525885_10778288301_STOP754,4,51.075,18.1,84.4,Gedung Merdeka,Jalan Asia Afrika,primary,-6.921378870274454,107.60915351475313,Sangat Dekat (<200m)
1849525885_10778288301_STOP788,1,84.7,84.7,84.7,Jalan Alun-alun Timur,Jalan Asia Afrika,primary,-6.921250746250667,107.60803046788318,Sangat Dekat (<200m)
1849525899_1849525986_STOP696,2,89.45,70.5,108.4,Simpang Menado - Belitung,Jalan Menado,tertiary,-6.91151412782336,107.62043731728791,Sangat Dekat (<200m)
1849525899_1849526030_STOP569,3,284.6666666666667,281.7,289.3,Aceh Taman Pramuka,Jalan Patrakomala,tertiary,-6.912733451121231,107.62486158321178,Dekat (200-400m)
1849525899_1849526030_STOP649,2,256.5,239.7,273.3,Jalan Johar,Jalan Patrakomala,tertiary,-6.913002416954988,107.62595939390602,Dekat (200-400m)
1849525899_1849526030_STOP696,6,182.48333333333335,108.4,280.3,Simpang Menado - Belitung,Jalan Patrakomala,tertiary,-6.911818349183711,107.62164203330161,Sangat Dekat (<200m)
1849525899_1849526030_STOP817,3,295.7333333333333,292.9,301.4,Simpang Aceh Tongkeng,Jalan Patrakomala,tertiary,-6.912412312626958,107.62354379790253,Dekat (200-400m)
1849525899_6461589858_STOP662,1,20.8,20.8,20.8,Simpang Menado - Aceh 1,Jalan Menado,tertiary,-6.909648194752252,107.62105788508542,Sangat Dekat (<200m)
1849525899_6461589858_STOP695,3,76.36666666666666,26.2,126.6,Simpang Menado - Aceh 2,Jalan Menado,tertiary,-6.91052630358022,107.62084436850921,Sangat Dekat (<200m)
1849525899_6461589858_STOP696,1,108.4,108.4,108.4,Simpang Menado - Belitung,Jalan Menado,tertiary,-6.911404400000008,107.6206308,Sangat Dekat (<200m)
1849525905_10173705729_STOP669,4,84.3,44.1,142.5,Gedung Sate,Jalan Cilamaya,tertiary,-6.902014785977371,107.61699166685442,Sangat Dekat (<200m)
1849525905_32524281_STOP669,2,30.950000000000003,17.8,44.1,Gedung Sate,Jalan Diponegoro,primary,-6.901326926455151,107.61719932151699,Sangat Dekat (<200m)
1849525905_32524281_STOP688,1,38.5,38.5,38.5,Seberang Gedung Sate,Jalan Diponegoro,primary,-6.901299095649184,107.61787692784884,Sangat Dekat (<200m)
1849525905_6445777003_STOP669,1,44.1,44.1,44.1,Gedung Sate,Jalan Diponegoro,primary,-6.901337300000003,107.6169735,Sangat Dekat (<200m)
1849525906_1849525935_STOP31,2,148.65,126.7,170.6,Danamon Cikapayang,Jalan Maulana Yusup,tertiary,-6.900685865517119,107.61347129926085,Sangat Dekat (<200m)
1849525906_1849525935_STOP671,3,116.43333333333332,76.6,158.7,Simpang Sultan Tirtayasa - Trunojoyo 1,Jalan Maulana Yusup,tertiary,-6.9018151261098915,107.61348902238943,Sangat Dekat (<200m)
1849525906_29427263_STOP31,2,146.75,126.7,166.8,Danamon Cikapayang,Jalan Diponegoro,primary,-6.900507642142195,107.6136921911504,Sangat Dekat (<200m)
1849525906_29427263_STOP687,2,172.0,160.8,183.2,Taman Segitiga Trunojoyo 2,Jalan Diponegoro,primary,-6.900621227793293,107.61458684710618,Sangat Dekat (<200m)
1849525906_3374026391_STOP31,2,112.65,98.6,126.7,Danamon Cikapayang,Jalan Diponegoro,primary,-6.900421820168427,107.61324843839279,Sangat Dekat (<200m)
1849525914_1849526030_STOP42,1,119.0,119.0,119.0,Tugu Tunas Taman Pramuka,Jalan Gandapura,tertiary,-6.911616886262137,107.62679577957248,Sangat Dekat (<200m)
1849525914_1849526030_STOP511,1,79.3,79.3,79.3,Taman Pramuka,Jalan Gandapura,tertiary,-6.911180399999999,107.6269126,Sangat Dekat (<200m)
1849525914_1849526030_STOP649,3,171.23333333333335,137.6,207.4,Jalan Johar,Jalan Gandapura,tertiary,-6.912489756103547,107.62656175480565,Sangat Dekat (<200m)
1849525914_2520649200_STOP42,2,31.1,29.5,32.7,Tugu Tunas Taman Pramuka,Jalan Aceh,secondary,-6.910714545897038,107.62642001617421,Sangat Dekat (<200m)
1849525914_2520649200_STOP511,1,79.3,79.3,79.3,Taman Pramuka,Jalan Aceh,secondary,-6.911180399999999,107.6269126,Sangat Dekat (<200m)
1849525935_1849525906_STOP31,1,168.8,168.8,168.8,Danamon Cikapayang,Jalan Maulana Yusup,tertiary,-6.900893609984919,107.6134710470057,Sangat Dekat (<200m)
1849525935_1849525906_STOP671,3,118.0,77.8,160.5,Simpang Sultan Tirtayasa - Trunojoyo 1,Jalan Maulana Yusup,tertiary,-6.9017971050616955,107.61348867085923,Sangat Dekat (<200m)
1849525935_1849525906_STOP686,1,50.9,50.9,50.9,Simpang Sultan Tirtayasa - Trunojoyo 2,Jalan Maulana Yusup,tertiary,-6.902700600000004,107.6135063,Sangat Dekat (<200m)
1849525935_1849525979_STOP686,1,50.9,50.9,50.9,Simpang Sultan Tirtayasa - Trunojoyo 2,Jalan Sultan Tirtayasa,tertiary,-6.902700600000004,107.6135063,Sangat Dekat (<200m)
1849525935_1849526022_STOP372,3,60.63333333333333,13.6,109.3,Taman Radio B,Jalan Sultan Tirtayasa,tertiary,-6.902543113168659,107.61216109345912,Sangat Dekat (<200m)
1849525935_1849526022_STOP686,2,60.25,50.9,69.6,Simpang Sultan Tirtayasa - Trunojoyo 2,Jalan Sultan Tirtayasa,tertiary,-6.902679167327194,107.61328125500825,Sangat Dekat (<200m)
1849525943_10101152065_STOP41,2,26.95,23.5,30.4,Riau Cihapit,Jalan L.L. RE. Martadinata,secondary,-6.908128550532275,107.62388712280067,Sangat Dekat (<200m)
1849525943_10101152065_STOP510,1,26.8,26.8,26.8,bjb Riau,Jalan L.L. RE. Martadinata,secondary,-6.909450657632135,107.62543035784712,Sangat Dekat (<200m)
1849525943_10101152065_STOP560,2,25.65,24.6,26.7,HKBP Riau,Jalan L.L. RE. Martadinata,secondary,-6.908696812411508,107.62458951794827,Sangat Dekat (<200m)
1849525943_10101152065_STOP561,2,29.400000000000002,6.7,52.1,Riau Aceh,Jalan L.L. RE. Martadinata,secondary,-6.909922632532308,107.62591687110022,Sangat Dekat (<200m)
1849525943_10101152065_STOP566,1,16.4,16.4,16.4,Riau Serayu,Jalan L.L. RE. Martadinata,secondary,-6.909137234017586,107.62510471556308,Sangat Dekat (<200m)
1849525943_10101152065_STOP693,1,62.6,62.6,62.6,Pasar Cihapit 2,Jalan L.L. RE. Martadinata,secondary,-6.907645149106342,107.62341456745028,Sangat Dekat (<200m)
1849525943_25432842_STOP263,1,67.3,67.3,67.3,Taman Pramuka,Jalan L.L. RE. Martadinata,secondary,-6.91102581463912,107.62705033943416,Sangat Dekat (<200m)
1849525943_25432842_STOP42,1,24.9,24.9,24.9,Tugu Tunas Taman Pramuka,Jalan L.L. RE. Martadinata,secondary,-6.910391183730676,107.62640666533706,Sangat Dekat (<200m)
1849525943_25432842_STOP511,1,23.5,23.5,23.5,Taman Pramuka,Jalan L.L. RE. Martadinata,secondary,-6.910709067803889,107.6267279336248,Sangat Dekat (<200m)
1849525943_25432842_STOP561,1,52.1,52.1,52.1,Riau Aceh,Jalan L.L. RE. Martadinata,secondary,-6.910076099999996,107.6260827,Sangat Dekat (<200m)
1849525943_2623877339_STOP284,3,36.1,6.3,55.5,SMA Kartika,Jalan Taman Pramuka,tertiary,-6.9096380370285,107.62680777623079,Sangat Dekat (<200m)
1849525943_2623877339_STOP561,1,52.1,52.1,52.1,Riau Aceh,Jalan Taman Pramuka,tertiary,-6.910076099999996,107.6260827,Sangat Dekat (<200m)
1849525950_1849525877_STOP212,1,133.2,133.2,133.2,Segitiga Mas,Jalan Gudang Utara,tertiary,-6.916724076293611,107.62557206299996,Sangat Dekat (<200m)
1849525950_1849525877_STOP89,4,67.375,37.1,107.1,Jaya Plaza,Jalan Gudang Utara,tertiary,-6.9169894530481635,107.62667072689725,Sangat Dekat (<200m)
1849525950_5391666904_STOP89,1,62.8,62.8,62.8,Jaya Plaza,Jalan Gudang Utara,tertiary,-6.917145499999998,107.62733070000002,Sangat Dekat (<200m)
1849525950_5391666913_STOP89,1,62.8,62.8,62.8,Jaya Plaza,Jalan Jenderal Ahmad Yani,primary,-6.917145499999998,107.62733070000002,Sangat Dekat (<200m)
1849525958_1849525812_STOP697,2,25.5,16.7,34.3,Simpang Menado - Gudang Utara,Jalan Gudang Utara,tertiary,-6.915248444947094,107.6194725772267,Sangat Dekat (<200m)
1849525958_1849525877_STOP212,4,198.5,142.9,259.3,Segitiga Mas,Jalan Gudang Utara,tertiary,-6.916523951541417,107.62474597131155,Sangat Dekat (<200m)
1849525958_1849525877_STOP697,7,185.14285714285714,34.3,336.1,Simpang Menado - Gudang Utara,Jalan Gudang Utara,tertiary,-6.915620467507425,107.62101065138471,Sangat Dekat (<200m)
1849525958_1849525877_STOP97,3,325.26666666666665,292.6,359.4,Cikudapateuh,Jalan Gudang Utara,tertiary,-6.916151926475867,107.6232078995511,Dekat (200-400m)
1849525958_1849525986_STOP696,4,74.425,6.4,144.2,Simpang Menado - Belitung,Jalan Menado,tertiary,-6.9129059575849,107.62020304125501,Sangat Dekat (<200m)
1849525958_1849525986_STOP697,4,91.575,34.3,158.4,Simpang Menado - Gudang Utara,Jalan Menado,tertiary,-6.914642139474345,107.61984874784636,Sangat Dekat (<200m)
1849525968_10173744449_STOP567,1,154.0,154.0,154.0,De Pavilijoen,Jalan Cisanggarung,tertiary,-6.904595900000002,107.6210834,Sangat Dekat (<200m)
1849525968_3269364722_STOP567,1,154.0,154.0,154.0,De Pavilijoen,Jalan Taman Citarum,tertiary,-6.904595900000002,107.6210834,Sangat Dekat (<200m)
1849525974_1956195993_STOP144,2,198.9,177.8,220.0,Monumen 0 KM Kota Bandung,Jalan Lengkong Besar,tertiary,-6.92325807412853,107.61183681069099,Sangat Dekat (<200m)
1849525974_1956195993_STOP27,4,50.5,11.8,89.3,Jalan Jati,Jalan Lengkong Besar,tertiary,-6.926128978970856,107.61256509394944,Sangat Dekat (<200m)
1849525974_1956195993_STOP793,4,179.225,118.4,248.6,Gang Sasak Gantung IV,Jalan Lengkong Besar,tertiary,-6.924599957869301,107.61176743439746,Sangat Dekat (<200m)
1849525974_3277363480_STOP144,2,195.35000000000002,177.8,212.9,Monumen 0 KM Kota Bandung,Jalan Lengkong Kecil,secondary,-6.923060990396493,107.61208285608924,Sangat Dekat (<200m)
1849525974_3277363480_STOP299,2,150.15,143.0,157.3,Simpang Lima Asia Afrika,Jalan Lengkong Kecil,secondary,-6.923525798235723,107.61567000969112,Sangat Dekat (<200m)
1849525974_3277363480_STOP620,1,129.6,129.6,129.6,Karapitan—Lengkong Kecil,Jalan Lengkong Kecil,secondary,-6.923613226845351,107.61634256522328,Sangat Dekat (<200m)
1849525974_3277363480_STOP648,6,165.13333333333333,141.9,199.9,Jalan Kasim,Jalan Lengkong Kecil,secondary,-6.923292717595564,107.6138765188886,Sangat Dekat (<200m)
1849525979_1849525827_STOP671,5,99.03999999999999,41.4,181.5,Simpang Sultan Tirtayasa - Trunojoyo 1,Jalan Sultan Tirtayasa,tertiary,-6.9033302033664485,107.61447715838331,Sangat Dekat (<200m)
1849525979_1849525827_STOP805,3,135.26666666666668,87.2,184.1,BPK Penabur Banda,Jalan Sultan Tirtayasa,tertiary,-6.904565350542266,107.615711180826,Sangat Dekat (<200m)
1849525979_1849525935_STOP671,1,41.4,41.4,41.4,Simpang Sultan Tirtayasa - Trunojoyo 1,Jalan Sultan Tirtayasa,tertiary,-6.902837799999997,107.61372830000002,Sangat Dekat (<200m)
1849525979_5356356914_STOP670,1,46.2,46.2,46.2,Taman Segitiga Trunojoyo 1,Jalan Trunojoyo,tertiary,-6.90174504960568,107.61559394126556,Sangat Dekat (<200m)
1849525979_5356356914_STOP671,3,38.6,14.1,60.3,Simpang Sultan Tirtayasa - Trunojoyo 1,Jalan Trunojoyo,tertiary,-6.902546841362022,107.61407202613356,Sangat Dekat (<200m)
1849525979_5356356914_STOP687,2,27.849999999999998,6.8,48.9,Taman Segitiga Trunojoyo 2,Jalan Trunojoyo,tertiary,-6.902138499053937,107.61506929304394,Sangat Dekat (<200m)
1849525979_6438800742_STOP671,1,41.4,41.4,41.4,Simpang Sultan Tirtayasa - Trunojoyo 1,Jalan Trunojoyo,tertiary,-6.902837799999997,107.61372830000002,Sangat Dekat (<200m)
1849525979_6438800742_STOP686,2,30.55,7.2,53.9,Simpang Sultan Tirtayasa - Trunojoyo 2,Jalan Trunojoyo,tertiary,-6.903396232611006,107.61334473187713,Sangat Dekat (<200m)
1849525986_10173744441_STOP556,1,55.4,55.4,55.4,Stadion Siliwangi,Jalan Belitung,tertiary,-6.911598408478511,107.61875945602269,Sangat Dekat (<200m)
1849525986_10173744441_STOP661,2,25.75,14.7,36.8,Simpang Bangka - Belitung,Jalan Belitung,tertiary,-6.911760921967848,107.61941787369187,Sangat Dekat (<200m)
1849525986_10173744441_STOP696,1,37.2,37.2,37.2,Simpang Menado - Belitung,Jalan Belitung,tertiary,-6.9119234000000045,107.6200763,Sangat Dekat (<200m)
1849525986_1849525899_STOP696,2,58.65,37.2,80.1,Simpang Menado - Belitung,Jalan Menado,tertiary,-6.911737668027799,107.62019886782616,Sangat Dekat (<200m)
1849525986_1849525958_STOP696,5,72.14000000000001,12.4,151.3,Simpang Menado - Belitung,Jalan Menado,tertiary,-6.91275923412226,107.62017384345354,Sangat Dekat (<200m)
1849525986_1849525958_STOP697,3,103.93333333333332,57.8,151.2,Simpang Menado - Gudang Utara,Jalan Menado,tertiary,-6.9144858986118685,107.61988551540169,Sangat Dekat (<200m)
1849526010_6445776283_STOP667,1,139.0,139.0,139.0,Simpang Cilaki - Cimanuk,"['Jalan Cisanggarung', 'Jalan Hayam Wuruk']",tertiary,-6.903395100000005,107.6201313,Sangat Dekat (<200m)
1849526022_1849525935_STOP372,3,55.1,12.7,101.4,Taman Radio B,Jalan Sultan Tirtayasa,tertiary,-6.902525703057589,107.61209225692993,Sangat Dekat (<200m)
1849526022_1849525935_STOP686,2,63.150000000000006,51.1,75.2,Simpang Sultan Tirtayasa - Trunojoyo 2,Jalan Sultan Tirtayasa,tertiary,-6.90267235986434,107.6132097760956,Sangat Dekat (<200m)
1849526022_25501274_STOP372,2,25.25,12.7,37.8,Taman Radio B,Jalan Ir. H. Djuanda,primary,-6.902627819534576,107.61156864635643,Sangat Dekat (<200m)
1849526030_1849525877_STOP212,1,143.4,143.4,143.4,Segitiga Mas,Jalan Gandapura,tertiary,-6.916631463361437,107.62556414725594,Sangat Dekat (<200m)
1849526030_1849525877_STOP43,3,293.3,264.9,323.6,Anggrek,Jalan Gandapura,tertiary,-6.913994542131718,107.62619296326126,Dekat (200-400m)
1849526030_1849525877_STOP649,1,225.5,225.5,225.5,Jalan Johar,Jalan Gandapura,tertiary,-6.913113499999998,107.626394,Dekat (200-400m)
1849526030_1849525877_STOP89,4,234.02499999999998,181.7,291.9,Jaya Plaza,Jalan Gandapura,tertiary,-6.915535311243957,107.62583677889856,Dekat (200-400m)
1849526030_1849525899_STOP42,1,280.2,280.2,280.2,Tugu Tunas Taman Pramuka,Jalan Patrakomala,tertiary,-6.912892473176633,107.62551721385124,Dekat (200-400m)
1849526030_1849525899_STOP569,3,287.40000000000003,281.3,296.4,Aceh Taman Pramuka,Jalan Patrakomala,tertiary,-6.912679332228708,107.62463845770661,Dekat (200-400m)
1849526030_1849525899_STOP649,2,240.8,225.5,256.1,Jalan Johar,Jalan Patrakomala,tertiary,-6.913057364164454,107.62617502306429,Dekat (200-400m)
1849526030_1849525899_STOP696,5,177.64000000000001,116.2,255.7,Simpang Menado - Belitung,Jalan Patrakomala,tertiary,-6.911830134124959,107.62162865170846,Sangat Dekat (<200m)
1849526030_1849525899_STOP817,3,294.7,291.8,296.2,Simpang Aceh Tongkeng,Jalan Patrakomala,tertiary,-6.912357497190033,107.62332084273164,Dekat (200-400m)
1849526030_1849525914_STOP42,1,95.3,95.3,95.3,Tugu Tunas Taman Pramuka,Jalan Gandapura,tertiary,-6.911367861710111,107.62686242808005,Sangat Dekat (<200m)
1849526030_1849525914_STOP649,4,171.35,125.6,225.5,Jalan Johar,Jalan Gandapura,tertiary,-6.912458965086902,107.62656995724005,Sangat Dekat (<200m)
1849526030_1849907134_STOP649,1,225.5,225.5,225.5,Jalan Johar,Jalan Patrakomala,tertiary,-6.913113499999998,107.626394,Dekat (200-400m)
1849528721_1849528737_STOP373,1,153.0,153.0,153.0,Taman Radio A,Jalan Rangga Gadang,tertiary,-6.9025859000000045,107.6101267,Sangat Dekat (<200m)
1849528721_5334388857_STOP373,2,128.25,103.5,153.0,Taman Radio A,Jalan Rangga Gadang,tertiary,-6.9026006311656065,107.61035228308597,Sangat Dekat (<200m)
1849528731_1849528744_STOP724,1,133.3,133.3,133.3,Baltos,Jalan Tamansari,secondary,-6.9004692,107.6091769,Sangat Dekat (<200m)
1849528731_7724450410_STOP724,1,133.3,133.3,133.3,Baltos,,tertiary_link,-6.9004692,107.6091769,Sangat Dekat (<200m)
1849528737_7857882999_STOP103,2,204.9,181.0,228.8,Unisba,"['Jalan Rangga Gadang', 'Jalan Harian Banga']",tertiary,-6.902883895972088,107.60877547077092,Dekat (200-400m)
1849528737_7857882999_STOP373,2,215.75,190.6,240.9,Taman Radio A,"['Jalan Rangga Gadang', 'Jalan Harian Banga']",tertiary,-6.902605910394722,107.60956276362717,Dekat (200-400m)
1849528744_5369882299_STOP724,2,76.1,60.8,91.4,Baltos,Jalan Tamansari,secondary,-6.899904708848677,107.60940088074679,Sangat Dekat (<200m)
1849528744_7724450410_STOP724,1,91.4,91.4,91.4,Baltos,Jalan Sawunggaling,tertiary,-6.900127900000004,107.6093662,Sangat Dekat (<200m)
1849528769_1849528721_STOP373,2,172.65,160.4,184.9,Taman Radio A,Jalan Sawunggaling,tertiary,-6.902153967584882,107.60999159435187,Sangat Dekat (<200m)
1849528769_1849528721_STOP724,1,216.3,216.3,216.3,Baltos,Jalan Sawunggaling,tertiary,-6.901507099999991,107.6097892,Dekat (200-400m)
1849528769_7724450410_STOP724,3,172.16666666666666,129.3,216.3,Baltos,Jalan Sawunggaling,tertiary,-6.901075355453209,107.60965588168006,Sangat Dekat (<200m)
1849907073_1849907155_STOP177,1,246.2,246.2,246.2,Supratman 1,Jalan Anggrek,tertiary,-6.911005518096484,107.63010507526846,Dekat (200-400m)
1849907073_1849907155_STOP43,4,101.475,31.4,174.7,Anggrek,Jalan Anggrek,tertiary,-6.912230795397139,107.62912063009206,Sangat Dekat (<200m)
1849907073_1849907155_STOP649,1,224.3,224.3,224.3,Jalan Johar,Jalan Anggrek,tertiary,-6.911382790432276,107.62985628478576,Dekat (200-400m)
1849907073_1849907158_STOP43,3,51.099999999999994,31.4,83.6,Anggrek,Jalan Anggrek,tertiary,-6.9129544419435005,107.62825567002902,Sangat Dekat (<200m)
1849907073_2520759347_STOP273,1,5.8,5.8,5.8,Hotel Grand Tebu,Jalan L.L. RE. Martadinata,secondary,-6.913434463461774,107.62911020963396,Sangat Dekat (<200m)
1849907073_2520759347_STOP43,2,32.2,31.4,33.0,Anggrek,Jalan L.L. RE. Martadinata,secondary,-6.912862674709344,107.62874952078388,Sangat Dekat (<200m)
1849907073_2520759347_STOP563,3,92.96666666666665,43.1,143.0,Seberang Hotel Grand Tebu,Jalan L.L. RE. Martadinata,secondary,-6.914285072836004,107.62941325187661,Sangat Dekat (<200m)
1849907073_25432842_STOP43,2,54.150000000000006,31.4,76.9,Anggrek,Jalan L.L. RE. Martadinata,secondary,-6.91250079467938,107.62847896226012,Sangat Dekat (<200m)
1849907073_25432842_STOP649,3,40.099999999999994,18.4,67.6,Jalan Johar,Jalan L.L. RE. Martadinata,secondary,-6.911670437371619,107.62771574504124,Sangat Dekat (<200m)
1849907113_5842012229_STOP175,1,109.6,109.6,109.6,SMPN 14 Bandung (Lapangan Supratman A),Jalan Cendana,tertiary,-6.908128599999993,107.6291731,Sangat Dekat (<200m)
1849907113_7262996419_STOP175,1,109.6,109.6,109.6,SMPN 14 Bandung (Lapangan Supratman A),Jalan Cendana,tertiary,-6.908128599999993,107.6291731,Sangat Dekat (<200m)
1849907113_7262996419_STOP553,2,48.7,24.1,73.3,Jalan Salam,Jalan Cendana,tertiary,-6.9085259843487465,107.62862429084316,Sangat Dekat (<200m)
1849907113_7262996419_STOP554,2,46.900000000000006,21.9,71.9,Jalan Suren,Jalan Cendana,tertiary,-6.909150244539944,107.62797357295891,Sangat Dekat (<200m)
1849907125_1849907155_STOP177,5,118.22,55.3,202.2,Supratman 1,Jalan Anggrek,tertiary,-6.910258640052075,107.6311900817262,Sangat Dekat (<200m)
1849907125_5841989830_STOP11,4,70.975,14.9,139.6,Pussenif,Jalan Supratman,primary,-6.908431378890628,107.63108512643308,Sangat Dekat (<200m)
1849907125_5841989830_STOP177,2,80.4,55.3,105.5,Supratman 1,Jalan Supratman,primary,-6.909569205642484,107.63182221814469,Sangat Dekat (<200m)
1849907130_1849907155_STOP177,1,251.7,251.7,251.7,Supratman 1,Jalan Bengawan,tertiary,-6.910900260197348,107.63001556994044,Dekat (200-400m)
1849907130_1849907155_STOP263,3,151.1,121.3,185.9,Taman Pramuka,Jalan Bengawan,tertiary,-6.9102915711883,107.62880707381771,Sangat Dekat (<200m)
1849907130_1849907155_STOP553,1,103.0,103.0,103.0,Jalan Salam,Jalan Bengawan,tertiary,-6.909743767356268,107.62809323602904,Sangat Dekat (<200m)
1849907130_1849907155_STOP554,1,85.2,85.2,85.2,Jalan Suren,Jalan Bengawan,tertiary,-6.909428599999999,107.6277694,Sangat Dekat (<200m)
1849907130_1849907155_STOP649,1,223.7,223.7,223.7,Jalan Johar,Jalan Bengawan,tertiary,-6.910710783766566,107.62960511546184,Dekat (200-400m)
1849907130_1896207947_STOP284,1,86.9,86.9,86.9,SMA Kartika,Jalan Cendana,tertiary,-6.909767401139666,107.62747839336654,Sangat Dekat (<200m)
1849907130_1896207947_STOP554,1,85.2,85.2,85.2,Jalan Suren,Jalan Cendana,tertiary,-6.909428599999999,107.6277694,Sangat Dekat (<200m)
1849907130_7643243807_STOP554,1,85.2,85.2,85.2,Jalan Suren,Jalan Bengawan,tertiary,-6.909428599999999,107.6277694,Sangat Dekat (<200m)
1849907134_11383843402_STOP43,1,164.7,164.7,164.7,Anggrek,Jalan Patrakomala,tertiary,-6.913296196405906,107.62715700829185,Sangat Dekat (<200m)
1849907134_11383843402_STOP649,1,208.9,208.9,208.9,Jalan Johar,Jalan Patrakomala,tertiary,-6.913204900000004,107.6267142,Dekat (200-400m)
1849907134_1849526030_STOP649,1,208.9,208.9,208.9,Jalan Johar,Jalan Patrakomala,tertiary,-6.913204900000004,107.6267142,Dekat (200-400m)
1849907155_1849907073_STOP177,1,240.9,240.9,240.9,Supratman 1,Jalan Anggrek,tertiary,-6.91095649999999,107.6301374,Dekat (200-400m)
1849907155_1849907073_STOP43,4,107.375,35.9,181.2,Anggrek,Jalan Anggrek,tertiary,-6.912190882388665,107.62916335823887,Sangat Dekat (<200m)
1849907155_1849907073_STOP649,1,228.8,228.8,228.8,Jalan Johar,Jalan Anggrek,tertiary,-6.911333772333975,107.62988860956033,Dekat (200-400m)
1849907155_1849907125_STOP177,5,148.48,64.5,240.9,Supratman 1,Jalan Anggrek,tertiary,-6.910456682865698,107.63089074270161,Sangat Dekat (<200m)
1849907155_1849907130_STOP177,1,240.9,240.9,240.9,Supratman 1,Jalan Bengawan,tertiary,-6.91095649999999,107.6301374,Dekat (200-400m)
1849907155_1849907130_STOP263,3,160.76666666666668,126.5,199.0,Taman Pramuka,Jalan Bengawan,tertiary,-6.910361240878235,107.62892092746824,Sangat Dekat (<200m)
1849907155_1849907130_STOP553,1,111.1,111.1,111.1,Jalan Salam,Jalan Bengawan,tertiary,-6.909838062611539,107.6281886621726,Sangat Dekat (<200m)
1849907155_1849907130_STOP554,1,88.6,88.6,88.6,Jalan Suren,Jalan Bengawan,tertiary,-6.909524522009543,107.62786313430442,Sangat Dekat (<200m)
1849907155_1849907130_STOP649,1,232.6,232.6,232.6,Jalan Johar,Jalan Bengawan,tertiary,-6.910767023711491,107.62972694545545,Dekat (200-400m)
1849907155_6609222560_STOP177,4,195.1,160.5,240.9,Supratman 1,Jalan Bengawan,tertiary,-6.911183292881798,107.63077599180454,Sangat Dekat (<200m)
1849907155_6609222560_STOP248,2,85.9,62.2,109.6,Jalan Bengawan,Jalan Bengawan,tertiary,-6.913261784819192,107.63302989140352,Sangat Dekat (<200m)
1849907155_6609222560_STOP633,2,107.95,106.9,109.0,Seberang SMP Negeri 22 Bandung,Jalan Bengawan,tertiary,-6.9124960878067085,107.63255199698568,Sangat Dekat (<200m)
1849907155_6609222560_STOP634,1,23.5,23.5,23.5,Seberang Jalan Bengawan,Jalan Bengawan,tertiary,-6.913850363311329,107.63336612223311,Sangat Dekat (<200m)
1849907155_6609222560_STOP635,2,118.2,109.4,127.0,Sancta Angela Supratman,Jalan Bengawan,tertiary,-6.91182070537838,107.63195746218494,Sangat Dekat (<200m)
1849907158_11383843397_STOP43,1,116.8,116.8,116.8,Anggrek,Jalan Anggrek,tertiary,-6.913391499999995,107.6276409,Sangat Dekat (<200m)
1849907158_1849907073_STOP43,3,70.73333333333333,27.6,116.8,Anggrek,Jalan Anggrek,tertiary,-6.913131314768279,107.62800974684126,Sangat Dekat (<200m)
1849907162_10171865532_STOP172,2,122.75,97.6,147.9,Pet Park,Jalan Cilaki,tertiary,-6.905357388116483,107.62746227282796,Sangat Dekat (<200m)
1849907162_10171865532_STOP174,2,41.15,27.0,55.3,SDN 062 Ciujung Bandung (Lapangan Supratman B),Jalan Cilaki,tertiary,-6.907214819487708,107.62937254439944,Sangat Dekat (<200m)
1849907162_10171865532_STOP555,3,107.7,81.2,140.7,Seberang Telkom Supratman,Jalan Cilaki,tertiary,-6.906308675311326,107.62870043128443,Sangat Dekat (<200m)
1849907162_10171865532_STOP73,1,180.4,180.4,180.4,Ciliwung,Jalan Cilaki,tertiary,-6.905687201608142,107.62805188692468,Sangat Dekat (<200m)
1849907162_2519917308_STOP174,2,25.3,23.6,27.0,SDN 062 Ciujung Bandung (Lapangan Supratman B),Jalan Lapang Supratman,tertiary,-6.907271913851185,107.6296911731992,Sangat Dekat (<200m)
1849960008_3056186235_STOP246,2,27.299999999999997,25.4,29.2,GOR KONI,Jalan Jakarta,primary,-6.914642369169232,107.63623779429103,Sangat Dekat (<200m)
1849960008_3056186235_STOP613,2,37.45,13.3,61.6,Kota Kembang Permai,Jalan Jakarta,primary,-6.914547863303369,107.63713434996549,Sangat Dekat (<200m)
1849960227_1849960655_STOP52,4,239.04999999999998,206.0,282.4,Griya Pahlawan,"['Jalan Sukasenang Raya', 'Jalan Terusan Brigjend Katamso']",tertiary,-6.901474649372806,107.63603359349761,Dekat (200-400m)
1849960227_1849960655_STOP55,7,146.92857142857142,19.4,285.9,Sukasenang Raya 1,"['Jalan Sukasenang Raya', 'Jalan Terusan Brigjend Katamso']",tertiary,-6.89982645457628,107.63713844035263,Sangat Dekat (<200m)
1849960227_29489421_STOP345,2,29.0,12.9,45.1,Cikutra,Jalan PH. H. Mustofa,trunk,-6.899810755509405,107.64283888298824,Sangat Dekat (<200m)
1849960227_29489421_STOP355,3,55.96666666666667,8.2,104.9,Sekolah Pribadi,Jalan PH. H. Mustofa,trunk,-6.899133011142574,107.63997951677432,Sangat Dekat (<200m)
1849960227_29489421_STOP416,4,71.65,9.6,142.6,STIE Ekuitas,Jalan PH. H. Mustofa,trunk,-6.898768192563412,107.6384398225253,Sangat Dekat (<200m)
1849960227_29489421_STOP417,1,13.8,13.8,13.8,YPKP Sanggabuana,Jalan PH. H. Mustofa,trunk,-6.899342112882066,107.6408591657218,Sangat Dekat (<200m)
1849960227_29489421_STOP528,3,36.9,9.0,56.0,Bekamin,Jalan PH. H. Mustofa,trunk,-6.89955068872928,107.64173897451802,Sangat Dekat (<200m)
1849960227_29489421_STOP55,1,19.4,19.4,19.4,Sukasenang Raya 1,Jalan PH. H. Mustofa,trunk,-6.898507699999999,107.63734,Sangat Dekat (<200m)
1849960227_5374108596_STOP346,1,202.6,202.6,202.6,BKKBN,Jalan PH. H. Mustofa,trunk,-6.8977981201982805,107.634256907729,Dekat (200-400m)
1849960227_5374108596_STOP377,1,30.6,30.6,30.6,ITENAS,Jalan PH. H. Mustofa,trunk,-6.898305202735864,107.63645876890958,Sangat Dekat (<200m)
1849960227_5374108596_STOP527,4,80.775,7.9,155.2,SDN 151 Sukasenang,Jalan PH. H. Mustofa,trunk,-6.898040723219495,107.63536004141096,Sangat Dekat (<200m)
1849960227_5374108596_STOP55,1,19.4,19.4,19.4,Sukasenang Raya 1,Jalan PH. H. Mustofa,trunk,-6.898507699999999,107.63734,Sangat Dekat (<200m)
1849960227_5374108596_STOP56,1,21.8,21.8,21.8,Sukasenang Raya 2,Jalan PH. H. Mustofa,trunk,-6.898405234695075,107.63689966595896,Sangat Dekat (<200m)
1849960313_12809462426_STOP502,4,67.55,19.5,133.6,Dinas Perhubungan Provinsi Jawa Barat,Jalan Sukabumi,primary,-6.9178680852101255,107.63293578512217,Sangat Dekat (<200m)
1849960313_12809462426_STOP610,4,108.15,35.2,177.6,Jalan Cianjur,Jalan Sukabumi,primary,-6.916755949156787,107.63422761039604,Sangat Dekat (<200m)
1849960313_2520649249_STOP45,3,60.166666666666664,10.9,109.9,DPRD Kota Bandung,Jalan Sukabumi,primary,-6.915231204642594,107.63456919222445,Sangat Dekat (<200m)
1849960313_2520649249_STOP610,1,35.2,35.2,35.2,Jalan Cianjur,Jalan Sukabumi,primary,-6.916122300000003,107.634419,Sangat Dekat (<200m)
1849960313_25435152_STOP247,1,189.3,189.3,189.3,IBCC,Jalan Cianjur,tertiary,-6.916046922702144,107.63268026532144,Sangat Dekat (<200m)
1849960313_25435152_STOP249,3,184.4333333333333,179.8,189.0,Jalan Mangga,Jalan Cianjur,tertiary,-6.916463300673574,107.63187790237741,Sangat Dekat (<200m)
1849960313_25435152_STOP274,1,165.9,165.9,165.9,Bandung Creative Hub A,Jalan Cianjur,tertiary,-6.9168875600911885,107.63107948884364,Sangat Dekat (<200m)
1849960313_25435152_STOP610,4,83.075,35.2,146.3,Jalan Cianjur,Jalan Cianjur,tertiary,-6.915986740192494,107.63375553193565,Sangat Dekat (<200m)
1849960371_1849960655_STOP52,3,217.4,202.8,235.5,Griya Pahlawan,Jalan Brigjend. Katamso,secondary,-6.902194921678293,107.63455555257866,Dekat (200-400m)
1849960371_1849960655_STOP53,3,297.2,262.4,333.6,Seberang Griya Pahlawan,Jalan Brigjend. Katamso,secondary,-6.902818965339918,107.63335155010083,Dekat (200-400m)
1849960371_1849960685_STOP11,1,460.8,460.8,460.8,Pussenif,Jalan Cisokan,tertiary,-6.90672858069682,107.63463758867236,Sedang (400-800m)
1849960371_1849960685_STOP51,7,411.2285714285714,394.6,449.3,Muararajeun Baru,Jalan Cisokan,tertiary,-6.90506869359732,107.63392867379034,Sedang (400-800m)
1849960371_1849960685_STOP53,2,350.8,333.6,368.0,Seberang Griya Pahlawan,Jalan Cisokan,tertiary,-6.903233840568671,107.63305293825204,Dekat (200-400m)
1849960371_3269462129_STOP51,8,161.8,20.4,332.7,Muararajeun Baru,Jalan Brigjend. Katamso,secondary,-6.904908000768053,107.631342334325,Sangat Dekat (<200m)
1849960371_3269462129_STOP53,2,356.55,333.6,379.5,Seberang Griya Pahlawan,Jalan Brigjend. Katamso,secondary,-6.903177651293001,107.63278030306773,Dekat (200-400m)
1849960589_1849960685_STOP512,3,245.16666666666666,213.8,278.9,SMPN 22 Bandung,"['Jalan Citamiang', 'Jalan Madhapi']",tertiary,-6.91051633137776,107.63514034732846,Dekat (200-400m)
1849960589_1849960685_STOP513,7,375.09999999999997,316.8,438.0,Supratman Cikaso,"['Jalan Citamiang', 'Jalan Madhapi']",tertiary,-6.908354433223978,107.6351037316448,Dekat (200-400m)
1849960589_1849960732_STOP251,5,97.66,9.2,193.8,Simpang Cikaso - Bogor,Jalan Cikaso,tertiary,-6.9114164188790355,107.63647966543799,Sangat Dekat (<200m)
1849960589_1849960732_STOP512,1,213.8,213.8,213.8,SMPN 22 Bandung,Jalan Cikaso,tertiary,-6.910960699999991,107.6352125,Dekat (200-400m)
1849960589_2519917312_STOP512,2,203.9,194.0,213.8,SMPN 22 Bandung,Jalan Cikaso,tertiary,-6.910881194192177,107.63500089770598,Dekat (200-400m)
1849960589_2519917312_STOP513,4,67.775,20.7,116.8,Supratman Cikaso,Jalan Cikaso,tertiary,-6.910117670661753,107.63296067852936,Sangat Dekat (<200m)
1849960589_2519917312_STOP635,2,166.1,150.0,182.2,Sancta Angela Supratman,Jalan Cikaso,tertiary,-6.910575189875349,107.63415013405428,Sangat Dekat (<200m)
1849960655_1849960227_STOP52,5,233.74,201.9,286.7,Griya Pahlawan,"['Jalan Terusan Brigjend Katamso', 'Jalan Sukasenang Raya']",tertiary,-6.901553028130081,107.63587207693725,Dekat (200-400m)
1849960655_1849960227_STOP55,6,163.73333333333332,40.8,284.4,Sukasenang Raya 1,"['Jalan Terusan Brigjend Katamso', 'Jalan Sukasenang Raya']",tertiary,-6.900006091109181,107.63711486682816,Sangat Dekat (<200m)
1849960655_1849960371_STOP52,3,213.79999999999998,201.9,229.4,Griya Pahlawan,Jalan Brigjend. Katamso,secondary,-6.902144744161245,107.63465299016521,Dekat (200-400m)
1849960655_1849960371_STOP53,3,288.76666666666665,255.2,324.0,Seberang Griya Pahlawan,Jalan Brigjend. Katamso,secondary,-6.9027674593257915,107.63344827102144,Dekat (200-400m)
1849960655_5374108596_STOP346,2,171.8,167.0,176.6,BKKBN,Jalan Pahlawan,secondary,-6.89832607009555,107.63404874606937,Sangat Dekat (<200m)
1849960655_5374108596_STOP52,5,102.44000000000001,5.8,201.9,Griya Pahlawan,Jalan Pahlawan,secondary,-6.90113175163835,107.63464642130484,Sangat Dekat (<200m)
1849960655_5374108596_STOP53,3,94.56666666666666,44.5,144.6,Seberang Griya Pahlawan,Jalan Pahlawan,secondary,-6.899445761023536,107.63403652431928,Sangat Dekat (<200m)
1849960685_1849960371_STOP11,1,461.5,461.5,461.5,Pussenif,Jalan Cisokan,tertiary,-6.90660169980238,107.63460129941812,Sedang (400-800m)
1849960685_1849960371_STOP51,6,409.95,394.4,442.9,Muararajeun Baru,Jalan Cisokan,tertiary,-6.9051532112725065,107.63396975884372,Sedang (400-800m)
1849960685_1849960371_STOP513,1,440.7,440.7,440.7,Supratman Cikaso,Jalan Cisokan,tertiary,-6.907036100000008,107.6347256,Sedang (400-800m)
1849960685_1849960371_STOP53,2,376.0,357.6,394.4,Seberang Griya Pahlawan,Jalan Cisokan,tertiary,-6.903520470610694,107.63319500456545,Dekat (200-400m)
1849960685_1849960589_STOP512,3,248.53333333333333,217.0,282.8,SMPN 22 Bandung,"['Jalan Madhapi', 'Jalan Citamiang']",tertiary,-6.910474808060996,107.63513810497118,Dekat (200-400m)
1849960685_1849960589_STOP513,7,377.0285714285714,317.9,440.7,Supratman Cikaso,"['Jalan Madhapi', 'Jalan Citamiang']",tertiary,-6.908313809417259,107.63509639294766,Dekat (200-400m)
1849960685_5369482497_STOP11,7,210.15714285714287,60.7,360.6,Pussenif,Jalan Cisadea,tertiary,-6.907602074169232,107.63254354496291,Dekat (200-400m)
1849960685_5369482497_STOP513,2,421.45,402.2,440.7,Supratman Cikaso,Jalan Cisadea,tertiary,-6.907102671475795,107.63450957502744,Sedang (400-800m)
1849960732_1849960589_STOP251,5,89.62,10.9,182.9,Simpang Cikaso - Bogor,Jalan Cikaso,tertiary,-6.911459383233426,107.63656274082454,Sangat Dekat (<200m)
1849960732_1849960589_STOP512,1,219.5,219.5,219.5,SMPN 22 Bandung,Jalan Cikaso,tertiary,-6.910994880246004,107.63530533289736,Dekat (200-400m)
1849960732_2520723804_STOP251,1,10.9,10.9,10.9,Simpang Cikaso - Bogor,Jalan Jenderal Ahmad Yani,primary,-6.911872500000007,107.6373116,Sangat Dekat (<200m)
1855697067_10171739085_STOP172,2,123.85,103.1,144.6,Pet Park,Jalan Ciliwung,tertiary,-6.9057736600228585,107.62583275640151,Sangat Dekat (<200m)
1855697067_7715326213_STOP172,1,103.1,103.1,103.1,Pet Park,,tertiary_link,-6.905693,107.6260437,Sangat Dekat (<200m)
1855697097_10171865532_STOP172,1,70.1,70.1,70.1,Pet Park,Jalan Cilaki,tertiary,-6.905179299999997,107.6270214,Sangat Dekat (<200m)
1855697097_3269421791_STOP172,1,70.1,70.1,70.1,Pet Park,,tertiary,-6.905179299999997,107.6270214,Sangat Dekat (<200m)
1855697149_3269381712_STOP284,2,169.7,160.2,179.2,SMA Kartika,Jalan Cibeunying Selatan,tertiary,-6.908005230874409,107.62663723700938,Sangat Dekat (<200m)
1855697149_3269381712_STOP566,1,182.9,182.9,182.9,Riau Serayu,Jalan Cibeunying Selatan,tertiary,-6.907684839200165,107.62604814167202,Sangat Dekat (<200m)
1855697149_3269381712_STOP665,1,61.5,61.5,61.5,Simpang Brantas Cihapit 1,Jalan Cibeunying Selatan,tertiary,-6.906411581207411,107.62476478893636,Sangat Dekat (<200m)
1855697149_3269381712_STOP692,3,126.06666666666666,84.7,169.4,Simpang Brantas Cihapit 2,Jalan Cibeunying Selatan,tertiary,-6.907049136852744,107.62540557699724,Sangat Dekat (<200m)
1855697149_3269421803_STOP284,2,184.3,160.2,208.4,SMA Kartika,Jalan Bengawan,tertiary,-6.907858191725776,107.62679504760013,Sangat Dekat (<200m)
1855697149_7643243807_STOP284,3,124.0,93.1,160.2,SMA Kartika,Jalan Bengawan,tertiary,-6.908478127971372,107.62705547826728,Sangat Dekat (<200m)
1855697149_7643243807_STOP554,1,86.3,86.3,86.3,Jalan Suren,Jalan Bengawan,tertiary,-6.909215724176572,107.62756663459064,Sangat Dekat (<200m)
1856650991_11224280874_STOP142,1,49.4,49.4,49.4,Kawaluyaan,Jalan Soekarno-Hatta,secondary,-6.939212700000002,107.66389990000002,Sangat Dekat (<200m)
1856650991_11224280874_STOP363,4,68.25,17.1,135.3,Rancabolang,Jalan Soekarno-Hatta,secondary,-6.939328095337297,107.66277571336744,Sangat Dekat (<200m)
1856650991_11224280874_STOP364,3,118.03333333333335,67.8,168.3,SMKN 7 Bandung,Jalan Soekarno-Hatta,secondary,-6.939584809393101,107.66121529869254,Sangat Dekat (<200m)
1856650991_1856651006_STOP142,1,49.4,49.4,49.4,Kawaluyaan,Jalan Rancabolang,tertiary,-6.939212700000002,107.66389990000002,Sangat Dekat (<200m)
1856650991_1856651006_STOP363,7,198.1,73.1,338.9,Rancabolang,Jalan Rancabolang,tertiary,-6.941010807415492,107.66372915284843,Sangat Dekat (<200m)
1856651006_1856650991_STOP363,8,208.7125,67.7,373.3,Rancabolang,Jalan Rancabolang,tertiary,-6.941096276973099,107.66372813914484,Dekat (200-400m)
1856651006_9503884773_STOP363,1,373.3,373.3,373.3,Rancabolang,Jalan Rancabolang,tertiary,-6.942666399999991,107.663619,Dekat (200-400m)
1857160470_10654541236_STOP1,2,26.3,9.1,43.5,Rumah Sakit Santo Borromeus B,Jalan Hasanudin,tertiary,-6.894830092367215,107.61359782067534,Sangat Dekat (<200m)
1857160470_10654541236_STOP399,4,68.9,15.4,137.0,Surya Kencana,Jalan Hasanudin,tertiary,-6.894844639719953,107.61495384606434,Sangat Dekat (<200m)
1857160470_10654541236_STOP536,3,75.76666666666667,34.1,120.9,Simpang Dipatiukur Hasanudin,Jalan Hasanudin,tertiary,-6.894842027313614,107.61653457191385,Sangat Dekat (<200m)
1857160470_10654541236_STOP537,1,38.2,38.2,38.2,Magister Manajemen UNPAD,Jalan Hasanudin,tertiary,-6.894738799999998,107.61743180000002,Sangat Dekat (<200m)
1857160470_1857160790_STOP160,1,132.9,132.9,132.9,Panatayudha B,Jalan Dipatiukur,secondary,-6.896823355309886,107.61572556897042,Sangat Dekat (<200m)
1857160470_1857160790_STOP178,1,156.3,156.3,156.3,Panatayudha A,Jalan Dipatiukur,secondary,-6.896530032904327,107.61606923964904,Sangat Dekat (<200m)
1857160470_1857160790_STOP536,4,80.175,8.3,153.9,Simpang Dipatiukur Hasanudin,Jalan Dipatiukur,secondary,-6.895675101522265,107.61680190052361,Sangat Dekat (<200m)
1857160470_1857160790_STOP537,1,38.2,38.2,38.2,Magister Manajemen UNPAD,Jalan Dipatiukur,secondary,-6.894738799999998,107.61743180000002,Sangat Dekat (<200m)
1857160470_3419778702_STOP537,2,63.25,38.2,88.3,Magister Manajemen UNPAD,Jalan Dipatiukur,secondary,-6.894546804512602,107.61755083168222,Sangat Dekat (<200m)
1857160520_10261582621_STOP162,3,37.5,11.3,60.3,Masjid Baiturrahman,Jalan Dipatiukur,secondary,-6.8865400591411765,107.6149382588721,Sangat Dekat (<200m)
1857160520_10261582621_STOP265,2,86.85,75.7,98.0,UNIKOM Pascasarjana,Jalan Dipatiukur,secondary,-6.885542268841851,107.61447286358006,Sangat Dekat (<200m)
1857160520_10261582621_STOP268,2,29.95,5.5,54.4,Seberang UNIKOM,Jalan Dipatiukur,secondary,-6.887611221388882,107.61529666155734,Sangat Dekat (<200m)
1857160520_10261582621_STOP600,6,76.55,5.9,149.7,Seberang ITHB,Jalan Dipatiukur,secondary,-6.889269452506791,107.61599890041224,Sangat Dekat (<200m)
1857160520_10703340255_STOP265,2,68.0,60.3,75.7,UNIKOM Pascasarjana,Jalan Dipatiukur,secondary,-6.88534382523415,107.61408436951486,Sangat Dekat (<200m)
1857160713_1857160790_STOP160,3,45.56666666666666,12.0,86.9,Panatayudha B,Jalan Penata Yudha,tertiary,-6.897635237650197,107.61600194705171,Sangat Dekat (<200m)
1857160713_1857160790_STOP723,2,48.65,38.4,58.9,Mahawarman,Jalan Penata Yudha,tertiary,-6.898716929361608,107.61606619276381,Sangat Dekat (<200m)
1857160713_29427097_STOP723,1,38.4,38.4,38.4,Mahawarman,Jalan Surapati,primary,-6.898939700000005,107.6160286,Sangat Dekat (<200m)
1857160790_1857160470_STOP160,1,127.5,127.5,127.5,Panatayudha B,Jalan Dipatiukur,secondary,-6.896938299999997,107.61558650000002,Sangat Dekat (<200m)
1857160790_1857160470_STOP178,1,145.4,145.4,145.4,Panatayudha A,Jalan Dipatiukur,secondary,-6.896650334606061,107.61593490261922,Sangat Dekat (<200m)
1857160790_1857160470_STOP536,4,99.175,24.7,173.7,Simpang Dipatiukur Hasanudin,Jalan Dipatiukur,secondary,-6.895818477172979,107.61669314918306,Sangat Dekat (<200m)
1857160790_1857160470_STOP537,1,18.4,18.4,18.4,Magister Manajemen UNPAD,Jalan Dipatiukur,secondary,-6.894893278147924,107.61733865970344,Sangat Dekat (<200m)
1857160790_1857160713_STOP160,4,63.725,21.0,127.5,Panatayudha B,Jalan Penata Yudha,tertiary,-6.897518508115237,107.61591847439642,Sangat Dekat (<200m)
1857160790_1857160713_STOP723,1,52.1,52.1,52.1,Mahawarman,Jalan Penata Yudha,tertiary,-6.898577481818809,107.61608972467212,Sangat Dekat (<200m)
1857160790_3277469066_STOP160,3,138.66666666666666,127.5,155.8,Panatayudha B,Jalan Dipatiukur,secondary,-6.897186032533373,107.61520845058332,Sangat Dekat (<200m)
1857160790_3277469066_STOP163,4,102.625,52.0,164.4,Cikapayang Dago 2,Jalan Dipatiukur,secondary,-6.898025866037972,107.61386782278076,Sangat Dekat (<200m)
1857160826_25448847_STOP140,6,125.53333333333335,9.9,248.4,Dipatiukur,Jalan Teuku Umar,tertiary,-6.892001505248214,107.61676203740478,Sangat Dekat (<200m)
1857160826_25448847_STOP514,2,283.4,270.0,296.8,Ganesha Ciungwanara,Jalan Teuku Umar,tertiary,-6.891535773028181,107.61365379353069,Dekat (200-400m)
1857160826_25448847_STOP600,3,303.73333333333335,289.2,320.5,Seberang ITHB,Jalan Teuku Umar,tertiary,-6.891628054362059,107.61478022100302,Dekat (200-400m)
1857160826_3419778702_STOP140,1,9.9,9.9,9.9,Dipatiukur,Jalan Dipatiukur,secondary,-6.892392299999997,107.6178188,Sangat Dekat (<200m)
1857160826_3419778702_STOP326,3,51.76666666666667,19.1,89.5,Unpad Kampus Iwa Koesoemasoemantri,Jalan Dipatiukur,secondary,-6.893662267193236,107.61799814845676,Sangat Dekat (<200m)
1857160826_3419778702_STOP38,1,14.1,14.1,14.1,UNPAD Dipatiukur,Jalan Dipatiukur,secondary,-6.89276993113802,107.6180294274912,Sangat Dekat (<200m)
1857160826_5465992888_STOP140,5,96.12,9.9,193.0,Dipatiukur,Jalan Dipatiukur,secondary,-6.891588581943694,107.61740694530879,Sangat Dekat (<200m)
1870759840_10177320000_STOP489,1,243.6,243.6,243.6,SDN Sukaraja,Jalan Cibogo,secondary,-6.891158100000001,107.576486,Dekat (200-400m)
1870759840_12809283839_STOP124,12,166.28333333333333,20.9,341.8,Simpang Dakota,"['Jalan Dakota', 'Jalan Sukaraja II', 'Jalan Sukaraja', 'Jalan Gunung Batu']",secondary,-6.893149076937156,107.57379627957607,Sangat Dekat (<200m)
1870759840_12809283839_STOP486,3,69.26666666666667,20.1,118.6,Seberang Gateway Pasteur,"['Jalan Dakota', 'Jalan Sukaraja II', 'Jalan Sukaraja', 'Jalan Gunung Batu']",secondary,-6.889391898031996,107.56751171919336,Sangat Dekat (<200m)
1870759840_12809283839_STOP487,7,88.78571428571429,17.2,167.1,Mentor,"['Jalan Dakota', 'Jalan Sukaraja II', 'Jalan Sukaraja', 'Jalan Gunung Batu']",secondary,-6.889696242188783,107.5697487380312,Sangat Dekat (<200m)
1870759840_12809283839_STOP488,3,64.0,15.1,113.5,Borma Dakota,"['Jalan Dakota', 'Jalan Sukaraja II', 'Jalan Sukaraja', 'Jalan Gunung Batu']",secondary,-6.891447125916163,107.57231108554849,Sangat Dekat (<200m)
1870759840_12809283839_STOP489,4,305.3,243.6,349.8,SDN Sukaraja,"['Jalan Dakota', 'Jalan Sukaraja II', 'Jalan Sukaraja', 'Jalan Gunung Batu']",secondary,-6.891321740130532,107.57591664090285,Dekat (200-400m)
1870759840_12809283839_STOP721,3,69.7,24.5,111.8,Seberang Borma Dakota,"['Jalan Dakota', 'Jalan Sukaraja II', 'Jalan Sukaraja', 'Jalan Gunung Batu']",secondary,-6.890257643842008,107.57188026338825,Sangat Dekat (<200m)
1870759840_29377716_STOP489,2,219.25,194.9,243.6,SDN Sukaraja,Jalan Sukaraja,secondary,-6.891149172735563,107.57671174408745,Dekat (200-400m)
1896207944_12809507137_STOP577,4,121.275,50.1,195.3,Utara Simpang Lombok Aceh,Jalan Aceh,secondary,-6.908956628520194,107.61805706719481,Sangat Dekat (<200m)
1896207944_13022549201_STOP155,1,228.4,228.4,228.4,Banda Saparua,Jalan Aceh,secondary,-6.909293728016396,107.61698266047364,Dekat (200-400m)
1896207944_13022549201_STOP577,1,195.3,195.3,195.3,Utara Simpang Lombok Aceh,Jalan Aceh,secondary,-6.909152400000005,107.6174121,Sangat Dekat (<200m)
1896207944_13022549201_STOP660,3,241.76666666666665,237.1,249.6,Simpang Banda - Belitung,Jalan Aceh,secondary,-6.909583654830719,107.61612627690204,Dekat (200-400m)
1896207944_1849525862_STOP155,3,118.3,68.1,168.5,Banda Saparua,Jalan Banda,tertiary,-6.908268595894193,107.61722356407326,Sangat Dekat (<200m)
1896207944_1849525862_STOP577,1,195.3,195.3,195.3,Utara Simpang Lombok Aceh,Jalan Banda,tertiary,-6.909152400000005,107.6174121,Sangat Dekat (<200m)
1896207944_2037086792_STOP47,3,143.63333333333333,105.0,185.6,Seberang Stadion Siliwangi,Jalan Banda,tertiary,-6.910042232690745,107.61756129610872,Sangat Dekat (<200m)
1896207944_2037086792_STOP577,1,195.3,195.3,195.3,Utara Simpang Lombok Aceh,Jalan Banda,tertiary,-6.909152400000005,107.6174121,Sangat Dekat (<200m)
1896207944_2037086792_STOP660,2,71.6,58.1,85.1,Simpang Banda - Belitung,Jalan Banda,tertiary,-6.911168012370148,107.61760870192859,Sangat Dekat (<200m)
1896207947_25432842_STOP263,3,36.333333333333336,6.4,54.1,Taman Pramuka,Jalan Taman Pramuka,tertiary,-6.9105744679731,107.62744400995723,Sangat Dekat (<200m)
1896207947_25432842_STOP284,1,86.4,86.4,86.4,SMA Kartika,Jalan Taman Pramuka,tertiary,-6.909773600000001,107.6274721,Sangat Dekat (<200m)
1900221414_29379476_STOP482,2,124.85000000000001,115.4,134.3,Masjid Besar Cipaganti,Jalan Profesor Christiaan Eijkman,secondary,-6.895770833786434,107.60204384802819,Sangat Dekat (<200m)
1900221414_4376877443_STOP482,2,111.9,108.4,115.4,Masjid Besar Cipaganti,Jalan Profesor Christiaan Eijkman,tertiary,-6.895790811445158,107.60249386738258,Sangat Dekat (<200m)
1900221414_4376877443_STOP64,2,70.7,47.2,94.2,Cihampelas Eyckman,Jalan Profesor Christiaan Eijkman,tertiary,-6.895743266135127,107.60339677951802,Sangat Dekat (<200m)
1900221414_5340138155_STOP353,5,148.0,61.1,241.8,GKI Pasteur,Jalan Raden Adipati Aria Wiranatakusumah,primary,-6.89896265440931,107.60225476569356,Sangat Dekat (<200m)
1900221414_5340138155_STOP482,2,139.65,115.4,163.9,Masjid Besar Cipaganti,Jalan Raden Adipati Aria Wiranatakusumah,primary,-6.896026007707907,107.60226639627429,Sangat Dekat (<200m)
1900221414_5340138155_STOP64,3,241.36666666666667,213.3,271.8,Cihampelas Eyckman,Jalan Raden Adipati Aria Wiranatakusumah,primary,-6.897155521094494,107.60225366274796,Dekat (200-400m)
1900221438_25501378_STOP64,10,201.14000000000001,37.1,322.5,Cihampelas Eyckman,"['Jalan Kebon Bibit Barat', 'Jalan Kebon Bibit', 'Jalan Pelesiran']",tertiary,-6.895858930699427,107.60564554436978,Dekat (200-400m)
1900221438_25501378_STOP70,1,264.7,264.7,264.7,Gelap Nyawang,"['Jalan Kebon Bibit Barat', 'Jalan Kebon Bibit', 'Jalan Pelesiran']",tertiary,-6.895508196586802,107.60648730493628,Dekat (200-400m)
1900221438_25501378_STOP72,8,158.375,64.8,306.2,Balubur Town Square,"['Jalan Kebon Bibit Barat', 'Jalan Kebon Bibit', 'Jalan Pelesiran']",tertiary,-6.898343050671922,107.6080313625905,Sangat Dekat (<200m)
1900221438_4376877443_STOP64,1,37.1,37.1,37.1,Cihampelas Eyckman,Jalan Cihampelas,primary,-6.895578599999997,107.6039768,Sangat Dekat (<200m)
1900223767_1658920028_STOP123,3,32.666666666666664,10.2,44.5,Taman Westhoff,Jalan Doktor Louis Otten,secondary,-6.9009800239347685,107.59835075927943,Sangat Dekat (<200m)
1900223767_5826263864_STOP123,2,49.95,44.5,55.4,Taman Westhoff,Jalan Doktor Louis Otten,secondary,-6.900949205363279,107.5985646312473,Sangat Dekat (<200m)
1911634930_1837401642_STOP109,4,51.150000000000006,21.5,81.0,Karanganyar,Jalan Astana Anyar,primary,-6.922590647834198,107.598587646592,Sangat Dekat (<200m)
1911634930_1837401642_STOP437,1,61.1,61.1,61.1,Cibadak Astanaanyar,Jalan Astana Anyar,primary,-6.921466993707527,107.59847532057658,Sangat Dekat (<200m)
1911634930_2250555721_STOP109,4,124.35,70.9,187.0,Karanganyar,Jalan Kalipah Apo,tertiary,-6.923318978537133,107.5993499721593,Sangat Dekat (<200m)
1911634930_2250555721_STOP481,2,239.4,222.0,256.8,Jalan Haji Safari,Jalan Kalipah Apo,tertiary,-6.923458986028546,107.60069894358318,Dekat (200-400m)
1911634930_2250555721_STOP815,6,171.20000000000002,54.6,293.3,Simpang Kalipah Apo,Jalan Kalipah Apo,tertiary,-6.923670122001642,107.60249509273861,Sangat Dekat (<200m)
1911634930_2325452725_STOP109,2,96.05000000000001,70.9,121.2,Karanganyar,Jalan Astana Anyar,primary,-6.9234818870810235,107.59872870186129,Sangat Dekat (<200m)
1911634930_2325452725_STOP436,3,44.6,26.8,73.8,Simpang Astanaanyar Pasirkoja,Jalan Astana Anyar,primary,-6.926257194369394,107.5996842266414,Sangat Dekat (<200m)
1911634930_2325452725_STOP481,4,52.25,25.2,79.6,Jalan Haji Safari,Jalan Astana Anyar,primary,-6.924769405859392,107.59914792549743,Sangat Dekat (<200m)
1911634930_5354169657_STOP109,9,201.25555555555556,70.9,383.1,Karanganyar,Jalan Pagarsih Barat,tertiary,-6.92305922902295,107.59687858982764,Dekat (200-400m)
1911634930_5354169657_STOP223,6,351.3666666666666,340.3,367.6,Sukamanah,Jalan Pagarsih Barat,tertiary,-6.922678022957599,107.5935093965407,Dekat (200-400m)
1911634930_5354169657_STOP278,5,353.76000000000005,343.6,373.3,Mayapada Tower,Jalan Pagarsih Barat,tertiary,-6.922429866738168,107.59103511151477,Dekat (200-400m)
1911634930_5354169657_STOP841,8,205.1875,29.1,381.3,Pagarsih,Jalan Pagarsih Barat,tertiary,-6.9221574495004345,107.58810927346327,Dekat (200-400m)
1911634938_5489855947_STOP398,1,7.1,7.1,7.1,Simpang Holis Soekarno Hatta,Jalan Soekarno-Hatta,trunk,-6.923658499999991,107.575014,Sangat Dekat (<200m)
1911634938_6442840898_STOP398,1,7.1,7.1,7.1,Simpang Holis Soekarno Hatta,Jalan Holis,tertiary,-6.923658499999991,107.575014,Sangat Dekat (<200m)
1911634983_1911634996_STOP375,6,292.45,241.4,365.6,SDN Raya Barat,Jalan Suryani,tertiary,-6.919486386558216,107.58101751070552,Dekat (200-400m)
1911634983_5354169648_STOP375,7,310.24285714285713,279.4,365.6,SDN Raya Barat,"['Jalan Situ', 'Jalan Pagarsih Barat']",tertiary,-6.920828137883654,107.58219572919866,Dekat (200-400m)
1911634983_5354169648_STOP841,5,192.98,94.8,283.7,Pagarsih,"['Jalan Situ', 'Jalan Pagarsih Barat']",tertiary,-6.921852086450896,107.58454817642021,Sangat Dekat (<200m)
1911634983_6442840898_STOP280,6,363.90000000000003,328.3,421.4,Kemenag Kanwil Jabar,"['Jalan Nana Rohana', 'Jalan Holis', 'Jalan Suryani Dalam']",tertiary,-6.920568267953417,107.57839905908367,Dekat (200-400m)
1911634983_6442840898_STOP375,3,404.6666666666667,365.6,444.5,SDN Raya Barat,"['Jalan Nana Rohana', 'Jalan Holis', 'Jalan Suryani Dalam']",tertiary,-6.920593993778727,107.58041700709536,Sedang (400-800m)
1911634983_6442840898_STOP398,10,208.16,35.0,372.1,Simpang Holis Soekarno Hatta,"['Jalan Nana Rohana', 'Jalan Holis', 'Jalan Suryani Dalam']",tertiary,-6.922223747702574,107.57623249085471,Dekat (200-400m)
1911634996_1911634983_STOP375,6,277.01666666666665,240.5,339.3,SDN Raya Barat,Jalan Suryani,tertiary,-6.919168234083865,107.58105940513333,Dekat (200-400m)
1911634996_3028412267_STOP279,1,83.9,83.9,83.9,Toko Ambon,Jalan Jendral Sudirman,primary,-6.918446147240704,107.5847970307786,Sangat Dekat (<200m)
1911634996_3028412267_STOP375,8,113.075,21.1,240.5,SDN Raya Barat,Jalan Jendral Sudirman,primary,-6.918210754457759,107.58277642924385,Sangat Dekat (<200m)
1911634996_5346593290_STOP280,4,231.825,156.5,307.2,Kemenag Kanwil Jabar,Jalan Jendral Sudirman,primary,-6.917786260945635,107.579187156925,Dekat (200-400m)
1911634996_5346593290_STOP375,3,290.73333333333335,240.5,341.0,SDN Raya Barat,Jalan Jendral Sudirman,primary,-6.917990939256032,107.58075638016697,Dekat (200-400m)
1914135257_10696379242_STOP468,1,78.1,78.1,78.1,ISBI Bandung,Jalan Cijagra,tertiary,-6.942083599999999,107.6275728,Sangat Dekat (<200m)
1914135257_1914135386_STOP468,1,78.1,78.1,78.1,ISBI Bandung,Jalan Buah Batu,primary,-6.942083599999999,107.6275728,Sangat Dekat (<200m)
1914135257_1914135386_STOP579,2,34.1,9.7,58.5,Seberang Griya Buah Batu,Jalan Buah Batu,primary,-6.940934348182984,107.62648570307417,Sangat Dekat (<200m)
1914135257_1914135386_STOP583,2,49.2,24.9,73.5,Griya Buah Batu,Jalan Buah Batu,primary,-6.941591014484812,107.62710695299195,Sangat Dekat (<200m)
1914135257_3272299574_STOP468,9,183.16666666666666,62.1,358.9,ISBI Bandung,Jalan Cijagra,tertiary,-6.943845681477516,107.62717186681304,Sangat Dekat (<200m)
1914135257_3272299574_STOP595,9,218.8111111111111,100.6,368.8,Timur Simpang Batununggal,Jalan Cijagra,tertiary,-6.947676412349685,107.62619111017852,Dekat (200-400m)
1914135386_10184467588_STOP466,5,122.52000000000001,22.3,223.0,Seberang Selontongan,Jalan Buah Batu,primary,-6.93926927442295,107.62490746872126,Sangat Dekat (<200m)
1914135386_10184467588_STOP467,2,29.25,13.7,44.8,Selontongan,Jalan Buah Batu,primary,-6.940416677242859,107.62599633538262,Sangat Dekat (<200m)
1914135386_6436250308_STOP466,3,212.6,166.0,259.7,Seberang Selontongan,Jalan Suryalaya,tertiary,-6.9418298532797875,107.6248449885511,Dekat (200-400m)
1914135386_6436250308_STOP467,3,80.16666666666667,44.8,120.2,Selontongan,Jalan Suryalaya,tertiary,-6.940889693254793,107.6258219395798,Sangat Dekat (<200m)
1914135386_6436250308_STOP579,2,332.05,307.8,356.3,Seberang Griya Buah Batu,Jalan Suryalaya,tertiary,-6.942623384601797,107.62404053805287,Dekat (200-400m)
1916791843_364363786_STOP193,1,134.7,134.7,134.7,Perintis Kemerdekaan,"['Jalan Otto Iskandardinata', 'Jalan Kebon Jukut']",secondary,-6.914673957243823,107.6069240380126,Sangat Dekat (<200m)
1916791843_364363786_STOP643,4,58.675,22.3,102.3,Masjid Saifuddaulah,"['Jalan Otto Iskandardinata', 'Jalan Kebon Jukut']",secondary,-6.914574002526664,107.60537245503664,Sangat Dekat (<200m)
1916791843_364363786_STOP678,1,129.3,129.3,129.3,Banceuy Suniaraja,"['Jalan Otto Iskandardinata', 'Jalan Kebon Jukut']",secondary,-6.914711558049619,107.60649440079638,Sangat Dekat (<200m)
1916791843_364363786_STOP832,3,54.23333333333333,8.6,102.0,Kebon Jukut 2,"['Jalan Otto Iskandardinata', 'Jalan Kebon Jukut']",secondary,-6.913212579609117,107.60465977189601,Sangat Dekat (<200m)
1916791843_364363786_STOP833,1,32.3,32.3,32.3,Kebon Jukut 1,"['Jalan Otto Iskandardinata', 'Jalan Kebon Jukut']",secondary,-6.914114265464948,107.60460027784136,Sangat Dekat (<200m)
1916791843_6622058663_STOP832,2,110.3,102.0,118.6,Kebon Jukut 2,Jalan Aceh,secondary,-6.9127402732882555,107.60446696725259,Sangat Dekat (<200m)
1919641214_1017853007_STOP197,1,159.0,159.0,159.0,ITC Kebon Kalapa,Jalan Kautamaan Istri,tertiary,-6.925544892385711,107.60511383350764,Sangat Dekat (<200m)
1919641214_1017853007_STOP471,2,105.4,80.2,130.6,SMP Negeri 43 Bandung,Jalan Kautamaan Istri,tertiary,-6.925642543596817,107.60578497246495,Sangat Dekat (<200m)
1919641214_1017853007_STOP815,3,158.4333333333333,150.5,167.2,Simpang Kalipah Apo,Jalan Kautamaan Istri,tertiary,-6.925525734553983,107.60422880407891,Sangat Dekat (<200m)
1919641214_1837401646_STOP308,2,155.35,130.2,180.5,Simpang Ijan,Jalan Otto Iskandardinata,primary,-6.92665323315496,107.60372226149727,Sangat Dekat (<200m)
1919641214_1837401646_STOP815,2,175.6,150.5,200.7,Simpang Kalipah Apo,Jalan Otto Iskandardinata,primary,-6.925750966124053,107.60377268326151,Sangat Dekat (<200m)
1930140491_1930140495_STOP256,1,271.0,271.0,271.0,Patung Ikan,Jalan Kotabaru Raya,tertiary,-6.935153900000002,107.6099471,Dekat (200-400m)
1930140491_3252963731_STOP256,5,180.54000000000002,88.9,271.0,Patung Ikan,Jalan Kotabaru Raya,tertiary,-6.936027521314962,107.60978035955966,Sangat Dekat (<200m)
1930140493_1930140491_STOP256,4,286.45,265.9,328.6,Patung Ikan,Jalan Sawah Kurung Raya,tertiary,-6.935093884451619,107.61073231912425,Dekat (200-400m)
1930140493_5355955155_STOP256,1,328.6,328.6,328.6,Patung Ikan,,tertiary_link,-6.9348378,107.6112989,Dekat (200-400m)
1930140495_1930140491_STOP256,1,283.0,283.0,283.0,Patung Ikan,Jalan Kotabaru Raya,tertiary,-6.935044400000003,107.6099508,Dekat (200-400m)
1930140495_5355955155_STOP256,4,290.95,277.2,322.3,Patung Ikan,Jalan Sawah Kurung Raya,tertiary,-6.935033850600876,107.61060173717368,Dekat (200-400m)
1956195925_2439053864_STOP266,1,93.4,93.4,93.4,Museum Kota Bandung,Jalan Aceh,secondary,-6.9102984,107.6088855,Sangat Dekat (<200m)
1956195925_2439053866_STOP266,1,93.4,93.4,93.4,Museum Kota Bandung,Jalan Aceh,tertiary,-6.9102984,107.6088855,Sangat Dekat (<200m)
1956195925_2439053868_STOP266,1,93.4,93.4,93.4,Museum Kota Bandung,Jalan Wastukancana,primary,-6.9102984,107.6088855,Sangat Dekat (<200m)
1956195926_29354375_STOP678,2,109.0,103.1,114.9,Banceuy Suniaraja,Jalan Stasiun Timur,primary,-6.915066053301726,107.6065745035999,Sangat Dekat (<200m)
1956195926_3270228962_STOP678,2,91.94999999999999,80.8,103.1,Banceuy Suniaraja,,primary_link,-6.9151428011088445,107.60644141114281,Sangat Dekat (<200m)
1956195993_12806120213_STOP794,2,25.0,19.1,30.9,Monumen Pertempuran Lengkong Besar,Jalan Cikawao,tertiary,-6.927151822401557,107.61327298455875,Sangat Dekat (<200m)
1956195993_12806120214_STOP794,2,32.0,30.9,33.1,Monumen Pertempuran Lengkong Besar,Jalan Lengkong Besar,tertiary,-6.927194691193316,107.61314091464355,Sangat Dekat (<200m)
1956570020_1663274768_STOP265,1,183.7,183.7,183.7,UNIKOM Pascasarjana,Jalan Dayang Sumbi,tertiary,-6.887369916298173,107.61319392788393,Sangat Dekat (<200m)
1956570020_1663274768_STOP519,2,186.65,183.8,189.5,Sumur Bandung,Jalan Dayang Sumbi,tertiary,-6.8873473796656235,107.61251613072676,Sangat Dekat (<200m)
1956570020_1663274768_STOP552,1,151.0,151.0,151.0,Gerbang Utara ITB,Jalan Dayang Sumbi,tertiary,-6.887319700000006,107.6118386,Sangat Dekat (<200m)
1956570020_1956899631_STOP552,2,127.75,104.5,151.0,Gerbang Utara ITB,Jalan Dayang Sumbi,tertiary,-6.887308400382462,107.61161283663327,Sangat Dekat (<200m)
1956570020_29359329_STOP552,1,151.0,151.0,151.0,Gerbang Utara ITB,Jalan Dayang Sumbi,tertiary,-6.887319700000006,107.6118386,Sangat Dekat (<200m)
1956899631_11262097537_STOP166,3,36.800000000000004,9.6,59.4,Sabuga ITB,Jalan Tamansari,secondary,-6.88774329722241,107.60914905301793,Sangat Dekat (<200m)
1956899631_11262097537_STOP167,4,109.475,34.2,184.8,Tamansari ITB,Jalan Tamansari,secondary,-6.890784095055993,107.60804423761184,Sangat Dekat (<200m)
1956899631_11262097537_STOP168,4,86.3,11.7,161.4,Tamansari (Bonbin),Jalan Tamansari,secondary,-6.892575379095083,107.60818222888777,Sangat Dekat (<200m)
1956899631_11262097537_STOP231,3,57.29999999999999,8.0,106.1,FTI ITB,Jalan Tamansari,secondary,-6.888311809774461,107.60817202828044,Sangat Dekat (<200m)
1956899631_11262097537_STOP232,1,41.4,41.4,41.4,BATAN,Jalan Tamansari,secondary,-6.889203442128991,107.6080925977277,Sangat Dekat (<200m)
1956899631_11262097537_STOP552,4,51.95,6.6,98.9,Gerbang Utara ITB,Jalan Tamansari,secondary,-6.887529145136928,107.61069777331699,Sangat Dekat (<200m)
1956899631_11262097537_STOP587,1,19.6,19.6,19.6,Ganesha Tamansari,Jalan Tamansari,secondary,-6.8936687557812055,107.6084592161133,Sangat Dekat (<200m)
1956899631_11262097537_STOP619,1,13.4,13.4,13.4,Bandung Zoo,Jalan Tamansari,secondary,-6.889654938190307,107.6080750762736,Sangat Dekat (<200m)
1956899631_1956570020_STOP552,2,121.95,98.9,145.0,Gerbang Utara ITB,Jalan Dayang Sumbi,tertiary,-6.887305610868106,107.61155617267903,Sangat Dekat (<200m)
1956899631_29359329_STOP552,1,98.9,98.9,98.9,Gerbang Utara ITB,Jalan Tamansari,secondary,-6.887294500000006,107.6113304,Sangat Dekat (<200m)
1969331837_1658976885_STOP353,2,141.75,117.2,166.3,GKI Pasteur,Jalan Pasteur,trunk,-6.900393761307391,107.60397586482358,Sangat Dekat (<200m)
1969331837_2539986928_STOP353,2,176.15,166.3,186.0,GKI Pasteur,Jalan Cihampelas,primary,-6.900608290915968,107.60423029540381,Sangat Dekat (<200m)
1980602387_1980677025_STOP651,5,62.839999999999996,11.4,111.0,Kantor PLN Jalan Karawitan,Jalan Karawitan,tertiary,-6.938444710294095,107.62842513352874,Sangat Dekat (<200m)
1980602387_1980677025_STOP652,1,61.1,61.1,61.1,Jalan Guntur Madu,Jalan Karawitan,tertiary,-6.937837600000004,107.6272124,Sangat Dekat (<200m)
1980602387_1980735013_STOP456,2,46.4,21.8,71.0,DPPKB Kota Bandung,"['Jalan Maskumambang', 'Jalan Karawitan']",tertiary,-6.9346093976560255,107.62668368240526,Sangat Dekat (<200m)
1980602387_1980735013_STOP652,4,51.275,11.9,91.2,Jalan Guntur Madu,"['Jalan Maskumambang', 'Jalan Karawitan']",tertiary,-6.937428549198994,107.62667644454864,Sangat Dekat (<200m)
1980602387_1980735013_STOP653,4,57.6,24.8,102.0,Simpang Asmarandana - Maskumambang,"['Jalan Maskumambang', 'Jalan Karawitan']",tertiary,-6.936129096472765,107.62587102005477,Sangat Dekat (<200m)
1980602387_1980735013_STOP654,1,59.9,59.9,59.9,Dinas Ketenagakerjaan Kota Bandung,"['Jalan Maskumambang', 'Jalan Karawitan']",tertiary,-6.933112111334967,107.62718873343704,Sangat Dekat (<200m)
1980602387_1980735013_STOP745,1,38.2,38.2,38.2,Simpang Asmarandana - Maskumambang 2,"['Jalan Maskumambang', 'Jalan Karawitan']",tertiary,-6.935223900894659,107.62639852035478,Sangat Dekat (<200m)
1980602387_1980735013_STOP804,2,25.35,17.1,33.6,Golkar Jawa Barat,"['Jalan Maskumambang', 'Jalan Karawitan']",tertiary,-6.9337584043777065,107.62698465807765,Sangat Dekat (<200m)
1980602387_6715130346_STOP467,3,100.86666666666667,52.5,149.9,Selontongan,Jalan Solontongan,tertiary,-6.9393918242274255,107.62630357604013,Sangat Dekat (<200m)
1980602387_6715130346_STOP652,3,87.26666666666667,61.1,119.8,Jalan Guntur Madu,Jalan Solontongan,tertiary,-6.938245890821919,107.62701883964287,Sangat Dekat (<200m)
1980677025_1980602387_STOP651,5,61.8,6.2,104.4,Kantor PLN Jalan Karawitan,Jalan Karawitan,tertiary,-6.938471262815304,107.62847818767148,Sangat Dekat (<200m)
1980677025_1980602387_STOP652,1,67.7,67.7,67.7,Jalan Guntur Madu,Jalan Karawitan,tertiary,-6.937863908518297,107.62726557991935,Sangat Dekat (<200m)
1980677025_3068325990_STOP651,2,122.35,97.2,147.5,Kantor PLN Jalan Karawitan,Jalan Karawitan,tertiary,-6.93897293749496,107.62949095496772,Sangat Dekat (<200m)
1980677025_3068325990_STOP710,3,66.76666666666667,25.8,111.3,Kantor Kelurahan Turangga,Jalan Karawitan,tertiary,-6.939438000392658,107.63052079320175,Sangat Dekat (<200m)
1980677025_6715130340_STOP468,1,46.1,46.1,46.1,ISBI Bandung,Jalan Kliningan,tertiary,-6.942224966352774,107.62810218699876,Sangat Dekat (<200m)
1980677025_6715130340_STOP581,3,51.06666666666666,5.2,99.1,SMK Negeri 8 Bandung,Jalan Kliningan,tertiary,-6.939717306421239,107.62896730200167,Sangat Dekat (<200m)
1980677025_6715130340_STOP582,3,41.833333333333336,24.8,73.9,SMK Negeri 4 Bandung,Jalan Kliningan,tertiary,-6.941451381582692,107.62848944477149,Sangat Dekat (<200m)
1980677025_6715130340_STOP584,1,46.6,46.6,46.6,Seberang SMK Negeri 8 Bandung,Jalan Kliningan,tertiary,-6.940574554292267,107.62868153157734,Sangat Dekat (<200m)
1980677025_6715130340_STOP651,1,97.2,97.2,97.2,Kantor PLN Jalan Karawitan,Jalan Kliningan,tertiary,-6.938872999999998,107.6292882,Sangat Dekat (<200m)
1980735013_1108653589_STOP654,2,37.65,14.1,61.2,Dinas Ketenagakerjaan Kota Bandung,Jalan R.A.A. Martanegara,secondary,-6.932970498211379,107.62699711666154,Sangat Dekat (<200m)
1980735013_1108653589_STOP706,1,19.2,19.2,19.2,Seberang Dinas Ketenagakerjaan Kota Bandung,Jalan R.A.A. Martanegara,secondary,-6.93280235361498,107.62634017275953,Sangat Dekat (<200m)
1980735013_1980602387_STOP456,2,37.1,12.9,61.3,DPPKB Kota Bandung,"['Jalan Karawitan', 'Jalan Maskumambang']",tertiary,-6.934527881468551,107.62671796708253,Sangat Dekat (<200m)
1980735013_1980602387_STOP652,4,52.35,6.4,101.0,Jalan Guntur Madu,"['Jalan Karawitan', 'Jalan Maskumambang']",tertiary,-6.93737096138828,107.62661001368019,Sangat Dekat (<200m)
1980735013_1980602387_STOP653,3,60.13333333333333,17.3,96.2,Simpang Asmarandana - Maskumambang,"['Jalan Karawitan', 'Jalan Maskumambang']",tertiary,-6.93623708821134,107.62579198481376,Sangat Dekat (<200m)
1980735013_1980602387_STOP654,1,61.2,61.2,61.2,Dinas Ketenagakerjaan Kota Bandung,"['Jalan Karawitan', 'Jalan Maskumambang']",tertiary,-6.933027800000002,107.6272158,Sangat Dekat (<200m)
1980735013_1980602387_STOP745,2,35.3,23.4,47.2,Simpang Asmarandana - Maskumambang 2,"['Jalan Karawitan', 'Jalan Maskumambang']",tertiary,-6.935335994608911,107.6263189377522,Sangat Dekat (<200m)
1980735013_1980602387_STOP804,2,25.6,7.7,43.5,Golkar Jawa Barat,"['Jalan Karawitan', 'Jalan Maskumambang']",tertiary,-6.933673928417441,107.62701119620314,Sangat Dekat (<200m)
1980735013_29489323_STOP570,3,74.76666666666667,26.9,123.4,Simpang Reog - Martanegara 2,Jalan R.A.A. Martanegara,secondary,-6.9341998421388835,107.63204759733861,Sangat Dekat (<200m)
1980735013_29489323_STOP654,1,61.2,61.2,61.2,Dinas Ketenagakerjaan Kota Bandung,Jalan R.A.A. Martanegara,secondary,-6.933027800000002,107.6272158,Sangat Dekat (<200m)
1980735013_29489323_STOP707,6,100.41666666666667,13.3,212.8,Sesko TNI,Jalan R.A.A. Martanegara,secondary,-6.933645737504645,107.62962365770545,Sangat Dekat (<200m)
1980735013_29489323_STOP708,1,172.7,172.7,172.7,Simpang Reog - Martanegara,Jalan R.A.A. Martanegara,secondary,-6.934007479267976,107.63116418833012,Sangat Dekat (<200m)
1980735013_29489323_STOP722,2,27.65,19.5,35.8,SPBU Sesko TNI,Jalan R.A.A. Martanegara,secondary,-6.933219026704167,107.62786634274974,Sangat Dekat (<200m)
1982390348_29434768_STOP412,2,26.45,18.4,34.5,Banteng Sadakeling,Jalan Kyai Haji Ahmad Dahlan,secondary,-6.931679340523605,107.6183070315497,Sangat Dekat (<200m)
1982390348_29434768_STOP413,1,18.5,18.5,18.5,SMK Medina,Jalan Kyai Haji Ahmad Dahlan,secondary,-6.931408639234041,107.61891507325024,Sangat Dekat (<200m)
1982390351_1982390348_STOP412,1,57.2,57.2,57.2,Banteng Sadakeling,Jalan Kyai Haji Ahmad Dahlan,secondary,-6.932013599999993,107.6180578,Sangat Dekat (<200m)
1982390351_1982408563_STOP412,2,62.25,57.2,67.3,Banteng Sadakeling,"['Jalan Gurame', 'Jalan Sadakeling']","['primary', 'secondary']",-6.931856853519553,107.61789512829148,Sangat Dekat (<200m)
1982408562_1982390348_STOP412,1,59.5,59.5,59.5,Banteng Sadakeling,Jalan Sadakeling,tertiary,-6.931626339305235,107.61779244387355,Sangat Dekat (<200m)
1982408562_1982390348_STOP801,1,60.2,60.2,60.2,Jalan Gurame,Jalan Sadakeling,tertiary,-6.931284299999993,107.6174984,Sangat Dekat (<200m)
1982408562_1982408563_STOP801,1,60.2,60.2,60.2,Jalan Gurame,Jalan Gurame,secondary_link,-6.931284299999993,107.6174984,Sangat Dekat (<200m)
1982408563_3277353718_STOP411,1,61.6,61.6,61.6,Unla,Jalan Gurame,secondary,-6.931556486316517,107.616041110664,Sangat Dekat (<200m)
1982408563_3277353718_STOP801,3,37.666666666666664,11.6,60.6,Jalan Gurame,Jalan Gurame,secondary,-6.931515792586421,107.61694440151842,Sangat Dekat (<200m)
1982777430_3110265315_STOP465,4,312.25,27.4,452.2,Inhoftank,Jalan Inhoftank,secondary,-6.945031363919316,107.60269535019707,Dekat (200-400m)
1982777430_3110265315_STOP642,7,180.34285714285716,47.2,320.2,Simpang Inhoftank,Jalan Inhoftank,secondary,-6.946153087610486,107.60231621987616,Sangat Dekat (<200m)
1982777430_3115041391_STOP465,1,27.4,27.4,27.4,Inhoftank,Jalan Inhoftank,secondary,-6.947824900000002,107.6025818,Sangat Dekat (<200m)
1982777430_8499551927_STOP463,1,82.9,82.9,82.9,Ampera Soekarno Hatta,Jalan Soekarno-Hatta,trunk,-6.947923150172701,107.60438753941024,Sangat Dekat (<200m)
1982777430_8499551927_STOP464,2,25.549999999999997,16.7,34.4,Seberang Ampera Soekarno Hatta,Jalan Soekarno-Hatta,trunk,-6.947978223695804,107.60506355544706,Sangat Dekat (<200m)
1982777430_8499551927_STOP465,4,63.5,25.9,125.5,Inhoftank,Jalan Soekarno-Hatta,trunk,-6.947854618896038,107.60325932386127,Sangat Dekat (<200m)
1982778316_6428110632_STOP139,1,31.8,31.8,31.8,Jalan Haji Tatang Sumantri,Jalan Mohammad Toha,primary,-6.9549026999999946,107.6116113,Sangat Dekat (<200m)
1982778316_6428110634_STOP139,4,105.975,31.8,180.7,Jalan Haji Tatang Sumantri,Jalan Mohammad Toha,primary,-6.955534142647731,107.61184685773044,Sangat Dekat (<200m)
2012498676_11138593910_STOP406,2,105.65,80.9,130.4,SDN 013 Pajajaran,Jalan HOS. Cokroaminoto,primary,-6.907152497407693,107.59759515040949,Sangat Dekat (<200m)
2012498676_11138593910_STOP78,1,115.9,115.9,115.9,Depan Istana Plaza,Jalan HOS. Cokroaminoto,primary,-6.906479453216269,107.59753266734864,Sangat Dekat (<200m)
2012498676_2012498693_STOP406,2,105.95,80.9,131.0,SDN 013 Pajajaran,Jalan HOS. Cokroaminoto,primary_link,-6.907149927218164,107.59763581566415,Sangat Dekat (<200m)
2012498676_2012498693_STOP78,1,126.3,126.3,126.3,Depan Istana Plaza,Jalan HOS. Cokroaminoto,primary_link,-6.90657711665149,107.59774987406084,Sangat Dekat (<200m)
2012498686_2012498705_STOP780,1,20.0,20.0,20.0,Istana Plaza Pajajaran,Jalan Pajajaran,trunk,-6.9065893,107.5959262,Sangat Dekat (<200m)
2012498686_5369274909_STOP222,3,59.36666666666667,14.4,106.5,Padjajaran 2,Jalan Pajajaran,trunk,-6.906765854731604,107.5945818374952,Sangat Dekat (<200m)
2012498686_5369274909_STOP646,2,35.15,11.6,58.7,Samsat Pajajaran,Jalan Pajajaran,trunk,-6.906962175158164,107.59346882091285,Sangat Dekat (<200m)
2012498686_5369274909_STOP780,2,43.4,20.0,66.8,Istana Plaza Pajajaran,Jalan Pajajaran,trunk,-6.906613343458442,107.59570141428884,Sangat Dekat (<200m)
2012498693_25433683_STOP405,2,75.45,50.5,100.4,Taman Adipura,Jalan Pajajaran,primary,-6.906701035090915,107.59854055833632,Sangat Dekat (<200m)
2012498693_25433683_STOP78,1,126.7,126.7,126.7,Depan Istana Plaza,Jalan Pajajaran,primary,-6.906564100000006,107.5978766,Sangat Dekat (<200m)
2012498697_11138593909_STOP78,3,49.76666666666667,11.5,93.9,Depan Istana Plaza,Jalan HOS. Cokroaminoto,trunk,-6.905841006891759,107.59760812015158,Sangat Dekat (<200m)
2012498697_5278840351_STOP77,1,12.4,12.4,12.4,Istana Plaza,Jalan HOS. Cokroaminoto,trunk,-6.904943877032844,107.59755403182815,Sangat Dekat (<200m)
2012498697_5278840351_STOP78,1,11.5,11.5,11.5,Depan Istana Plaza,Jalan HOS. Cokroaminoto,trunk,-6.905395400000001,107.5975702,Sangat Dekat (<200m)
2012498705_2012498711_STOP78,1,115.5,115.5,115.5,Depan Istana Plaza,Jalan Pajajaran,trunk,-6.906369207211813,107.59718657733394,Sangat Dekat (<200m)
2012498705_2012498711_STOP780,2,51.599999999999994,26.6,76.6,Istana Plaza Pajajaran,Jalan Pajajaran,trunk,-6.906432516031398,107.5965122380192,Sangat Dekat (<200m)
2012498705_25433686_STOP474,4,106.8,66.2,155.3,BPK Penabur,"['Jalan Dursasana', 'Jalan Astina']",tertiary,-6.9040174633787945,107.59674600440515,Sangat Dekat (<200m)
2012498705_25433686_STOP77,2,145.45,145.4,145.5,Istana Plaza,"['Jalan Dursasana', 'Jalan Astina']",tertiary,-6.904894356063429,107.59619662792815,Sangat Dekat (<200m)
2012498705_25433686_STOP780,3,59.699999999999996,26.6,100.0,Istana Plaza Pajajaran,"['Jalan Dursasana', 'Jalan Astina']",tertiary,-6.906019320865798,107.59623153679058,Sangat Dekat (<200m)
2012498711_11138593909_STOP78,1,104.4,104.4,104.4,Depan Istana Plaza,Jalan Pajajaran,primary,-6.906377900000006,107.5975495,Sangat Dekat (<200m)
2012498711_2012498697_STOP78,3,57.56666666666667,13.4,104.4,Depan Istana Plaza,Jalan HOS. Cokroaminoto,trunk,-6.905926984863901,107.59754847886275,Sangat Dekat (<200m)
2012565708_5340138155_STOP353,1,53.1,53.1,53.1,GKI Pasteur,Jalan Raden Adipati Aria Wiranatakusumah,primary,-6.900361699999995,107.602282,Sangat Dekat (<200m)
2012565708_7111571825_STOP353,3,101.8,53.1,151.0,GKI Pasteur,Jalan Pasteur,trunk,-6.900359991233089,107.60182988172888,Sangat Dekat (<200m)
2019234455_1083569114_STOP129,2,88.05000000000001,87.2,88.9,Pasar Cibogo Sarijadi,Jalan Perintis,tertiary,-6.881885806043435,107.57493605587902,Sangat Dekat (<200m)
2019234455_1083569114_STOP391,2,72.8,47.8,97.8,Sarimanah,Jalan Perintis,tertiary,-6.881618629614227,107.57579987864848,Sangat Dekat (<200m)
2019234455_13097895692_STOP129,12,129.75,33.4,239.5,Pasar Cibogo Sarijadi,"['Jalan Perintis', 'Jalan Sariwangi']",tertiary,-6.882481531223693,107.57407230001532,Sangat Dekat (<200m)
2034444650_2746818952_STOP29,5,407.8,384.7,442.3,SDN 020 Lengkong Besar,Jalan Sawah Kurung IV,tertiary,-6.933972405730276,107.61217399975763,Sedang (400-800m)
2034444650_29489138_STOP29,3,364.8,319.2,410.8,SDN 020 Lengkong Besar,Jalan Sawah Kurung Raya,tertiary,-6.933319207937306,107.61136568307388,Dekat (200-400m)
2034444650_5369202740_STOP256,1,393.3,393.3,393.3,Patung Ikan,Jalan Sawah Kurung Raya,tertiary,-6.9342207885228735,107.61130426488413,Dekat (200-400m)
2034444650_5369202740_STOP29,1,410.8,410.8,410.8,SDN 020 Lengkong Besar,Jalan Sawah Kurung Raya,tertiary,-6.933770000000006,107.611335,Sedang (400-800m)
2034531645_5463596824_STOP519,4,55.125,13.2,106.4,Sumur Bandung,Jalan Sumur Bandung,tertiary,-6.8858888351326675,107.61248877207157,Sangat Dekat (<200m)
2034531650_2034531645_STOP519,1,66.3,66.3,66.3,Sumur Bandung,Jalan Sumur Bandung,tertiary,-6.885114600000001,107.6128493,Sangat Dekat (<200m)
2034531650_5825278971_STOP519,2,75.85,66.3,85.4,Sumur Bandung,Jalan Siliwangi,secondary,-6.885134822390724,107.61307442987632,Sangat Dekat (<200m)
2034533034_1342112672_STOP164,1,37.8,37.8,37.8,Babakan Siliwangi,Jalan Sangkuriang,tertiary,-6.884949399999999,107.6117833,Sangat Dekat (<200m)
2034533034_312086542_STOP164,1,37.8,37.8,37.8,Babakan Siliwangi,Jalan Siliwangi,secondary,-6.884949399999999,107.6117833,Sangat Dekat (<200m)
2035792342_6609192455_STOP682,1,48.9,48.9,48.9,Seberang SMP Negeri 2 Bandung,Jalan Sumatra,tertiary,-6.913292799999991,107.61317,Sangat Dekat (<200m)
2035815827_25778222_STOP690,1,53.0,53.0,53.0,Simpang Cisangkuy - Citarum,Jalan Cisangkuy,tertiary,-6.903360700000006,107.6234466,Sangat Dekat (<200m)
2035815827_6445381506_STOP575,1,87.5,87.5,87.5,Tugu PKK Citarum,Jalan Citarum,tertiary,-6.902306698893471,107.62429930808328,Sangat Dekat (<200m)
2035815827_6445381506_STOP690,3,69.60000000000001,53.0,96.4,Simpang Cisangkuy - Citarum,Jalan Citarum,tertiary,-6.903007343290187,107.62372836778763,Sangat Dekat (<200m)
2036066796_2958252668_STOP236,3,43.73333333333333,20.9,78.7,La Belle Cikapayang,Jalan Ir. H. Djuanda,primary,-6.899782675334428,107.61264640140428,Sangat Dekat (<200m)
2036066796_3374026391_STOP236,1,78.7,78.7,78.7,La Belle Cikapayang,Jalan Sulanjana,primary,-6.900212200000004,107.6125313,Sangat Dekat (<200m)
2036066796_9755546377_STOP169,1,99.7,99.7,99.7,Cikapayang Dago 1,Jalan Sulanjana,tertiary,-6.899888339300253,107.61169351464288,Sangat Dekat (<200m)
2036066796_9755546377_STOP236,2,79.15,78.7,79.6,La Belle Cikapayang,Jalan Sulanjana,tertiary,-6.900111429668776,107.61232930418515,Sangat Dekat (<200m)
2036066796_9755546377_STOP578,2,47.099999999999994,22.1,72.1,Sulanjana Rangga Malela,Jalan Sulanjana,tertiary,-6.8997537819818175,107.61102882403878,Sangat Dekat (<200m)
2037086792_11564259401_STOP556,1,59.4,59.4,59.4,Stadion Siliwangi,Jalan Belitung,tertiary,-6.911465476601729,107.61802260819174,Sangat Dekat (<200m)
2037086792_11564259401_STOP660,1,53.9,53.9,53.9,Simpang Banda - Belitung,Jalan Belitung,tertiary,-6.911510499999999,107.6175732,Sangat Dekat (<200m)
2037086792_1896207944_STOP47,3,133.66666666666666,97.9,173.2,Seberang Stadion Siliwangi,Jalan Banda,tertiary,-6.910161787192774,107.61757270048196,Sangat Dekat (<200m)
2037086792_1896207944_STOP577,1,198.1,198.1,198.1,Utara Simpang Lombok Aceh,Jalan Banda,tertiary,-6.909270564536012,107.6174351316686,Sangat Dekat (<200m)
2037086792_1896207944_STOP660,2,65.05,53.9,76.2,Simpang Banda - Belitung,Jalan Banda,tertiary,-6.911286765890839,107.61759645484744,Sangat Dekat (<200m)
2037086792_2041502893_STOP409,1,83.0,83.0,83.0,Taman Musik Jalan Sumbawa,Jalan Belitung,tertiary,-6.911618527923334,107.61622182599857,Sangat Dekat (<200m)
2037086792_2041502893_STOP660,3,36.766666666666666,8.8,53.9,Simpang Banda - Belitung,Jalan Belitung,tertiary,-6.911556932258628,107.61712367670295,Sangat Dekat (<200m)
2037649896_2037649963_STOP134,9,428.5,381.9,483.2,UNPAR,,tertiary,-6.875525588490589,107.60085723331353,Sedang (400-800m)
2037649896_2037649963_STOP478,4,521.125,496.3,541.3,Borma Setiabudhi,,tertiary,-6.872680778084016,107.60051145834294,Sedang (400-800m)
2037649896_2037649963_STOP628,1,436.3,436.3,436.3,Taman Gaya Karangsari,,tertiary,-6.877640871821016,107.60043063074905,Sedang (400-800m)
2037649896_2037649964_STOP478,13,360.6307692307692,259.9,541.3,Borma Setiabudhi,Jalan Kapten Tendean,tertiary,-6.873363902846985,107.59903885139094,Dekat (200-400m)
2037649896_2037649964_STOP551,2,392.1,381.9,402.3,Gereja Santo Laurentius,Jalan Kapten Tendean,tertiary,-6.876271067070032,107.59946495042021,Dekat (200-400m)
2037649896_2037649964_STOP67,2,403.0,401.9,404.1,Sukawangi,Jalan Kapten Tendean,tertiary,-6.8771515772622775,107.59966824888494,Sedang (400-800m)
2037649896_29489509_STOP134,14,579.2071428571428,496.6,649.5,UNPAR,"['Jalan Kapten Tendean', 'Jalan Cisatu 1', 'Jalan Cisatu']",tertiary,-6.870647956034821,107.60271515382763,Sedang (400-800m)
2037649896_29489509_STOP19,6,598.75,548.6,645.2,RSAU dr. Salamun,"['Jalan Kapten Tendean', 'Jalan Cisatu 1', 'Jalan Cisatu']",tertiary,-6.868948248919882,107.60486331150368,Sedang (400-800m)
2037649896_29489509_STOP478,1,541.3,541.3,541.3,Borma Setiabudhi,"['Jalan Kapten Tendean', 'Jalan Cisatu 1', 'Jalan Cisatu']",tertiary,-6.872034700000007,107.6003948,Sedang (400-800m)
2037649963_1659928187_STOP628,3,389.7,344.5,435.4,Taman Gaya Karangsari,Jalan Hegarmanah,tertiary,-6.87809705818404,107.600395747334,Dekat (200-400m)
2037649963_2037649896_STOP134,9,428.55555555555554,381.9,483.9,UNPAR,,tertiary,-6.875533565660649,107.6008571684906,Sedang (400-800m)
2037649963_2037649896_STOP478,4,520.725,496.0,540.8,Borma Setiabudhi,,tertiary,-6.872689089895055,107.60051152829811,Sedang (400-800m)
2037649963_2037649896_STOP628,1,435.4,435.4,435.4,Taman Gaya Karangsari,,tertiary,-6.8776466,107.6004246,Sedang (400-800m)
2037649963_2037649964_STOP628,2,420.4,405.4,435.4,Taman Gaya Karangsari,Jalan Cisatu 1,tertiary_link,-6.877699446314072,107.60020481644618,Sedang (400-800m)
2037649964_1659928187_STOP628,3,363.1666666666667,334.3,394.4,Taman Gaya Karangsari,Jalan Cisatu 1,tertiary,-6.878190818084956,107.60002284932857,Dekat (200-400m)
2037649964_2037649896_STOP478,12,346.10833333333335,260.0,508.0,Borma Setiabudhi,Jalan Kapten Tendean,tertiary,-6.873461012787241,107.59892868787021,Dekat (200-400m)
2037649964_2037649896_STOP551,2,391.25,381.2,401.3,Gereja Santo Laurentius,Jalan Kapten Tendean,tertiary,-6.876252125135553,107.59946049131275,Dekat (200-400m)
2037649964_2037649896_STOP628,1,394.4,394.4,394.4,Taman Gaya Karangsari,Jalan Kapten Tendean,tertiary,-6.877795100000002,107.599807,Dekat (200-400m)
2037649964_2037649896_STOP67,2,403.1,401.9,404.3,Sukawangi,Jalan Kapten Tendean,tertiary,-6.877132593263265,107.59966397694109,Sedang (400-800m)
2037649964_2037649963_STOP628,2,408.6,394.4,422.8,Taman Gaya Karangsari,Jalan Cisatu 1,tertiary_link,-6.8777422537531185,107.60002678362224,Sedang (400-800m)
2039584375_25771207_STOP39,1,57.1,57.1,57.1,Lapangan Gasibu A,Jalan Sentot Alibasyah,primary,-6.901188300000002,107.619419,Sangat Dekat (<200m)
2039584375_5293786192_STOP151,4,60.25,20.4,115.0,Seberang  Museum Geologi,Jalan Diponegoro,primary,-6.901134119947045,107.62145282755395,Sangat Dekat (<200m)
2039584375_5293786192_STOP39,2,32.6,8.1,57.1,Lapangan Gasibu A,Jalan Diponegoro,primary,-6.901181886087382,107.61964496594547,Sangat Dekat (<200m)
2039584375_5293786192_STOP40,3,41.53333333333334,23.1,72.9,PUSDAI A,Jalan Diponegoro,primary,-6.901061039257851,107.62439072530869,Sangat Dekat (<200m)
2039584375_5293786192_STOP575,1,94.0,94.0,94.0,Tugu PKK Citarum,Jalan Diponegoro,primary,-6.901042914885752,107.6252947698631,Sangat Dekat (<200m)
2039584375_5293786192_STOP615,3,51.43333333333334,21.6,90.4,Seberang Jalan Melania RRI Bandung,Jalan Diponegoro,primary,-6.901094767573013,107.62303477338081,Sangat Dekat (<200m)
2039584375_5293786192_STOP75,1,26.7,26.7,26.7,Lapangan Gasibu B,Jalan Diponegoro,primary,-6.901163345563172,107.62032289417851,Sangat Dekat (<200m)
2041502893_2037086792_STOP409,1,85.0,85.0,85.0,Taman Musik Jalan Sumbawa,Jalan Belitung,tertiary,-6.911622099999996,107.6161546,Sangat Dekat (<200m)
2041502893_2037086792_STOP660,3,36.9,9.2,55.0,Simpang Banda - Belitung,Jalan Belitung,tertiary,-6.911563019692731,107.61705667474119,Sangat Dekat (<200m)
2041502893_32042327_STOP340,3,44.56666666666666,21.2,81.1,SMA Negeri 3 dan 5 Bandung,Jalan Belitung,tertiary,-6.91187113856756,107.61528954749578,Sangat Dekat (<200m)
2041502893_32042327_STOP409,1,85.0,85.0,85.0,Taman Musik Jalan Sumbawa,Jalan Belitung,tertiary,-6.911622099999996,107.6161546,Sangat Dekat (<200m)
2041502893_9762128207_STOP340,1,198.9,198.9,198.9,SMA Negeri 3 dan 5 Bandung,Jalan Sumbawa,secondary,-6.910352561019666,107.61567961945784,Sangat Dekat (<200m)
2041502893_9762128207_STOP409,1,85.0,85.0,85.0,Taman Musik Jalan Sumbawa,Jalan Sumbawa,secondary,-6.911622099999996,107.6161546,Sangat Dekat (<200m)
2041502893_9762128207_STOP660,2,143.8,126.4,161.2,Simpang Banda - Belitung,Jalan Sumbawa,secondary,-6.910989361092499,107.61591156945263,Sangat Dekat (<200m)
2041524725_1916791843_STOP757,4,50.1,4.7,100.3,Polsek Sumur Bandung,Jalan Aceh,tertiary,-6.91097654523697,107.60597029032127,Sangat Dekat (<200m)
2041524725_1916791843_STOP758,5,53.36,15.0,93.2,Gedung Pakuan - Kebon Sirih,Jalan Aceh,tertiary,-6.9124516056236756,107.60553123422446,Sangat Dekat (<200m)
2041524725_2439053866_STOP484,1,112.2,112.2,112.2,Masjid Al-Ukhuwwah,Jalan Aceh,tertiary,-6.910364551672172,107.60840103581974,Sangat Dekat (<200m)
2041524725_2439053866_STOP756,4,50.85,21.1,80.7,Aceh - Kebon Sirih Dalam,Jalan Aceh,tertiary,-6.9103645346339935,107.60728541007865,Sangat Dekat (<200m)
2041524725_2439053866_STOP757,2,56.2,44.7,67.7,Polsek Sumur Bandung,Jalan Aceh,tertiary,-6.91028743352574,107.60596449876178,Sangat Dekat (<200m)
2150576370_1837401676_STOP607,1,92.0,92.0,92.0,P Hostel,Jalan Otto Iskandardinata,primary,-6.9373153000000025,107.6029983,Sangat Dekat (<200m)
2150576370_2325416266_STOP260,7,94.45714285714287,10.0,198.6,Muara,Jalan Peta,primary,-6.9375712771606795,107.59941334186995,Sangat Dekat (<200m)
2150576370_2325416266_STOP311,2,203.25,179.3,227.2,Rumah Sakit Immanuel A,Jalan Peta,primary,-6.937814448912065,107.59740019313466,Dekat (200-400m)
2150576370_2325416266_STOP394,2,71.65,47.4,95.9,Muara A,Jalan Peta,primary,-6.937244757723157,107.60141939290976,Sangat Dekat (<200m)
2150576370_2325416266_STOP607,3,48.63333333333333,11.9,92.0,P Hostel,Jalan Peta,primary,-6.937281216201779,107.60254746269986,Sangat Dekat (<200m)
2250555721_1911634930_STOP109,3,125.26666666666667,85.3,167.8,Karanganyar,Jalan Kalipah Apo,tertiary,-6.923321014214896,107.59939191827799,Sangat Dekat (<200m)
2250555721_1911634930_STOP481,3,243.73333333333335,209.7,279.5,Jalan Haji Safari,Jalan Kalipah Apo,tertiary,-6.92346397532462,107.60074064516645,Dekat (200-400m)
2250555721_1911634930_STOP815,6,144.79999999999998,39.3,263.7,Simpang Kalipah Apo,Jalan Kalipah Apo,tertiary,-6.923701047222004,107.60276136414154,Sangat Dekat (<200m)
2250555721_1919641214_STOP815,4,56.875,13.5,112.4,Simpang Kalipah Apo,Jalan Otto Iskandardinata,primary,-6.924506845660396,107.60384560397303,Sangat Dekat (<200m)
2255977904_6431352726_STOP540,2,644.3499999999999,627.9,660.8,Terminal Margahayu Raya,Jalan Andromeda Raya,tertiary,-6.9498716081712315,107.6579543751858,Sedang (400-800m)
2255977904_6431352730_STOP540,2,627.9,627.9,627.9,Terminal Margahayu Raya,Jalan Margahayu Raya Bar.,tertiary,-6.9496466999999935,107.6579756,Sedang (400-800m)
2315712821_5461446470_STOP3,1,678.8,678.8,678.8,Sukagalih,,tertiary,-6.8866034999999926,107.58815,Sedang (400-800m)
2315712822_2315712821_STOP3,1,680.3,680.3,680.3,Sukagalih,,tertiary,-6.886623600000003,107.5880627,Sedang (400-800m)
2315712822_5461446959_STOP127,3,743.1666666666666,742.0,744.6,Maranatha,Jalan Suka Mulya,tertiary,-6.885270858535008,107.5879769089593,Sedang (400-800m)
2315712822_5461446959_STOP3,2,704.3499999999999,680.3,728.4,Sukagalih,Jalan Suka Mulya,tertiary,-6.88639827337548,107.58804630818958,Sedang (400-800m)
2316743942_2316743947_STOP19,1,276.9,276.9,276.9,RSAU dr. Salamun,Jalan Ciumbuleuit,secondary,-6.865824500000006,107.6060367,Dekat (200-400m)
2316743942_319706490_STOP19,5,184.42,86.6,276.9,RSAU dr. Salamun,Jalan Ciumbuleuit,secondary,-6.865108791602026,107.60560119170941,Sangat Dekat (<200m)
2316743947_2316743942_STOP19,1,288.0,288.0,288.0,RSAU dr. Salamun,Jalan Ciumbuleuit,secondary,-6.865916100000002,107.6060767,Dekat (200-400m)
2316743947_29489509_STOP19,7,424.5285714285714,288.0,568.5,RSAU dr. Salamun,Jalan Ciumbuleuit,secondary,-6.867259660384141,107.60593913723372,Sedang (400-800m)
2316743959_1660116942_STOP66,2,125.05000000000001,102.8,147.3,Gandok,Jalan Ciumbuleuit,secondary,-6.882943509011317,107.60476040605599,Sangat Dekat (<200m)
2316743959_29489509_STOP134,22,289.46363636363634,12.0,646.5,UNPAR,Jalan Ciumbuleuit,secondary,-6.8742867521972695,107.6046848585599,Dekat (200-400m)
2316743959_29489509_STOP150,7,311.12857142857143,237.3,417.7,Setiabudi Hegarmanah,Jalan Ciumbuleuit,secondary,-6.880651795705665,107.60384089201537,Dekat (200-400m)
2316743959_29489509_STOP19,1,633.2,633.2,633.2,RSAU dr. Salamun,Jalan Ciumbuleuit,secondary,-6.869214215691589,107.60580695794286,Sedang (400-800m)
2316743959_29489509_STOP66,2,170.75,147.3,194.2,Gandok,Jalan Ciumbuleuit,secondary,-6.882549104257919,107.60454594132923,Sangat Dekat (<200m)
2317306738_6622103729_STOP244,5,78.7,16.2,161.8,Pajajaran Timur,Jalan Pajajaran,primary,-6.907164217617948,107.60569811816404,Sangat Dekat (<200m)
2317306738_6622103729_STOP485,2,171.95,150.2,193.7,Wastukencana Purnawarman,Jalan Pajajaran,primary,-6.907542006620357,107.60719567385479,Sangat Dekat (<200m)
2325414603_2325414606_STOP185,1,75.1,75.1,75.1,Simpang By Pass Soekarno Hatta B,Jalan Mohammad Toha,primary,-6.948272700000007,107.6094101,Sangat Dekat (<200m)
2325414603_3272350517_STOP185,1,75.1,75.1,75.1,Simpang By Pass Soekarno Hatta B,Jalan Soekarno-Hatta,trunk,-6.948272700000007,107.6094101,Sangat Dekat (<200m)
2325414603_3272371137_STOP185,1,75.1,75.1,75.1,Simpang By Pass Soekarno Hatta B,Jalan Mohammad Toha,primary,-6.948272700000007,107.6094101,Sangat Dekat (<200m)
2325414606_2325414603_STOP185,1,77.5,77.5,77.5,Simpang By Pass Soekarno Hatta B,Jalan Mohammad Toha,primary,-6.9483821999999975,107.6094437,Sangat Dekat (<200m)
2325414606_3272376486_STOP185,1,77.5,77.5,77.5,Simpang By Pass Soekarno Hatta B,Jalan Mohammad Toha,primary,-6.9483821999999975,107.6094437,Sangat Dekat (<200m)
2325414606_9973785684_STOP185,1,77.5,77.5,77.5,Simpang By Pass Soekarno Hatta B,Jalan Soekarno-Hatta,trunk,-6.9483821999999975,107.6094437,Sangat Dekat (<200m)
2325416263_2325416264_STOP311,1,164.9,164.9,164.9,Rumah Sakit Immanuel A,Jalan Peta,primary,-6.937684299999993,107.5970826,Sangat Dekat (<200m)
2325416264_1837401676_STOP260,7,97.14285714285714,20.2,198.3,Muara,Jalan Peta,primary,-6.937472882129915,107.59940664755159,Sangat Dekat (<200m)
2325416264_1837401676_STOP309,1,81.1,81.1,81.1,Taman Tegallega,Jalan Peta,primary,-6.937214506568794,107.6029932634795,Sangat Dekat (<200m)
2325416264_1837401676_STOP311,2,198.7,174.3,223.1,Rumah Sakit Immanuel A,Jalan Peta,primary,-6.937707414492351,107.59739270711488,Sangat Dekat (<200m)
2325416264_1837401676_STOP394,3,51.099999999999994,13.9,94.6,Muara A,Jalan Peta,primary,-6.937155239953285,107.60163928534335,Sangat Dekat (<200m)
2325416264_1837401676_STOP607,1,43.5,43.5,43.5,P Hostel,Jalan Peta,primary,-6.937195527830698,107.60254152262256,Sangat Dekat (<200m)
2325416264_2325416266_STOP311,1,174.3,174.3,174.3,Rumah Sakit Immanuel A,Jalan Leuwi Panjang,primary,-6.937696000000007,107.597167,Sangat Dekat (<200m)
2325416265_2325416263_STOP311,1,166.5,166.5,166.5,Rumah Sakit Immanuel A,Jalan Leuwi Panjang,primary,-6.937792399999995,107.5970548,Sangat Dekat (<200m)
2325416265_5355765055_STOP271,1,25.7,25.7,25.7,Rumah Sakit Immanuel B,Jalan Peta,primary,-6.937215304731272,107.595353466649,Sangat Dekat (<200m)
2325416265_5355765055_STOP311,4,95.10000000000001,25.3,166.5,Rumah Sakit Immanuel A,Jalan Peta,primary,-6.937626025805961,107.59640077330172,Sangat Dekat (<200m)
2325416266_2325416265_STOP311,1,175.3,175.3,175.3,Rumah Sakit Immanuel A,Jalan Peta,primary,-6.937800999999994,107.5971376,Sangat Dekat (<200m)
2325416266_5862690013_STOP271,1,209.1,209.1,209.1,Rumah Sakit Immanuel B,Jalan Leuwi Panjang,primary,-6.9386681385733215,107.59688310854426,Dekat (200-400m)
2325416266_5862690013_STOP311,2,181.4,175.3,187.5,Rumah Sakit Immanuel A,Jalan Leuwi Panjang,primary,-6.938017488135845,107.59707295858846,Sangat Dekat (<200m)
2325438077_1675261406_STOP404,3,167.6,119.2,216.8,Simpang Gegerkalong Hilir,Jalan Dr. Setiabudi,primary,-6.87153532284066,107.59394450262148,Sangat Dekat (<200m)
2325438077_1675261406_STOP479,6,119.73333333333335,14.9,240.5,SMPN 15 Bandung,Jalan Dr. Setiabudi,primary,-6.873161821880177,107.5951544213162,Sangat Dekat (<200m)
2325438077_5639373305_STOP479,1,14.9,14.9,14.9,SMPN 15 Bandung,Jalan Dr. Setiabudi,primary,-6.874065999999992,107.5958267,Sangat Dekat (<200m)
2325438114_29357111_STOP551,4,52.875,8.9,100.7,Gereja Santo Laurentius,Jalan Sukajadi,primary,-6.875834244881873,107.59610536480417,Sangat Dekat (<200m)
2325438114_29357111_STOP67,2,98.85,73.8,123.9,Sukawangi,Jalan Sukajadi,primary,-6.877185160639952,107.59621207219911,Sangat Dekat (<200m)
2325448480_2325448481_STOP591,1,103.1,103.1,103.1,Dago Asri A,,secondary_link,-6.879849400000006,107.6163156,Sangat Dekat (<200m)
2325448480_9749128082_STOP591,3,54.93333333333333,8.6,103.1,Dago Asri A,Jalan Ir. H. Djuanda,primary,-6.879412419383416,107.61643055967399,Sangat Dekat (<200m)
2325448481_1662376948_STOP591,5,204.3,104.4,304.4,Dago Asri A,Jalan Ir. H. Djuanda,primary,-6.880746126966768,107.61617037170144,Dekat (200-400m)
2325448481_2325448480_STOP591,1,104.4,104.4,104.4,Dago Asri A,,secondary_link,-6.879872700000008,107.6164021,Sangat Dekat (<200m)
2325448804_29357864_STOP476,4,149.875,125.4,175.1,Polsek Sukajadi,Jalan Sukajadi,primary,-6.886574218254053,107.59668420100274,Sangat Dekat (<200m)
2325448804_29357864_STOP92,6,169.04999999999998,118.6,221.4,Junction 8 Sukajadi,Jalan Sukajadi,primary,-6.885477276775281,107.59660165207526,Sangat Dekat (<200m)
2325449629_1658919998_STOP72,4,99.35,52.3,154.9,Balubur Town Square,,trunk_link,-6.898358430713988,107.60854583167513,Sangat Dekat (<200m)
2325450314_9857713262_STOP80,1,61.1,61.1,61.1,Garunggang Kulon,Jalan Pasir Kaliki,primary,-6.899469671475707,107.5973298770292,Sangat Dekat (<200m)
2325450314_9857713262_STOP81,1,82.3,82.3,82.3,Djunjunan Paskal,Jalan Pasir Kaliki,primary,-6.8999212000000005,107.5973452,Sangat Dekat (<200m)
2325450642_1969331837_STOP353,1,162.4,162.4,162.4,GKI Pasteur,Jalan Cihampelas,primary,-6.900144000000007,107.6041803,Sangat Dekat (<200m)
2325450642_5334388861_STOP353,2,186.7,162.4,211.0,GKI Pasteur,Jalan Layang Professor Mochtar Kusumaatmadja,trunk,-6.900074602327292,107.60439518061096,Sangat Dekat (<200m)
2325451114_3048202812_STOP81,4,63.05,25.2,125.3,Djunjunan Paskal,Jalan Dr. Djunjunan,trunk,-6.900333591184495,107.5963776268195,Sangat Dekat (<200m)
2325451280_2325451114_STOP81,2,47.550000000000004,28.2,66.9,Djunjunan Paskal,,trunk_link,-6.900527714716343,107.59722209470323,Sangat Dekat (<200m)
2325451280_2958261193_STOP81,1,66.9,66.9,66.9,Djunjunan Paskal,Jalan HOS. Cokroaminoto,trunk,-6.900661999999993,107.5973772,Sangat Dekat (<200m)
2325451294_295555957_STOP146,1,115.5,115.5,115.5,Surapati Core,Jalan PH. H. Mustofa,trunk,-6.901980307990166,107.6535654917919,Sangat Dekat (<200m)
2325451294_295555957_STOP627,2,103.35,81.8,124.9,Simpang Cicaheum,Jalan PH. H. Mustofa,trunk,-6.902037216745226,107.65424120353947,Sangat Dekat (<200m)
2325451295_2477145871_STOP213,1,64.5,64.5,64.5,Terminal Angkot Cicaheum,Jalan Jenderal Ahmad Yani,trunk,-6.902133999999995,107.6557174,Sangat Dekat (<200m)
2325451295_2477145871_STOP627,1,59.9,59.9,59.9,Simpang Cicaheum,Jalan Jenderal Ahmad Yani,trunk,-6.9021138173131735,107.655265738515,Sangat Dekat (<200m)
2325451295_3274678437_STOP213,1,64.5,64.5,64.5,Terminal Angkot Cicaheum,Jalan Jenderal Ahmad Yani,primary,-6.902133999999995,107.6557174,Sangat Dekat (<200m)
2325451295_3274678437_STOP627,2,26.150000000000002,7.7,44.6,Simpang Cicaheum,Jalan Jenderal Ahmad Yani,primary,-6.902454664714439,107.65511994334153,Sangat Dekat (<200m)
2325451298_2325451294_STOP627,2,51.95,37.4,66.5,Simpang Cicaheum,,trunk_link,-6.902369294710581,107.6546070927445,Sangat Dekat (<200m)
2325451298_2477145871_STOP627,2,37.65,37.4,37.9,Simpang Cicaheum,Jalan Jenderal Ahmad Yani,primary,-6.902409135005848,107.6547986181377,Sangat Dekat (<200m)
2325451298_3274678437_STOP627,1,37.4,37.4,37.4,Simpang Cicaheum,,primary_link,-6.902581200000002,107.6546526,Sangat Dekat (<200m)
2325451300_11149984615_STOP483,3,274.93333333333334,271.2,282.3,Abdul Rivai,Jalan Nyland,secondary,-6.90299338329431,107.60185413390916,Dekat (200-400m)
2325451300_25433677_STOP483,1,271.2,271.2,271.2,Abdul Rivai,Jalan Nyland,secondary,-6.902662500000004,107.6021618,Dekat (200-400m)
2325451308_2325451298_STOP626,1,37.3,37.3,37.3,Polsek Cibeunying Kidul,Jalan Jenderal Ahmad Yani,primary,-6.903025599999999,107.65401,Sangat Dekat (<200m)
2325451308_2325451298_STOP627,1,72.2,72.2,72.2,Simpang Cicaheum,Jalan Jenderal Ahmad Yani,primary,-6.902753572716692,107.65436489503114,Sangat Dekat (<200m)
2325451308_3271894417_STOP626,2,27.15,17.0,37.3,Polsek Cibeunying Kidul,Jalan Jenderal Ahmad Yani,primary,-6.903134438153993,107.65381194923063,Sangat Dekat (<200m)
2325451311_11149984614_STOP483,1,296.8,296.8,296.8,Abdul Rivai,Bundaran Rajiman,primary,-6.903522800000002,107.6013127,Dekat (200-400m)
2325451311_11149984615_STOP483,1,296.8,296.8,296.8,Abdul Rivai,Jalan Nyland,secondary,-6.903522800000002,107.6013127,Dekat (200-400m)
2325451442_11138589132_STOP483,2,165.89999999999998,148.1,183.7,Abdul Rivai,Jalan dr. Cipto,primary,-6.904662776583313,107.60234092698124,Sangat Dekat (<200m)
2325451442_11138589132_STOP88,1,228.2,228.2,228.2,GOR Padjajaran,Jalan dr. Cipto,primary,-6.904863963796312,107.60175190125211,Dekat (200-400m)
2325451571_11138589131_STOP88,1,232.3,232.3,232.3,GOR Padjajaran,Jalan dr. Rum,primary,-6.904887499999997,107.601339,Dekat (200-400m)
2325451571_11138589136_STOP88,1,232.3,232.3,232.3,GOR Padjajaran,Jalan Dokter Gunawan Mangunkusumo,secondary,-6.904887499999997,107.601339,Dekat (200-400m)
2325451719_11138593392_STOP84,2,112.69999999999999,88.7,136.7,Husein Pajajaran,Jalan Pajajaran,secondary,-6.906519579452532,107.58727402494476,Sangat Dekat (<200m)
2325451719_25433891_STOP84,3,187.0,136.7,237.3,Husein Pajajaran,Jalan Pajajaran,secondary,-6.906312208753186,107.58663622088206,Sangat Dekat (<200m)
2325451810_1666714153_STOP555,1,38.4,38.4,38.4,Seberang Telkom Supratman,Jalan Supratman,primary,-6.906469899999991,107.6299279,Sangat Dekat (<200m)
2325451810_3269462129_STOP555,1,38.4,38.4,38.4,Seberang Telkom Supratman,Jalan Brigjend. Katamso,secondary,-6.906469899999991,107.6299279,Sangat Dekat (<200m)
2325451810_3376282077_STOP555,1,38.4,38.4,38.4,Seberang Telkom Supratman,Jalan Brigjend. Katamso,secondary,-6.906469899999991,107.6299279,Sangat Dekat (<200m)
2325451853_2317306738_STOP485,1,104.1,104.1,104.1,Wastukencana Purnawarman,Jalan Pajajaran,primary,-6.908005200000008,107.6076596,Sangat Dekat (<200m)
2325451853_25495368_STOP485,3,153.1,104.1,201.7,Wastukencana Purnawarman,Jalan Wastukancana,primary,-6.907556019353937,107.60765783502438,Sangat Dekat (<200m)
2325451853_25495368_STOP63,1,203.9,203.9,203.9,Pasar Kembang Wastukencana,Jalan Wastukancana,primary,-6.906660455986398,107.60775190621172,Dekat (200-400m)
2325452068_6442968671_STOP192,1,81.8,81.8,81.8,Bank Indonesia,Jalan Perintis Kemerdekaan,primary,-6.913848024260438,107.60884594751008,Sangat Dekat (<200m)
2325452068_6442968671_STOP193,3,37.46666666666667,9.5,55.9,Perintis Kemerdekaan,Jalan Perintis Kemerdekaan,primary,-6.914034077331941,107.60797528488438,Sangat Dekat (<200m)
2325452126_5391666889_STOP147,1,117.5,117.5,117.5,Stadion Persib Sidolig,Jalan Jenderal Ahmad Yani,primary,-6.915701399999992,107.6300393,Sangat Dekat (<200m)
2325452126_5391666890_STOP147,1,117.5,117.5,117.5,Stadion Persib Sidolig,Jalan Laswi,primary,-6.915701399999992,107.6300393,Sangat Dekat (<200m)
2325452148_12606431205_STOP290,1,72.3,72.3,72.3,GKI Kebonjati,Jalan HOS. Cokroaminoto,primary,-6.9163251,107.5982102,Sangat Dekat (<200m)
2325452148_12806120205_STOP290,1,72.3,72.3,72.3,GKI Kebonjati,Jalan Kebon Jati,primary,-6.9163251,107.5982102,Sangat Dekat (<200m)
2325452313_25432923_STOP46,1,22.2,22.2,22.2,Bandung Creative Hub B,Jalan Sukabumi,primary,-6.918619800000002,107.6313458,Sangat Dekat (<200m)
2325452313_3277871570_STOP147,3,137.76666666666668,110.3,169.3,Stadion Persib Sidolig,Jalan Laswi,primary,-6.916583299202144,107.63036721626895,Sangat Dekat (<200m)
2325452313_3277871570_STOP274,3,77.06666666666666,28.9,126.0,Bandung Creative Hub A,Jalan Laswi,primary,-6.917804612606322,107.6309556004195,Sangat Dekat (<200m)
2325452313_3277871570_STOP46,1,22.2,22.2,22.2,Bandung Creative Hub B,Jalan Laswi,primary,-6.918619800000002,107.6313458,Sangat Dekat (<200m)
2325452463_25435163_STOP295,3,37.166666666666664,9.9,58.0,Kantor Pos Kosambi,Jalan Jenderal Ahmad Yani,primary,-6.9192386214752775,107.62345645443163,Sangat Dekat (<200m)
2325452463_25435163_STOP297,1,103.3,103.3,103.3,Katapang Kaler,Jalan Jenderal Ahmad Yani,primary,-6.920712301879884,107.62065620200576,Sangat Dekat (<200m)
2325452463_25435163_STOP298,3,36.199999999999996,7.1,53.3,Katapang Kaler 1,Jalan Jenderal Ahmad Yani,primary,-6.921137449047769,107.61985824448892,Sangat Dekat (<200m)
2325452463_25435163_STOP614,3,43.06666666666667,25.1,76.9,Pasar Kosambi Jalan Baranang Siang,Jalan Jenderal Ahmad Yani,primary,-6.92028723795184,107.62145419656342,Sangat Dekat (<200m)
2325452463_25435163_STOP99,2,36.25,12.2,60.3,Pasar Kosambi,Jalan Jenderal Ahmad Yani,primary,-6.919761431774168,107.62245450729574,Sangat Dekat (<200m)
2325452463_25435214_STOP298,2,57.95,48.2,67.7,Katapang Kaler 1,Jalan Ketapang,tertiary,-6.921555616978242,107.61954491085243,Sangat Dekat (<200m)
2325452463_25435214_STOP703,1,94.9,94.9,94.9,Seberang SMK Negeri 15 Bandung,Jalan Ketapang,tertiary,-6.92221067964006,107.61959202243868,Sangat Dekat (<200m)
2325452463_7179028075_STOP298,2,73.2,48.2,98.2,Katapang Kaler 1,Jalan Jenderal Ahmad Yani,primary,-6.921461676815481,107.61926276008566,Sangat Dekat (<200m)
2325452463_7179028075_STOP658,1,76.0,76.0,76.0,Simpang Naripan Sunda,Jalan Jenderal Ahmad Yani,primary,-6.9219802624331965,107.61825888124758,Sangat Dekat (<200m)
2325452463_7179028075_STOP703,1,77.0,77.0,77.0,Seberang SMK Negeri 15 Bandung,Jalan Jenderal Ahmad Yani,primary,-6.921779868927353,107.61866412466942,Sangat Dekat (<200m)
2325452490_2325452491_STOP841,1,26.0,26.0,26.0,Pagarsih,Jalan Pagarsih Barat,tertiary,-6.921991799999998,107.5860408,Sangat Dekat (<200m)
2325452490_5354169659_STOP841,1,26.0,26.0,26.0,Pagarsih,Jalan Jamika,primary,-6.921991799999998,107.5860408,Sangat Dekat (<200m)
2325452490_7624564243_STOP841,1,26.0,26.0,26.0,Pagarsih,Jalan Pagarsih Barat,tertiary,-6.921991799999998,107.5860408,Sangat Dekat (<200m)
2325452491_2325452490_STOP841,1,35.5,35.5,35.5,Pagarsih,Jalan Pagarsih Barat,tertiary,-6.921983900000005,107.5859557,Sangat Dekat (<200m)
2325452491_5354169650_STOP841,1,35.5,35.5,35.5,Pagarsih,Jalan Jamika,primary,-6.921983900000005,107.5859557,Sangat Dekat (<200m)
2325452491_7624564242_STOP841,1,35.5,35.5,35.5,Pagarsih,Jalan Pagarsih Barat,tertiary,-6.921983900000005,107.5859557,Sangat Dekat (<200m)
2325452552_5395152126_STOP435,1,33.2,33.2,33.2,Sumber Rasa,Jalan Jenderal Gatot Subroto,primary,-6.924435500000004,107.627246,Sangat Dekat (<200m)
2325452552_6470450617_STOP434,2,28.5,5.3,51.7,Aneka Jeans,Jalan Jenderal Gatot Subroto,primary,-6.924274216884168,107.6265872909558,Sangat Dekat (<200m)
2325452552_6470450617_STOP435,1,33.2,33.2,33.2,Sumber Rasa,Jalan Jenderal Gatot Subroto,primary,-6.924435500000004,107.627246,Sangat Dekat (<200m)
2325452552_6470450617_STOP837,2,45.55,20.9,70.2,Malabar 1,Jalan Jenderal Gatot Subroto,primary,-6.924060901426509,107.62570856218042,Sangat Dekat (<200m)
2325452718_2325452721_STOP158,1,407.1,407.1,407.1,Festival Citylink,Jalan Pasir Koja,primary,-6.925828427034806,107.58861783606574,Sedang (400-800m)
2325452718_2325452721_STOP314,5,280.54,180.3,380.4,Simpang Pasir Koja,Jalan Pasir Koja,primary,-6.926128671389394,107.58730035474245,Dekat (200-400m)
2325452718_2325452721_STOP436,4,248.575,174.5,323.0,Simpang Astanaanyar Pasirkoja,Jalan Pasir Koja,primary,-6.926643584578812,107.59738760643731,Dekat (200-400m)
2325452718_2325452721_STOP481,8,516.2125,363.0,677.3,Jalan Haji Safari,Jalan Pasir Koja,primary,-6.926340538945448,107.59469193458806,Sedang (400-800m)
2325452718_2325452721_STOP714,9,539.7777777777778,432.1,671.3,Frontone Hotel,Jalan Pasir Koja,primary,-6.925936941627291,107.59087067892165,Sedang (400-800m)
2325452718_5354191261_STOP314,2,155.55,130.8,180.3,Simpang Pasir Koja,Jalan Pasir Koja,primary,-6.926515058235173,107.58624536742508,Sangat Dekat (<200m)
2325452719_2325452722_STOP314,1,77.0,77.0,77.0,Simpang Pasir Koja,Jalan Peta,primary,-6.926715499999996,107.5855544,Sangat Dekat (<200m)
2325452719_5354191262_STOP314,1,77.0,77.0,77.0,Simpang Pasir Koja,Jalan Pasir Koja,primary,-6.926715499999996,107.5855544,Sangat Dekat (<200m)
2325452720_2325452719_STOP314,1,66.3,66.3,66.3,Simpang Pasir Koja,Jalan Pasir Koja,primary,-6.926753900000005,107.5854645,Sangat Dekat (<200m)
2325452720_5348422777_STOP314,1,66.3,66.3,66.3,Simpang Pasir Koja,Jalan Jamika,primary,-6.926753900000005,107.5854645,Sangat Dekat (<200m)
2325452721_2325452718_STOP158,2,405.7,393.7,417.7,Festival Citylink,Jalan Pasir Koja,primary,-6.925833017527314,107.58858174437101,Sedang (400-800m)
2325452721_2325452718_STOP314,4,276.55,201.4,351.6,Simpang Pasir Koja,Jalan Pasir Koja,primary,-6.9261314605715825,107.58726325385257,Dekat (200-400m)
2325452721_2325452718_STOP436,4,227.82500000000002,153.9,302.1,Simpang Astanaanyar Pasirkoja,Jalan Pasir Koja,primary,-6.926662112867332,107.59757637446333,Dekat (200-400m)
2325452721_2325452718_STOP481,8,497.5875,346.5,657.1,Jalan Haji Safari,Jalan Pasir Koja,primary,-6.926361357622961,107.59488048303294,Sedang (400-800m)
2325452721_2325452718_STOP714,9,552.4666666666667,440.5,687.7,Frontone Hotel,Jalan Pasir Koja,primary,-6.925953767757292,107.591059511208,Sedang (400-800m)
2325452721_2325452725_STOP436,4,90.45,39.6,153.9,Simpang Astanaanyar Pasirkoja,Jalan Pasir Koja,primary,-6.926786590694223,107.59892688699708,Sangat Dekat (<200m)
2325452722_2325452724_STOP314,1,75.3,75.3,75.3,Simpang Pasir Koja,Jalan Pasir Koja,primary,-6.926812300000003,107.58558840000002,Sangat Dekat (<200m)
2325452722_5354191258_STOP314,1,75.3,75.3,75.3,Simpang Pasir Koja,Jalan Peta,primary,-6.926812300000003,107.58558840000002,Sangat Dekat (<200m)
2325452724_2325452720_STOP314,1,65.7,65.7,65.7,Simpang Pasir Koja,Jalan Peta,primary,-6.926847299999999,107.5855099,Sangat Dekat (<200m)
2325452724_5354191267_STOP314,1,65.7,65.7,65.7,Simpang Pasir Koja,Jalan Situgunting Timur,tertiary,-6.926847299999999,107.5855099,Sangat Dekat (<200m)
2325452724_5354191270_STOP314,1,65.7,65.7,65.7,Simpang Pasir Koja,Jalan Terusan Pasir Koja,primary,-6.926847299999999,107.5855099,Sangat Dekat (<200m)
2325452725_1837401646_STOP308,4,143.525,97.5,199.3,Simpang Ijan,Jalan Pungkur,secondary,-6.927128042760055,107.6028471738583,Sangat Dekat (<200m)
2325452725_1837401646_STOP436,4,121.9,54.6,192.8,Simpang Astanaanyar Pasirkoja,Jalan Pungkur,secondary,-6.926932964066267,107.60059484457636,Sangat Dekat (<200m)
2325452725_1837401646_STOP811,1,231.8,231.8,231.8,Jalan Entit,Jalan Pungkur,secondary,-6.927033159947023,107.60172077778894,Dekat (200-400m)
2325452725_1911634930_STOP109,1,94.1,94.1,94.1,Karanganyar,Jalan Astana Anyar,primary,-6.92346472942593,107.59872353086102,Sangat Dekat (<200m)
2325452725_1911634930_STOP436,3,40.766666666666666,16.3,54.6,Simpang Astanaanyar Pasirkoja,Jalan Astana Anyar,primary,-6.9264518724872515,107.59975752714308,Sangat Dekat (<200m)
2325452725_1911634930_STOP481,5,63.94,13.4,106.6,Jalan Haji Safari,Jalan Astana Anyar,primary,-6.924752596633586,107.59914183621542,Sangat Dekat (<200m)
2325452725_5355823339_STOP272,2,36.65,12.8,60.5,Astana Anyar RSIA Kota Bandung,Jalan Astana Anyar,primary,-6.929677590992025,107.60074196365773,Sangat Dekat (<200m)
2325452725_5355823339_STOP436,2,78.9,54.6,103.2,Simpang Astanaanyar Pasirkoja,Jalan Astana Anyar,primary,-6.927088934754893,107.59998821521118,Sangat Dekat (<200m)
2325452725_5355823339_STOP811,4,57.9,15.2,115.1,Jalan Entit,Jalan Astana Anyar,primary,-6.928371051686219,107.60042674304606,Sangat Dekat (<200m)
2325452855_2325452856_STOP158,1,58.3,58.3,58.3,Festival Citylink,,primary_link,-6.928666299999996,107.5870783,Sangat Dekat (<200m)
2325452855_2325452899_STOP158,2,40.75,23.2,58.3,Festival Citylink,Jalan Peta,primary,-6.928857108727227,107.58719935017525,Sangat Dekat (<200m)
2325452855_2325452899_STOP714,4,77.675,5.8,151.7,Frontone Hotel,Jalan Peta,primary,-6.929994629308034,107.58793643976747,Sangat Dekat (<200m)
2325452856_2325452855_STOP158,1,54.7,54.7,54.7,Festival Citylink,,primary_link,-6.9287165999999925,107.5870069,Sangat Dekat (<200m)
2325452856_5354191268_STOP158,3,103.96666666666665,54.7,153.5,Festival Citylink,Jalan Peta,primary,-6.928353891607453,107.58673725710275,Sangat Dekat (<200m)
2325452856_5354191268_STOP314,2,125.95,104.1,147.8,Simpang Pasir Koja,Jalan Peta,primary,-6.9274758805274,107.5860270772218,Sangat Dekat (<200m)
2325452881_2325452721_STOP272,1,370.7,370.7,370.7,Astana Anyar RSIA Kota Bandung,Jalan Kopo,primary,-6.929862099999995,107.5973451,Dekat (200-400m)
2325452881_2325452721_STOP436,4,211.525,159.4,268.5,Simpang Astanaanyar Pasirkoja,Jalan Kopo,primary,-6.927471971565851,107.59802405067889,Dekat (200-400m)
2325452881_2325452721_STOP811,3,326.90000000000003,310.4,346.1,Jalan Entit,Jalan Kopo,primary,-6.928994883184821,107.59759903732383,Dekat (200-400m)
2325452881_7540370583_STOP272,4,413.3,370.7,458.9,Astana Anyar RSIA Kota Bandung,Jalan Kyai Haji Wahid Hasyim,primary,-6.93050333753121,107.59712609154684,Sedang (400-800m)
2325452881_7540370583_STOP311,2,86.5,75.4,97.6,Rumah Sakit Immanuel A,Jalan Kyai Haji Wahid Hasyim,primary,-6.936546635148757,107.5953020289691,Sangat Dekat (<200m)
2325452881_7540370583_STOP430,11,198.8090909090909,19.9,434.1,RS Imanuel Pintu Kopo,Jalan Kyai Haji Wahid Hasyim,primary,-6.933755282028883,107.5961764416104,Sangat Dekat (<200m)
2325452883_2325452885_STOP382,1,108.2,108.2,108.2,Sumbersari 1,Jalan Soekarno-Hatta,trunk,-6.930384799999992,107.5760414,Sangat Dekat (<200m)
2325452883_3272563966_STOP382,1,108.2,108.2,108.2,Sumbersari 1,Jalan Terusan Pasir Koja,primary,-6.930384799999992,107.5760414,Sangat Dekat (<200m)
2325452885_3272539241_STOP382,1,100.3,100.3,100.3,Sumbersari 1,Jalan Soekarno-Hatta,trunk,-6.930453699999996,107.5760593,Sangat Dekat (<200m)
2325452899_2325452935_STOP714,1,189.4,189.4,189.4,Frontone Hotel,,primary_link,-6.930828099999999,107.5885186,Sangat Dekat (<200m)
2325452899_2325453233_STOP312,1,200.2,200.2,200.2,Hotel Grand Pasundan,Jalan Peta,primary,-6.934977198793769,107.5919994547972,Dekat (200-400m)
2325452899_2325453233_STOP313,10,133.12,29.0,278.7,Bumi Kopo Kencana,Jalan Peta,primary,-6.933123051344512,107.59035192507865,Sangat Dekat (<200m)
2325452899_2325453233_STOP714,2,214.45,189.4,239.5,Frontone Hotel,Jalan Peta,primary,-6.931005064790975,107.58865914153867,Dekat (200-400m)
2325452935_2325452856_STOP158,1,20.1,20.1,20.1,Festival Citylink,Jalan Peta,primary,-6.929005126686487,107.58719037073128,Sangat Dekat (<200m)
2325452935_2325452856_STOP714,5,96.92,19.3,190.3,Frontone Hotel,Jalan Peta,primary,-6.930144931772725,107.58792299119781,Sangat Dekat (<200m)
2325452935_2325452899_STOP714,1,190.3,190.3,190.3,Frontone Hotel,,primary_link,-6.930882399999992,107.5884445,Sangat Dekat (<200m)
2325453210_11181448969_STOP184,1,91.9,91.9,91.9,Hotel Horison B,Jalan Pelajar Pejuang 45,primary,-6.933504699999996,107.6254318,Sangat Dekat (<200m)
2325453210_11181448969_STOP706,2,105.80000000000001,98.7,112.9,Seberang Dinas Ketenagakerjaan Kota Bandung,Jalan Pelajar Pejuang 45,primary,-6.9328453397407594,107.62558866056713,Sangat Dekat (<200m)
2325453210_2325453211_STOP184,1,91.9,91.9,91.9,Hotel Horison B,,primary_link,-6.933504699999996,107.6254318,Sangat Dekat (<200m)
2325453211_6618370831_STOP131,2,84.75,60.1,109.4,BKR Buah Batu,Jalan Pelajar Pejuang 45,primary,-6.9359074392061695,107.62392814927082,Sangat Dekat (<200m)
2325453211_6618370831_STOP183,2,25.6,7.5,43.7,Hotel Horison A,Jalan Pelajar Pejuang 45,primary,-6.934180010368847,107.62533624642535,Sangat Dekat (<200m)
2325453211_6618370831_STOP184,4,101.85,57.3,152.4,Hotel Horison B,Jalan Pelajar Pejuang 45,primary,-6.934718065220801,107.62493103792139,Sangat Dekat (<200m)
2325453226_1667742416_STOP202,2,32.25,8.1,56.4,Sekejati,Jalan H. Ibrahim Adjie,primary,-6.939509755869486,107.64234104663561,Sangat Dekat (<200m)
2325453226_1667742416_STOP203,1,13.7,13.7,13.7,Kebon Kangkung 11,Jalan H. Ibrahim Adjie,primary,-6.937931689457421,107.6424433463113,Sangat Dekat (<200m)
2325453226_1667742416_STOP446,2,38.45,21.2,55.7,KPP Madya Dua Bandung,Jalan H. Ibrahim Adjie,primary,-6.938608084592602,107.64240076551403,Sangat Dekat (<200m)
2325453226_1667742416_STOP447,1,154.1,154.1,154.1,SDN 38 Kiaracondong,Jalan H. Ibrahim Adjie,primary,-6.934777199999994,107.642669,Sangat Dekat (<200m)
2325453226_1667742416_STOP609,6,93.33333333333333,4.0,202.0,Kebon Kangkung,Jalan H. Ibrahim Adjie,primary,-6.936353862130384,107.64254881102994,Sangat Dekat (<200m)
2325453232_12806537959_STOP184,5,134.45999999999998,83.4,209.0,Hotel Horison B,Jalan Kyai Haji Ahmad Dahlan,secondary,-6.93439411868202,107.62405017078284,Sangat Dekat (<200m)
2325453232_12806537959_STOP428,3,173.29999999999998,134.1,214.3,Yayasan Kemala Bhayangkari,Jalan Kyai Haji Ahmad Dahlan,secondary,-6.933320283919147,107.6225954258216,Sangat Dekat (<200m)
2325453232_2325453210_STOP184,4,50.025000000000006,16.4,83.4,Hotel Horison B,Jalan Pelajar Pejuang 45,primary,-6.934352198232766,107.62511201705479,Sangat Dekat (<200m)
2325453233_2325453234_STOP312,1,190.7,190.7,190.7,Hotel Grand Pasundan,,primary_link,-6.935031199999996,107.5920652,Sangat Dekat (<200m)
2325453233_3277891124_STOP312,5,97.26,21.6,190.7,Hotel Grand Pasundan,Jalan Peta,primary,-6.935542397688394,107.59281055385206,Sangat Dekat (<200m)
2325453233_3277891124_STOP500,3,44.73333333333333,23.8,60.7,Barat Simpang Imanuel,Jalan Peta,primary,-6.936526048193213,107.5943274313076,Sangat Dekat (<200m)
2325453234_2325452935_STOP312,1,190.4,190.4,190.4,Hotel Grand Pasundan,Jalan Peta,primary,-6.9351204,107.5919994,Sangat Dekat (<200m)
2325453234_2325452935_STOP313,10,128.60999999999999,14.0,265.4,Bumi Kopo Kencana,Jalan Peta,primary,-6.9332876143332145,107.59032798276223,Sangat Dekat (<200m)
2325453234_2325452935_STOP714,2,228.4,203.4,253.4,Frontone Hotel,Jalan Peta,primary,-6.931157543684731,107.58865167785973,Dekat (200-400m)
2325453234_2325453233_STOP312,1,190.4,190.4,190.4,Hotel Grand Pasundan,,primary_link,-6.9351204,107.5919994,Sangat Dekat (<200m)
2325453369_2325453374_STOP309,1,82.3,82.3,82.3,Taman Tegallega,Jalan Otto Iskandardinata,primary,-6.9372221000000005,107.603088,Sangat Dekat (<200m)
2325453369_5358394743_STOP309,1,82.3,82.3,82.3,Taman Tegallega,Jalan Peta,primary,-6.9372221000000005,107.603088,Sangat Dekat (<200m)
2325453371_3252963731_STOP256,1,68.4,68.4,68.4,Patung Ikan,Jalan Mochammad Ramdhan,secondary,-6.937217899999999,107.6096949,Sangat Dekat (<200m)
2325453371_5862744483_STOP256,1,68.4,68.4,68.4,Patung Ikan,Jalan Mochammad Ramdhan,secondary,-6.937217899999999,107.6096949,Sangat Dekat (<200m)
2325453374_11953687707_STOP309,1,92.9,92.9,92.9,Taman Tegallega,Jalan Inhoftank,secondary,-6.937319300000003,107.6030728,Sangat Dekat (<200m)
2325453374_2150576370_STOP309,1,92.9,92.9,92.9,Taman Tegallega,Jalan Peta,primary,-6.937319300000003,107.6030728,Sangat Dekat (<200m)
2325453378_3277416899_STOP256,7,112.35714285714286,12.5,243.3,Patung Ikan,Jalan BKR,primary,-6.937683971722686,107.61101963858799,Sangat Dekat (<200m)
2325453481_3272660519_STOP363,1,146.1,146.1,146.1,Rancabolang,Jalan Soekarno-Hatta,trunk,-6.939366099999994,107.6620036,Sangat Dekat (<200m)
2325453481_3272660524_STOP363,1,146.1,146.1,146.1,Rancabolang,,trunk_link,-6.939366099999994,107.6620036,Sangat Dekat (<200m)
2325453511_2325453514_STOP384,6,82.56666666666666,21.7,169.0,Simpang Caringin,Jalan Soekarno-Hatta,trunk,-6.943616403368421,107.58538216522614,Sangat Dekat (<200m)
2325453511_3252877763_STOP384,1,82.5,82.5,82.5,Simpang Caringin,Jalan Babakan Ciparay,tertiary,-6.9430135000000055,107.5844282,Sangat Dekat (<200m)
2325453511_5354191266_STOP158,13,404.5769230769231,211.1,665.0,Festival Citylink,"['Jalan Situgunting Timur', 'Jalan Babakan Ciparay']",tertiary,-6.931886142476082,107.58495458912998,Sedang (400-800m)
2325453511_5354191266_STOP313,2,690.8,683.1,698.5,Bumi Kopo Kencana,"['Jalan Situgunting Timur', 'Jalan Babakan Ciparay']",tertiary,-6.935244488726077,107.58453456330494,Sedang (400-800m)
2325453511_5354191266_STOP314,4,121.275,61.3,188.2,Simpang Pasir Koja,"['Jalan Situgunting Timur', 'Jalan Babakan Ciparay']",tertiary,-6.928071108683701,107.58535368171185,Sangat Dekat (<200m)
2325453511_5354191266_STOP317,18,356.53333333333336,82.1,678.2,Pasar Induk Caringin,"['Jalan Situgunting Timur', 'Jalan Babakan Ciparay']",tertiary,-6.9388291189887035,107.5834343743324,Dekat (200-400m)
2325453511_5354191266_STOP384,2,99.4,82.5,116.3,Simpang Caringin,"['Jalan Situgunting Timur', 'Jalan Babakan Ciparay']",tertiary,-6.9427889555309354,107.5844132778625,Sangat Dekat (<200m)
2325453514_10186688809_STOP108,2,190.75,169.4,212.1,Puskesmas Kopo,Jalan Soekarno-Hatta,trunk,-6.944936412252895,107.5882852437202,Sangat Dekat (<200m)
2325453514_10186688809_STOP384,2,197.35,172.7,222.0,Simpang Caringin,Jalan Soekarno-Hatta,trunk,-6.944261411780472,107.58660829277903,Sangat Dekat (<200m)
2325453514_10186688809_STOP396,2,247.79999999999998,233.2,262.4,Barat Simpang Kopo Caringin,Jalan Soekarno-Hatta,trunk,-6.944585230603509,107.58745196781314,Dekat (200-400m)
2325453514_3448592238_STOP108,7,133.87142857142857,94.1,190.6,Puskesmas Kopo,Jalan Layang Kopo,trunk,-6.945607561183644,107.58971864244275,Sangat Dekat (<200m)
2325453514_3448592238_STOP121,10,242.45999999999998,20.7,467.0,Leuwipanjang Soekarno Hatta,Jalan Layang Kopo,trunk,-6.947274872404525,107.5955608354936,Dekat (200-400m)
2325453514_3448592238_STOP198,1,465.6,465.6,465.6,Karasak Lama,Jalan Layang Kopo,trunk,-6.947498313723829,107.59803385080328,Sedang (400-800m)
2325453514_3448592238_STOP384,2,197.8,172.7,222.9,Simpang Caringin,Jalan Layang Kopo,trunk,-6.944290527715603,107.58659529921411,Sangat Dekat (<200m)
2325453514_3448592238_STOP385,5,97.38,21.7,191.0,Seberang Terminal Leuwipanjang,Jalan Layang Kopo,trunk,-6.946572432509211,107.59225216987193,Sangat Dekat (<200m)
2325453514_3448592238_STOP396,3,228.13333333333333,203.8,255.2,Barat Simpang Kopo Caringin,Jalan Layang Kopo,trunk,-6.944748687664453,107.58762751012164,Dekat (200-400m)
2325453554_13010031522_STOP135,10,702.73,586.0,860.3,SD Negeri 005 Babakan Ciparay,Jalan Cibolerang,tertiary,-6.953054861204192,107.58246944763494,Sedang (400-800m)
2325453554_13010031522_STOP401,16,329.89375,4.9,698.4,Mesjid Jami Al Hamidah Cibolerang,Jalan Cibolerang,tertiary,-6.949480084562213,107.56847472978919,Dekat (200-400m)
2325453554_13010031522_STOP586,13,779.8923076923077,734.5,904.3,SMA Negeri 17 Bandung,Jalan Cibolerang,tertiary,-6.950815623417417,107.57484666632541,Sedang (400-800m)
2325453554_13010031522_STOP598,7,894.0857142857143,850.4,950.2,DPKP Kota Bandung,Jalan Cibolerang,tertiary,-6.952266857273153,107.57889246997058,Jauh (>800m)
2325453554_3115112874_STOP401,12,222.53333333333333,54.4,415.9,Mesjid Jami Al Hamidah Cibolerang,Jalan Cigondewah Kaler,secondary,-6.947294414981002,107.56468211418569,Dekat (200-400m)
2325453554_3115112874_STOP498,3,353.90000000000003,306.3,402.2,Griya Holis,Jalan Cigondewah Kaler,secondary,-6.944217501526687,107.56548333268607,Dekat (200-400m)
2325453614_2325453616_STOP332,1,142.6,142.6,142.6,JAPNAS,,primary_link,-6.952035399999992,107.6374606,Sangat Dekat (<200m)
2325453614_5330289517_STOP323,5,77.6,12.5,162.6,Pasar Kordon B,Jalan Buah Batu,primary,-6.953039170165336,107.63836237505339,Sangat Dekat (<200m)
2325453614_5330289517_STOP331,1,16.6,16.6,16.6,Pasar Kordon A,Jalan Buah Batu,primary,-6.954194482608002,107.63903709519352,Sangat Dekat (<200m)
2325453614_5330289517_STOP332,1,142.6,142.6,142.6,JAPNAS,Jalan Buah Batu,primary,-6.952035399999992,107.6374606,Sangat Dekat (<200m)
2325453616_2325453614_STOP332,1,141.8,141.8,141.8,JAPNAS,,primary_link,-6.952113400000005,107.6373856,Sangat Dekat (<200m)
2325453616_6609245573_STOP322,3,49.93333333333334,16.1,91.5,Swadarma BNI,Jalan Buah Batu,primary,-6.950181645350924,107.63548241701555,Sangat Dekat (<200m)
2325453616_6609245573_STOP332,5,69.2,11.3,141.8,JAPNAS,Jalan Buah Batu,primary,-6.951474161064854,107.6367465242743,Sangat Dekat (<200m)
2325454309_2746819081_STOP325,1,43.5,43.5,43.5,Puskesmas Kujangsari B,Jalan Buah Batu,primary,-6.965331900000002,107.6379965,Sangat Dekat (<200m)
2325454309_2746819081_STOP329,7,143.14285714285714,13.8,290.3,Puskesmas Kujangsari A,Jalan Buah Batu,primary,-6.963556245900622,107.6382858153988,Sangat Dekat (<200m)
240789108_2607816746_STOP432,1,20.2,20.2,20.2,SD Al-Azhar 36 Bandung,Jalan Palasari,tertiary,-6.927865732893694,107.62327015929408,Sangat Dekat (<200m)
240789108_2607816746_STOP580,1,16.7,16.7,16.7,Universitas Aisyiyah,Jalan Palasari,tertiary,-6.92830271466051,107.62315520125948,Sangat Dekat (<200m)
240789108_2607816746_STOP655,2,27.5,6.9,48.1,Seberang SD Al-Azhar 36 Bandung,Jalan Palasari,tertiary,-6.927210231745422,107.62344248816117,Sangat Dekat (<200m)
240789108_2607816746_STOP656,1,88.4,88.4,88.4,Taman Pers Malabar 1,Jalan Palasari,tertiary,-6.9265547,107.6236147,Sangat Dekat (<200m)
240791836_12606352972_STOP546,1,13.7,13.7,13.7,Karapitan Paledang,Jalan Karapitan,secondary,-6.9250339999999975,107.6173532,Sangat Dekat (<200m)
240791836_12606352972_STOP620,2,28.7,16.1,41.3,Karapitan—Lengkong Kecil,Jalan Karapitan,secondary,-6.924361752862968,107.61743199121562,Sangat Dekat (<200m)
240791836_5853120075_STOP546,2,38.2,13.7,62.7,Karapitan Paledang,Jalan Emong,tertiary,-6.925058175523063,107.61757797634161,Sangat Dekat (<200m)
240791836_5853120075_STOP753,4,51.55,24.4,78.6,Jalan Emong - BPI,Jalan Emong,tertiary,-6.925015819240727,107.6188844226092,Sangat Dekat (<200m)
240791856_5853120063_STOP501,2,25.75,7.1,44.4,Sekolah BPI,Jalan Burangrang,tertiary,-6.9234780307462005,107.61992214755453,Sangat Dekat (<200m)
240791856_5853120063_STOP798,1,43.5,43.5,43.5,Seberang Sekolah BPI,Jalan Burangrang,tertiary,-6.9241475,107.6199401,Sangat Dekat (<200m)
240791856_7210854542_STOP798,1,43.5,43.5,43.5,Seberang Sekolah BPI,Jalan Burangrang,tertiary,-6.9241475,107.6199401,Sangat Dekat (<200m)
2439023829_10793101435_STOP292,3,41.56666666666667,23.5,73.5,Lembong,Jalan Lembong,primary,-6.916364798028288,107.60962293664578,Sangat Dekat (<200m)
2439053851_2439053861_STOP173,3,39.300000000000004,16.3,65.5,SMK Negeri 1 Bandung,Jalan Wastukancana,primary,-6.91287984691414,107.60904822553739,Sangat Dekat (<200m)
2439053851_2439053861_STOP192,1,85.2,85.2,85.2,Bank Indonesia,Jalan Wastukancana,primary,-6.913783300000007,107.6090309,Sangat Dekat (<200m)
2439053851_2439053861_STOP484,4,51.275000000000006,13.3,90.4,Masjid Al-Ukhuwwah,Jalan Wastukancana,primary,-6.911299226399768,107.60907634668844,Sangat Dekat (<200m)
2439053861_1956195925_STOP484,1,68.5,68.5,68.5,Masjid Al-Ukhuwwah,Jalan Wastukancana,primary,-6.910551500000006,107.609044,Sangat Dekat (<200m)
2439053861_2439053864_STOP484,1,68.5,68.5,68.5,Masjid Al-Ukhuwwah,,primary_link,-6.910551500000006,107.609044,Sangat Dekat (<200m)
2439053864_10793008429_STOP266,3,36.766666666666666,9.3,59.0,Museum Kota Bandung,Jalan Aceh,secondary,-6.9101462680021415,107.60963833498182,Sangat Dekat (<200m)
2439053864_10793008429_STOP304,1,68.5,68.5,68.5,Taman Sejarah Balai Kota Bandung,Jalan Aceh,secondary,-6.909838818551251,107.61048859473752,Sangat Dekat (<200m)
2439053866_1956195925_STOP484,1,102.3,102.3,102.3,Masjid Al-Ukhuwwah,Jalan Aceh,tertiary,-6.9103253000000056,107.6086417,Sangat Dekat (<200m)
2439053866_2041524725_STOP484,1,102.3,102.3,102.3,Masjid Al-Ukhuwwah,Jalan Aceh,tertiary,-6.9103253000000056,107.6086417,Sangat Dekat (<200m)
2439053866_2041524725_STOP756,4,51.45,6.2,98.0,Aceh - Kebon Sirih Dalam,Jalan Aceh,tertiary,-6.910386581937725,107.607525446746,Sangat Dekat (<200m)
2439053866_2041524725_STOP757,2,68.55,53.8,83.3,Polsek Sumur Bandung,Jalan Aceh,tertiary,-6.910236837972399,107.60619667764334,Sangat Dekat (<200m)
2439053866_2439053868_STOP484,1,102.3,102.3,102.3,Masjid Al-Ukhuwwah,Jalan Wastukancana,primary_link,-6.9103253000000056,107.6086417,Sangat Dekat (<200m)
2439053868_1956195925_STOP266,1,104.0,104.0,104.0,Museum Kota Bandung,Jalan Wastukancana,primary,-6.9100859999999935,107.6087639,Sangat Dekat (<200m)
2439053868_364365320_STOP266,1,104.0,104.0,104.0,Museum Kota Bandung,Jalan Wastukancana,primary,-6.9100859999999935,107.6087639,Sangat Dekat (<200m)
2439053868_364365320_STOP485,1,112.4,112.4,112.4,Wastukencana Purnawarman,Jalan Wastukancana,primary,-6.90968487296052,107.60855578969276,Sangat Dekat (<200m)
2439053883_3376669072_STOP63,1,86.8,86.8,86.8,Pasar Kembang Wastukencana,Jalan Tamansari,secondary,-6.905435999999999,107.6078452,Sangat Dekat (<200m)
2439053883_5358055836_STOP103,4,52.075,5.7,101.6,Unisba,Jalan Tamansari,secondary,-6.904355241155202,107.60815080166064,Sangat Dekat (<200m)
2439053883_5358055836_STOP63,1,86.8,86.8,86.8,Pasar Kembang Wastukencana,Jalan Tamansari,secondary,-6.905435999999999,107.6078452,Sangat Dekat (<200m)
2439053889_25495368_STOP63,2,162.75,138.1,187.4,Pasar Kembang Wastukencana,Jalan Wastukancana,primary,-6.906254017735668,107.60780980459631,Sangat Dekat (<200m)
2439053889_6485661075_STOP63,1,138.1,138.1,138.1,Pasar Kembang Wastukencana,,primary_link,-6.906049499999999,107.6077246,Sangat Dekat (<200m)
2477126866_12806309251_STOP93,1,232.2,232.2,232.2,Borma Pasirimpun,Jalan Abdul Haris Nasution,trunk,-6.904819400000006,107.6780053,Dekat (200-400m)
2477126866_2477131880_STOP418,9,401.53333333333336,267.6,564.9,Seberang Borma Pasirimpun,Jalan Pesantren,tertiary,-6.9077771079028265,107.67785488728393,Sedang (400-800m)
2477126866_2477131880_STOP531,16,497.775,373.7,598.2,Yuntex Raya,Jalan Pesantren,tertiary,-6.911751407195853,107.6803575609174,Sedang (400-800m)
2477126866_2477131880_STOP93,3,240.13333333333333,232.2,251.5,Borma Pasirimpun,Jalan Pesantren,tertiary,-6.9052697141755965,107.6779689077722,Dekat (200-400m)
2477126866_35135537_STOP93,5,332.71999999999997,232.2,433.3,Borma Pasirimpun,Jalan Abdul Haris Nasution,trunk,-6.904925663919411,107.67890318186599,Dekat (200-400m)
2477130409_2477132887_STOP100,2,543.3,539.3,547.3,Lapas Sukamiskin,"['Jalan Arcamanik Endah', 'Jalan Pacuan Kuda']",primary,-6.909499344711748,107.67432400306893,Sedang (400-800m)
2477130409_2477132887_STOP380,11,333.3818181818182,127.3,528.5,Komplek Sarimas,"['Jalan Arcamanik Endah', 'Jalan Pacuan Kuda']",primary,-6.907597737190162,107.67307985371185,Dekat (200-400m)
2477130409_2477132887_STOP418,8,611.525,552.2,714.7,Seberang Borma Pasirimpun,"['Jalan Arcamanik Endah', 'Jalan Pacuan Kuda']",primary,-6.910203420182826,107.67645088713242,Sedang (400-800m)
2477130409_2477132887_STOP531,8,803.7375,712.2,922.2,Yuntex Raya,"['Jalan Arcamanik Endah', 'Jalan Pacuan Kuda']",primary,-6.912916971196705,107.67755946121198,Jauh (>800m)
2477130409_303034652_STOP380,2,109.35,91.4,127.3,Komplek Sarimas,Jalan Pacuan Kuda,primary,-6.905234256021869,107.67315612562803,Sangat Dekat (<200m)
2477130742_2477132887_STOP531,1,971.7,971.7,971.7,Yuntex Raya,Jalan Arcamanik Endah,primary,-6.9149898274101815,107.67695767595715,Jauh (>800m)
2477130742_2477132887_STOP533,8,998.9125,971.8,1047.6,SMK YPF,Jalan Arcamanik Endah,primary,-6.916811027736046,107.67616409498225,Jauh (>800m)
2477130742_2477132887_STOP90,3,1039.1666666666667,1016.8,1062.2,Terminal Antapani,Jalan Arcamanik Endah,primary,-6.918594865713484,107.6745085568745,Jauh (>800m)
2477130742_5346161426_STOP90,10,794.53,569.3,1016.8,Terminal Antapani,Jalan Golf Barat,primary,-6.917883229350457,107.67243203204566,Sedang (400-800m)
2477130742_6395246195_STOP90,7,962.842857142857,915.8,1016.8,Terminal Antapani,Jalan Arcamanik Endah,primary,-6.919755179825329,107.67312363622209,Jauh (>800m)
2477131880_2477126866_STOP418,9,397.72222222222223,265.7,561.3,Seberang Borma Pasirimpun,Jalan Pesantren,tertiary,-6.907738552981623,107.67784517980867,Dekat (200-400m)
2477131880_2477126866_STOP531,17,504.7235294117647,370.4,616.1,Yuntex Raya,Jalan Pesantren,tertiary,-6.911896228222048,107.6804012976754,Sedang (400-800m)
2477131880_2477126866_STOP93,2,242.7,235.7,249.7,Borma Pasirimpun,Jalan Pesantren,tertiary,-6.905447277307376,107.67795566138108,Dekat (200-400m)
2477131880_2477132787_STOP531,6,690.2333333333332,616.1,780.2,Yuntex Raya,Jalan Purbasari,tertiary,-6.914836648327621,107.68028698376479,Sedang (400-800m)
2477131880_2477132808_STOP531,2,625.0,616.1,633.9,Yuntex Raya,,tertiary,-6.914958093044236,107.68151728060823,Sedang (400-800m)
2477131880_2477132808_STOP533,8,469.9625,336.3,629.4,SMK YPF,,tertiary,-6.916732526229945,107.68271027898636,Sedang (400-800m)
2477132787_2477131880_STOP531,6,708.5500000000001,630.0,805.3,Yuntex Raya,Jalan Purbasari,tertiary,-6.9149030245525305,107.68009543983636,Sedang (400-800m)
2477132787_2477132814_STOP531,1,805.3,805.3,805.3,Yuntex Raya,"['Jalan Purbasari', 'Jalan Cisaranten Baru', 'Jalan Gand Asari']",tertiary,-6.915365599999994,107.6792761,Jauh (>800m)
2477132787_2477132814_STOP533,20,434.53999999999996,76.1,781.9,SMK YPF,"['Jalan Purbasari', 'Jalan Cisaranten Baru', 'Jalan Gand Asari']",tertiary,-6.918344762282925,107.6811561914905,Sedang (400-800m)
2477132787_2477132887_STOP531,6,864.1666666666666,805.3,932.6,Yuntex Raya,Jalan Golf Timur IV,tertiary,-6.914988498266216,107.67821199644027,Jauh (>800m)
2477132808_2477131880_STOP531,2,638.5,623.4,653.6,Yuntex Raya,,tertiary,-6.915137735788082,107.68159970142449,Sedang (400-800m)
2477132808_2477131880_STOP533,8,451.5,324.9,606.6,SMK YPF,,tertiary,-6.916866073832082,107.6828495056882,Sedang (400-800m)
2477132808_2477132814_STOP533,7,236.55714285714285,109.1,324.9,SMK YPF,Jalan Cisaranten Kulon,secondary,-6.918614324365661,107.68466110036654,Dekat (200-400m)
2477132808_4183530886_STOP531,5,589.1,555.2,631.0,Yuntex Raya,Jalan Golf I,tertiary,-6.915077341395204,107.68543382044068,Sedang (400-800m)
2477132808_4183530886_STOP533,11,531.690909090909,324.9,702.9,SMK YPF,Jalan Golf I,tertiary,-6.916215591984796,107.68557464630118,Sedang (400-800m)
2477132808_4183530886_STOP720,7,545.0285714285714,410.8,680.8,Yonzipur 9,Jalan Golf I,tertiary,-6.914398554284296,107.68924999646508,Sedang (400-800m)
2477132814_2477132787_STOP533,21,443.83809523809526,78.7,799.5,SMK YPF,"['Jalan Purbasari', 'Jalan Cisaranten Baru', 'Jalan Gand Asari']",tertiary,-6.9182644939803675,107.68112561770988,Sedang (400-800m)
2477132814_2477132808_STOP533,7,213.4857142857143,78.7,312.6,SMK YPF,Jalan Cisaranten Kulon,secondary,-6.918830580742946,107.68471258221346,Dekat (200-400m)
2477132814_5348482654_STOP532,3,54.400000000000006,4.6,104.4,KUA Arcamanik,Jalan Cisaranten Kulon,secondary,-6.924363715637649,107.68349785298561,Sangat Dekat (<200m)
2477132814_5348482654_STOP533,4,51.55,24.8,78.7,SMK YPF,Jalan Cisaranten Kulon,secondary,-6.920677981448393,107.68432864367973,Sangat Dekat (<200m)
2477132814_5348482654_STOP534,4,48.825,6.1,90.7,K.H. Djunaedi,Jalan Cisaranten Kulon,secondary,-6.922409600252381,107.6839389126094,Sangat Dekat (<200m)
2477132814_5348482654_STOP98,1,37.9,37.9,37.9,Pangkalan Angkot Panghegar,Jalan Cisaranten Kulon,secondary,-6.923500864491708,107.68376259977866,Sangat Dekat (<200m)
2477132887_2477130409_STOP100,2,539.3,536.5,542.1,Lapas Sukamiskin,"['Jalan Arcamanik Endah', 'Jalan Pacuan Kuda']",primary,-6.909420788373413,107.67406995707213,Sedang (400-800m)
2477132887_2477130409_STOP380,10,330.26,142.3,512.5,Komplek Sarimas,"['Jalan Arcamanik Endah', 'Jalan Pacuan Kuda']",primary,-6.907587472703417,107.67303689826296,Dekat (200-400m)
2477132887_2477130409_STOP418,8,598.5875,549.8,685.4,Seberang Borma Pasirimpun,"['Jalan Arcamanik Endah', 'Jalan Pacuan Kuda']",primary,-6.910097367866687,107.6762188043623,Sedang (400-800m)
2477132887_2477130409_STOP531,9,804.6333333333333,713.2,937.9,Yuntex Raya,"['Jalan Arcamanik Endah', 'Jalan Pacuan Kuda']",primary,-6.912877410081767,107.67754844968212,Jauh (>800m)
2477132887_2477130742_STOP531,2,957.25,937.9,976.6,Yuntex Raya,Jalan Arcamanik Endah,primary,-6.914827113233289,107.67700419713563,Jauh (>800m)
2477132887_2477130742_STOP533,8,999.6624999999999,971.0,1051.1,SMK YPF,Jalan Arcamanik Endah,primary,-6.916856827421547,107.67613431834751,Jauh (>800m)
2477132887_2477130742_STOP90,2,1047.35,1035.6,1059.1,Terminal Antapani,Jalan Arcamanik Endah,primary,-6.918481691976457,107.67463441554493,Jauh (>800m)
2477132887_2477132787_STOP531,6,868.3666666666667,808.1,937.9,Yuntex Raya,Jalan Golf Timur IV,tertiary,-6.914962185542035,107.67813950233183,Jauh (>800m)
2477140738_11594016904_STOP16,6,169.20000000000002,66.4,281.8,Depan Terminal Cicaheum,Jalan Antapani,tertiary,-6.903645199333017,107.65731407048946,Sangat Dekat (<200m)
2477140738_11594016904_STOP213,7,470.0285714285714,328.0,609.2,Terminal Angkot Cicaheum,Jalan Antapani,tertiary,-6.906537242931215,107.65718492344645,Sedang (400-800m)
2477140738_11594016904_STOP505,15,557.7333333333333,484.2,642.8,bjb Antapani,Jalan Antapani,tertiary,-6.910872895314366,107.65824352819335,Sedang (400-800m)
2477140738_2519398522_STOP505,1,642.8,642.8,642.8,bjb Antapani,Jalan Terusan Jakarta,primary,-6.913508199999999,107.6594288,Sedang (400-800m)
2477140738_2519398522_STOP90,1,685.5,685.5,685.5,Terminal Antapani,Jalan Terusan Jakarta,primary,-6.913610315735995,107.65986921654104,Sedang (400-800m)
2477145871_2325451294_STOP627,2,61.9,52.7,71.1,Simpang Cicaheum,Jalan PH. H. Mustofa,trunk,-6.902086906928158,107.65482427738854,Sangat Dekat (<200m)
2477145871_5391571111_STOP627,1,52.7,52.7,52.7,Simpang Cicaheum,Jalan Jenderal Ahmad Yani,primary,-6.902105100000001,107.6550496,Sangat Dekat (<200m)
2477161772_2493372404_STOP207,1,50.7,50.7,50.7,Sulaksana,Jalan Jenderal Ahmad Yani,primary,-6.90528678448254,107.64974474800216,Sangat Dekat (<200m)
2477161772_2493372404_STOP625,2,49.1,24.2,74.0,Cimuncang,Jalan Jenderal Ahmad Yani,primary,-6.905600990088782,107.64914389249108,Sangat Dekat (<200m)
2477161772_295556217_STOP207,3,160.76666666666668,134.5,189.8,Sulaksana,Jalan Cimuncang,tertiary,-6.903930871093504,107.6492171046843,Sangat Dekat (<200m)
2477161772_295556217_STOP344,4,109.5,80.8,153.8,Cimuncang,Jalan Cimuncang,tertiary,-6.902409566895114,107.64964052085631,Sangat Dekat (<200m)
2477161772_295556217_STOP625,3,64.93333333333334,24.2,109.9,Cimuncang,Jalan Cimuncang,tertiary,-6.905258667097595,107.64897290965651,Sangat Dekat (<200m)
2477161772_5205570053_STOP208,2,51.699999999999996,26.8,76.6,Seberang Gateway Cicadas,Jalan Jenderal Ahmad Yani,primary,-6.907070024844394,107.64634125268556,Sangat Dekat (<200m)
2477161772_5205570053_STOP209,1,23.1,23.1,23.1,BCA Cimuncang,Jalan Jenderal Ahmad Yani,primary,-6.906125592843291,107.64814294137744,Sangat Dekat (<200m)
2477161772_5205570053_STOP623,4,70.65,14.1,139.6,Gateway Cicadas,Jalan Jenderal Ahmad Yani,primary,-6.907703517904208,107.64514214153101,Sangat Dekat (<200m)
2477161772_5205570053_STOP624,3,44.699999999999996,20.4,81.8,Babakan Tamim,Jalan Jenderal Ahmad Yani,primary,-6.906544454423137,107.64734173293691,Sangat Dekat (<200m)
2477161772_5205570053_STOP625,2,25.85,24.2,27.5,Cimuncang,Jalan Jenderal Ahmad Yani,primary,-6.905811238245141,107.64874370912248,Sangat Dekat (<200m)
2477710340_2628296768_STOP774,1,83.5,83.5,83.5,Stasiun Andir 2,Jalan Komodor Udara Supadio,tertiary,-6.907750299999998,107.5799239,Sangat Dekat (<200m)
2477710340_6622409117_STOP176,3,165.6,158.6,177.2,Abdurachman Saleh,Jalan Komodor Udara Supadio,tertiary,-6.90892526870432,107.58286161483106,Sangat Dekat (<200m)
2477710340_6622409117_STOP765,5,146.82,51.3,243.2,Alun-alun Cicendo 2,Jalan Komodor Udara Supadio,tertiary,-6.911058001794852,107.58833189279862,Sangat Dekat (<200m)
2477710340_6622409117_STOP767,3,264.56666666666666,261.4,270.6,Seberang Gang 5 Ciroyom,Jalan Komodor Udara Supadio,tertiary,-6.910440141762774,107.58663755262103,Dekat (200-400m)
2477710340_6622409117_STOP768,1,285.8,285.8,285.8,Gang 5 Ciroyom,Jalan Komodor Udara Supadio,tertiary,-6.910103161719062,107.58579848501466,Dekat (200-400m)
2477710340_6622409117_STOP770,5,212.4,184.1,261.4,Simpang Andir - Ciroyom 2,Jalan Komodor Udara Supadio,tertiary,-6.909606284011888,107.58453649563702,Dekat (200-400m)
2477710340_6622409117_STOP772,3,135.29999999999998,129.0,141.5,Seberang Gang Moh. 1,Jalan Komodor Udara Supadio,tertiary,-6.9084220200453395,107.58160291394682,Sangat Dekat (<200m)
2477710340_6622409117_STOP774,3,111.5,83.5,144.4,Stasiun Andir 2,Jalan Komodor Udara Supadio,tertiary,-6.907919518734958,107.58034314073336,Sangat Dekat (<200m)
2493372404_11735248696_STOP207,3,82.36666666666666,41.8,127.1,Sulaksana,Jalan Sulaksana,tertiary,-6.905693881238612,107.649874377699,Sangat Dekat (<200m)
2493372404_11735248696_STOP209,5,303.08000000000004,228.5,384.6,BCA Cimuncang,Jalan Sulaksana,tertiary,-6.908393587836163,107.64976350467005,Dekat (200-400m)
2493372404_11735248696_STOP625,2,177.6,161.6,193.6,Cimuncang,Jalan Sulaksana,tertiary,-6.906819266526668,107.64990793064595,Sangat Dekat (<200m)
2493372404_11735248696_STOP87,7,198.58571428571432,52.9,347.8,Borma Antapani,Jalan Sulaksana,tertiary,-6.911092296407313,107.64962304212474,Sangat Dekat (<200m)
2493372404_2477161772_STOP207,1,41.8,41.8,41.8,Sulaksana,Jalan Jenderal Ahmad Yani,primary,-6.905249299999997,107.6498165,Sangat Dekat (<200m)
2493372404_2477161772_STOP625,2,58.0,33.0,83.0,Cimuncang,Jalan Jenderal Ahmad Yani,primary,-6.905562977361929,107.64921536400826,Sangat Dekat (<200m)
2493372404_3271894417_STOP207,6,98.98333333333333,11.6,210.5,Sulaksana,Jalan Jenderal Ahmad Yani,primary,-6.904722406886319,107.65081620690673,Sangat Dekat (<200m)
2493372404_3271894417_STOP626,3,140.26666666666665,90.1,190.5,Polsek Cibeunying Kidul,Jalan Jenderal Ahmad Yani,primary,-6.903772339362167,107.65261486501822,Sangat Dekat (<200m)
2500902317_5847788419_STOP334,1,526.1,526.1,526.1,Bangunan Mart A,Bunderan Raya-4,tertiary,-6.954181200000001,107.6287449,Sedang (400-800m)
2500902327_3272344712_STOP595,4,230.45,185.2,257.2,Timur Simpang Batununggal,Jalan Waas,tertiary,-6.951352117138779,107.62642626636779,Dekat (200-400m)
2500902327_7219072027_STOP595,1,252.4,252.4,252.4,Timur Simpang Batununggal,Jalan Waas,tertiary,-6.951626099999999,107.6268882,Dekat (200-400m)
2500902328_5847788396_STOP334,1,494.9,494.9,494.9,Bangunan Mart A,Bunderan Raya-1,tertiary,-6.953876499999994,107.6274257,Sedang (400-800m)
2500902333_5353900365_STOP335,7,1272.457142857143,1166.5,1381.4,LPKIA A,Jalan Batununggal Indah II,tertiary,-6.960960947411205,107.62471201598328,Jauh (>800m)
2500902333_5458167262_STOP335,1,1381.4,1381.4,1381.4,LPKIA A,Bunderan Pasar Modern Batununggal,tertiary,-6.961879400000007,107.6257091,Jauh (>800m)
2501590821_5847788388_STOP335,1,414.6,414.6,414.6,LPKIA A,Jalan Batununggal Indah Raya,tertiary,-6.953270299999995,107.6245342,Sedang (400-800m)
2518040289_11310497696_STOP402,4,214.55,198.0,242.0,RSUD Ujungberung,Jalan Abdul Haris Nasution,trunk,-6.9140755340211575,107.6987089595661,Dekat (200-400m)
2518040289_11310497696_STOP720,9,158.2888888888889,12.5,343.4,Yonzipur 9,Jalan Abdul Haris Nasution,trunk,-6.91275761516397,107.69280499108089,Sangat Dekat (<200m)
2518040289_11310497696_STOP95,7,106.38571428571429,22.5,229.7,SDN Andir Kidul,Jalan Abdul Haris Nasution,trunk,-6.913817339643598,107.6962547456072,Sangat Dekat (<200m)
2518040289_3380407826_STOP402,22,372.65909090909093,5.5,853.2,RSUD Ujungberung,Jalan Rumah Sakit,primary,-6.918660299425369,107.6983103441787,Dekat (200-400m)
2518040289_3380407826_STOP422,2,857.7,832.8,882.6,Seberang Jalan Pasar Induk,Jalan Rumah Sakit,primary,-6.923676982339418,107.6963394610911,Jauh (>800m)
2518040289_5354200473_STOP101,1,227.4,227.4,227.4,Terminal Ujungberung,Jalan Abdul Haris Nasution,trunk,-6.914085704018104,107.70073360583432,Dekat (200-400m)
2518040289_5354200473_STOP402,3,213.03333333333333,198.0,230.5,RSUD Ujungberung,Jalan Abdul Haris Nasution,trunk,-6.914077581601998,107.6998327187835,Dekat (200-400m)
2518053983_13141223516_STOP114,3,51.23333333333333,6.0,98.9,Simpang Derwati,Jalan Gedebage Selatan,primary,-6.9662737120272675,107.68670068833826,Sangat Dekat (<200m)
2518053983_5993042008_STOP114,1,6.0,6.0,6.0,Simpang Derwati,Jalan Gedebage Selatan,primary,-6.966719500000007,107.6866274,Sangat Dekat (<200m)
2518053983_5993042022_STOP114,12,252.34166666666667,6.0,489.0,Simpang Derwati,Jalan Pendamping SOR GBLA,tertiary,-6.968330518484759,107.68815945138157,Dekat (200-400m)
2518070484_2634710028_STOP230,2,126.35,102.0,150.7,Bundaran Cibiru,Jalan Soekarno-Hatta,secondary,-6.935172731843913,107.71647472903365,Sangat Dekat (<200m)
2518070484_2634710028_STOP356,3,210.46666666666667,161.1,260.0,Panyileukan,Jalan Soekarno-Hatta,secondary,-6.93533701886204,107.71399364654299,Dekat (200-400m)
2518070484_2634710028_STOP379,3,217.5666666666667,193.2,244.7,Pangkalan DAMRI Cibiru,Jalan Soekarno-Hatta,secondary,-6.935246952070515,107.71534694368734,Dekat (200-400m)
2518073283_11499132688_STOP387,5,523.9399999999999,519.2,533.5,Dayana,Jalan Pendamping SOR GBLA,tertiary,-6.967425029094613,107.70349288178215,Sedang (400-800m)
2518073283_5993042057_STOP387,1,533.5,533.5,533.5,Dayana,,tertiary_link,-6.967726299999995,107.7026413,Sedang (400-800m)
2518074025_11136401953_STOP821,5,96.32000000000001,13.6,192.2,Gerbang Merah GBLA 1,Jalan Pintu Masuk GBLA,tertiary,-6.959188637460566,107.71454258459008,Sangat Dekat (<200m)
2518074025_11136401953_STOP822,6,96.26666666666667,9.3,205.7,Gerbang Merah GBLA 2,Jalan Pintu Masuk GBLA,tertiary,-6.959096626375307,107.71205818627784,Sangat Dekat (<200m)
2518074025_11136401953_STOP823,1,233.2,233.2,233.2,Gerbang Biru GBLA 1,Jalan Pintu Masuk GBLA,tertiary,-6.959069800000009,107.7104759,Dekat (200-400m)
2518074025_5479191291_STOP823,1,233.2,233.2,233.2,Gerbang Biru GBLA 1,Jalan Pintu Masuk GBLA,tertiary,-6.959069800000009,107.7104759,Dekat (200-400m)
2518074025_9803456826_STOP822,11,443.3545454545454,270.6,650.2,Gerbang Merah GBLA 2,,tertiary,-6.961736939610005,107.70999357138403,Sedang (400-800m)
2518074025_9803456826_STOP823,1,233.2,233.2,233.2,Gerbang Biru GBLA 1,,tertiary,-6.959069800000009,107.7104759,Dekat (200-400m)
2518075049_2518075055_STOP387,2,541.85,529.1,554.6,Dayana,,secondary_link,-6.966454372785183,107.70553545387875,Sedang (400-800m)
2518075049_2518075057_STOP387,2,565.05,554.6,575.5,Dayana,Jalan Pendamping SOR GBLA,tertiary,-6.966578546454359,107.70570464727675,Sedang (400-800m)
2518075055_11199413649_STOP387,10,374.03000000000003,307.2,523.8,Dayana,Jalan Rancanumpang,"['secondary', 'secondary_link']",-6.964459241745918,107.70496608009168,Dekat (200-400m)
2518075055_2518075057_STOP387,2,547.8499999999999,523.8,571.9,Dayana,,secondary_link,-6.966312000739715,107.70575394013302,Sedang (400-800m)
2518075057_11027050165_STOP387,1,582.5,582.5,582.5,Dayana,,tertiary_link,-6.966452800000007,107.7060477,Sedang (400-800m)
2518075057_6377290515_STOP387,8,672.45,582.5,779.4,Dayana,Jalan Pendamping SOR GBLA,tertiary,-6.9657266105386295,107.70745344274104,Sedang (400-800m)
2518075057_6377290515_STOP822,1,749.6,749.6,749.6,Gerbang Merah GBLA 2,Jalan Pendamping SOR GBLA,tertiary,-6.964770522668182,107.70924885629655,Sedang (400-800m)
2519395099_2519403293_STOP505,11,610.709090909091,439.7,774.9,bjb Antapani,Jalan Purwakarta,tertiary,-6.9170461263187715,107.65638101724204,Sedang (400-800m)
2519395099_2519403293_STOP90,8,632.3625,467.5,794.8,Terminal Antapani,Jalan Purwakarta,tertiary,-6.917349939158825,107.66056518790386,Sedang (400-800m)
2519395099_3270445568_STOP90,9,554.8,467.5,642.7,Terminal Antapani,Jalan Kuningan,primary,-6.915475017844757,107.66094028501098,Sedang (400-800m)
2519395099_3270489638_STOP90,3,460.8666666666666,456.2,467.5,Terminal Antapani,Jalan Kuningan,primary,-6.917288263181084,107.662258206374,Sedang (400-800m)
2519398522_3270445568_STOP90,1,641.4,641.4,641.4,Terminal Antapani,Jalan Kuningan,primary,-6.913693699999994,107.6602571,Sedang (400-800m)
2519398522_5865212130_STOP90,4,566.1,490.8,641.4,Terminal Antapani,Jalan Terusan Jakarta,primary,-6.913831160118362,107.66092117033523,Sedang (400-800m)
2519403290_3270434503_STOP505,1,155.0,155.0,155.0,bjb Antapani,Jalan Subang,tertiary,-6.912440500000006,107.6551641,Sangat Dekat (<200m)
2519403290_5394983542_STOP505,8,329.8125,155.0,502.0,bjb Antapani,Jalan Terusan Jakarta,primary,-6.912650219641946,107.65671941500587,Dekat (200-400m)
2519403293_2519395099_STOP505,12,616.0583333333333,429.0,799.2,bjb Antapani,Jalan Purwakarta,tertiary,-6.9170381748743965,107.65645752896891,Sedang (400-800m)
2519403293_2519395099_STOP90,7,625.0285714285714,484.0,763.6,Terminal Antapani,Jalan Purwakarta,tertiary,-6.917368686255535,107.66064270977878,Sedang (400-800m)
2519403293_3270416574_STOP504,5,150.36,58.8,247.5,Stikes Dharma Husada,Jalan Purwakarta,tertiary,-6.913606000774493,107.65169114622574,Sangat Dekat (<200m)
2519403293_3270416574_STOP505,6,354.8666666666666,291.6,429.0,bjb Antapani,Jalan Purwakarta,tertiary,-6.915425048504335,107.65335624857441,Dekat (200-400m)
2519403293_3270434503_STOP505,9,286.4,160.2,429.0,bjb Antapani,Jalan Subang,tertiary,-6.914519588270134,107.6548539511793,Dekat (200-400m)
2519403309_3270489638_STOP451,2,1275.0,1250.5,1299.5,Sanggar Hurip,"['Jalan Cibodas Raya', 'Jalan Kuningan']",tertiary,-6.927485020191201,107.6648966113173,Jauh (>800m)
2519403309_3270489638_STOP90,23,835.3217391304348,456.3,1295.4,Terminal Antapani,"['Jalan Cibodas Raya', 'Jalan Kuningan']",tertiary,-6.922325917359715,107.66410058918186,Jauh (>800m)
2519403309_3359249111_STOP142,11,1282.990909090909,1255.3,1341.8,Kawaluyaan,"['Randu Sari Raya', 'Jalan Pratista Timur', 'Jalan Pratista Barat', 'Jalan Randu Sari Raya', 'Jalan Babakansari', 'Jalan Babakan Sari 1', 'Jalan Babakan Sari', 'Jalan Babakansari I']",tertiary,-6.927589094268608,107.66218371022833,Jauh (>800m)
2519403309_3359249111_STOP211,19,455.2684210526316,37.7,896.4,Griya Kiaracondong,"['Randu Sari Raya', 'Jalan Pratista Timur', 'Jalan Pratista Barat', 'Jalan Randu Sari Raya', 'Jalan Babakansari', 'Jalan Babakan Sari 1', 'Jalan Babakan Sari', 'Jalan Babakansari I']",tertiary,-6.922254481538523,107.64853558844747,Sedang (400-800m)
2519403309_3359249111_STOP442,6,1387.2666666666667,1337.8,1477.2,Suparma,"['Randu Sari Raya', 'Jalan Pratista Timur', 'Jalan Pratista Barat', 'Jalan Randu Sari Raya', 'Jalan Babakansari', 'Jalan Babakan Sari 1', 'Jalan Babakan Sari', 'Jalan Babakansari I']",tertiary,-6.927135013666965,107.65880808194515,Jauh (>800m)
2519403309_3359249111_STOP451,1,1250.5,1250.5,1250.5,Sanggar Hurip,"['Randu Sari Raya', 'Jalan Pratista Timur', 'Jalan Pratista Barat', 'Jalan Randu Sari Raya', 'Jalan Babakansari', 'Jalan Babakan Sari 1', 'Jalan Babakan Sari', 'Jalan Babakansari I']",tertiary,-6.927710900000003,107.6648931,Jauh (>800m)
2519403309_3359249111_STOP839,17,1142.7,944.5,1463.8,Stasiun Kiaracondong,"['Randu Sari Raya', 'Jalan Pratista Timur', 'Jalan Pratista Barat', 'Jalan Randu Sari Raya', 'Jalan Babakansari', 'Jalan Babakan Sari 1', 'Jalan Babakan Sari', 'Jalan Babakansari I']",tertiary,-6.924697218967219,107.65471714412641,Jauh (>800m)
2519403309_3359249111_STOP90,2,1469.0500000000002,1464.4,1473.7,Terminal Antapani,"['Randu Sari Raya', 'Jalan Pratista Timur', 'Jalan Pratista Barat', 'Jalan Randu Sari Raya', 'Jalan Babakansari', 'Jalan Babakan Sari 1', 'Jalan Babakan Sari', 'Jalan Babakansari I']",tertiary,-6.9259017649328225,107.6580909904106,Jauh (>800m)
2519403309_4123957908_STOP451,7,1251.2714285714285,1243.2,1269.0,Sanggar Hurip,Jalan Parakan Saat,tertiary,-6.927533408234718,107.66623632415401,Jauh (>800m)
2519873343_5392239235_STOP34,3,38.8,14.7,63.8,BTM,Jalan H. Ibrahim Adjie,primary,-6.911252487603044,107.64348338232645,Sangat Dekat (<200m)
2519873343_5392239235_STOP621,1,28.3,28.3,28.3,Pos Polisi Cicadas,Jalan H. Ibrahim Adjie,primary,-6.909454199999994,107.6433049,Sangat Dekat (<200m)
2519873343_5392239235_STOP622,2,27.6,13.1,42.1,Simpang Cicadas Kiaracondong,Jalan H. Ibrahim Adjie,primary,-6.910128087123086,107.64337584908674,Sangat Dekat (<200m)
2519873343_5392239235_STOP632,2,25.849999999999998,12.9,38.8,Stikom Bandung,Jalan H. Ibrahim Adjie,primary,-6.912378096143814,107.64357661911886,Sangat Dekat (<200m)
2519917283_2519917292_STOP575,1,173.7,173.7,173.7,Tugu PKK Citarum,Jalan Supratman,primary,-6.901079499999998,107.6262773,Sangat Dekat (<200m)
2519917283_6637726062_STOP524,4,134.375,109.3,174.9,Taman Pusdai,Jalan Pusdai,tertiary,-6.900206033751384,107.62683618944169,Sangat Dekat (<200m)
2519917283_6637726062_STOP575,1,173.7,173.7,173.7,Tugu PKK Citarum,Jalan Pusdai,tertiary,-6.901079499999998,107.6262773,Sangat Dekat (<200m)
2519917284_2519917283_STOP575,3,134.16666666666666,97.7,171.8,Tugu PKK Citarum,Jalan Diponegoro,primary,-6.901046125934447,107.62580728028509,Sangat Dekat (<200m)
2519917284_5832181364_STOP575,1,97.7,97.7,97.7,Tugu PKK Citarum,Jalan Citarum,tertiary,-6.9010410999999925,107.6253576,Sangat Dekat (<200m)
2519917288_25450539_STOP151,3,65.5,16.0,115.3,Seberang  Museum Geologi,Jalan Diponegoro,primary,-6.901206704588226,107.62169129862161,Sangat Dekat (<200m)
2519917288_25450539_STOP575,1,73.0,73.0,73.0,Tugu PKK Citarum,Jalan Diponegoro,primary,-6.901125299999994,107.624855,Sangat Dekat (<200m)
2519917288_25450539_STOP615,3,47.300000000000004,15.8,87.9,Seberang Jalan Melania RRI Bandung,Jalan Diponegoro,primary,-6.901175489119456,107.62304729827768,Sangat Dekat (<200m)
2519917288_25450539_STOP76,2,25.95,25.2,26.7,PUSDAI B,Jalan Diponegoro,primary,-6.901150762974995,107.62417732322425,Sangat Dekat (<200m)
2519917292_1666714186_STOP575,3,218.76666666666665,194.0,246.4,Tugu PKK Citarum,Jalan Supratman,primary,-6.901743147103455,107.62682299462777,Dekat (200-400m)
2519917308_3376282077_STOP174,1,57.7,57.7,57.7,SDN 062 Ciujung Bandung (Lapangan Supratman B),Jalan Supratman,primary,-6.906971800000004,107.6301321,Sangat Dekat (<200m)
2519917308_3376282077_STOP555,1,43.2,43.2,43.2,Seberang Telkom Supratman,Jalan Supratman,primary,-6.906589879672341,107.62989053906294,Sangat Dekat (<200m)
2519917308_5842007853_STOP174,1,57.7,57.7,57.7,SDN 062 Ciujung Bandung (Lapangan Supratman B),Jalan Lapang Supratman,tertiary,-6.906971800000004,107.6301321,Sangat Dekat (<200m)
2519917309_5841989830_STOP11,1,35.9,35.9,35.9,Pussenif,Jalan Lapang Supratman,tertiary,-6.907676799999997,107.6307097,Sangat Dekat (<200m)
2519917309_6609199259_STOP11,2,32.7,29.5,35.9,Pussenif,Jalan Supratman,primary,-6.907865804185572,107.63083353349815,Sangat Dekat (<200m)
2519917312_10154700114_STOP177,1,18.0,18.0,18.0,Supratman 1,Jalan Supratman,primary,-6.910164300000002,107.6323234,Sangat Dekat (<200m)
2519917312_10154700114_STOP187,2,34.849999999999994,21.4,48.3,SPBU Ahmad Yani,Jalan Supratman,primary,-6.913006539613896,107.63416678941076,Sangat Dekat (<200m)
2519917312_10154700114_STOP512,2,26.0,24.5,27.5,SMPN 22 Bandung,Jalan Supratman,primary,-6.9122357507292085,107.63369600329665,Sangat Dekat (<200m)
2519917312_10154700114_STOP513,1,31.2,31.2,31.2,Supratman Cikaso,Jalan Supratman,primary,-6.910542699635415,107.63257045400336,Sangat Dekat (<200m)
2519917312_10154700114_STOP633,1,33.9,33.9,33.9,Seberang SMP Negeri 22 Bandung,Jalan Supratman,primary,-6.911679131938198,107.63330970899035,Sangat Dekat (<200m)
2519917312_10154700114_STOP635,2,33.6,20.8,46.4,Sancta Angela Supratman,Jalan Supratman,primary,-6.911111995049454,107.63293844224472,Sangat Dekat (<200m)
2519917312_1849960589_STOP177,1,18.0,18.0,18.0,Supratman 1,Jalan Cikaso,tertiary,-6.910164300000002,107.6323234,Sangat Dekat (<200m)
2519917312_1849960589_STOP512,2,199.2,190.7,207.7,SMPN 22 Bandung,Jalan Cikaso,tertiary,-6.910840458514297,107.63489253785556,Sangat Dekat (<200m)
2519917312_1849960589_STOP513,3,73.03333333333335,48.4,104.5,Supratman Cikaso,Jalan Cikaso,tertiary,-6.9101045634785665,107.63304266229763,Sangat Dekat (<200m)
2519917312_1849960589_STOP635,2,158.25,143.4,173.1,Sancta Angela Supratman,Jalan Cikaso,tertiary,-6.910537377001332,107.63404071892035,Sangat Dekat (<200m)
2520649113_5293711619_STOP669,1,215.5,215.5,215.5,Gedung Sate,Jalan Hayam Wuruk,tertiary,-6.9033908,107.617246,Dekat (200-400m)
2520649143_1849525827_STOP805,2,42.95,31.0,54.9,BPK Penabur Banda,Jalan Bahureksa,tertiary,-6.905159966177048,107.61637084421383,Sangat Dekat (<200m)
2520649143_6445776996_STOP805,5,129.5,31.0,225.7,BPK Penabur Banda,Jalan Banda,tertiary,-6.904295744707618,107.61677733645074,Sangat Dekat (<200m)
2520649152_11727886518_STOP559,2,25.799999999999997,25.2,26.4,Yayasan Taruna Bakti,Jalan L.L. RE. Martadinata,secondary,-6.906093451460144,107.61838322546183,Sangat Dekat (<200m)
2520649152_11727886518_STOP562,1,54.9,54.9,54.9,TK Taruna Bakti,Jalan L.L. RE. Martadinata,secondary,-6.906020699999999,107.61905690000002,Sangat Dekat (<200m)
2520649152_11727886518_STOP564,2,35.4,11.1,59.7,Graha Pos,Jalan L.L. RE. Martadinata,secondary,-6.906172076834645,107.61702963313024,Sangat Dekat (<200m)
2520649152_11727886518_STOP565,1,33.4,33.4,33.4,Heritage,Jalan L.L. RE. Martadinata,secondary,-6.906124919541586,107.6177058807995,Sangat Dekat (<200m)
2520649152_3278058148_STOP562,3,81.43333333333334,54.9,112.6,TK Taruna Bakti,Jalan Madura,tertiary,-6.90645430073442,107.6191752089544,Sangat Dekat (<200m)
2520649152_5408954335_STOP562,3,35.6,5.6,54.9,TK Taruna Bakti,Jalan L.L. RE. Martadinata,secondary,-6.905941871523535,107.61950157194356,Sangat Dekat (<200m)
2520649152_5408954335_STOP567,2,25.7,14.6,36.8,De Pavilijoen,Jalan L.L. RE. Martadinata,secondary,-6.905876976585413,107.62062393601408,Sangat Dekat (<200m)
2520649169_10793008258_STOP800,1,74.3,74.3,74.3,RSIA Limijati,Jalan L.L. RE. Martadinata,secondary,-6.907036400000007,107.6126957,Sangat Dekat (<200m)
2520649169_25434520_STOP685,4,60.47500000000001,19.6,119.7,Jalan Trunojoyo Riau Junction,Jalan Trunojoyo,tertiary,-6.906051239591912,107.61297935151185,Sangat Dekat (<200m)
2520649169_25434520_STOP800,1,74.3,74.3,74.3,RSIA Limijati,Jalan Trunojoyo,tertiary,-6.907036400000007,107.6126957,Sangat Dekat (<200m)
2520649169_5358055095_STOP156,2,26.5,14.5,38.5,Riau Junction,Jalan L.L. RE. Martadinata,secondary,-6.907049930710778,107.61156710339401,Sangat Dekat (<200m)
2520649169_5358055095_STOP306,1,50.3,50.3,50.3,Hotel The-One-O-One B,Jalan L.L. RE. Martadinata,secondary,-6.907002969297724,107.6108906848991,Sangat Dekat (<200m)
2520649169_5358055095_STOP548,1,37.8,37.8,37.8,Hotel Santika,Jalan L.L. RE. Martadinata,secondary,-6.907064774112591,107.61224458999716,Sangat Dekat (<200m)
2520649169_5358055095_STOP800,1,74.3,74.3,74.3,RSIA Limijati,Jalan L.L. RE. Martadinata,secondary,-6.907036400000007,107.6126957,Sangat Dekat (<200m)
2520649200_1849525943_STOP569,1,37.7,37.7,37.7,Aceh Taman Pramuka,Jalan Aceh 108,secondary,-6.910263499999999,107.62594710000002,Sangat Dekat (<200m)
2520649200_2520790639_STOP569,3,37.13333333333333,12.1,61.6,Aceh Taman Pramuka,Jalan Aceh,secondary,-6.91022403731107,107.62551795754315,Sangat Dekat (<200m)
2520649200_2520790639_STOP695,3,121.96666666666665,85.7,161.2,Simpang Menado - Aceh 2,Jalan Aceh,secondary,-6.909413474043659,107.62200622619783,Sangat Dekat (<200m)
2520649200_2520790639_STOP817,5,65.0,21.0,120.6,Simpang Aceh Tongkeng,Jalan Aceh,secondary,-6.909839796603386,107.62376362003052,Sangat Dekat (<200m)
2520649218_2520649232_STOP219,1,96.0,96.0,96.0,Flyover Antapani,,primary_link,-6.913473599999997,107.643707,Sangat Dekat (<200m)
2520649218_3270422962_STOP219,1,96.0,96.0,96.0,Flyover Antapani,Jalan H. Ibrahim Adjie,primary,-6.913473599999997,107.643707,Sangat Dekat (<200m)
2520649220_8123220109_STOP44,1,53.9,53.9,53.9,Simpang Supratman - Ahmad Yani,Jalan Jenderal Ahmad Yani,primary,-6.9133894000000025,107.6343799,Sangat Dekat (<200m)
2520649232_3229412583_STOP219,1,118.4,118.4,118.4,Flyover Antapani,Jalan Terusan Jakarta,primary,-6.913596399999992,107.6439909,Sangat Dekat (<200m)
2520649232_3229412583_STOP503,2,99.65,74.5,124.8,RSIA Grha Bunda,Jalan Terusan Jakarta,primary,-6.913506225894221,107.64466306277684,Sangat Dekat (<200m)
2520649239_5391666896_STOP247,3,45.63333333333333,20.9,82.7,IBCC,Jalan Jenderal Ahmad Yani,primary,-6.91440973547073,107.63254118744312,Sangat Dekat (<200m)
2520649239_5391666896_STOP248,1,18.7,18.7,18.7,Jalan Bengawan,Jalan Jenderal Ahmad Yani,primary,-6.913988800000006,107.6333413,Sangat Dekat (<200m)
2520649239_5391666896_STOP249,2,56.95,32.6,81.3,Jalan Mangga,Jalan Jenderal Ahmad Yani,primary,-6.914937918962037,107.63154208706695,Sangat Dekat (<200m)
2520649239_6609222560_STOP248,1,18.7,18.7,18.7,Jalan Bengawan,Jalan Jenderal Ahmad Yani,primary,-6.913988800000006,107.6333413,Sangat Dekat (<200m)
2520649249_1849960313_STOP45,3,90.89999999999999,40.8,141.1,DPRD Kota Bandung,Jalan Sukabumi,primary,-6.914954652114787,107.63461541463272,Sangat Dekat (<200m)
2520649249_1849960313_STOP610,1,8.3,8.3,8.3,Jalan Cianjur,Jalan Sukabumi,primary,-6.915845965359436,107.63446649772064,Sangat Dekat (<200m)
2520649249_8123220089_STOP45,1,141.1,141.1,141.1,DPRD Kota Bandung,Jalan Sukabumi,primary,-6.914509000000001,107.6346899,Sangat Dekat (<200m)
2520723803_2519873343_STOP621,5,86.16,15.0,167.2,Pos Polisi Cicadas,"['Jalan Jenderal Ahmad Yani', 'Jalan H. Ibrahim Adjie']",primary,-6.909161372541595,107.64263352158389,Sangat Dekat (<200m)
2520723803_5205570048_STOP621,5,100.97999999999999,59.4,167.2,Pos Polisi Cicadas,Jalan Jenderal Ahmad Yani,primary,-6.908990516378518,107.64265924842273,Sangat Dekat (<200m)
2520723804_1849960008_STOP251,4,80.15,21.8,139.8,Simpang Cikaso - Bogor,Jalan Bogor,tertiary,-6.912442976417617,107.63750216641012,Sangat Dekat (<200m)
2520723804_1849960008_STOP613,3,97.86666666666667,64.2,136.8,Kota Kembang Permai,Jalan Bogor,tertiary,-6.913961995058156,107.63730183029304,Sangat Dekat (<200m)
2520723804_2520723803_STOP250,7,91.68571428571428,16.9,185.9,Jembar Awi Bitung,Jalan Jenderal Ahmad Yani,primary,-6.910542225526135,107.63980487081452,Sangat Dekat (<200m)
2520723804_2520723803_STOP251,3,71.43333333333334,21.8,121.3,Simpang Cikaso - Bogor,Jalan Jenderal Ahmad Yani,primary,-6.911605722198004,107.63781047362863,Sangat Dekat (<200m)
2520723804_2520723803_STOP621,2,200.60000000000002,176.4,224.8,Pos Polisi Cicadas,Jalan Jenderal Ahmad Yani,primary,-6.90958910439257,107.64160195878222,Dekat (200-400m)
2520759347_1849907073_STOP273,1,7.4,7.4,7.4,Hotel Grand Tebu,Jalan L.L. RE. Martadinata,secondary,-6.913477956078816,107.6291302503499,Sangat Dekat (<200m)
2520759347_1849907073_STOP43,2,32.45,27.6,37.3,Anggrek,Jalan L.L. RE. Martadinata,secondary,-6.912901294644176,107.62877780258391,Sangat Dekat (<200m)
2520759347_1849907073_STOP563,3,98.23333333333333,48.3,148.3,Seberang Hotel Grand Tebu,Jalan L.L. RE. Martadinata,secondary,-6.91433041974005,107.62942862497296,Sangat Dekat (<200m)
2520759347_3277871574_STOP249,1,140.5,140.5,140.5,Jalan Mangga,Jalan L.L. RE. Martadinata,secondary,-6.915146782676764,107.629792023679,Sangat Dekat (<200m)
2520759347_3277871574_STOP563,1,148.3,148.3,148.3,Seberang Hotel Grand Tebu,Jalan L.L. RE. Martadinata,secondary,-6.914757600000003,107.6295758,Sangat Dekat (<200m)
2520790639_10101152065_STOP662,1,69.3,69.3,69.3,Simpang Menado - Aceh 1,Jalan Cihapit,tertiary,-6.909217799999994,107.6211862,Sangat Dekat (<200m)
2520790639_10101152065_STOP663,1,34.1,34.1,34.1,Polsek Bandung Wetan 1,Jalan Cihapit,tertiary,-6.908786568669168,107.62132107327072,Sangat Dekat (<200m)
2520790639_10101152065_STOP664,2,48.85,27.0,70.7,Pasar Cihapit 1,Jalan Cihapit,tertiary,-6.907894402952009,107.62269050887119,Sangat Dekat (<200m)
2520790639_10101152065_STOP693,1,22.8,22.8,22.8,Pasar Cihapit 2,Jalan Cihapit,tertiary,-6.907956091082628,107.6227144927216,Sangat Dekat (<200m)
2520790639_10101152065_STOP694,2,25.0,8.6,41.4,Polsek Bandung Wetan 2,Jalan Cihapit,tertiary,-6.9082463944302965,107.62167755424471,Sangat Dekat (<200m)
2520790639_2520649200_STOP569,2,30.7,6.5,54.9,Aceh Taman Pramuka,Jalan Aceh,secondary,-6.910217427977338,107.62536313835255,Sangat Dekat (<200m)
2520790639_2520649200_STOP662,1,69.3,69.3,69.3,Simpang Menado - Aceh 1,Jalan Aceh,secondary,-6.909217799999994,107.6211862,Sangat Dekat (<200m)
2520790639_2520649200_STOP695,2,106.8,89.3,124.3,Simpang Menado - Aceh 2,Jalan Aceh,secondary,-6.909374433481851,107.62184603298998,Sangat Dekat (<200m)
2520790639_2520649200_STOP817,6,80.45,14.8,164.0,Simpang Aceh Tongkeng,Jalan Aceh,secondary,-6.909801019758125,107.62360337601426,Sangat Dekat (<200m)
2520790639_6461589858_STOP662,1,69.3,69.3,69.3,Simpang Menado - Aceh 1,Jalan Aceh,secondary,-6.909217799999994,107.6211862,Sangat Dekat (<200m)
2539986925_11149984616_STOP483,1,269.0,269.0,269.0,Abdul Rivai,Jalan dr. Rajiman,primary,-6.903885099999993,107.60146210000002,Dekat (200-400m)
2539986925_1706564149_STOP483,1,269.0,269.0,269.0,Abdul Rivai,Bundaran Rajiman,primary,-6.903885099999993,107.60146210000002,Dekat (200-400m)
2539986928_2962096532_STOP196,3,185.4,146.9,225.6,Linggawastu,Jalan Cihampelas,primary,-6.9026775478168565,107.60432781011245,Sangat Dekat (<200m)
2539986928_2962096532_STOP353,3,218.03333333333333,188.2,250.1,GKI Pasteur,Jalan Cihampelas,primary,-6.901322830259275,107.60428438712694,Dekat (200-400m)
2539986928_2962096532_STOP483,2,96.25,77.8,114.7,Abdul Rivai,Jalan Cihampelas,primary,-6.903806693503524,107.60435874474572,Sangat Dekat (<200m)
2539998095_1658958704_STOP123,1,88.5,88.5,88.5,Taman Westhoff,,trunk_link,-6.900386299999992,107.5977337,Sangat Dekat (<200m)
2539998095_2958261192_STOP123,1,88.5,88.5,88.5,Taman Westhoff,Jalan Pasteur,trunk,-6.900386299999992,107.5977337,Sangat Dekat (<200m)
2539998099_2325450314_STOP81,1,65.3,65.3,65.3,Djunjunan Paskal,Jalan Pasir Kaliki,primary,-6.900207800000001,107.5973566,Sangat Dekat (<200m)
2539998099_2958261185_STOP81,1,65.3,65.3,65.3,Djunjunan Paskal,Jalan Dokter Djundjunan Setiakusumah,trunk,-6.900207800000001,107.5973566,Sangat Dekat (<200m)
25432842_1849525914_STOP263,1,66.9,66.9,66.9,Taman Pramuka,Jalan Laksamana Laut Raden Eddy Martadinata,secondary,-6.911049800000003,107.627074,Sangat Dekat (<200m)
25432842_1849525943_STOP263,1,66.9,66.9,66.9,Taman Pramuka,Jalan L.L. RE. Martadinata,secondary,-6.911049800000003,107.627074,Sangat Dekat (<200m)
25432842_1849525943_STOP42,1,21.3,21.3,21.3,Tugu Tunas Taman Pramuka,Jalan L.L. RE. Martadinata,secondary,-6.910414640435293,107.62643085079333,Sangat Dekat (<200m)
25432842_1849525943_STOP511,1,27.2,27.2,27.2,Taman Pramuka,Jalan L.L. RE. Martadinata,secondary,-6.910732570962396,107.6267520738834,Sangat Dekat (<200m)
25432842_1849525943_STOP561,1,55.9,55.9,55.9,Riau Aceh,Jalan L.L. RE. Martadinata,secondary,-6.9100989711965095,107.62610744061172,Sangat Dekat (<200m)
25432842_1849907073_STOP263,1,66.9,66.9,66.9,Taman Pramuka,Jalan L.L. RE. Martadinata,secondary,-6.911049800000003,107.627074,Sangat Dekat (<200m)
25432842_1849907073_STOP43,1,75.7,75.7,75.7,Anggrek,Jalan L.L. RE. Martadinata,secondary,-6.912329606208828,107.62834926483424,Sangat Dekat (<200m)
25432842_1849907073_STOP649,3,39.7,17.2,66.4,Jalan Johar,Jalan L.L. RE. Martadinata,secondary,-6.911678261344368,107.6277237299065,Sangat Dekat (<200m)
25432860_2325452126_STOP147,1,107.5,107.5,107.5,Stadion Persib Sidolig,Jalan Jenderal Ahmad Yani,primary,-6.915748799999999,107.6299627,Sangat Dekat (<200m)
25432860_3277871561_STOP147,1,107.5,107.5,107.5,Stadion Persib Sidolig,Jalan L.L. RE. Martadinata,secondary,-6.915748799999999,107.6299627,Sangat Dekat (<200m)
25432923_11367517448_STOP274,1,26.9,26.9,26.9,Bandung Creative Hub A,Jalan Laswi,primary,-6.918578400000004,107.6314478,Sangat Dekat (<200m)
25432923_12809462426_STOP274,2,40.5,26.9,54.1,Bandung Creative Hub A,Jalan Sukabumi,primary,-6.918482083565133,107.63165220175003,Sangat Dekat (<200m)
25433301_13022549201_STOP340,1,243.1,243.1,243.1,SMA Negeri 3 dan 5 Bandung,Jalan Aceh,secondary,-6.9098614000000005,107.6153427,Dekat (200-400m)
25433301_5360090932_STOP340,1,243.1,243.1,243.1,SMA Negeri 3 dan 5 Bandung,Jalan Aceh,secondary,-6.9098614000000005,107.6153427,Dekat (200-400m)
25433364_10793008429_STOP304,1,71.1,71.1,71.1,Taman Sejarah Balai Kota Bandung,Jalan Aceh,secondary,-6.909795000000007,107.610654,Sangat Dekat (<200m)
25433364_5358208117_STOP304,2,80.4,71.1,89.7,Taman Sejarah Balai Kota Bandung,Jalan Aceh,secondary,-6.909781850005096,107.61087918102136,Sangat Dekat (<200m)
25433364_5358208117_STOP673,2,72.2,54.9,89.5,Taman Pertigaan Pujasera,Jalan Aceh,secondary,-6.909772401203234,107.61178253354001,Sangat Dekat (<200m)
25433364_7687331829_STOP304,1,71.1,71.1,71.1,Taman Sejarah Balai Kota Bandung,Jalan Merdeka,primary,-6.909795000000007,107.610654,Sangat Dekat (<200m)
25433457_25433463_STOP659,1,66.9,66.9,66.9,SPBU Jalan Sunda,Jalan Jawa,tertiary,-6.915894605422733,107.6182281664873,Sangat Dekat (<200m)
25433457_25433463_STOP698,5,81.74,19.8,168.1,Simpang Jawa - Sunda,Jalan Jawa,tertiary,-6.915574507051547,107.61691028245507,Sangat Dekat (<200m)
25433457_25433463_STOP699,1,123.6,123.6,123.6,Seberang SMP Negeri 5 Bandung,Jalan Jawa,tertiary,-6.915285600000002,107.6155852,Sangat Dekat (<200m)
25433457_32042327_STOP26,2,168.3,167.6,169.0,SMP Negeri 2 Bandung,Jalan Kalimantan,tertiary,-6.91377684607272,107.61537792625455,Sangat Dekat (<200m)
25433457_32042327_STOP340,3,94.13333333333333,65.6,128.4,SMA Negeri 3 dan 5 Bandung,Jalan Kalimantan,tertiary,-6.912789705283193,107.61483039594633,Sangat Dekat (<200m)
25433457_32042327_STOP699,3,139.66666666666666,123.6,155.7,Seberang SMP Negeri 5 Bandung,Jalan Kalimantan,tertiary,-6.914844432683001,107.61563724004255,Sangat Dekat (<200m)
25433457_5841953280_STOP699,4,63.8,26.1,123.6,Seberang SMP Negeri 5 Bandung,Jalan Jawa,tertiary,-6.915147637388726,107.6149212125912,Sangat Dekat (<200m)
25433463_1849525812_STOP659,1,65.9,65.9,65.9,SPBU Jalan Sunda,Jalan Bangka,tertiary,-6.915930399999996,107.6183708,Sangat Dekat (<200m)
25433463_1849525812_STOP697,2,79.65,64.2,95.1,Simpang Menado - Gudang Utara,Jalan Bangka,tertiary,-6.915701230890812,107.61884047024988,Sangat Dekat (<200m)
25433463_2041502893_STOP408,4,50.95,17.3,84.7,Balai Bahasa Jawa Barat,Jalan Sumbawa,secondary,-6.913713116835002,107.6173770497282,Sangat Dekat (<200m)
25433463_2041502893_STOP409,3,39.03333333333333,14.1,60.9,Taman Musik Jalan Sumbawa,Jalan Sumbawa,secondary,-6.912358708107856,107.61656069844635,Sangat Dekat (<200m)
25433463_2041502893_STOP659,1,65.9,65.9,65.9,SPBU Jalan Sunda,Jalan Sumbawa,secondary,-6.915930399999996,107.6183708,Sangat Dekat (<200m)
25433463_2041502893_STOP698,3,115.63333333333333,104.6,133.4,Simpang Jawa - Sunda,Jalan Sumbawa,secondary,-6.9150907960541375,107.61815216501013,Sangat Dekat (<200m)
25433463_25433457_STOP659,1,65.9,65.9,65.9,SPBU Jalan Sunda,Jalan Jawa,tertiary,-6.915930399999996,107.6183708,Sangat Dekat (<200m)
25433463_25433457_STOP698,5,73.24,10.1,151.7,Simpang Jawa - Sunda,Jalan Jawa,tertiary,-6.915608031331745,107.61705343990612,Sangat Dekat (<200m)
25433463_25433457_STOP699,1,139.9,139.9,139.9,Seberang SMP Negeri 5 Bandung,Jalan Jawa,tertiary,-6.915315807773205,107.61572912220868,Sangat Dekat (<200m)
25433599_10793008254_STOP195,2,25.9,19.8,32.0,Riau XL,Jalan L.L. RE. Martadinata,secondary,-6.906842333318028,107.60955944108707,Sangat Dekat (<200m)
25433599_10793008254_STOP305,1,59.3,59.3,59.3,Hotel The-One-O-One A,Jalan L.L. RE. Martadinata,secondary,-6.906941999534893,107.61023023256408,Sangat Dekat (<200m)
25433599_1849528737_STOP103,5,181.44,156.3,228.5,Unisba,Jalan Purnawarman,tertiary,-6.904104887605525,107.60948631961928,Sangat Dekat (<200m)
25433599_1849528737_STOP195,4,86.94999999999999,32.0,152.1,Riau XL,Jalan Purnawarman,tertiary,-6.906131878470181,107.60934127677749,Sangat Dekat (<200m)
25433599_1849528737_STOP373,1,200.4,200.4,200.4,Taman Radio A,Jalan Purnawarman,tertiary,-6.9027799995070245,107.60972187971406,Dekat (200-400m)
25433599_364365279_STOP195,2,46.0,32.0,60.0,Riau XL,Jalan Purnawarman,tertiary,-6.907034739489534,107.60934165213226,Sangat Dekat (<200m)
25433599_364365279_STOP303,3,52.833333333333336,6.1,101.0,Bandung Electronic Center,Jalan Purnawarman,tertiary,-6.908612781460291,107.60936405506901,Sangat Dekat (<200m)
25433599_364365279_STOP485,1,116.2,116.2,116.2,Wastukencana Purnawarman,Jalan Purnawarman,tertiary,-6.909155155817075,107.60892735451417,Sangat Dekat (<200m)
25433599_364365279_STOP809,1,26.7,26.7,26.7,IFI Bandung,Jalan Purnawarman,tertiary,-6.90771220838697,107.60936048880912,Sangat Dekat (<200m)
25433661_2325451442_STOP483,1,154.7,154.7,154.7,Abdul Rivai,Jalan dr. Rajiman,primary,-6.904185399999996,107.6024466,Sangat Dekat (<200m)
25433661_3269294963_STOP483,1,154.7,154.7,154.7,Abdul Rivai,Jalan Abdul Rivai,primary,-6.904185399999996,107.6024466,Sangat Dekat (<200m)
25433670_10793008397_STOP483,4,56.175,17.6,100.5,Abdul Rivai,Jalan Abdul Rivai,primary,-6.9042916688559,107.60360180399786,Sangat Dekat (<200m)
25433670_364364130_STOP483,4,135.9,100.5,193.1,Abdul Rivai,Jalan Raden Adipati Aria Wiranatakusumah,primary,-6.903667918066196,107.60293794078927,Sangat Dekat (<200m)
25433677_2012565708_STOP353,5,153.62,65.2,248.0,GKI Pasteur,Jalan Raden Adipati Aria Wiranatakusumah,primary,-6.9014800765462665,107.60234597968773,Sangat Dekat (<200m)
25433683_11138589127_STOP242,4,145.2,88.1,208.2,SDN Pajajaran,Jalan dr. Cipto,secondary,-6.905601743014425,107.60046641219402,Sangat Dekat (<200m)
25433683_11138589127_STOP405,3,43.23333333333333,19.9,62.7,Taman Adipura,Jalan dr. Cipto,secondary,-6.906527442433554,107.59918757855614,Sangat Dekat (<200m)
25433683_25433684_STOP405,2,28.3,9.5,47.1,Taman Adipura,Jalan Pajajaran,primary,-6.9067775912319185,107.59901790882668,Sangat Dekat (<200m)
25433684_29356178_STOP781,4,58.599999999999994,16.6,117.0,Moch. Yunus - Pajajaran,Jalan Mochammad Yunus,tertiary,-6.9075109781011905,107.59953255188633,Sangat Dekat (<200m)
25433684_29356178_STOP782,1,113.2,113.2,113.2,Gang Moch. Mesri Dalam,Jalan Mochammad Yunus,tertiary,-6.908639439404467,107.5994870662722,Sangat Dekat (<200m)
25433684_6622103728_STOP242,3,51.4,7.8,98.2,SDN Pajajaran,Jalan Pajajaran,primary,-6.9068933400635055,107.6004693260601,Sangat Dekat (<200m)
25433684_6622103728_STOP243,1,95.2,95.2,95.2,Kimia Farma Cicendo,Jalan Pajajaran,primary,-6.907149864234963,107.60407720347332,Sangat Dekat (<200m)
25433684_6622103728_STOP62,1,124.0,124.0,124.0,STHB,Jalan Pajajaran,primary,-6.907122890787394,107.60362587301827,Sangat Dekat (<200m)
25433684_6622103728_STOP781,1,34.0,34.0,34.0,Moch. Yunus - Pajajaran,Jalan Pajajaran,primary,-6.906834099999998,107.599567,Sangat Dekat (<200m)
25433684_6622103728_STOP88,5,72.12,9.3,149.6,GOR Padjajaran,Jalan Pajajaran,primary,-6.907027732989407,107.60227285546435,Sangat Dekat (<200m)
25433686_11124688730_STOP474,2,43.25,19.2,67.3,BPK Penabur,Jalan HOS. Cokroaminoto,trunk,-6.903766726511713,107.59752375276912,Sangat Dekat (<200m)
25433686_5278840351_STOP474,1,67.3,67.3,67.3,BPK Penabur,Jalan HOS. Cokroaminoto,trunk,-6.903992400000003,107.5975343,Sangat Dekat (<200m)
25433686_5278840351_STOP77,2,40.8,16.6,65.0,Istana Plaza,Jalan HOS. Cokroaminoto,trunk,-6.9046700183892735,107.5975480583952,Sangat Dekat (<200m)
25433686_5334388842_STOP242,1,328.5,328.5,328.5,SDN Pajajaran,Jalan dr. Rajiman,primary,-6.90392070582444,107.60069825424628,Dekat (200-400m)
25433686_5334388842_STOP474,1,67.3,67.3,67.3,BPK Penabur,Jalan dr. Rajiman,primary,-6.903992400000003,107.5975343,Sangat Dekat (<200m)
25433686_5334388842_STOP475,6,185.58333333333334,80.0,301.7,Seberang BPK Penabur,Jalan dr. Rajiman,primary,-6.903966490718577,107.59911652120296,Sangat Dekat (<200m)
25433768_13261248357_STOP12,3,44.300000000000004,19.9,81.5,Seberang Kantor Kelurahan Arjuna,Jalan Arjuna,secondary,-6.908319213780968,107.59209667159212,Sangat Dekat (<200m)
25433768_13261248357_STOP221,1,64.0,64.0,64.0,SMK Negeri 12 Bandung,Jalan Arjuna,secondary,-6.907590099999993,107.5926308,Sangat Dekat (<200m)
25433768_5369274905_STOP221,2,52.9,41.8,64.0,SMK Negeri 12 Bandung,Jalan Pandawa,secondary,-6.90744846551693,107.5924546724946,Sangat Dekat (<200m)
25433873_11138593393_STOP84,2,99.65,75.3,124.0,Husein Pajajaran,Jalan Abdul Rahman Saleh,trunk,-6.906898838965528,107.587300590788,Sangat Dekat (<200m)
25433873_4854744076_STOP84,1,124.0,124.0,124.0,Husein Pajajaran,,secondary_link,-6.906943499999998,107.587079,Sangat Dekat (<200m)
25433891_10628427188_STOP84,1,280.8,280.8,280.8,Husein Pajajaran,Kapten Tata Natanegara,secondary,-6.9060304,107.5858421,Dekat (200-400m)
25433891_11125489871_STOP176,12,313.85833333333335,252.1,444.5,Abdurachman Saleh,Jalan Pajajaran,secondary,-6.9051056846122085,107.58305355161163,Dekat (200-400m)
25433891_11125489871_STOP84,1,280.8,280.8,280.8,Husein Pajajaran,Jalan Pajajaran,secondary,-6.9060304,107.5858421,Dekat (200-400m)
25433891_2325451719_STOP84,3,230.46666666666667,180.2,280.8,Husein Pajajaran,Jalan Pajajaran,secondary,-6.906181605330862,107.58626817416213,Dekat (200-400m)
25433989_3245886198_STOP281,1,112.6,112.6,112.6,Optik Krida,Jalan Raya Cijerah,secondary,-6.914716400599649,107.57147361619587,Sangat Dekat (<200m)
25433989_3245886198_STOP491,4,50.475,24.3,76.5,Seberang Gang Pelita,Jalan Raya Cijerah,secondary,-6.915790069366052,107.5711267741557,Sangat Dekat (<200m)
25433989_3245886198_STOP492,7,94.14285714285714,9.9,196.5,Sunson Cijerah,Jalan Raya Cijerah,secondary,-6.91819834208502,107.5705535632788,Sangat Dekat (<200m)
25433989_3245886198_STOP493,2,149.75,124.7,174.8,Seberang SDN 093 Tunas Harapan Cijerah,Jalan Raya Cijerah,secondary,-6.920122252286907,107.56991131294032,Sangat Dekat (<200m)
25433989_3252892639_STOP493,4,62.85,24.9,124.7,Seberang SDN 093 Tunas Harapan Cijerah,Jalan Raya Cijerah,secondary,-6.920979116757929,107.56962619005401,Sangat Dekat (<200m)
25433989_3252892639_STOP494,2,25.55,13.9,37.2,SDN 061 Cijerah,Jalan Raya Cijerah,secondary,-6.921823459204868,107.5689138360583,Sangat Dekat (<200m)
25433989_3252892639_STOP495,7,121.1,10.9,253.7,Masjid Jami Al Istiqomah,Jalan Raya Cijerah,secondary,-6.923425024354807,107.56799628231452,Sangat Dekat (<200m)
25433989_3252892639_STOP496,6,134.93333333333334,45.7,234.5,Simpang Bojong Raya,Jalan Raya Cijerah,secondary,-6.925651192456622,107.5662795402224,Sangat Dekat (<200m)
25434098_11138593395_STOP765,6,127.0,25.6,246.4,Alun-alun Cicendo 2,Jalan Aruna,tertiary,-6.910180022097212,107.5890451355237,Sangat Dekat (<200m)
25434098_11138593395_STOP84,5,111.9,45.5,198.9,Husein Pajajaran,Jalan Aruna,tertiary,-6.907869619819719,107.58812939572049,Sangat Dekat (<200m)
25434098_6622409115_STOP765,1,25.6,25.6,25.6,Alun-alun Cicendo 2,Jalan Arjuna,secondary,-6.911234200000005,107.5894511,Sangat Dekat (<200m)
25434241_25434242_STOP137,2,100.7,82.2,119.2,Pasar Baru,Jalan Suniaraja,primary,-6.915975025503678,107.60377009434096,Sangat Dekat (<200m)
25434241_25434242_STOP153,3,42.96666666666667,24.9,73.4,Stasiun Hall,Jalan Suniaraja,primary,-6.91612605724584,107.60265070608163,Sangat Dekat (<200m)
25434241_25434242_STOP194,1,55.6,55.6,55.6,Stasiun Timur,Jalan Suniaraja,primary,-6.91585274157681,107.60443706708875,Sangat Dekat (<200m)
25434241_4376716070_STOP153,5,119.5,30.6,216.3,Stasiun Hall,Jalan Dulatip,tertiary,-6.917070727571515,107.60224465194571,Sangat Dekat (<200m)
25434241_4376716070_STOP277,4,118.575,43.6,193.6,KEB Hana Bank,Jalan Dulatip,tertiary,-6.919553306087646,107.60221545624879,Sangat Dekat (<200m)
25434241_4376716070_STOP617,1,231.5,231.5,231.5,Pasar Selatan,Jalan Dulatip,tertiary,-6.918425027677079,107.60224866237378,Dekat (200-400m)
25434242_1956195926_STOP194,3,36.53333333333333,7.9,53.7,Stasiun Timur,"['Jalan Otto Iskandardinata', 'Jalan Stasiun Timur']",primary,-6.915386177469113,107.60454354638331,Sangat Dekat (<200m)
25434242_1956195926_STOP643,3,41.46666666666666,23.2,73.3,Masjid Saifuddaulah,"['Jalan Otto Iskandardinata', 'Jalan Stasiun Timur']",primary,-6.914809640376649,107.60532940901321,Sangat Dekat (<200m)
25434242_1956195926_STOP678,1,93.9,93.9,93.9,Banceuy Suniaraja,"['Jalan Otto Iskandardinata', 'Jalan Stasiun Timur']",primary,-6.914918210374032,107.60622714591857,Sangat Dekat (<200m)
25434242_29354701_STOP137,3,45.833333333333336,19.0,84.1,Pasar Baru,Jalan Otto Iskandardinata,primary,-6.91673606363418,107.6044208013909,Sangat Dekat (<200m)
25434242_29354701_STOP194,1,53.7,53.7,53.7,Stasiun Timur,Jalan Otto Iskandardinata,primary,-6.915836399999993,107.6045054,Sangat Dekat (<200m)
25434242_29354701_STOP617,1,57.9,57.9,57.9,Pasar Selatan,Jalan Otto Iskandardinata,primary,-6.918085677618646,107.60429558249636,Sangat Dekat (<200m)
25434242_29354701_STOP679,1,103.3,103.3,103.3,Pasar Baru ABC,Jalan Otto Iskandardinata,primary,-6.917635383524976,107.60433286886251,Sangat Dekat (<200m)
25434270_2628264112_STOP245,5,62.64,9.7,107.4,Stasiun Bandung,Jalan Kebon Kawung,primary,-6.9126008942300246,107.60298283222778,Sangat Dekat (<200m)
25434270_2628264112_STOP407,5,62.7,8.9,102.1,Simpang H. Mesri - Kebon Kawung 1,Jalan Kebon Kawung,primary,-6.912474254487672,107.60072583908864,Sangat Dekat (<200m)
25434270_2628264112_STOP785,3,105.39999999999999,64.1,148.6,Gedong Sembilan - Pasir Kaliki,Jalan Kebon Kawung,primary,-6.912379629428014,107.59892010080866,Sangat Dekat (<200m)
25434517_25434520_STOP672,3,102.06666666666666,90.7,116.2,Jalan Sultan Agung,Jalan Trunojoyo,tertiary,-6.90448155543059,107.61321154977922,Sangat Dekat (<200m)
25434517_25434520_STOP685,1,143.1,143.1,143.1,Jalan Trunojoyo Riau Junction,Jalan Trunojoyo,tertiary,-6.90533043902902,107.61349839940098,Sangat Dekat (<200m)
25434517_5356356848_STOP672,1,99.3,99.3,99.3,Jalan Sultan Agung,Jalan Sultan Agung,tertiary_link,-6.904038500000001,107.6131403,Sangat Dekat (<200m)
25434517_6438800742_STOP672,1,99.3,99.3,99.3,Jalan Sultan Agung,Jalan Trunojoyo,tertiary,-6.904038500000001,107.6131403,Sangat Dekat (<200m)
25434520_1849525827_STOP558,3,131.26666666666668,124.8,139.6,RSGM Kota Bandung,Jalan Bahureksa,tertiary,-6.905301542198527,107.61442528955241,Sangat Dekat (<200m)
25434520_1849525827_STOP685,1,140.7,140.7,140.7,Jalan Trunojoyo Riau Junction,Jalan Bahureksa,tertiary,-6.905381800000001,107.6135246,Sangat Dekat (<200m)
25434520_1849525827_STOP805,2,115.15,91.3,139.0,BPK Penabur Banda,Jalan Bahureksa,tertiary,-6.905201217958352,107.61555115031726,Sangat Dekat (<200m)
25434520_25434517_STOP672,3,103.10000000000001,91.9,121.0,Jalan Sultan Agung,Jalan Trunojoyo,tertiary,-6.9045375290436155,107.6132223073701,Sangat Dekat (<200m)
25434520_25434517_STOP685,1,140.7,140.7,140.7,Jalan Trunojoyo Riau Junction,Jalan Trunojoyo,tertiary,-6.905381800000001,107.6135246,Sangat Dekat (<200m)
25435152_1849960313_STOP247,1,186.0,186.0,186.0,IBCC,Jalan Cianjur,tertiary,-6.916020958535058,107.63272752961242,Sangat Dekat (<200m)
25435152_1849960313_STOP249,3,184.83333333333334,180.2,191.1,Jalan Mangga,Jalan Cianjur,tertiary,-6.916438355933823,107.63192570646214,Sangat Dekat (<200m)
25435152_1849960313_STOP274,2,163.35,159.0,167.7,Bandung Creative Hub A,Jalan Cianjur,tertiary,-6.916968153202633,107.63092741967414,Sangat Dekat (<200m)
25435152_1849960313_STOP610,3,93.66666666666667,48.8,140.3,Jalan Cianjur,Jalan Cianjur,tertiary,-6.915947012707292,107.63358731370484,Sangat Dekat (<200m)
25435152_25432923_STOP274,4,83.725,8.7,159.0,Bandung Creative Hub A,Jalan Laswi,primary,-6.917684460882342,107.63102227294563,Sangat Dekat (<200m)
25435162_6470450609_STOP585,1,126.0,126.0,126.0,Simpang Samoja - Malabar,Jalan Malabar,tertiary,-6.921581499999992,107.6247143,Sangat Dekat (<200m)
25435162_6470450609_STOP657,4,82.75,9.2,157.3,Simpang Malabar Gatot Subroto 1,Jalan Malabar,tertiary,-6.92268871539863,107.62459410362554,Sangat Dekat (<200m)
25435162_7201253642_STOP585,5,65.7,24.0,126.0,Simpang Samoja - Malabar,Jalan Malabar,tertiary,-6.920714077600668,107.62451433097564,Sangat Dekat (<200m)
25435162_7201253642_STOP97,2,63.75,46.2,81.3,Cikudapateuh,Jalan Malabar,tertiary,-6.919156466175702,107.62426615079602,Sangat Dekat (<200m)
25435163_2325452463_STOP294,1,8.2,8.2,8.2,Seberang Pasar Kosambi,Jalan Jenderal Ahmad Yani,primary,-6.919924286656674,107.62213276946896,Sangat Dekat (<200m)
25435163_2325452463_STOP295,3,41.666666666666664,23.3,72.9,Kantor Pos Kosambi,Jalan Jenderal Ahmad Yani,primary,-6.919302001498796,107.62333772672794,Sangat Dekat (<200m)
25435163_2325452463_STOP297,1,88.4,88.4,88.4,Katapang Kaler,Jalan Jenderal Ahmad Yani,primary,-6.920775601453183,107.62053742546262,Sangat Dekat (<200m)
25435163_2325452463_STOP298,2,26.3,14.1,38.5,Katapang Kaler 1,Jalan Jenderal Ahmad Yani,primary,-6.921094478454248,107.6199389662126,Sangat Dekat (<200m)
25435163_2325452463_STOP614,3,48.43333333333334,11.5,91.9,Pasar Kosambi Jalan Baranang Siang,Jalan Jenderal Ahmad Yani,primary,-6.920350743114454,107.62133553054316,Sangat Dekat (<200m)
25435163_2325452463_STOP97,1,53.7,53.7,53.7,Cikudapateuh,Jalan Jenderal Ahmad Yani,primary,-6.918876799999996,107.6241356,Sangat Dekat (<200m)
25435163_2325452463_STOP99,1,45.5,45.5,45.5,Pasar Kosambi,Jalan Jenderal Ahmad Yani,primary,-6.919721149689684,107.62253661219007,Sangat Dekat (<200m)
25435163_7201253639_STOP97,1,53.7,53.7,53.7,Cikudapateuh,Jalan Jenderal Ahmad Yani,primary,-6.918876799999996,107.6241356,Sangat Dekat (<200m)
25435174_6470450615_STOP705,1,35.7,35.7,35.7,Simpang Malabar - Gatot Subroto 2,Jalan Malabar,tertiary,-6.923775599999993,107.6242404,Sangat Dekat (<200m)
25435174_6470450620_STOP657,1,70.3,70.3,70.3,Simpang Malabar Gatot Subroto 1,Jalan Jenderal Gatot Subroto,primary,-6.923679769636823,107.62379854122948,Sangat Dekat (<200m)
25435174_6470450620_STOP705,1,35.7,35.7,35.7,Simpang Malabar - Gatot Subroto 2,Jalan Jenderal Gatot Subroto,primary,-6.923775599999993,107.6242404,Sangat Dekat (<200m)
25435214_2325452463_STOP298,1,63.5,63.5,63.5,Katapang Kaler 1,Jalan Ketapang,tertiary,-6.921718053548736,107.61962587604587,Sangat Dekat (<200m)
25435214_2325452463_STOP703,2,92.0,87.0,97.0,Seberang SMK Negeri 15 Bandung,Jalan Ketapang,tertiary,-6.922391764961084,107.61957037023605,Sangat Dekat (<200m)
25435214_4258557080_STOP703,1,87.0,87.0,87.0,Seberang SMK Negeri 15 Bandung,Jalan Jenderal Gatot Subroto,primary,-6.922616099999997,107.6195437,Sangat Dekat (<200m)
25435214_7179048891_STOP703,2,62.2,37.4,87.0,Seberang SMK Negeri 15 Bandung,Jalan Jenderal Gatot Subroto,primary,-6.922595083044435,107.61931860739568,Sangat Dekat (<200m)
25435214_7179048891_STOP834,2,26.95,11.1,42.8,SMK Negeri 15 Bandung,Jalan Jenderal Gatot Subroto,primary,-6.922510662519361,107.61841827003403,Sangat Dekat (<200m)
25435318_10793585087_STOP292,1,85.2,85.2,85.2,Lembong,Jalan Braga,primary,-6.916672970296263,107.60911173148236,Sangat Dekat (<200m)
25435318_10793585087_STOP676,5,63.879999999999995,17.1,117.3,Jalan Braga Gang Cikapundung,Jalan Braga,primary,-6.91797993109459,107.60947136730083,Sangat Dekat (<200m)
25435318_10793585087_STOP787,2,63.8,38.8,88.8,Taman Braga,Jalan Braga,primary,-6.919499327312175,107.60990968293396,Sangat Dekat (<200m)
25435318_11107827260_STOP713,2,93.85,68.7,119.0,Simpang Naripan Tamblong,Jalan Naripan,secondary,-6.920068073928715,107.61197830339492,Sangat Dekat (<200m)
25435318_11107827260_STOP787,4,83.44999999999999,38.8,144.2,Taman Braga,Jalan Naripan,secondary,-6.919828959844645,107.61064323603769,Sangat Dekat (<200m)
25435318_1849525885_STOP754,1,100.1,100.1,100.1,Gedung Merdeka,Jalan Braga,primary,-6.921064279037671,107.60988834399372,Sangat Dekat (<200m)
25435318_1849525885_STOP787,3,38.0,12.9,62.3,Taman Braga,Jalan Braga,primary,-6.920165798288106,107.60996391250758,Sangat Dekat (<200m)
25435352_25446732_STOP300,1,32.0,32.0,32.0,Simpang Sudirman,Jalan Otto Iskandardinata,primary,-6.920784999999993,107.6041077,Sangat Dekat (<200m)
25435352_25446732_STOP814,2,25.6,22.8,28.4,Gang Kaum Tengah,Jalan Otto Iskandardinata,primary,-6.921461481453688,107.60406694816318,Sangat Dekat (<200m)
25435352_4376716070_STOP277,2,53.1,28.2,78.0,KEB Hana Bank,Jalan Jendral Sudirman,primary,-6.9205974003559305,107.60253636883868,Sangat Dekat (<200m)
25435352_4376716070_STOP300,3,40.699999999999996,20.3,69.8,Simpang Sudirman,Jalan Jendral Sudirman,primary,-6.920730912493693,107.60365880840205,Sangat Dekat (<200m)
25446327_11369837184_STOP108,1,102.0,102.0,102.0,Puskesmas Kopo,Jalan Soekarno-Hatta,trunk,-6.945520999999996,107.5897088,Sangat Dekat (<200m)
25446327_11369837187_STOP108,1,102.0,102.0,102.0,Puskesmas Kopo,Jalan Kyai Haji Wahid Hasyim,primary,-6.945520999999996,107.5897088,Sangat Dekat (<200m)
25446374_9532363495_STOP338,1,28.1,28.1,28.1,Holis 2,Jalan Holis,tertiary,-6.924631400000008,107.5750637,Sangat Dekat (<200m)
25446374_9532363497_STOP338,1,28.1,28.1,28.1,Holis 2,Jalan Soekarno-Hatta,trunk,-6.924631400000008,107.5750637,Sangat Dekat (<200m)
25446445_12806717331_STOP112,3,88.0,38.0,138.1,Yayasan LPPN,Jalan Rajawali Timur,primary,-6.9154841988197875,107.58462561425041,Sangat Dekat (<200m)
25446445_12806717331_STOP287,2,77.65,52.5,102.8,Dunguscariang,Jalan Rajawali Timur,primary,-6.915114507418771,107.58355754614473,Sangat Dekat (<200m)
25446445_29377182_STOP287,8,124.95,52.5,223.7,Dunguscariang,Jalan Andir,tertiary,-6.913923000933585,107.58305846773554,Sangat Dekat (<200m)
25446445_29377182_STOP769,4,103.35,38.3,173.9,Simpang Andir - Ciroyom 1,Jalan Andir,tertiary,-6.911802419278507,107.58309167240151,Sangat Dekat (<200m)
25446457_25446462_STOP112,4,129.65,55.3,204.1,Yayasan LPPN,Jalan Rajawali Timur,primary,-6.91604330078071,107.5864945357108,Sangat Dekat (<200m)
25446457_25446462_STOP288,2,181.8,156.8,206.8,SMA Trinitas,Jalan Rajawali Timur,primary,-6.9164680959746825,107.59008530975228,Sangat Dekat (<200m)
25446457_25446462_STOP810,1,250.3,250.3,250.3,Terminal Ciroyom,Jalan Rajawali Timur,primary,-6.916188294271005,107.58761450739026,Dekat (200-400m)
25446457_25446462_STOP86,4,249.1,243.0,257.9,Stasiun Ciroyom,Jalan Rajawali Timur,primary,-6.9163119147412555,107.58873801830573,Dekat (200-400m)
25446457_29377187_STOP112,3,76.60000000000001,55.3,106.8,Yayasan LPPN,Jalan Ciroyom Barat,tertiary,-6.915570336630637,107.58601970963419,Sangat Dekat (<200m)
25446462_1837401639_STOP288,5,68.62,13.3,139.3,SMA Trinitas,Jalan Kebon Jati,primary,-6.916529153856058,107.59137072328463,Sangat Dekat (<200m)
25446462_1837401639_STOP599,2,54.6,30.0,79.2,Kebon Jati Kelenteng,Jalan Kebon Jati,primary,-6.916520747925908,107.59295260643334,Sangat Dekat (<200m)
25446732_1013431927_STOP264,2,33.5,8.8,58.2,Dalem Kaum,Jalan Otto Iskandardinata,primary,-6.922283489845953,107.60400266104807,Sangat Dekat (<200m)
25446732_1013431927_STOP307,1,10.0,10.0,10.0,Toko Mas ABC,Jalan Otto Iskandardinata,primary,-6.922959059399199,107.60394824428224,Sangat Dekat (<200m)
25446732_1837401642_STOP264,4,80.9,8.8,155.1,Dalem Kaum,Jalan Cibadak,secondary,-6.921979273470689,107.60334720005037,Sangat Dekat (<200m)
25446732_1837401642_STOP277,5,163.94,136.1,214.9,KEB Hana Bank,Jalan Cibadak,secondary,-6.921742366158988,107.60132637866711,Sangat Dekat (<200m)
25446732_1837401642_STOP437,4,128.525,64.2,197.3,Cibadak Astanaanyar,Jalan Cibadak,secondary,-6.921505336131454,107.59930574335961,Sangat Dekat (<200m)
25447004_3269303931_STOP483,1,325.3,325.3,325.3,Abdul Rivai,Bundaran Rajiman,primary,-6.903850299999993,107.60095090000002,Dekat (200-400m)
25447039_1900221414_STOP482,6,81.51666666666667,17.3,166.4,Masjid Besar Cipaganti,Jalan Raden Adipati Aria Wiranatakusumah,primary,-6.894439852633366,107.60253145530446,Sangat Dekat (<200m)
25447039_1900221414_STOP65,4,67.65,15.6,135.3,RS Advent,Jalan Raden Adipati Aria Wiranatakusumah,primary,-6.8921927276130965,107.60257904901763,Sangat Dekat (<200m)
25447039_3249461526_STOP17,3,92.5,42.4,142.6,Pasar Sederhana,Jalan Sampurna,tertiary,-6.89104855933532,107.60035697475497,Sangat Dekat (<200m)
25447039_3249461526_STOP65,4,82.85,15.6,154.7,RS Advent,Jalan Sampurna,tertiary,-6.891394428141103,107.6018970021715,Sangat Dekat (<200m)
25448847_11104669202_STOP161,2,85.9,60.8,111.0,Rumah Sakit Santo Borromeus,Jalan Ir. H. Djuanda,primary,-6.893528749454165,107.61310390440326,Sangat Dekat (<200m)
25448847_11104669202_STOP514,4,198.7,139.5,262.2,Ganesha Ciungwanara,Jalan Ir. H. Djuanda,primary,-6.892177667952227,107.61321292192119,Sangat Dekat (<200m)
25448847_1663274645_STOP514,1,262.2,262.2,262.2,Ganesha Ciungwanara,Teuku Umar,tertiary,-6.891501899999996,107.6132646,Dekat (200-400m)
25448847_1857160826_STOP140,6,142.04999999999998,18.2,266.5,Dipatiukur,Jalan Teuku Umar,tertiary,-6.89195456781702,107.6166056874531,Sangat Dekat (<200m)
25448847_1857160826_STOP514,3,288.3666666666667,262.2,316.6,Ganesha Ciungwanara,Jalan Teuku Umar,tertiary,-6.891540768070769,107.61371503411516,Dekat (200-400m)
25448847_1857160826_STOP600,2,300.29999999999995,292.7,307.9,Seberang ITHB,Jalan Teuku Umar,tertiary,-6.891634306337069,107.61484135596231,Dekat (200-400m)
25448881_1342112669_STOP164,3,77.0,27.3,126.7,Babakan Siliwangi,Jalan Tamansari,secondary,-6.885828415277366,107.61165786456894,Sangat Dekat (<200m)
25450505_10173744443_STOP576,1,110.2,110.2,110.2,Seberang SMAN 20 Bandung,Jalan Citarum,tertiary,-6.905189200000004,107.621796,Sangat Dekat (<200m)
25450505_1666747506_STOP567,1,117.6,117.6,117.6,De Pavilijoen,Jalan Citarum,tertiary,-6.905090875736102,107.62136123913028,Sangat Dekat (<200m)
25450505_1666747506_STOP576,1,110.2,110.2,110.2,Seberang SMAN 20 Bandung,Jalan Citarum,tertiary,-6.905189200000004,107.621796,Sangat Dekat (<200m)
25450538_25771207_STOP39,1,29.0,29.0,29.0,Lapangan Gasibu A,Jalan Diponegoro,primary,-6.901264499999995,107.619705,Sangat Dekat (<200m)
25450539_2035815827_STOP151,3,52.46666666666667,30.7,85.0,Seberang  Museum Geologi,Jalan Cisangkuy,tertiary,-6.901634765362154,107.62103074493847,Sangat Dekat (<200m)
25450539_2035815827_STOP667,1,67.6,67.6,67.6,Simpang Cilaki - Cimanuk,Jalan Cisangkuy,tertiary,-6.902389301618688,107.6215181306123,Sangat Dekat (<200m)
25450539_2035815827_STOP689,4,50.3,6.2,94.7,Simpang Cisangkuy - Cimanuk,Jalan Cisangkuy,tertiary,-6.903014039534227,107.62244000366232,Sangat Dekat (<200m)
25450539_25450538_STOP151,1,30.7,30.7,30.7,Seberang  Museum Geologi,Jalan Diponegoro,primary,-6.901225800000004,107.6208411,Sangat Dekat (<200m)
25450539_25450538_STOP39,1,13.9,13.9,13.9,Lapangan Gasibu A,Jalan Diponegoro,primary,-6.901256595028509,107.61993737457942,Sangat Dekat (<200m)
25450539_25450538_STOP75,1,28.5,28.5,28.5,Lapangan Gasibu B,Jalan Diponegoro,primary,-6.901241204521942,107.620389237617,Sangat Dekat (<200m)
25495368_25433599_STOP195,4,114.95,39.8,190.0,Riau XL,Jalan L.L. RE. Martadinata,secondary,-6.9066619162174945,107.60860065854735,Sangat Dekat (<200m)
25495439_11520711530_STOP196,4,54.625,14.5,96.7,Linggawastu,Jalan Wastukancana,primary,-6.904148640938631,107.6055491597748,Sangat Dekat (<200m)
25495439_11520711530_STOP63,1,95.2,95.2,95.2,Pasar Kembang Wastukencana,Jalan Wastukancana,primary,-6.904370544614932,107.6066091445548,Sangat Dekat (<200m)
25495439_11520711531_STOP196,4,51.125,10.8,91.5,Linggawastu,Jalan Wastukancana,primary,-6.904092462375036,107.60552487000095,Sangat Dekat (<200m)
25495439_11520711531_STOP63,1,104.3,104.3,104.3,Pasar Kembang Wastukencana,Jalan Wastukancana,primary,-6.904270725192217,107.60658553238773,Sangat Dekat (<200m)
25501274_1663283380_STOP372,3,91.0,40.7,141.3,Taman Radio B,Jalan Ir. H. Djuanda,primary,-6.903277653130355,107.61129837037477,Sangat Dekat (<200m)
25501274_1663283380_STOP672,1,162.2,162.2,162.2,Jalan Sultan Agung,Jalan Ir. H. Djuanda,primary,-6.904113862303271,107.61095612052443,Sangat Dekat (<200m)
25501274_7669230602_STOP372,1,40.7,40.7,40.7,Taman Radio B,Jalan Rangga Gadang,tertiary,-6.902860500000004,107.6114719,Sangat Dekat (<200m)
25501378_12813237929_STOP72,1,64.6,64.6,64.6,Balubur Town Square,Jalan Kebon Bibit,tertiary,-6.899272299999993,107.6091506,Sangat Dekat (<200m)
25501378_1900221438_STOP64,10,206.18,39.2,330.0,Cihampelas Eyckman,"['Jalan Kebon Bibit Barat', 'Jalan Kebon Bibit', 'Jalan Pelesiran']",tertiary,-6.895884980631285,107.60569193733723,Dekat (200-400m)
25501378_1900221438_STOP70,1,264.9,264.9,264.9,Gelap Nyawang,"['Jalan Kebon Bibit Barat', 'Jalan Kebon Bibit', 'Jalan Pelesiran']",tertiary,-6.895576228155265,107.6065226831441,Dekat (200-400m)
25501378_1900221438_STOP72,8,152.7875,64.6,297.6,Balubur Town Square,"['Jalan Kebon Bibit Barat', 'Jalan Kebon Bibit', 'Jalan Pelesiran']",tertiary,-6.898381140094086,107.60809115316881,Sangat Dekat (<200m)
25501378_5369882289_STOP72,1,64.6,64.6,64.6,Balubur Town Square,,tertiary,-6.899272299999993,107.6091506,Sangat Dekat (<200m)
25771207_11181664518_STOP39,1,58.4,58.4,58.4,Lapangan Gasibu A,"['Jalan Sentot Alibasyah', 'Jalan Diponegoro']",primary,-6.901269300000003,107.619423,Sangat Dekat (<200m)
25773425_2519917292_STOP524,4,138.775,121.5,171.6,Taman Pusdai,Jalan Pusdai,tertiary,-6.900128684380396,107.6269693907416,Sangat Dekat (<200m)
25773425_2519917292_STOP575,1,200.9,200.9,200.9,Tugu PKK Citarum,Jalan Pusdai,tertiary,-6.90118841858391,107.62658850774196,Dekat (200-400m)
25773425_5374108596_STOP210,1,9.9,9.9,9.9,Jalaprang,Jalan Surapati,trunk,-6.898343474096532,107.63217400423932,Sangat Dekat (<200m)
25773425_5374108596_STOP346,4,90.32499999999999,17.6,164.6,BKKBN,Jalan Surapati,trunk,-6.898024898631334,107.63325817671745,Sangat Dekat (<200m)
25773425_5374108596_STOP347,4,57.9,14.6,112.1,SMPN 63 Kota Bandung,Jalan Surapati,trunk,-6.899750948541129,107.62964223106042,Sangat Dekat (<200m)
25773425_5374108596_STOP524,1,122.1,122.1,122.1,Taman Pusdai,Jalan Surapati,trunk,-6.899498199999993,107.6272181,Sangat Dekat (<200m)
25773425_5374108596_STOP525,3,46.56666666666666,19.7,84.6,Seberang Imigrasi Bandung,Jalan Surapati,trunk,-6.8990510406521794,107.63103250333167,Sangat Dekat (<200m)
25773425_5374108596_STOP526,1,7.9,7.9,7.9,Simpang Jalaprang,Jalan Surapati,trunk,-6.8985066424704025,107.63175382165704,Sangat Dekat (<200m)
25773425_5374108596_STOP79,3,56.333333333333336,7.6,105.8,Dapen Telkom,Jalan Surapati,trunk,-6.899720076226398,107.62809445556564,Sangat Dekat (<200m)
25773425_6637726062_STOP524,1,122.1,122.1,122.1,Taman Pusdai,Jalan Surapati,trunk,-6.899498199999993,107.6272181,Sangat Dekat (<200m)
25778195_2035815827_STOP690,1,55.4,55.4,55.4,Simpang Cisangkuy - Citarum,Jalan Citarum,tertiary,-6.903397884573773,107.62341403710538,Sangat Dekat (<200m)
25778195_2035815827_STOP806,1,78.6,78.6,78.6,SMA Negeri 20 Bandung,Jalan Citarum,tertiary,-6.903738000000004,107.6231164,Sangat Dekat (<200m)
25778195_25450538_STOP667,3,44.73333333333333,21.7,81.1,Simpang Cilaki - Cimanuk,Jalan Cilaki,tertiary,-6.902723762504621,107.62113943165254,Sangat Dekat (<200m)
25778195_25450538_STOP668,3,38.93333333333333,12.4,61.1,Museum Pos Indonesia,Jalan Cilaki,tertiary,-6.9018731180636514,107.6200988951553,Sangat Dekat (<200m)
25778195_25450538_STOP689,2,61.05,60.6,61.5,Simpang Cisangkuy - Cimanuk,Jalan Cilaki,tertiary,-6.903387233192526,107.62204933458959,Sangat Dekat (<200m)
25778195_25450538_STOP806,2,73.5,68.4,78.6,SMA Negeri 20 Bandung,Jalan Cilaki,tertiary,-6.9036855235068595,107.62289651992694,Sangat Dekat (<200m)
25778222_10171865526_STOP172,4,83.525,40.4,136.9,Pet Park,Jalan Cisangkuy,tertiary,-6.904249578260821,107.62627636294067,Sangat Dekat (<200m)
25778222_10171865526_STOP690,4,53.175,7.7,105.5,Simpang Cisangkuy - Citarum,Jalan Cisangkuy,tertiary,-6.903567529930275,107.62416662354806,Sangat Dekat (<200m)
25778222_10171865526_STOP691,1,132.1,132.1,132.1,Taman Cibeunying Utara,Jalan Cisangkuy,tertiary,-6.903786727204766,107.625270196144,Sangat Dekat (<200m)
25778222_3269364726_STOP690,2,61.300000000000004,44.2,78.4,Simpang Cisangkuy - Citarum,Jalan Citarum,tertiary,-6.90355624117655,107.62337504687159,Sangat Dekat (<200m)
2604179154_29377273_STOP376,1,34.6,34.6,34.6,Batas Kota,Jalan Rajawali Barat,trunk,-6.9106219000000015,107.5693569,Sangat Dekat (<200m)
2604179165_11711275764_STOP280,1,301.2,301.2,301.2,Kemenag Kanwil Jabar,Bunderan Cibeureum,trunk,-6.917391099999996,107.5744159,Dekat (200-400m)
2604179165_11711275766_STOP280,1,301.2,301.2,301.2,Kemenag Kanwil Jabar,Bunderan Cibeureum,trunk,-6.917391099999996,107.5744159,Dekat (200-400m)
2604179165_1911634938_STOP280,6,324.96666666666664,300.3,372.2,Kemenag Kanwil Jabar,Jalan Soekarno-Hatta,trunk,-6.918520664105892,107.57442350723052,Dekat (200-400m)
2604179165_1911634938_STOP398,8,222.825,47.0,398.8,Simpang Holis Soekarno Hatta,Jalan Soekarno-Hatta,trunk,-6.921662771531616,107.57471892217944,Dekat (200-400m)
2604179168_10680268006_STOP0,1,27.2,27.2,27.2,Terminal Elang,Jalan Rajawali Barat,trunk,-6.913109200000004,107.575721,Sangat Dekat (<200m)
2604179168_11711275767_STOP0,1,27.2,27.2,27.2,Terminal Elang,Jalan Elang,primary,-6.913109200000004,107.575721,Sangat Dekat (<200m)
2604179168_11711275767_STOP106,7,144.61428571428573,19.7,290.6,Terminal Elang Damri,Jalan Elang,primary,-6.915668247220258,107.57482928470874,Sangat Dekat (<200m)
2604179168_11711275767_STOP631,2,27.3,4.4,50.2,Terminal Elang,Jalan Elang,primary,-6.913742711982674,107.57547997241599,Sangat Dekat (<200m)
2604179170_11711275767_STOP281,1,298.2,298.2,298.2,Optik Krida,Bunderan Cibeureum,trunk,-6.917140199999992,107.5741781,Dekat (200-400m)
2604179170_2604179177_STOP281,1,298.2,298.2,298.2,Optik Krida,Bunderan Cibeureum,trunk,-6.917140199999992,107.5741781,Dekat (200-400m)
2604179170_9471344359_STOP281,5,198.95999999999998,98.7,298.2,Optik Krida,Jalan Jendral Sudirman,trunk,-6.91665670846713,107.57342682157477,Sangat Dekat (<200m)
2604179177_11711275766_STOP281,1,310.3,310.3,310.3,Optik Krida,Bunderan Cibeureum,trunk,-6.9172935,107.5741991,Dekat (200-400m)
2604179177_2604179170_STOP281,1,310.3,310.3,310.3,Optik Krida,Bunderan Cibeureum,trunk,-6.9172935,107.5741991,Dekat (200-400m)
2604179177_9462999285_STOP281,5,210.74,110.5,310.3,Optik Krida,Jalan Jendral Sudirman,trunk,-6.916799760800854,107.57344754310887,Dekat (200-400m)
2607816746_1107865397_STOP580,2,61.650000000000006,53.1,70.2,Universitas Aisyiyah,Jalan Talaga Bodas,tertiary,-6.928568662783067,107.62285188735534,Sangat Dekat (<200m)
2607816746_12986852699_STOP48,4,55.35,10.6,109.4,Simpang Pasar Palasari,Jalan Palasari,tertiary,-6.930151586728435,107.62266410148438,Sangat Dekat (<200m)
2607816746_12986852699_STOP580,2,78.2,53.1,103.3,Universitas Aisyiyah,Jalan Palasari,tertiary,-6.928842142096849,107.62301430469212,Sangat Dekat (<200m)
2607816746_240789108_STOP432,1,8.7,8.7,8.7,SD Al-Azhar 36 Bandung,Jalan Palasari,tertiary,-6.927749437843971,107.62330072320688,Sangat Dekat (<200m)
2607816746_240789108_STOP580,2,29.3,5.5,53.1,Universitas Aisyiyah,Jalan Palasari,tertiary,-6.928404981327166,107.62312856439021,Sangat Dekat (<200m)
2607816746_240789108_STOP655,2,36.85,12.4,61.3,Seberang SD Al-Azhar 36 Bandung,Jalan Palasari,tertiary,-6.927093940662192,107.62347306702989,Sangat Dekat (<200m)
2607816746_3272599108_STOP571,2,25.700000000000003,13.7,37.7,Simpang Talaga Bodas - Patuha,Jalan Talaga Bodas,tertiary,-6.928792278610434,107.62372805255552,Sangat Dekat (<200m)
2607816746_3272599108_STOP572,5,70.47999999999999,5.6,148.0,Simpang Talaga Bodas - Terusan Galunggung,Jalan Talaga Bodas,tertiary,-6.9291916995587854,107.62525923454521,Sangat Dekat (<200m)
2607816746_3272599108_STOP580,1,53.1,53.1,53.1,Universitas Aisyiyah,Jalan Talaga Bodas,tertiary,-6.928623499999994,107.6230712,Sangat Dekat (<200m)
2614138769_29489275_STOP121,3,213.73333333333335,207.8,220.1,Leuwipanjang Soekarno Hatta,Jalan Raya Cibaduyut,secondary,-6.948064815582537,107.59483737676089,Dekat (200-400m)
2614138769_3272384461_STOP121,1,220.1,220.1,220.1,Leuwipanjang Soekarno Hatta,Jalan Raya Cibaduyut,secondary,-6.947770700000007,107.5951636,Dekat (200-400m)
2614138771_2614138769_STOP121,1,219.7,219.7,219.7,Leuwipanjang Soekarno Hatta,Jalan Raya Cibaduyut,secondary,-6.947619199999995,107.595237,Dekat (200-400m)
2614138773_25446327_STOP108,1,78.4,78.4,78.4,Puskesmas Kopo,Jalan Kyai Haji Wahid Hasyim,primary,-6.945691100000003,107.5895751,Sangat Dekat (<200m)
2614138773_3272542989_STOP108,1,78.4,78.4,78.4,Puskesmas Kopo,Jalan Soekarno-Hatta,trunk,-6.945691100000003,107.5895751,Sangat Dekat (<200m)
2614138774_1837401667_STOP271,1,70.1,70.1,70.1,Rumah Sakit Immanuel B,Jalan Kyai Haji Wahid Hasyim,primary,-6.9370518,107.5949807,Sangat Dekat (<200m)
2614138774_5355765064_STOP271,1,70.1,70.1,70.1,Rumah Sakit Immanuel B,Jalan Peta,primary,-6.9370518,107.5949807,Sangat Dekat (<200m)
2614138789_3272653270_STOP229,1,38.3,38.3,38.3,Taman Buah Batu,Jalan Buah Batu,primary,-6.948330400000006,107.6336417,Sangat Dekat (<200m)
2614138789_8123304891_STOP229,2,63.3,38.3,88.3,Taman Buah Batu,,trunk_link,-6.948270772074324,107.63342483534038,Sangat Dekat (<200m)
2614138794_2614138804_STOP229,2,25.65,19.2,32.1,Taman Buah Batu,Jalan Buah Batu,primary,-6.948440630901176,107.63389286691756,Sangat Dekat (<200m)
2614138804_6609245572_STOP229,3,79.73333333333333,29.5,130.0,Taman Buah Batu,Jalan Buah Batu,primary,-6.948986449318728,107.63443936227539,Sangat Dekat (<200m)
2614138804_6609245572_STOP322,1,116.1,116.1,116.1,Swadarma BNI,Jalan Buah Batu,primary,-6.949642851797069,107.63506082259704,Sangat Dekat (<200m)
2614138805_2614138808_STOP229,1,110.2,110.2,110.2,Taman Buah Batu,,trunk_link,-6.947788399999994,107.6332291,Sangat Dekat (<200m)
2614138805_8123304870_STOP229,1,110.2,110.2,110.2,Taman Buah Batu,Jalan Buah Batu,primary,-6.947788399999994,107.6332291,Sangat Dekat (<200m)
2614138808_5269229741_STOP229,2,76.05000000000001,72.9,79.2,Taman Buah Batu,Jalan Soekarno-Hatta,trunk,-6.9478145877195745,107.63385643933296,Sangat Dekat (<200m)
2614138808_5269229741_STOP368,2,45.75,24.8,66.7,SPBU Simpang Buah Batu Soekarno Hatta,Jalan Soekarno-Hatta,trunk,-6.94728279426692,107.63558501642251,Sangat Dekat (<200m)
2614138808_5269229741_STOP460,2,25.9,6.9,44.9,Simpang Buah Batu Soekarno Hatta 1,Jalan Soekarno-Hatta,trunk,-6.94754789186664,107.63472048018477,Sangat Dekat (<200m)
2614138810_14053088734_STOP229,1,113.6,113.6,113.6,Taman Buah Batu,Jalan Buah Batu,primary,-6.947840599999999,107.6331466,Sangat Dekat (<200m)
2614138810_14053088734_STOP469,3,53.96666666666667,5.9,103.1,Seberang Jalan Guntursari Wetan,Jalan Buah Batu,primary,-6.94720403206134,107.63250480761953,Sangat Dekat (<200m)
2614138810_14053088734_STOP650,3,50.166666666666664,5.9,97.4,Seberang Jalan Kayuagung II,Jalan Buah Batu,primary,-6.945579476058733,107.63093382747907,Sangat Dekat (<200m)
2614138810_14053088734_STOP711,1,20.8,20.8,20.8,Jalan Kayuagung II,Jalan Buah Batu,primary,-6.944928363962697,107.63030674860582,Sangat Dekat (<200m)
2614138810_14053088734_STOP712,2,34.8,13.3,56.3,Jalan Guntursari Wetan,Jalan Buah Batu,primary,-6.94639312913543,107.63171792238397,Sangat Dekat (<200m)
2614140398_7132443584_STOP361,4,76.125,27.4,140.6,Komplek Aria Graha,Jalan Soekarno-Hatta,trunk,-6.9383427387911585,107.6734554189665,Sangat Dekat (<200m)
2614140398_7132452340_STOP361,1,27.4,27.4,27.4,Komplek Aria Graha,,trunk_link,-6.938390599999997,107.6727789,Sangat Dekat (<200m)
2623877339_1896207947_STOP284,1,71.4,71.4,71.4,SMA Kartika,Jalan Taman Pramuka,tertiary,-6.909669400000002,107.6273625,Sangat Dekat (<200m)
2623877339_7643243807_STOP284,1,71.4,71.4,71.4,SMA Kartika,Jalan Cendana,tertiary,-6.909669400000002,107.6273625,Sangat Dekat (<200m)
2623877339_7643243807_STOP554,1,85.4,85.4,85.4,Jalan Suren,Jalan Cendana,tertiary,-6.909372562472541,107.62770099115968,Sangat Dekat (<200m)
2628264112_2628264119_STOP785,1,52.4,52.4,52.4,Gedong Sembilan - Pasir Kaliki,Jalan Kebon Kawung,primary,-6.912367999999998,107.5982527,Sangat Dekat (<200m)
2628264112_6673594562_STOP785,3,34.5,13.1,52.4,Gedong Sembilan - Pasir Kaliki,Jalan HOS. Cokroaminoto,primary,-6.912742695014782,107.5981340871893,Sangat Dekat (<200m)
2628264119_29376968_STOP302,1,45.0,45.0,45.0,SMAN 6 Bandung,Jalan HOS. Cokroaminoto,primary,-6.91181126459626,107.59794892219982,Sangat Dekat (<200m)
2628264119_29376968_STOP785,1,63.0,63.0,63.0,Gedong Sembilan - Pasir Kaliki,Jalan HOS. Cokroaminoto,primary,-6.912262000000009,107.5979805,Sangat Dekat (<200m)
2628296766_2477710340_STOP774,1,111.6,111.6,111.6,Stasiun Andir 2,,tertiary,-6.907505000000004,107.5800088,Sangat Dekat (<200m)
2628296766_2628296768_STOP774,2,97.94999999999999,84.3,111.6,Stasiun Andir 2,Jalan Abdul Rahman Saleh,tertiary,-6.907558823620519,107.57979196852034,Sangat Dekat (<200m)
2628296768_6442486339_STOP774,6,129.33333333333334,82.8,198.0,Stasiun Andir 2,Jalan Abdul Rahman Saleh,tertiary,-6.907508386814944,107.58009341344685,Sangat Dekat (<200m)
2628296773_13257407280_STOP773,1,45.7,45.7,45.7,Stasiun Andir 1,Jalan Garuda,secondary,-6.908162600000008,107.5790983,Sangat Dekat (<200m)
2628296773_29377182_STOP769,2,66.75,41.7,91.8,Simpang Andir - Ciroyom 1,Jalan Ciroyom,secondary,-6.910530234866931,107.58268054459944,Sangat Dekat (<200m)
2628296773_29377182_STOP770,1,6.4,6.4,6.4,Simpang Andir - Ciroyom 2,Jalan Ciroyom,secondary,-6.910909255485525,107.5832428030166,Sangat Dekat (<200m)
2628296773_29377182_STOP771,2,37.1,12.3,61.9,Gang Moh. 1,Jalan Ciroyom,secondary,-6.909288270862559,107.58079223792873,Sangat Dekat (<200m)
2628296773_29377182_STOP772,3,85.13333333333334,34.9,135.4,Seberang Gang Moh. 1,Jalan Ciroyom,secondary,-6.909908729574645,107.58173673393564,Sangat Dekat (<200m)
2628296773_29377182_STOP773,1,45.7,45.7,45.7,Stasiun Andir 1,Jalan Ciroyom,secondary,-6.908162600000008,107.5790983,Sangat Dekat (<200m)
2628296773_29377182_STOP774,3,52.53333333333333,4.4,101.7,Stasiun Andir 2,Jalan Ciroyom,secondary,-6.908655150327124,107.57985610104133,Sangat Dekat (<200m)
2628296773_3445557996_STOP773,1,45.7,45.7,45.7,Stasiun Andir 1,"['Jalan Maleber Utara', 'Jalan Garuda']",secondary,-6.908162600000008,107.5790983,Sangat Dekat (<200m)
2628299951_6616855143_STOP14,2,46.65,21.5,71.8,Stasiun Cimindi,Jalan Jend. H. Amir Machmud,trunk,-6.896634418723833,107.56073903353466,Sangat Dekat (<200m)
2628299951_6616855143_STOP18,1,34.0,34.0,34.0,Pangkalan Angkot Cimindi,Jalan Jend. H. Amir Machmud,trunk,-6.895669799999997,107.5601508,Sangat Dekat (<200m)
2628299951_6616855143_STOP588,1,27.2,27.2,27.2,Stasiun Cimindi,Jalan Jend. H. Amir Machmud,trunk,-6.896055632218936,107.56038611849164,Sangat Dekat (<200m)
2634710028_5458169533_STOP230,2,61.9,52.2,71.6,Bundaran Cibiru,Jalan Soekarno-Hatta,trunk,-6.935066194485348,107.71717773097299,Sangat Dekat (<200m)
2634710039_5458168297_STOP230,1,74.9,74.9,74.9,Bundaran Cibiru,Bunderan Cibiru,trunk,-6.934732699999991,107.7177552,Sangat Dekat (<200m)
2746818952_1777901379_STOP29,2,440.6,424.2,457.0,SDN 020 Lengkong Besar,Jalan Mochammad Ramdhan,secondary,-6.934376076992249,107.6131892857471,Sedang (400-800m)
2746818952_1777901379_STOP411,5,282.8,183.4,382.3,Unla,Jalan Mochammad Ramdhan,secondary,-6.933234139104701,107.61428294617504,Dekat (200-400m)
2746818952_2034444650_STOP29,5,411.9,388.7,457.0,SDN 020 Lengkong Besar,Jalan Sawah Kurung IV,tertiary,-6.934041326035329,107.61232601463875,Sedang (400-800m)
2746818952_2746818986_STOP256,7,455.4428571428571,438.2,467.6,Patung Ikan,Jalan Srimahi,tertiary,-6.936046709503147,107.6138870594667,Sedang (400-800m)
2746818952_2746818986_STOP29,1,457.0,457.0,457.0,SDN 020 Lengkong Besar,Jalan Srimahi,tertiary,-6.934535400000001,107.613029,Sedang (400-800m)
2746818952_3277416907_STOP256,3,362.3,312.2,412.4,Patung Ikan,Jalan Mochammad Ramdhan,secondary,-6.935157687135983,107.61237350340718,Dekat (200-400m)
2746818952_3277416907_STOP29,1,457.0,457.0,457.0,SDN 020 Lengkong Besar,Jalan Mochammad Ramdhan,secondary,-6.934535400000001,107.613029,Sedang (400-800m)
2746818986_11181449017_STOP138,9,215.72222222222223,25.6,412.6,Simpang Buah Batu BKR,Jalan BKR,primary,-6.937832351604061,107.62039737855554,Dekat (200-400m)
2746818986_11181449017_STOP256,4,512.325,436.8,587.8,Patung Ikan,Jalan BKR,primary,-6.937821540681891,107.61479071318145,Sedang (400-800m)
2746818986_11181449017_STOP644,4,574.175,536.2,615.4,Jalan Beunteur,Jalan BKR,primary,-6.937923535561162,107.61659647364202,Sedang (400-800m)
2746818986_11181449017_STOP645,2,482.2,460.0,504.4,Jalan Nilem V,Jalan BKR,primary,-6.938006036977612,107.61795044040929,Sedang (400-800m)
2746818986_2746818952_STOP256,8,453.2875,436.8,468.0,Patung Ikan,Jalan Srimahi,tertiary,-6.936248577961263,107.61391052662259,Sedang (400-800m)
2746819079_2746819080_STOP329,1,324.5,324.5,324.5,Puskesmas Kujangsari A,Simpang Susun Buah Batu,primary_link,-6.961928,107.6386178,Dekat (200-400m)
2746819079_3472154933_STOP324,2,328.75,303.6,353.9,Bluebird B,Jalan Buah Batu,primary,-6.96126974571631,107.63877881795048,Dekat (200-400m)
2746819079_3472154933_STOP329,1,324.5,324.5,324.5,Puskesmas Kujangsari A,Jalan Buah Batu,primary,-6.961928,107.6386178,Dekat (200-400m)
2746819080_2746819082_STOP329,1,324.3,324.3,324.3,Puskesmas Kujangsari A,Jalan Buah Batu,primary,-6.961947000000002,107.6386939,Dekat (200-400m)
2746819081_2746819079_STOP329,1,315.8,315.8,315.8,Puskesmas Kujangsari A,Jalan Buah Batu,primary,-6.962004399999997,107.6386038,Dekat (200-400m)
2746819082_2325454309_STOP325,1,19.1,19.1,19.1,Puskesmas Kujangsari B,Jalan Buah Batu,primary,-6.965128921387607,107.63807950140438,Sangat Dekat (<200m)
2746819082_2325454309_STOP329,7,166.17142857142858,21.3,315.6,Puskesmas Kujangsari A,Jalan Buah Batu,primary,-6.963352557433251,107.63841235617437,Sangat Dekat (<200m)
2746819082_2746819081_STOP329,1,315.6,315.6,315.6,Puskesmas Kujangsari A,Simpang Susun Buah Batu,primary_link,-6.962023199999996,107.6386768,Dekat (200-400m)
28382653_1662376790_STOP32,1,85.5,85.5,85.5,Kanayakan,,primary_link,-6.878116300000004,107.6168786,Sangat Dekat (<200m)
28382653_2325448481_STOP32,1,85.5,85.5,85.5,Kanayakan,Jalan Ir. H. Djuanda,primary,-6.878116300000004,107.6168786,Sangat Dekat (<200m)
28382653_2325448481_STOP591,4,57.4,19.1,103.0,Dago Asri A,Jalan Ir. H. Djuanda,primary,-6.879206120056228,107.61658202821128,Sangat Dekat (<200m)
28382767_1662376726_STOP25,1,135.7,135.7,135.7,SPBU Dago Atas,,primary_link,-6.869819800000006,107.6204257,Sangat Dekat (<200m)
28382767_28382653_STOP25,2,160.8,135.7,185.9,SPBU Dago Atas,Jalan Ir. H. Djuanda,primary,-6.870034276471168,107.62035468134488,Sangat Dekat (<200m)
28382767_28382653_STOP32,6,85.38333333333333,21.6,180.3,Kanayakan,Jalan Ir. H. Djuanda,primary,-6.877094859011135,107.61761290551054,Sangat Dekat (<200m)
28382767_28382653_STOP33,6,80.58333333333333,18.1,154.2,Dago Pojok,Jalan Ir. H. Djuanda,primary,-6.874772968351735,107.61898580949348,Sangat Dekat (<200m)
28382767_28382653_STOP541,7,97.78571428571429,10.3,211.0,Seberang Poltekesos,Jalan Ir. H. Djuanda,primary,-6.872013194171514,107.61993381214742,Sangat Dekat (<200m)
2858054060_3007950794_STOP205,2,30.1,8.7,51.5,Borma Cipadung,Jalan Abdul Haris Nasution,trunk,-6.926749019674062,107.71094085123012,Sangat Dekat (<200m)
2858054060_3007950794_STOP426,3,63.93333333333333,14.7,113.6,Seberang Borma Cipadung,Jalan Abdul Haris Nasution,trunk,-6.925648829514189,107.710685163176,Sangat Dekat (<200m)
2858054060_6384640713_STOP101,4,177.65,102.2,253.1,Terminal Ujungberung,Jalan Abdul Haris Nasution,trunk,-6.915197379548995,107.70388711498558,Sangat Dekat (<200m)
2858054060_6384640713_STOP426,10,339.78999999999996,113.6,565.9,Seberang Borma Cipadung,Jalan Abdul Haris Nasution,trunk,-6.923236902508873,107.7100898489304,Dekat (200-400m)
2858054060_6384640713_STOP427,16,226.28125,19.6,517.7,SDN Ciporeat,Jalan Abdul Haris Nasution,trunk,-6.918355962196272,107.70710486329223,Dekat (200-400m)
2858054060_665709306_STOP105,10,648.47,441.6,861.1,UIN SGD/Cipadung,"['Jalan Desa Cipadung', 'Jalan Cilengkrang II']",tertiary,-6.9267426871110915,107.71733685372519,Sedang (400-800m)
2858054060_665709306_STOP425,8,220.9625,53.8,393.9,SDN Cipadung,"['Jalan Desa Cipadung', 'Jalan Cilengkrang II']",tertiary,-6.930035774587866,107.71498474182695,Dekat (200-400m)
2858054060_665709306_STOP426,64,1114.4390625,113.6,1858.5,Seberang Borma Cipadung,"['Jalan Desa Cipadung', 'Jalan Cilengkrang II']",tertiary,-6.919913515785376,107.7183321559565,Jauh (>800m)
2858054060_665709306_STOP427,5,1679.3400000000001,1610.8,1751.9,SDN Ciporeat,"['Jalan Desa Cipadung', 'Jalan Cilengkrang II']",tertiary,-6.914764016611476,107.72108692881655,Jauh (>800m)
29352423_3977886810_STOP549,1,85.5,85.5,85.5,Taman Vanda,Jalan Jawa,tertiary,-6.914500600000001,107.6106029,Sangat Dekat (<200m)
29352423_5841953280_STOP26,2,77.55000000000001,61.2,93.9,SMP Negeri 2 Bandung,Jalan Jawa,tertiary,-6.914869454090772,107.61351745641801,Sangat Dekat (<200m)
29352423_5841953280_STOP549,1,85.5,85.5,85.5,Taman Vanda,Jalan Jawa,tertiary,-6.914500600000001,107.6106029,Sangat Dekat (<200m)
29352423_5841953280_STOP674,2,40.3,16.4,64.2,Polrestabes Bandung 1,Jalan Jawa,tertiary,-6.914561931722439,107.61127830282699,Sangat Dekat (<200m)
29352423_5841953280_STOP681,3,82.43333333333334,32.2,132.7,Polrestabes Bandung 2,Jalan Jawa,tertiary,-6.914705959537688,107.61239907107891,Sangat Dekat (<200m)
29354164_11176912846_STOP193,1,100.2,100.2,100.2,Perintis Kemerdekaan,Jalan Perintis Kemerdekaan,primary,-6.9145156,107.6071931,Sangat Dekat (<200m)
29354164_364363786_STOP193,1,100.2,100.2,100.2,Perintis Kemerdekaan,Jalan Kebon Jukut,secondary,-6.9145156,107.6071931,Sangat Dekat (<200m)
29354375_11176912847_STOP678,1,127.5,127.5,127.5,Banceuy Suniaraja,Jalan Stasiun Timur,primary,-6.915300500000003,107.606909,Sangat Dekat (<200m)
29354375_3270228962_STOP678,2,102.75,78.0,127.5,Banceuy Suniaraja,,primary_link,-6.915344064582078,107.6066884040885,Sangat Dekat (<200m)
29354379_25434242_STOP194,1,54.1,54.1,54.1,Stasiun Timur,Jalan Suniaraja,primary,-6.915807125976063,107.60465730592097,Sangat Dekat (<200m)
29354379_25434242_STOP678,3,44.63333333333333,22.8,80.4,Banceuy Suniaraja,Jalan Suniaraja,primary,-6.91563415681738,107.60554470041974,Sangat Dekat (<200m)
29354380_29354379_STOP678,2,59.45,35.1,83.8,Banceuy Suniaraja,Jalan Suniaraja,primary,-6.915492766787583,107.60632610538227,Sangat Dekat (<200m)
29354701_25435352_STOP300,2,68.35,46.5,90.2,Simpang Sudirman,Jalan Otto Iskandardinata,primary,-6.920303019034142,107.60414551505299,Sangat Dekat (<200m)
29354701_25435352_STOP617,4,57.775,15.0,114.6,Pasar Selatan,Jalan Otto Iskandardinata,primary,-6.918950948622793,107.60424104654649,Sangat Dekat (<200m)
29354701_29354883_STOP2,2,45.599999999999994,28.4,62.8,Banceuy,Jalan ABC,tertiary,-6.918906050000498,107.60621388994247,Sangat Dekat (<200m)
29354701_29354883_STOP617,1,37.1,37.1,37.1,Pasar Selatan,Jalan ABC,tertiary,-6.918274400000001,107.6042799,Sangat Dekat (<200m)
29354701_29354883_STOP679,3,46.03333333333334,15.7,86.2,Pasar Baru ABC,Jalan ABC,tertiary,-6.918554644556356,107.60513961111663,Sangat Dekat (<200m)
29354883_25435318_STOP2,1,27.2,27.2,27.2,Banceuy,Jalan ABC,tertiary,-6.918970400000002,107.6066765,Sangat Dekat (<200m)
29354883_25435318_STOP680,4,88.47500000000001,14.2,162.3,Simpang Banceuy - ABC,Jalan ABC,tertiary,-6.919200343696847,107.6077414821601,Sangat Dekat (<200m)
29354883_25435318_STOP787,3,101.73333333333333,57.0,148.4,Taman Braga,Jalan ABC,tertiary,-6.919707340054394,107.60919159106992,Sangat Dekat (<200m)
29354883_29354380_STOP2,2,26.75,26.3,27.2,Banceuy,Jalan Banceuy,tertiary,-6.9187477369421835,107.6066393761731,Sangat Dekat (<200m)
29354883_29354380_STOP678,3,88.39999999999999,81.6,96.5,Banceuy Suniaraja,Jalan Banceuy,tertiary,-6.915981861672489,107.6064559249408,Sangat Dekat (<200m)
29354883_29354380_STOP755,4,50.925000000000004,4.4,98.4,Banceuy - Pecinan Lama,Jalan Banceuy,tertiary,-6.917428190671167,107.60633363817837,Sangat Dekat (<200m)
29356722_1654067462_STOP352,10,278.75,145.7,440.2,Setrasari,Jalan Prof. Dr. Ir. Sutami,primary,-6.880190272951758,107.58293130348872,Dekat (200-400m)
29356722_1658431473_STOP352,4,73.375,6.8,145.7,Setrasari,Jalan Prof. Dr. Surya Soemantri,primary,-6.881577765018681,107.58142131629299,Sangat Dekat (<200m)
29356737_29378887_STOP3,2,162.5,137.5,187.5,Sukagalih,Jalan Cipedes Selatan,tertiary,-6.8937471886035215,107.59040425013572,Sangat Dekat (<200m)
29356737_29378887_STOP392,2,225.25,224.4,226.1,Griya Pasteur 2,Jalan Cipedes Selatan,tertiary,-6.894649931881352,107.59040470271921,Dekat (200-400m)
29356737_29378887_STOP592,3,182.9333333333333,147.5,221.6,BRI Sukamulya,Jalan Cipedes Selatan,tertiary,-6.895775388325738,107.59046438051674,Sangat Dekat (<200m)
29356737_2958261173_STOP592,9,120.92222222222222,19.0,253.2,BRI Sukamulya,Jalan Dr. Djunjunan,trunk,-6.897138218194761,107.59201964776021,Sangat Dekat (<200m)
29356793_306334264_STOP350,1,28.8,28.8,28.8,Lemahneundeut,Jalan Sariwangi,tertiary,-6.881556400000004,107.5787736,Sangat Dekat (<200m)
29356793_306334264_STOP351,2,36.2,11.5,60.9,Sarijadi,Jalan Sariwangi,tertiary,-6.881749822073382,107.5781236526918,Sangat Dekat (<200m)
29356793_5646605222_STOP350,2,25.8,22.8,28.8,Lemahneundeut,Jalan Lemah Neundeut,primary,-6.881333924937573,107.57874895120818,Sangat Dekat (<200m)
29356940_2325438114_STOP67,2,55.9,51.9,59.9,Sukawangi,Jalan Sirna Galih,tertiary,-6.8776971794755575,107.59592520461081,Sangat Dekat (<200m)
29356940_29356944_STOP337,2,205.85000000000002,203.3,208.4,Karangsetra Waterland,Jalan Sindang Sirna,primary,-6.87759935665863,107.59408756021065,Dekat (200-400m)
29356940_29356944_STOP67,4,125.0,51.9,195.8,Sukawangi,Jalan Sindang Sirna,primary,-6.877470132851003,107.59522888172535,Sangat Dekat (<200m)
29356944_11366943122_STOP337,1,207.7,207.7,207.7,Karangsetra Waterland,,primary_link,-6.877879500000008,107.5937671,Dekat (200-400m)
29356944_29356940_STOP337,2,205.45,203.2,207.7,Karangsetra Waterland,Jalan Sindang Sirna,primary,-6.877735587051152,107.59394078511096,Dekat (200-400m)
29356944_29356940_STOP67,4,144.925,73.4,210.2,Sukawangi,Jalan Sindang Sirna,primary,-6.877404860351024,107.59506230878296,Sangat Dekat (<200m)
29356960_12637511228_STOP92,1,21.3,21.3,21.3,Junction 8 Sukajadi,Jalan Cemara,tertiary,-6.884023800000003,107.5965234,Sangat Dekat (<200m)
29356960_29357697_STOP477,6,120.06666666666666,11.9,242.1,Mandiri Sukajadi,Jalan Sukajadi,primary,-6.882443403886505,107.5964665506612,Sangat Dekat (<200m)
29356960_29357697_STOP92,1,21.3,21.3,21.3,Junction 8 Sukajadi,Jalan Sukajadi,primary,-6.884023800000003,107.5965234,Sangat Dekat (<200m)
29356961_29356960_STOP92,1,63.4,63.4,63.4,Junction 8 Sukajadi,Jalan Karang Tineung,tertiary,-6.8840178000000005,107.5961393,Sangat Dekat (<200m)
29356961_29379592_STOP92,1,63.4,63.4,63.4,Junction 8 Sukajadi,Jalan Karang Tineung,tertiary,-6.8840178000000005,107.5961393,Sangat Dekat (<200m)
29356961_6621969574_STOP337,3,227.36666666666667,184.8,270.9,Karangsetra Waterland,"['Jalan Bungur', 'Jalan Karang Tineung']",tertiary,-6.880975784640497,107.59462949684298,Dekat (200-400m)
29356961_6621969574_STOP477,6,166.53333333333333,85.6,255.3,Mandiri Sukajadi,"['Jalan Bungur', 'Jalan Karang Tineung']",tertiary,-6.882902092299243,107.59517436993242,Sangat Dekat (<200m)
29356961_6621969574_STOP92,1,63.4,63.4,63.4,Junction 8 Sukajadi,"['Jalan Bungur', 'Jalan Karang Tineung']",tertiary,-6.8840178000000005,107.5961393,Sangat Dekat (<200m)
29356964_4169236625_STOP337,1,128.4,128.4,128.4,Karangsetra Waterland,Jalan Bungur,tertiary,-6.879767900000002,107.5943433,Sangat Dekat (<200m)
29356964_6621969574_STOP337,2,140.3,128.4,152.2,Karangsetra Waterland,Jalan Bungur,tertiary,-6.879976877938756,107.59441954248425,Sangat Dekat (<200m)
29357111_29358836_STOP478,1,44.3,44.3,44.3,Borma Setiabudhi,,primary_link,-6.874900899999998,107.595994,Sangat Dekat (<200m)
29357111_5639373300_STOP478,2,44.9,44.3,45.5,Borma Setiabudhi,Jalan Sukajadi,primary,-6.874679767497957,107.59594829080633,Sangat Dekat (<200m)
29357113_12634504454_STOP337,1,121.7,121.7,121.7,Karangsetra Waterland,Jalan Sukajadi,primary,-6.879211300000006,107.5963111,Sangat Dekat (<200m)
29357113_12634504454_STOP67,1,77.6,77.6,77.6,Sukawangi,Jalan Sukajadi,primary,-6.878760283656624,107.59628381605144,Sangat Dekat (<200m)
29357239_11367547338_STOP8,1,357.1,357.1,357.1,KPAD,Jalan Sari Endah Baru,secondary,-6.8680762,107.5830093,Dekat (200-400m)
29357239_29357241_STOP8,5,262.65999999999997,168.9,357.1,KPAD,Jalan Geger Kalong Hilir,secondary,-6.868178783779067,107.58387278360757,Dekat (200-400m)
29357241_1654067462_STOP128,6,678.6666666666666,647.1,718.6,Simpang Sarimanah Sariasih,Jalan Sukahaji,tertiary,-6.875620532037044,107.58427018655185,Sedang (400-800m)
29357241_1654067462_STOP352,5,538.04,461.7,624.1,Setrasari,Jalan Sukahaji,tertiary,-6.878076453262091,107.58407923778756,Sedang (400-800m)
29357241_1654067462_STOP8,14,406.55,128.7,705.7,KPAD,Jalan Sukahaji,tertiary,-6.871289085784056,107.58487935316155,Sedang (400-800m)
29357241_29357239_STOP8,5,218.71999999999997,128.7,312.7,KPAD,Jalan Geger Kalong Hilir,secondary,-6.868250317811098,107.5842885120323,Dekat (200-400m)
29357241_29357243_STOP8,3,92.0,62.6,128.7,KPAD,Jalan Geger Kalong Hilir,secondary,-6.868452854875365,107.58560558293998,Sangat Dekat (<200m)
29357243_1390997943_STOP404,3,346.5,296.6,396.4,Simpang Gegerkalong Hilir,Jalan Geger Kalong Hilir,secondary,-6.8698624658470235,107.58990419588146,Dekat (200-400m)
29357243_1390997943_STOP8,8,203.1625,63.2,365.4,KPAD,Jalan Geger Kalong Hilir,secondary,-6.869105831794794,107.58754523257768,Dekat (200-400m)
29357243_1676070938_STOP473,11,306.46363636363634,74.9,552.0,Gegerkalong Girang,"['Jalan Pak Gatot Raya', 'Jalan Gegerkalong Girang']",tertiary,-6.86416652010874,107.59149518912574,Dekat (200-400m)
29357243_1676070938_STOP8,16,312.6125,12.9,593.1,KPAD,"['Jalan Pak Gatot Raya', 'Jalan Gegerkalong Girang']",tertiary,-6.865489195483648,107.58735590781146,Dekat (200-400m)
29357243_29357241_STOP8,3,89.06666666666666,63.2,124.1,KPAD,Jalan Geger Kalong Hilir,secondary,-6.868457441664979,107.58565207497911,Sangat Dekat (<200m)
29357275_29357277_STOP8,6,457.5333333333333,383.1,542.0,KPAD,Jalan Sari Endah Baru,secondary,-6.869544843877375,107.58244522882818,Sedang (400-800m)
29357275_29357312_STOP8,2,404.9,383.1,426.7,KPAD,Jalan Geger Kalong Hilir,secondary,-6.86856940265764,107.58263112568878,Sedang (400-800m)
29357277_13097895693_STOP128,2,147.10000000000002,129.4,164.8,Simpang Sarimanah Sariasih,Jalan Sarijadi Raya,secondary,-6.875902429394873,107.57948934680645,Sangat Dekat (<200m)
29357277_13097895693_STOP629,11,416.3181818181818,200.6,644.3,Timur Simpang Sarimanah Sariasih,Jalan Sarijadi Raya,secondary,-6.873129949103657,107.58040645987167,Sedang (400-800m)
29357277_13097895693_STOP8,3,611.4333333333334,568.7,652.5,KPAD,Jalan Sarijadi Raya,secondary,-6.870141715855353,107.58117732538335,Sedang (400-800m)
29357277_29357312_STOP8,4,523.675,482.5,568.7,KPAD,Jalan Sarijadi Raya,secondary,-6.86922540307346,107.58170330233668,Sedang (400-800m)
29357312_11367547341_STOP8,3,435.90000000000003,395.4,469.1,KPAD,Jalan Geger Kalong Hilir,secondary,-6.868088594805255,107.58230429643733,Sedang (400-800m)
29357697_29357113_STOP337,4,189.35,136.6,248.2,Karangsetra Waterland,Jalan Sukajadi,primary,-6.880257151458702,107.59636538040431,Sangat Dekat (<200m)
29357697_29379986_STOP337,1,248.2,248.2,248.2,Karangsetra Waterland,Jalan Karangsari,tertiary,-6.880934099999997,107.5963984,Dekat (200-400m)
29357697_29379986_STOP628,2,186.2,161.6,210.8,Taman Gaya Karangsari,Jalan Karangsari,tertiary,-6.88088726629815,107.59707476346297,Sangat Dekat (<200m)
29357859_2325448804_STOP476,2,57.25,32.4,82.1,Polsek Sukajadi,Jalan Sukajadi,primary,-6.88740567812801,107.59673656425144,Sangat Dekat (<200m)
29357864_29379585_STOP92,2,79.75,55.6,103.9,Junction 8 Sukajadi,Jalan Sukajadi,primary,-6.884667665817191,107.59655609701022,Sangat Dekat (<200m)
29357928_29357929_STOP150,1,198.2,198.2,198.2,Setiabudi Hegarmanah,Jalan Cemara,secondary,-6.884516099999992,107.60158,Sangat Dekat (<200m)
29357928_29358830_STOP150,3,240.79999999999998,198.2,284.4,Setiabudi Hegarmanah,Jalan Raden Adipati Aria Wiranatakusumah,primary,-6.884958492593518,107.6016718930842,Dekat (200-400m)
29357928_29358830_STOP170,5,243.04000000000002,221.9,283.2,SDN 065 Cihampelas,Jalan Raden Adipati Aria Wiranatakusumah,primary,-6.886729100606485,107.60203364934523,Dekat (200-400m)
29357929_12637511228_STOP150,4,258.7,230.3,303.2,Setiabudi Hegarmanah,Jalan Cemara,tertiary,-6.884326235431772,107.60056760989463,Dekat (200-400m)
29357929_12637511228_STOP92,8,182.65,30.3,326.2,Junction 8 Sukajadi,Jalan Cemara,tertiary,-6.884047629336274,107.59831118461356,Sangat Dekat (<200m)
29357929_29357928_STOP150,1,230.3,230.3,230.3,Setiabudi Hegarmanah,Jalan Cemara,secondary,-6.884605500000007,107.6011691,Dekat (200-400m)
29357929_29379226_STOP150,4,303.025,230.3,377.0,Setiabudi Hegarmanah,Jalan Jurang,secondary,-6.885228378723335,107.60092926937081,Dekat (200-400m)
29357929_29379226_STOP17,6,236.41666666666666,111.5,359.7,Pasar Sederhana,Jalan Jurang,secondary,-6.888750770651778,107.60032596318428,Dekat (200-400m)
29357929_29379226_STOP170,3,394.3666666666666,392.6,395.5,SDN 065 Cihampelas,Jalan Jurang,secondary,-6.88675168249603,107.60059846665455,Dekat (200-400m)
29358830_25447039_STOP170,3,248.0666666666667,226.8,272.4,SDN 065 Cihampelas,Jalan Raden Adipati Aria Wiranatakusumah,primary,-6.888258037007438,107.60228998899542,Dekat (200-400m)
29358830_25447039_STOP65,6,153.15,27.4,278.9,RS Advent,Jalan Raden Adipati Aria Wiranatakusumah,primary,-6.8902831257188994,107.60246883757384,Sangat Dekat (<200m)
29358836_29358938_STOP478,2,47.300000000000004,22.2,72.4,Borma Setiabudhi,Jalan Dr. Setiabudi,primary,-6.874997466566446,107.59647502505139,Sangat Dekat (<200m)
29358836_29358938_STOP551,4,148.075,88.2,205.2,Gereja Santo Laurentius,Jalan Dr. Setiabudi,primary,-6.8760880330826035,107.5972239749698,Sangat Dekat (<200m)
29358836_29358938_STOP67,3,170.73333333333335,163.4,180.3,Sukawangi,Jalan Dr. Setiabudi,primary,-6.877517584147288,107.59755753757632,Sangat Dekat (<200m)
29358926_1660116944_STOP66,4,137.2,96.6,190.5,Gandok,Jalan Cihampelas,primary,-6.884083058532243,107.60461404527454,Sangat Dekat (<200m)
29358926_3376673094_STOP66,2,197.9,190.5,205.3,Gandok,Jalan Dr. Setiabudi,primary,-6.884752118343789,107.60437469665099,Sangat Dekat (<200m)
29358934_4262068495_STOP628,4,139.25,71.2,211.1,Taman Gaya Karangsari,Jalan Dr. Setiabudi,primary,-6.881833282553342,107.59976650918242,Sangat Dekat (<200m)
29358935_29358934_STOP628,2,57.0,55.7,58.3,Taman Gaya Karangsari,Jalan Dr. Setiabudi,primary,-6.88091922800429,107.59910962993958,Sangat Dekat (<200m)
29358935_9336983410_STOP628,2,34.35,10.4,58.3,Taman Gaya Karangsari,,tertiary_link,-6.880898886030295,107.59885689942615,Sangat Dekat (<200m)
29358937_29357113_STOP337,1,129.9,129.9,129.9,Karangsetra Waterland,Jalan Suka Asih,tertiary,-6.879233284315014,107.59638290627498,Sangat Dekat (<200m)
29358937_29357113_STOP628,1,233.3,233.3,233.3,Taman Gaya Karangsari,Jalan Suka Asih,tertiary,-6.879141600000007,107.5981885,Dekat (200-400m)
29358937_29357113_STOP67,3,178.16666666666666,146.8,212.3,Sukawangi,Jalan Suka Asih,tertiary,-6.879189274229804,107.59728553434822,Sangat Dekat (<200m)
29358937_29358935_STOP628,4,160.95,90.3,233.3,Taman Gaya Karangsari,Jalan Dr. Setiabudi,primary,-6.879751092899349,107.59848497983171,Sangat Dekat (<200m)
29358938_29358937_STOP628,1,243.1,243.1,243.1,Taman Gaya Karangsari,Jalan Dr. Setiabudi,primary,-6.879059975234424,107.59815418327962,Dekat (200-400m)
29358938_29358937_STOP67,2,195.75,181.1,210.4,Sukawangi,Jalan Dr. Setiabudi,primary,-6.878438266652941,107.5978841891621,Sangat Dekat (<200m)
29359106_1342112684_STOP164,1,38.1,38.1,38.1,Babakan Siliwangi,Jalan Siliwangi,secondary,-6.8848320999999935,107.6113963,Sangat Dekat (<200m)
29359106_1660110851_STOP164,3,198.6,38.1,301.0,Babakan Siliwangi,Jalan Siliwangi,secondary,-6.884811368232891,107.60982179405858,Sangat Dekat (<200m)
29359106_1660110851_STOP166,1,332.3,332.3,332.3,Sabuga ITB,Jalan Siliwangi,secondary,-6.884843922487477,107.60839882371212,Dekat (200-400m)
29359106_1660110851_STOP233,4,140.95,73.7,213.3,Sangkuriang,Jalan Siliwangi,secondary,-6.884545523167693,107.61033356948599,Sangat Dekat (<200m)
29359106_1660110851_STOP66,7,152.47142857142856,13.5,283.3,Gandok,Jalan Siliwangi,secondary,-6.884368983318647,107.60676261211775,Sangat Dekat (<200m)
29359329_1956570020_STOP552,1,135.1,135.1,135.1,Gerbang Utara ITB,Jalan Dayang Sumbi,tertiary,-6.887006099999993,107.6115384,Sangat Dekat (<200m)
29359329_1956899631_STOP552,1,135.1,135.1,135.1,Gerbang Utara ITB,Jalan Tamansari,secondary,-6.887006099999993,107.6115384,Sangat Dekat (<200m)
29359329_5463596826_STOP552,1,135.1,135.1,135.1,Gerbang Utara ITB,Jalan Tamansari,secondary,-6.887006099999993,107.6115384,Sangat Dekat (<200m)
29359719_5334558654_STOP578,1,10.9,10.9,10.9,Sulanjana Rangga Malela,Jalan Rangga Malela,tertiary,-6.899645800000004,107.6105271,Sangat Dekat (<200m)
29359719_5369882298_STOP578,1,10.9,10.9,10.9,Sulanjana Rangga Malela,Jalan Sulanjana,tertiary,-6.899645800000004,107.6105271,Sangat Dekat (<200m)
29359719_5369882298_STOP724,2,26.1,14.1,38.1,Baltos,Jalan Sulanjana,tertiary,-6.899501984541848,107.60986691800633,Sangat Dekat (<200m)
29359719_9755546377_STOP578,1,10.9,10.9,10.9,Sulanjana Rangga Malela,Jalan Sulanjana,tertiary,-6.899645800000004,107.6105271,Sangat Dekat (<200m)
29376968_13261248357_STOP302,2,49.0,41.8,56.2,SMAN 6 Bandung,"['Jalan Kesatriaan', 'Jalan Bima']",tertiary,-6.911775096084166,107.59772128019745,Sangat Dekat (<200m)
29376968_13261248357_STOP759,4,50.775000000000006,19.8,81.9,SMP Negeri 1 Bandung,"['Jalan Kesatriaan', 'Jalan Bima']",tertiary,-6.912010923112197,107.59639256017874,Sangat Dekat (<200m)
29376968_13261248357_STOP760,5,61.0,11.2,107.9,Masjid Jami Miftahul Khaer Jalan Bima,"['Jalan Kesatriaan', 'Jalan Bima']",tertiary,-6.9113741703041125,107.59475415923487,Sangat Dekat (<200m)
29376968_13261248357_STOP761,5,63.120000000000005,10.9,110.6,Landmark Residence Bima,"['Jalan Kesatriaan', 'Jalan Bima']",tertiary,-6.9107360599729954,107.5926814675851,Sangat Dekat (<200m)
29376968_13261248357_STOP762,3,44.699999999999996,8.2,87.4,Kantor Kelurahan Arjuna,"['Jalan Kesatriaan', 'Jalan Bima']",tertiary,-6.909394467663251,107.59196339591756,Sangat Dekat (<200m)
29376968_2012498676_STOP302,5,76.56,11.3,160.1,SMAN 6 Bandung,Jalan HOS. Cokroaminoto,primary,-6.9108813244030145,107.5978789932175,Sangat Dekat (<200m)
29376968_2012498676_STOP406,5,77.03999999999999,12.7,160.2,SDN 013 Pajajaran,Jalan HOS. Cokroaminoto,primary,-6.9086277532185765,107.5977205018823,Sangat Dekat (<200m)
29377042_11740333993_STOP86,1,72.2,72.2,72.2,Stasiun Ciroyom,Jalan Industri,tertiary,-6.913514100000003,107.5891272,Sangat Dekat (<200m)
29377063_13382601416_STOP86,2,48.0,42.5,53.5,Stasiun Ciroyom,Jalan Ciroyom,secondary,-6.9143490264151675,107.58877980464817,Sangat Dekat (<200m)
29377063_25446462_STOP288,2,176.25,156.4,196.1,SMA Trinitas,Jalan Arjuna,secondary,-6.916116474662173,107.59018459787576,Sangat Dekat (<200m)
29377063_25446462_STOP86,4,105.80000000000001,42.5,174.8,Stasiun Ciroyom,Jalan Arjuna,secondary,-6.915046866228597,107.58935141697457,Sangat Dekat (<200m)
29377182_11310046580_STOP768,4,86.10000000000001,11.3,161.3,Gang 5 Ciroyom,Jalan Ciroyom,secondary,-6.9121984477147365,107.58509347777255,Sangat Dekat (<200m)
29377182_11310046580_STOP770,3,80.53333333333335,30.3,130.8,Simpang Andir - Ciroyom 2,Jalan Ciroyom,secondary,-6.911289345854043,107.58379869573996,Sangat Dekat (<200m)
29377182_25446445_STOP287,7,119.38571428571429,52.7,194.0,Dunguscariang,Jalan Andir,tertiary,-6.913956962055695,107.58308565468155,Sangat Dekat (<200m)
29377182_25446445_STOP769,4,132.425,60.5,206.0,Simpang Andir - Ciroyom 1,Jalan Andir,tertiary,-6.912071205821683,107.58298412288744,Sangat Dekat (<200m)
29377182_25446445_STOP770,1,30.3,30.3,30.3,Simpang Andir - Ciroyom 2,Jalan Andir,tertiary,-6.911033000000004,107.5834264,Sangat Dekat (<200m)
29377182_2628296773_STOP769,3,67.36666666666667,17.4,117.5,Simpang Andir - Ciroyom 1,Jalan Ciroyom,secondary,-6.910527687269682,107.5826766896231,Sangat Dekat (<200m)
29377182_2628296773_STOP770,1,30.3,30.3,30.3,Simpang Andir - Ciroyom 2,Jalan Ciroyom,secondary,-6.911033000000004,107.5834264,Sangat Dekat (<200m)
29377182_2628296773_STOP771,2,62.4,37.3,87.5,Gang Moh. 1,Jalan Ciroyom,secondary,-6.909159007667604,107.58060121737091,Sangat Dekat (<200m)
29377182_2628296773_STOP772,3,59.53333333333333,9.5,109.7,Seberang Gang Moh. 1,Jalan Ciroyom,secondary,-6.909783174129764,107.58154325854402,Sangat Dekat (<200m)
29377182_2628296773_STOP773,1,21.3,21.3,21.3,Stasiun Andir 1,Jalan Ciroyom,secondary,-6.908276725045241,107.57928791327517,Sangat Dekat (<200m)
29377182_2628296773_STOP774,2,51.05,26.0,76.1,Stasiun Andir 2,Jalan Ciroyom,secondary,-6.90865250171591,107.57985231431672,Sangat Dekat (<200m)
29377187_13382601416_STOP112,1,141.9,141.9,141.9,Yayasan LPPN,Jalan Ciroyom Timur,tertiary,-6.9153833,107.586626,Sangat Dekat (<200m)
29377187_13382601416_STOP810,4,118.55000000000001,73.5,175.4,Terminal Ciroyom,Jalan Ciroyom Timur,tertiary,-6.914929760879094,107.58756278095632,Sangat Dekat (<200m)
29377187_13382601416_STOP86,1,74.3,74.3,74.3,Stasiun Ciroyom,Jalan Ciroyom Timur,tertiary,-6.914209825398975,107.58843351986896,Sangat Dekat (<200m)
29377187_25446457_STOP112,3,101.13333333333333,62.4,141.9,Yayasan LPPN,Jalan Ciroyom Barat,tertiary,-6.915413781998851,107.58624850037113,Sangat Dekat (<200m)
29377187_29377189_STOP112,1,141.9,141.9,141.9,Yayasan LPPN,Jalan Ciroyom Barat,tertiary,-6.9153833,107.586626,Sangat Dekat (<200m)
29377187_29377189_STOP810,4,102.1,66.9,154.7,Terminal Ciroyom,Jalan Ciroyom Barat,tertiary,-6.91431203415031,107.58698391723551,Sangat Dekat (<200m)
29377189_11687490552_STOP767,1,116.9,116.9,116.9,Seberang Gang 5 Ciroyom,Jalan Ciroyom,secondary,-6.913293048876751,107.58682620216594,Sangat Dekat (<200m)
29377189_11687490552_STOP810,1,73.7,73.7,73.7,Terminal Ciroyom,Jalan Ciroyom,secondary,-6.913505600000005,107.5872252,Sangat Dekat (<200m)
29377189_29377187_STOP112,1,152.6,152.6,152.6,Yayasan LPPN,Jalan Ciroyom Barat,tertiary,-6.915226957872057,107.5866788300229,Sangat Dekat (<200m)
29377189_29377187_STOP810,4,94.1,67.9,138.2,Terminal Ciroyom,Jalan Ciroyom Barat,tertiary,-6.914154511237521,107.58703250859705,Sangat Dekat (<200m)
29377273_2604179168_STOP181,4,72.2,9.1,143.5,Rajawali Barat,Jalan Rajawali Barat,trunk,-6.911155329533224,107.5707206212892,Sangat Dekat (<200m)
29377273_2604179168_STOP182,4,65.25,23.4,129.2,Plaza Telkom Rajawali,Jalan Rajawali Barat,trunk,-6.9128022293363856,107.57493111121278,Sangat Dekat (<200m)
29377273_2604179168_STOP376,1,43.1,43.1,43.1,Batas Kota,Jalan Rajawali Barat,trunk,-6.910743599999991,107.569668,Sangat Dekat (<200m)
29377273_2604179168_STOP778,6,89.19999999999999,40.8,148.7,Institut Kesehatan Rajawali,Jalan Rajawali Barat,trunk,-6.911978820424031,107.57282585085643,Sangat Dekat (<200m)
29377273_29377395_STOP136,6,638.4333333333333,573.0,720.9,Paledang,Jalan Maleber Barat,tertiary,-6.904833794211931,107.57198725012297,Sedang (400-800m)
29377273_29377395_STOP181,11,291.20909090909095,72.5,531.0,Rajawali Barat,Jalan Maleber Barat,tertiary,-6.908377402415061,107.57077423300743,Dekat (200-400m)
29377273_29377395_STOP376,1,43.1,43.1,43.1,Batas Kota,Jalan Maleber Barat,tertiary,-6.910743599999991,107.569668,Sangat Dekat (<200m)
29377395_29377273_STOP136,6,646.8333333333334,575.7,732.7,Paledang,Jalan Maleber Barat,tertiary,-6.904716193061481,107.57204492402907,Sedang (400-800m)
29377395_29377273_STOP181,11,303.95454545454544,82.2,545.5,Rajawali Barat,Jalan Maleber Barat,tertiary,-6.908264360108893,107.57082273259958,Dekat (200-400m)
29377395_29377273_STOP376,1,55.4,55.4,55.4,Batas Kota,Jalan Maleber Barat,tertiary,-6.910621750668923,107.56971946151864,Sangat Dekat (<200m)
29377395_3445469505_STOP136,8,449.3,49.3,732.7,Paledang,"['Jalan Maleber Utara', 'Jalan Paledang']",tertiary,-6.9041646255362465,107.56999831576388,Sedang (400-800m)
29377395_3445469505_STOP180,1,522.3,522.3,522.3,SMAN 13 Bandung A,"['Jalan Maleber Utara', 'Jalan Paledang']",tertiary,-6.901614981184336,107.56920508166633,Sedang (400-800m)
29377395_3445469505_STOP602,13,391.1615384615385,140.2,604.4,Simpang Kebon Kopi,"['Jalan Maleber Utara', 'Jalan Paledang']",tertiary,-6.903048960558043,107.56877037750063,Dekat (200-400m)
29377395_3445557996_STOP136,2,748.7,732.7,764.7,Paledang,Jalan Maleber Utara,tertiary,-6.903873782443308,107.57280849425766,Sedang (400-800m)
29377395_3445557996_STOP773,11,314.8545454545455,64.1,566.2,Stasiun Andir 1,Jalan Maleber Utara,tertiary,-6.9067389107785,107.57714603009934,Dekat (200-400m)
29377395_3445557996_STOP777,5,674.96,609.4,744.6,Simpang Dadali - Flamingo,Jalan Maleber Utara,tertiary,-6.904744420263219,107.57412954522836,Sedang (400-800m)
29377508_29377560_STOP518,1,24.5,24.5,24.5,GKBI Andir,Jalan Dadali,tertiary,-6.911732121322065,107.57786808452138,Sangat Dekat (<200m)
29377508_29377560_STOP776,3,47.03333333333333,14.3,88.5,Seberang Puskesmas Garuda,Jalan Dadali,tertiary,-6.9114386634927,107.57701469611601,Sangat Dekat (<200m)
29377508_29377560_STOP777,7,90.04285714285713,25.4,176.3,Simpang Dadali - Flamingo,Jalan Dadali,tertiary,-6.910587904317761,107.57492083581883,Sangat Dekat (<200m)
29377508_29377560_STOP778,1,204.0,204.0,204.0,Institut Kesehatan Rajawali,Jalan Dadali,tertiary,-6.9098751999999966,107.5732664,Dekat (200-400m)
29377560_1666277222_STOP518,1,12.2,12.2,12.2,GKBI Andir,Jalan Garuda,trunk,-6.911755299999995,107.5780214,Sangat Dekat (<200m)
29377560_1666277222_STOP775,3,40.56666666666666,17.4,62.5,Simpang Garuda - Dadali,Jalan Garuda,trunk,-6.910875781282431,107.57822904197663,Sangat Dekat (<200m)
29377560_1837401657_STOP286,1,67.4,67.4,67.4,Rajawali 1,Jalan Garuda,trunk,-6.913520297561982,107.57763323338744,Sangat Dekat (<200m)
29377560_1837401657_STOP518,2,25.85,12.2,39.5,GKBI Andir,Jalan Garuda,trunk,-6.9119770306539,107.57797805270754,Sangat Dekat (<200m)
29377560_1837401657_STOP779,2,26.35,16.2,36.5,Simpang Garuda - Rajawali Timur,Jalan Garuda,trunk,-6.91286010105966,107.5777866704556,Sangat Dekat (<200m)
29377560_29377508_STOP518,1,12.2,12.2,12.2,GKBI Andir,Jalan Dadali,tertiary,-6.911755299999995,107.5780214,Sangat Dekat (<200m)
29377560_29377508_STOP776,4,61.225,21.4,121.4,Seberang Puskesmas Garuda,Jalan Dadali,tertiary,-6.911409613786275,107.57694995560624,Sangat Dekat (<200m)
29377560_29377508_STOP777,6,78.41666666666667,9.0,159.0,Simpang Dadali - Flamingo,Jalan Dadali,tertiary,-6.910561136304527,107.57485520120987,Sangat Dekat (<200m)
29377560_29377508_STOP778,1,195.4,195.4,195.4,Institut Kesehatan Rajawali,Jalan Dadali,tertiary,-6.909968754562011,107.57338792229255,Sangat Dekat (<200m)
29377716_1658617590_STOP241,2,123.75,112.2,135.3,Simpang Surya Sumantri Pasteur,Jalan Sukaraja,secondary,-6.89228093546333,107.58045095933873,Sangat Dekat (<200m)
29377716_1658617590_STOP489,7,87.85714285714286,12.1,158.7,SDN Sukaraja,Jalan Sukaraja,secondary,-6.891523358495342,107.57857199368867,Sangat Dekat (<200m)
29377716_1870759840_STOP489,2,183.25,158.7,207.8,SDN Sukaraja,Jalan Sukaraja,secondary,-6.8911558529261105,107.57704239717395,Sangat Dekat (<200m)
29377716_6615747773_STOP489,1,158.7,158.7,158.7,SDN Sukaraja,Kapten Tata Natanegara,secondary,-6.891167599999995,107.5772675,Sangat Dekat (<200m)
29377839_29378887_STOP3,3,134.63333333333333,109.5,164.2,Sukagalih,Jalan Sukagalih,tertiary,-6.893192292276006,107.58961446711801,Sangat Dekat (<200m)
29377839_29378887_STOP630,3,165.66666666666666,157.4,175.1,Sukamulya,Jalan Sukagalih,tertiary,-6.893165381550332,107.5882694824666,Sangat Dekat (<200m)
29377839_4375366198_STOP630,3,141.36666666666667,126.1,164.5,Sukamulya,Jalan Suka Mulya,tertiary,-6.893514610730496,107.58755491473379,Sangat Dekat (<200m)
29377839_5461446930_STOP3,11,355.3454545454546,235.1,536.1,Sukagalih,Jalan Suka Mulya,tertiary,-6.890158011971866,107.5881878761907,Dekat (200-400m)
29377839_5461446930_STOP630,2,186.2,164.5,207.9,Sukamulya,Jalan Suka Mulya,tertiary,-6.892946412345701,107.58791067904933,Sangat Dekat (<200m)
29378887_12809082543_STOP126,8,253.0,185.4,360.3,Sukagalih PVJ,"['Jalan Cipedes Selatan', 'Jalan Sukagalih']",tertiary,-6.892703587984833,107.59526194354079,Dekat (200-400m)
29378887_12809082543_STOP3,10,152.63,7.1,344.2,Sukagalih,"['Jalan Cipedes Selatan', 'Jalan Sukagalih']",tertiary,-6.892506425079967,107.59157495990102,Sangat Dekat (<200m)
29378887_29356737_STOP3,3,157.33333333333334,107.2,207.5,Sukagalih,Jalan Cipedes Selatan,tertiary,-6.89370077612546,107.59039972254021,Sangat Dekat (<200m)
29378887_29356737_STOP349,1,224.5,224.5,224.5,Griya Pasteur 1,Jalan Cipedes Selatan,tertiary,-6.895054114758968,107.59043078639606,Dekat (200-400m)
29378887_29356737_STOP392,1,223.7,223.7,223.7,Griya Pasteur 2,Jalan Cipedes Selatan,tertiary,-6.894603443144161,107.59039848075663,Dekat (200-400m)
29378887_29356737_STOP592,2,184.45,164.4,204.5,BRI Sukamulya,Jalan Cipedes Selatan,tertiary,-6.89573040843829,107.5904753701171,Sangat Dekat (<200m)
29378887_29377839_STOP3,4,133.2,107.2,174.4,Sukagalih,Jalan Sukagalih,tertiary,-6.8931997053568015,107.58972301221935,Sangat Dekat (<200m)
29378887_29377839_STOP630,2,161.75,157.2,166.3,Sukamulya,Jalan Sukagalih,tertiary,-6.893190082748708,107.58838010033428,Sangat Dekat (<200m)
29379226_11345662513_STOP17,5,139.95999999999998,82.4,221.4,Pasar Sederhana,Jalan Sukamaju,secondary,-6.889678571877306,107.59907453040107,Sangat Dekat (<200m)
29379226_11345662513_STOP476,2,153.95,128.8,179.1,Polsek Sukajadi,Jalan Sukamaju,secondary,-6.888785587286254,107.597781363803,Sangat Dekat (<200m)
29379226_29357929_STOP150,3,306.3333333333333,256.4,356.2,Setiabudi Hegarmanah,Jalan Jurang,secondary,-6.885263383494288,107.60092719174203,Dekat (200-400m)
29379226_29357929_STOP17,7,232.27142857142857,82.4,380.3,Pasar Sederhana,Jalan Jurang,secondary,-6.888781849238655,107.60030029625304,Dekat (200-400m)
29379226_29357929_STOP170,3,394.9666666666667,392.9,398.5,SDN 065 Cihampelas,Jalan Jurang,secondary,-6.886562637807418,107.60061218286512,Dekat (200-400m)
29379226_3249461526_STOP17,2,57.400000000000006,32.4,82.4,Pasar Sederhana,Jalan Sederhana,secondary,-6.8902764833764305,107.5998099321888,Sangat Dekat (<200m)
29379229_12809151235_STOP149,5,82.72,20.8,170.4,Makmur,Jalan Makmur,secondary,-6.894435936482597,107.59954063759612,Sangat Dekat (<200m)
29379229_12809151235_STOP482,1,210.5,210.5,210.5,Masjid Besar Cipaganti,Jalan Makmur,secondary,-6.895086647758245,107.60072233825898,Dekat (200-400m)
29379229_3249461526_STOP149,4,84.725,32.4,150.0,Makmur,Jalan Sederhana,secondary,-6.8934149068121,107.5989151321143,Sangat Dekat (<200m)
29379229_3249461526_STOP17,4,106.0,30.7,181.4,Pasar Sederhana,Jalan Sederhana,secondary,-6.891666099225744,107.59936663346198,Sangat Dekat (<200m)
29379231_29379229_STOP149,3,77.66666666666667,36.4,122.0,Makmur,Jalan Sederhana,secondary,-6.894615294740309,107.5985665788989,Sangat Dekat (<200m)
29379231_29379229_STOP327,2,134.65,122.4,146.9,Cibarengkok,Jalan Sederhana,secondary,-6.895712890458311,107.59830110855532,Sangat Dekat (<200m)
29379231_29379232_STOP327,2,104.25,86.1,122.4,Cibarengkok,Jalan Sederhana,secondary,-6.896085239442065,107.59808563550249,Sangat Dekat (<200m)
29379232_29379231_STOP327,2,97.75,80.9,114.6,Cibarengkok,Jalan Sederhana,secondary,-6.896143059343855,107.59802166343418,Sangat Dekat (<200m)
29379232_29379447_STOP327,2,55.800000000000004,30.7,80.9,Cibarengkok,,secondary,-6.896232665342449,107.59763659654101,Sangat Dekat (<200m)
29379232_7983673000_STOP327,2,76.7,72.5,80.9,Cibarengkok,Jalan Sederhana,secondary,-6.896451895138311,107.59769173252639,Sangat Dekat (<200m)
29379393_29379231_STOP149,3,262.8666666666667,240.7,282.3,Makmur,Jalan Profesor Christiaan Eijkman,secondary,-6.896217455269515,107.6000128057032,Dekat (200-400m)
29379393_29379231_STOP327,2,193.8,169.1,218.5,Cibarengkok,Jalan Profesor Christiaan Eijkman,secondary,-6.8960705669155615,107.59890277960822,Sangat Dekat (<200m)
29379393_29379231_STOP482,1,233.0,233.0,233.0,Masjid Besar Cipaganti,Jalan Profesor Christiaan Eijkman,secondary,-6.8959681,107.6008463,Dekat (200-400m)
29379447_12809082543_STOP149,2,221.85,214.6,229.1,Makmur,Jalan Sukajadi,primary,-6.893644135622434,107.59707822756803,Dekat (200-400m)
29379447_12809082543_STOP327,5,98.12,11.5,194.9,Cibarengkok,Jalan Sukajadi,primary,-6.895221558206148,107.59719024060992,Sangat Dekat (<200m)
29379476_1900221414_STOP482,2,146.05,129.9,162.2,Masjid Besar Cipaganti,Jalan Profesor Christiaan Eijkman,secondary,-6.89573286417568,107.60167067532313,Sangat Dekat (<200m)
29379476_29379393_STOP482,2,186.25,162.2,210.3,Masjid Besar Cipaganti,Jalan Profesor Christiaan Eijkman,secondary,-6.895790695518318,107.60123479644038,Sangat Dekat (<200m)
29379583_12637511228_STOP92,1,34.9,34.9,34.9,Junction 8 Sukajadi,Jalan Cemara,tertiary,-6.884180600000007,107.5969394,Sangat Dekat (<200m)
29379583_29379585_STOP92,1,34.9,34.9,34.9,Junction 8 Sukajadi,Jalan Cemara,tertiary,-6.884180600000007,107.5969394,Sangat Dekat (<200m)
29379585_29356960_STOP92,1,32.9,32.9,32.9,Junction 8 Sukajadi,Jalan Sukajadi,primary,-6.884206500000003,107.5965291,Sangat Dekat (<200m)
29379585_29379592_STOP92,1,32.9,32.9,32.9,Junction 8 Sukajadi,Jalan Karang Tineung,tertiary,-6.884206500000003,107.5965291,Sangat Dekat (<200m)
29379592_29356961_STOP92,1,68.5,68.5,68.5,Junction 8 Sukajadi,Jalan Karang Tineung,tertiary,-6.884197299999994,107.5961344,Sangat Dekat (<200m)
29379986_9336983410_STOP628,3,105.66666666666667,55.5,155.8,Taman Gaya Karangsari,Jalan Karangsari,tertiary,-6.880949350061389,107.59779963647333,Sangat Dekat (<200m)
29380398_1387999367_STOP496,10,416.21000000000004,190.7,636.0,Simpang Bojong Raya,Jalan Raya Cijerah,secondary,-6.930345681986614,107.56503205124463,Sedang (400-800m)
29380398_3110266609_STOP107,16,353.9,74.1,678.1,Perumnas Cijerah,"['Jalan Gempol', 'Jalan Gempol Sari']",tertiary,-6.931665692828272,107.56134176202899,Dekat (200-400m)
29380398_3110266609_STOP130,7,692.1142857142858,659.3,748.4,Terminal Bumi Asri,"['Jalan Gempol', 'Jalan Gempol Sari']",tertiary,-6.926505469158549,107.55215776807334,Sedang (400-800m)
29380398_3110266609_STOP4,12,362.325,100.1,635.2,Perumnas Cijerah,"['Jalan Gempol', 'Jalan Gempol Sari']",tertiary,-6.928622964685997,107.55588859263976,Dekat (200-400m)
29380398_3110266609_STOP496,1,636.0,636.0,636.0,Simpang Bojong Raya,"['Jalan Gempol', 'Jalan Gempol Sari']",tertiary,-6.932271900000006,107.5645831,Sedang (400-800m)
29380398_6425545180_STOP496,3,675.5,636.0,715.1,Simpang Bojong Raya,Jalan Raya Cijerah,secondary,-6.932681835015393,107.56477311637728,Sedang (400-800m)
29380398_6425545180_STOP497,6,687.9166666666666,664.4,723.8,Holis Regency,Jalan Raya Cijerah,secondary,-6.934612607181549,107.56474705322404,Sedang (400-800m)
29380403_1387999367_STOP496,3,111.0,72.5,152.7,Simpang Bojong Raya,Jalan Raya Cijerah,secondary,-6.927632934713924,107.56567775651013,Sangat Dekat (<200m)
29380403_3252892639_STOP496,2,60.7,48.9,72.5,Simpang Bojong Raya,Jalan Raya Cijerah,secondary,-6.926965038156469,107.56565917363042,Sangat Dekat (<200m)
29380518_3252892639_STOP496,9,195.51111111111112,8.9,393.7,Simpang Bojong Raya,Jalan Bojong Raya,tertiary,-6.927322971896743,107.56777799003,Sangat Dekat (<200m)
29380518_3252892639_STOP802,10,274.33000000000004,192.4,424.5,Holis 266,Jalan Bojong Raya,tertiary,-6.927768540706583,107.57201985374006,Dekat (200-400m)
29380518_3445438782_STOP802,9,112.44444444444444,9.0,207.5,Holis 266,Jalan Holis,tertiary,-6.929596300187324,107.57333252341299,Sangat Dekat (<200m)
29380518_3445438782_STOP803,3,158.70000000000002,109.7,207.8,Holis Sumbersari Indah,Jalan Holis,tertiary,-6.932073250162422,107.57235381758659,Sangat Dekat (<200m)
29380518_9532363495_STOP338,1,11.2,11.2,11.2,Holis 2,Jalan Holis,tertiary,-6.924911563960302,107.57490358228516,Sangat Dekat (<200m)
29380518_9532363495_STOP381,5,139.38,52.2,235.1,Holis 1,Jalan Holis,tertiary,-6.926234850793653,107.5746317267245,Sangat Dekat (<200m)
29380518_9532363495_STOP802,2,217.55,192.4,242.7,Holis 266,Jalan Holis,tertiary,-6.9277204746674705,107.57410305064806,Dekat (200-400m)
29427097_11138680825_STOP159,5,66.56,19.6,131.5,Gasibu,Jalan Surapati,trunk,-6.899234700692975,107.61825048911473,Sangat Dekat (<200m)
29427097_11138680825_STOP723,2,38.0,14.1,61.9,Mahawarman,Jalan Surapati,trunk,-6.899080013908801,107.6166805620023,Sangat Dekat (<200m)
29427236_1660260881_STOP723,2,51.75,50.0,53.5,Mahawarman,Jalan Aria Jipang,tertiary,-6.899282987864986,107.61610920232053,Sangat Dekat (<200m)
29427236_29427263_STOP687,1,182.7,182.7,182.7,Taman Segitiga Trunojoyo 2,Jalan Aria Jipang,tertiary,-6.900360725364733,107.61528111162104,Sangat Dekat (<200m)
29427236_29427263_STOP723,3,100.39999999999999,53.5,148.5,Mahawarman,Jalan Aria Jipang,tertiary,-6.899713712807791,107.6159091988684,Sangat Dekat (<200m)
29427263_1849525906_STOP31,2,170.05,149.0,191.1,Danamon Cikapayang,Jalan Diponegoro,primary,-6.900553643617872,107.61394722599387,Sangat Dekat (<200m)
29427263_1849525906_STOP687,2,161.14999999999998,153.7,168.6,Taman Segitiga Trunojoyo 2,Jalan Diponegoro,primary,-6.900628993901622,107.61484558815441,Sangat Dekat (<200m)
29427263_29427236_STOP687,1,153.7,153.7,153.7,Taman Segitiga Trunojoyo 2,Jalan Aria Jipang,tertiary,-6.900633399999996,107.6150711,Sangat Dekat (<200m)
29427263_29427236_STOP723,3,137.0,87.8,186.6,Mahawarman,Jalan Aria Jipang,tertiary,-6.899951421675655,107.61566130105399,Sangat Dekat (<200m)
29427263_5356356915_STOP687,2,137.39999999999998,121.1,153.7,Taman Segitiga Trunojoyo 2,Jalan Diponegoro,primary,-6.900780103223193,107.6152430150731,Sangat Dekat (<200m)
29427961_29427097_STOP163,4,61.8,23.0,118.0,Cikapayang Dago 2,Jalan Layang Professor Mochtar Kusumaatmadja,trunk,-6.898951939723138,107.61387642987435,Sangat Dekat (<200m)
29427961_29427097_STOP169,3,46.833333333333336,30.9,78.6,Cikapayang Dago 1,Jalan Layang Professor Mochtar Kusumaatmadja,trunk,-6.8988682157711345,107.61184763072818,Sangat Dekat (<200m)
29427961_29427097_STOP236,1,63.7,63.7,63.7,La Belle Cikapayang,Jalan Layang Professor Mochtar Kusumaatmadja,trunk,-6.898951037146647,107.61274612561884,Sangat Dekat (<200m)
29427961_29427097_STOP354,4,54.974999999999994,10.5,106.3,Tamansari Cikapayang,Jalan Layang Professor Mochtar Kusumaatmadja,trunk,-6.89837675074221,107.61035263598453,Sangat Dekat (<200m)
29427961_29427097_STOP72,5,124.82000000000001,70.4,194.8,Balubur Town Square,Jalan Layang Professor Mochtar Kusumaatmadja,trunk,-6.898230238483295,107.60839307840857,Sangat Dekat (<200m)
29427961_29427097_STOP723,4,79.0,10.0,152.1,Mahawarman,Jalan Layang Professor Mochtar Kusumaatmadja,trunk,-6.898989730031052,107.61568352232172,Sangat Dekat (<200m)
29427961_6352261923_STOP72,5,132.3,80.4,194.8,Balubur Town Square,,trunk_link,-6.898164859297166,107.60835498221134,Sangat Dekat (<200m)
29434768_11347520099_STOP413,3,61.06666666666666,23.4,103.8,SMK Medina,Jalan Sancang,tertiary,-6.930950344232296,107.61939619388664,Sangat Dekat (<200m)
29434768_11347520099_STOP732,1,106.9,106.9,106.9,Macan - Lodaya 1,Jalan Sancang,tertiary,-6.930090621854091,107.61967474761548,Sangat Dekat (<200m)
29434768_12806537959_STOP413,2,48.400000000000006,23.4,73.4,SMK Medina,Jalan Kyai Haji Ahmad Dahlan,secondary,-6.931407346517098,107.61948100931764,Sangat Dekat (<200m)
29434768_12806537959_STOP428,2,108.0,102.4,113.6,Yayasan Kemala Bhayangkari,Jalan Kyai Haji Ahmad Dahlan,secondary,-6.932483273212297,107.62142901925179,Sangat Dekat (<200m)
29434768_12806537959_STOP429,3,42.46666666666667,25.3,75.0,GOR Lodaya,Jalan Kyai Haji Ahmad Dahlan,secondary,-6.9318376309148535,107.62050201840917,Sangat Dekat (<200m)
29434769_11347520099_STOP732,1,79.5,79.5,79.5,Macan - Lodaya 1,Jalan Lodaya,tertiary,-6.9298046000000015,107.6198226,Sangat Dekat (<200m)
29434769_12986852699_STOP48,1,59.9,59.9,59.9,Simpang Pasar Palasari,Jalan Lodaya,tertiary,-6.930914701732995,107.62229743320344,Sangat Dekat (<200m)
29434769_12986852699_STOP732,1,79.5,79.5,79.5,Macan - Lodaya 1,Jalan Lodaya,tertiary,-6.9298046000000015,107.6198226,Sangat Dekat (<200m)
29434769_12986852699_STOP750,2,33.050000000000004,9.9,56.2,Lapangan Lodaya,Jalan Lodaya,tertiary,-6.9306409679159415,107.62167699813406,Sangat Dekat (<200m)
29434769_12986852699_STOP751,3,45.800000000000004,17.5,84.9,Seberang Lapangan Lodaya,Jalan Lodaya,tertiary,-6.930182234826798,107.62064415136126,Sangat Dekat (<200m)
29434775_6470065668_STOP797,2,67.4,42.4,92.4,Sadakeling - Wiradisastra,Jalan Sadakeling,tertiary,-6.9280906862793366,107.61923104779885,Sangat Dekat (<200m)
29434775_6470065671_STOP797,1,92.4,92.4,92.4,Sadakeling - Wiradisastra,Jalan Burangrang,tertiary,-6.928055900000002,107.6194542,Sangat Dekat (<200m)
29434777_30602861_STOP796,2,29.3,20.6,38.0,Simpang Cikawao - Karapitan,Jalan Sadakeling,tertiary,-6.92905047564644,107.61693705403604,Sangat Dekat (<200m)
29434777_3110090805_STOP60,1,66.8,66.8,66.8,Lauk Emas,Jalan Sadakeling,tertiary,-6.930048091721416,107.61705695834588,Sangat Dekat (<200m)
29434777_3110090805_STOP796,2,58.75,38.0,79.5,Simpang Cikawao - Karapitan,Jalan Sadakeling,tertiary,-6.929375498724243,107.61709699126476,Sangat Dekat (<200m)
29489136_1014722585_STOP269,1,169.3,169.3,169.3,Jalan Ibu Inggit Garnasih,Jalan Ibu Inggit Ganarsih,secondary,-6.931687700000003,107.6054273,Sangat Dekat (<200m)
29489136_1014722585_STOP369,2,198.75,192.9,204.6,SDN Moh. Toha,Jalan Ibu Inggit Ganarsih,secondary,-6.931776615075106,107.60609967672707,Sangat Dekat (<200m)
29489136_11380591251_STOP269,2,172.4,169.3,175.5,Jalan Ibu Inggit Garnasih,Jalan Dewi Sartika,tertiary,-6.931463818037123,107.60545758295731,Sangat Dekat (<200m)
29489136_11380591251_STOP30,4,78.9,5.1,153.8,Terminal Abdul Muis/Kebon Kalapa,Jalan Dewi Sartika,tertiary,-6.928316968211709,107.60576091362107,Sangat Dekat (<200m)
29489136_11380591251_STOP369,4,139.875,129.8,153.0,SDN Moh. Toha,Jalan Dewi Sartika,tertiary,-6.930114752749509,107.60558346787582,Sangat Dekat (<200m)
29489136_11739021643_STOP269,5,81.68,18.9,169.3,Jalan Ibu Inggit Garnasih,Jalan Ibu Inggit Ganarsih,secondary,-6.931572067324673,107.60453043371422,Sangat Dekat (<200m)
29489138_1014722585_STOP29,4,326.225,276.8,378.0,SDN 020 Lengkong Besar,Jalan Ibu Inggit Ganarsih,secondary,-6.932382684197611,107.61075281992802,Dekat (200-400m)
29489138_1014722585_STOP369,4,233.8,198.2,277.2,SDN Moh. Toha,Jalan Ibu Inggit Ganarsih,secondary,-6.93198305752761,107.60761458527668,Dekat (200-400m)
29489138_1014722585_STOP842,3,352.90000000000003,313.2,393.5,Ciateul,Jalan Ibu Inggit Ganarsih,secondary,-6.9321924966847,107.60918320044992,Dekat (200-400m)
29489138_1831360476_STOP29,4,203.1,128.6,276.8,SDN 020 Lengkong Besar,Jalan Ibu Inggit Ganarsih,secondary,-6.931950844521035,107.6119000804231,Dekat (200-400m)
29489138_2034444650_STOP29,3,320.90000000000003,276.8,365.6,SDN 020 Lengkong Besar,Jalan Sawah Kurung Raya,tertiary,-6.932879890561566,107.61139559496176,Dekat (200-400m)
29489275_2614138769_STOP121,3,216.79999999999998,206.8,227.2,Leuwipanjang Soekarno Hatta,Jalan Raya Cibaduyut,secondary,-6.948321883789684,107.59459745256432,Dekat (200-400m)
29489275_29489276_STOP121,2,246.25,227.2,265.3,Leuwipanjang Soekarno Hatta,Jalan Raya Cibaduyut,secondary,-6.948857951761025,107.59422263357581,Dekat (200-400m)
29489275_29489276_STOP385,6,414.90000000000003,304.1,531.6,Seberang Terminal Leuwipanjang,Jalan Raya Cibaduyut,secondary,-6.9505960870427295,107.59374172082842,Sedang (400-800m)
29489276_29489275_STOP121,1,264.6,264.6,264.6,Leuwipanjang Soekarno Hatta,Jalan Raya Cibaduyut,secondary,-6.949062618542037,107.59414827913936,Dekat (200-400m)
29489276_29489275_STOP385,7,437.6714285714285,303.4,579.1,Seberang Terminal Leuwipanjang,Jalan Raya Cibaduyut,secondary,-6.950810146710494,107.59370257780458,Sedang (400-800m)
29489276_5353902926_STOP385,4,605.175,579.1,632.1,Seberang Terminal Leuwipanjang,Jalan Indrayasa,tertiary,-6.952255059091635,107.59412500390908,Sedang (400-800m)
29489276_9713565227_STOP385,2,603.25,579.1,627.4,Seberang Terminal Leuwipanjang,Jalan Raya Cibaduyut,secondary,-6.952363870332294,107.59341278221007,Sedang (400-800m)
29489276_9713565227_STOP397,5,71.56,6.6,145.5,Terminal Cibaduyut,Jalan Raya Cibaduyut,secondary,-6.961300454013385,107.59384521682448,Sangat Dekat (<200m)
29489276_9713565227_STOP499,17,302.3882352941177,20.3,671.2,TVRI Bandung,Jalan Raya Cibaduyut,secondary,-6.956576317086436,107.59333655567238,Dekat (200-400m)
29489287_13010031522_STOP108,1,86.7,86.7,86.7,Puskesmas Kopo,Jalan Kyai Haji Wahid Hasyim,primary,-6.946928699999998,107.5887787,Sangat Dekat (<200m)
29489287_13010031522_STOP135,15,247.73999999999998,13.6,562.9,SD Negeri 005 Babakan Ciparay,Jalan Kyai Haji Wahid Hasyim,primary,-6.950704789031792,107.58629765972795,Dekat (200-400m)
29489287_13010031522_STOP396,2,101.80000000000001,91.4,112.2,Barat Simpang Kopo Caringin,Jalan Kyai Haji Wahid Hasyim,primary,-6.947501671085545,107.58841646340552,Sangat Dekat (<200m)
29489287_29489275_STOP108,6,139.78333333333333,82.5,232.3,Puskesmas Kopo,Jalan Cibaduyut,tertiary,-6.947271415742453,107.58985518757885,Sangat Dekat (<200m)
29489287_29489275_STOP121,1,200.2,200.2,200.2,Leuwipanjang Soekarno Hatta,Jalan Cibaduyut,tertiary,-6.948514099585743,107.59396230286688,Dekat (200-400m)
29489287_29489275_STOP385,6,153.45000000000002,126.1,195.8,Seberang Terminal Leuwipanjang,Jalan Cibaduyut,tertiary,-6.948008829444286,107.59246434545584,Sangat Dekat (<200m)
29489287_307882486_STOP108,1,86.7,86.7,86.7,Puskesmas Kopo,Jalan Caringin,secondary,-6.946928699999998,107.5887787,Sangat Dekat (<200m)
29489287_307882486_STOP396,7,118.39999999999999,6.1,255.9,Barat Simpang Kopo Caringin,Jalan Caringin,secondary,-6.946553916867453,107.5870146465829,Sangat Dekat (<200m)
29489287_307882486_STOP598,3,199.20000000000002,148.9,249.5,DPKP Kota Bandung,Jalan Caringin,secondary,-6.946009512948841,107.58482410786685,Sangat Dekat (<200m)
29489287_6616389060_STOP108,3,46.9,17.0,86.7,Puskesmas Kopo,Jalan Kyai Haji Wahid Hasyim,primary,-6.946552656432714,107.58902938600556,Sangat Dekat (<200m)
29489290_588189886_STOP135,1,1059.0,1059.0,1059.0,SD Negeri 005 Babakan Ciparay,Jalan Kopo Sayati,primary,-6.957035499999996,107.5820558,Jauh (>800m)
29489323_1980735013_STOP570,3,64.53333333333333,18.5,112.1,Simpang Reog - Martanegara 2,Jalan R.A.A. Martanegara,secondary,-6.934220526675371,107.63214880916756,Sangat Dekat (<200m)
29489323_1980735013_STOP707,5,84.67999999999999,23.8,174.0,Sesko TNI,Jalan R.A.A. Martanegara,secondary,-6.933617129057571,107.62950431736037,Sangat Dekat (<200m)
29489323_1980735013_STOP708,2,186.2,161.4,211.0,Simpang Reog - Martanegara,Jalan R.A.A. Martanegara,secondary,-6.933980496549227,107.63104446669712,Sangat Dekat (<200m)
29489323_1980735013_STOP722,3,38.266666666666666,12.1,55.8,SPBU Sesko TNI,Jalan R.A.A. Martanegara,secondary,-6.933183836888442,107.62774879039382,Sangat Dekat (<200m)
29489323_3068325990_STOP570,1,18.5,18.5,18.5,Simpang Reog - Martanegara 2,Jalan Reog,tertiary,-6.934303400000002,107.6325931,Sangat Dekat (<200m)
29489323_3068325990_STOP708,3,65.33333333333333,15.1,115.6,Simpang Reog - Martanegara,Jalan Reog,tertiary,-6.935199115750552,107.63248190191435,Sangat Dekat (<200m)
29489323_3068325990_STOP709,4,56.325,12.0,112.5,Jalan Reog,Jalan Reog,tertiary,-6.936750049770361,107.6321864599766,Sangat Dekat (<200m)
29489323_3068325990_STOP710,2,26.200000000000003,4.7,47.7,Kantor Kelurahan Turangga,Jalan Reog,tertiary,-6.939244129226056,107.63114194971996,Sangat Dekat (<200m)
29489323_3068325990_STOP742,3,64.46666666666667,49.6,90.7,Asmarandana - Reog,Jalan Reog,tertiary,-6.938220890672677,107.63162068034528,Sangat Dekat (<200m)
29489323_4146694789_STOP49,1,23.3,23.3,23.3,Simpang Turangga Martanegara,Jalan R.A.A. Martanegara,secondary,-6.934343422184435,107.63346986900608,Sangat Dekat (<200m)
29489323_4146694789_STOP570,2,27.35,18.5,36.2,Simpang Reog - Martanegara 2,Jalan R.A.A. Martanegara,secondary,-6.934293634600688,107.6328073807626,Sangat Dekat (<200m)
29489330_3277874428_STOP252,1,112.1,112.1,112.1,Simpang Laswi Gatot Subroto 2,Jalan Jenderal Gatot Subroto,primary,-6.924659785976578,107.62798974913665,Sangat Dekat (<200m)
29489330_3277874428_STOP253,2,143.95,130.9,157.0,Simpang Laswi Gatot Subroto 1,Jalan Jenderal Gatot Subroto,primary,-6.924812975589965,107.6286504094775,Sangat Dekat (<200m)
29489330_3277874428_STOP522,3,65.23333333333333,15.6,115.1,Seberang Jalan Warta,Jalan Jenderal Gatot Subroto,primary,-6.9261498574517235,107.63318400883095,Sangat Dekat (<200m)
29489330_3277874428_STOP573,2,34.550000000000004,10.9,58.2,Seberang Trans Studio Mall,Jalan Jenderal Gatot Subroto,primary,-6.9275471432026805,107.63576890492641,Sangat Dekat (<200m)
29489330_3277874428_STOP728,3,66.16666666666667,16.0,116.4,Museum Kavaleri,Jalan Jenderal Gatot Subroto,primary,-6.925405068317627,107.63106553749422,Sangat Dekat (<200m)
29489330_3277874428_STOP729,3,78.83333333333333,29.5,128.5,Seberang Museum Kavaleri,Jalan Jenderal Gatot Subroto,primary,-6.925079338978552,107.62974886800392,Sangat Dekat (<200m)
29489330_3277874428_STOP730,2,54.5,29.7,79.3,Jalan Warta,Jalan Jenderal Gatot Subroto,primary,-6.925681812035215,107.63216115812004,Sangat Dekat (<200m)
29489330_3277874428_STOP731,4,66.92500000000001,23.9,130.9,Trans Studio Mall,Jalan Jenderal Gatot Subroto,primary,-6.926897215999613,107.63457859809745,Sangat Dekat (<200m)
29489330_4146694789_STOP49,1,50.5,50.5,50.5,Simpang Turangga Martanegara,Jalan Turangga,secondary,-6.934119627096116,107.63400645653006,Sangat Dekat (<200m)
29489330_4146694789_STOP50,2,25.55,12.5,38.6,Seberang TK Kartika X-2 Jalan Turangga,Jalan Turangga,secondary,-6.928315332005408,107.63580190569014,Sangat Dekat (<200m)
29489330_4146694789_STOP573,1,58.2,58.2,58.2,Seberang Trans Studio Mall,Jalan Turangga,secondary,-6.927657799999994,107.635966,Sangat Dekat (<200m)
29489330_4146694789_STOP574,3,45.43333333333334,16.1,85.1,Seberang STIE Pasundan,Jalan Turangga,secondary,-6.932470853577783,107.63472836584508,Sangat Dekat (<200m)
29489330_4146694789_STOP734,2,57.6,32.7,82.5,Seberang SD Negeri 115 Turangga,Jalan Turangga,secondary,-6.930939848149539,107.63512328376177,Sangat Dekat (<200m)
29489330_4146694789_STOP735,1,4.8,4.8,4.8,SD Negeri 115 Turangga,Jalan Turangga,secondary,-6.931596881884083,107.63495693611016,Sangat Dekat (<200m)
29489330_4146694789_STOP736,4,57.150000000000006,13.8,113.7,Simpang Turangga-Salak,Jalan Turangga,secondary,-6.929626654986357,107.63545924655556,Sangat Dekat (<200m)
29489330_4146694789_STOP737,2,111.15,91.2,131.1,Taman Tri G,Jalan Turangga,secondary,-6.933507605860823,107.63429640589717,Sangat Dekat (<200m)
29489421_1849960227_STOP345,2,27.700000000000003,19.7,35.7,Cikutra,Jalan PH. H. Mustofa,trunk,-6.899791652880815,107.64275411884998,Sangat Dekat (<200m)
29489421_1849960227_STOP355,3,64.8,15.4,114.6,Sekolah Pribadi,Jalan PH. H. Mustofa,trunk,-6.899113052041641,107.63989494598815,Sangat Dekat (<200m)
29489421_1849960227_STOP416,4,66.675,18.7,132.9,STIE Ekuitas,Jalan PH. H. Mustofa,trunk,-6.898748119226878,107.63835527686547,Sangat Dekat (<200m)
29489421_1849960227_STOP417,2,30.5,9.3,51.7,YPKP Sanggabuana,Jalan PH. H. Mustofa,trunk,-6.899374170810727,107.64099457693266,Sangat Dekat (<200m)
29489421_1849960227_STOP528,2,27.5,8.6,46.4,Bekamin,Jalan PH. H. Mustofa,trunk,-6.899582910004105,107.64187434412395,Sangat Dekat (<200m)
29489421_1849960227_STOP57,1,59.2,59.2,59.2,Sukapada,Jalan PH. H. Mustofa,trunk,-6.899948199999995,107.6434139,Sangat Dekat (<200m)
29489421_295556217_STOP344,6,99.89999999999999,13.4,210.9,Cimuncang,Jalan PH. H. Mustofa,trunk,-6.901581420450444,107.64828968974471,Sangat Dekat (<200m)
29489421_295556217_STOP529,7,120.71428571428571,10.6,258.7,Sukapada 2,Jalan PH. H. Mustofa,trunk,-6.9005710249136945,107.64556475517755,Sangat Dekat (<200m)
29489421_295556217_STOP57,2,35.35,11.5,59.2,Sukapada,Jalan PH. H. Mustofa,trunk,-6.899982788827215,107.64363727364753,Sangat Dekat (<200m)
29489421_30236636_STOP57,9,213.0,59.2,401.7,Sukapada,Jalan Cikutra,secondary,-6.898156651811281,107.64357805206834,Dekat (200-400m)
29489421_30236636_STOP638,1,427.5,427.5,427.5,GOR C-TRA,Jalan Cikutra,secondary,-6.895924229654887,107.64352164366454,Sedang (400-800m)
29489421_5205570048_STOP529,7,257.4857142857143,119.6,403.6,Sukapada 2,Jalan Cikutra,secondary,-6.902426059966468,107.64401165204468,Dekat (200-400m)
29489421_5205570048_STOP57,3,71.73333333333333,59.2,85.1,Sukapada,Jalan Cikutra,secondary,-6.90034691971919,107.64355753516197,Sangat Dekat (<200m)
29489421_5205570048_STOP621,2,135.15,111.3,159.0,Pos Polisi Cicadas,Jalan Cikutra,secondary,-6.908064157245341,107.64376696653949,Sangat Dekat (<200m)
29489421_5205570048_STOP623,8,278.0625,202.4,396.7,Gateway Cicadas,Jalan Cikutra,secondary,-6.905808026861138,107.64385691492282,Dekat (200-400m)
29489509_2037649896_STOP134,13,576.3307692307692,496.3,641.9,UNPAR,"['Jalan Cisatu 1', 'Jalan Cisatu', 'Jalan Kapten Tendean']",tertiary,-6.870622881949391,107.6027838955635,Sedang (400-800m)
29489509_2037649896_STOP19,7,603.0714285714286,554.6,636.4,RSAU dr. Salamun,"['Jalan Cisatu 1', 'Jalan Cisatu', 'Jalan Kapten Tendean']",tertiary,-6.868980830591383,107.60494875384022,Sedang (400-800m)
29489509_2037649896_STOP478,1,574.2,574.2,574.2,Borma Setiabudhi,"['Jalan Cisatu 1', 'Jalan Cisatu', 'Jalan Kapten Tendean']",tertiary,-6.8718436516036645,107.60062321651594,Sedang (400-800m)
29489509_2316743947_STOP19,7,464.07142857142856,323.3,609.2,RSAU dr. Salamun,Jalan Ciumbuleuit,secondary,-6.867638342250788,107.60590981003284,Sedang (400-800m)
29489509_2316743959_STOP134,22,284.8727272727273,20.7,621.8,UNPAR,Jalan Ciumbuleuit,secondary,-6.874503650246374,107.60463622110042,Dekat (200-400m)
29489509_2316743959_STOP150,6,307.6333333333333,241.4,393.3,Setiabudi Hegarmanah,Jalan Ciumbuleuit,secondary,-6.880649915174232,107.60382307482091,Dekat (200-400m)
29489509_2316743959_STOP19,2,632.7,609.2,656.2,RSAU dr. Salamun,Jalan Ciumbuleuit,secondary,-6.869210095062309,107.60580485715492,Sedang (400-800m)
29489509_2316743959_STOP66,2,194.55,170.8,218.3,Gandok,Jalan Ciumbuleuit,secondary,-6.882342824119107,107.60444606036029,Sangat Dekat (<200m)
295555957_1681348740_STOP146,1,114.6,114.6,114.6,Surapati Core,Jalan Padasuka,tertiary,-6.901979899999994,107.6535575,Sangat Dekat (<200m)
295555957_3271894417_STOP146,1,114.6,114.6,114.6,Surapati Core,Jalan Padasuka,tertiary,-6.901979899999994,107.6535575,Sangat Dekat (<200m)
295555957_3271894417_STOP626,3,53.4,38.8,79.0,Polsek Cibeunying Kidul,Jalan Padasuka,tertiary,-6.902815792382697,107.65349773253206,Sangat Dekat (<200m)
295555957_5391571114_STOP146,2,89.6,64.6,114.6,Surapati Core,Jalan PH. H. Mustofa,trunk,-6.9019654358308316,107.65333190827837,Sangat Dekat (<200m)
295556217_2477161772_STOP207,3,161.33333333333334,134.8,190.5,Sulaksana,Jalan Cimuncang,tertiary,-6.903921566878092,107.64921970908411,Sangat Dekat (<200m)
295556217_2477161772_STOP344,4,109.075,81.0,153.0,Cimuncang,Jalan Cimuncang,tertiary,-6.902400175326743,107.64964273266966,Sangat Dekat (<200m)
295556217_2477161772_STOP625,3,65.66666666666667,24.3,111.0,Cimuncang,Jalan Cimuncang,tertiary,-6.905249105668879,107.64897331222578,Sangat Dekat (<200m)
295556217_29489421_STOP344,7,102.47142857142856,21.7,220.3,Cimuncang,Jalan PH. H. Mustofa,trunk,-6.901590534005389,107.64842990221405,Sangat Dekat (<200m)
295556217_29489421_STOP529,6,125.35000000000001,7.4,249.2,Sukapada 2,Jalan PH. H. Mustofa,trunk,-6.900616940167988,107.64569646860711,Sangat Dekat (<200m)
295556217_29489421_STOP57,2,26.3,19.6,33.0,Sukapada,Jalan PH. H. Mustofa,trunk,-6.900032219518445,107.64400004022738,Sangat Dekat (<200m)
295556217_5391571114_STOP146,4,82.775,9.2,157.5,Surapati Core,Jalan PH. H. Mustofa,trunk,-6.901854835715741,107.65180120106902,Sangat Dekat (<200m)
295556217_5391571114_STOP344,3,131.1,81.0,181.2,Cimuncang,Jalan PH. H. Mustofa,trunk,-6.901774978460146,107.6502229082473,Sangat Dekat (<200m)
2958252668_1660260879_STOP169,2,25.55,25.0,26.1,Cikapayang Dago 1,Jalan Cikapayang,primary,-6.899026735804453,107.61205292647621,Sangat Dekat (<200m)
2958252668_1660260879_STOP236,1,50.1,50.1,50.1,La Belle Cikapayang,Jalan Cikapayang,primary,-6.899072299999999,107.6127289,Sangat Dekat (<200m)
2958252668_5825261667_STOP236,1,50.1,50.1,50.1,La Belle Cikapayang,Jalan Ir. H. Djuanda,primary,-6.899072299999999,107.6127289,Sangat Dekat (<200m)
2958252669_11180921761_STOP72,1,55.4,55.4,55.4,Balubur Town Square,Jalan Tamansari,secondary,-6.8982796999999945,107.609539,Sangat Dekat (<200m)
2958252669_2325449629_STOP72,1,55.4,55.4,55.4,Balubur Town Square,,trunk_link,-6.8982796999999945,107.609539,Sangat Dekat (<200m)
2958252669_7345830961_STOP72,2,31.9,8.4,55.4,Balubur Town Square,Jalan Tamansari,secondary,-6.898486703544203,107.60944889963773,Sangat Dekat (<200m)
2958261171_1658956030_STOP349,4,98.45,23.5,173.7,Griya Pasteur 1,Jalan Dr. Djunjunan,trunk,-6.895598363873194,107.58916651878229,Sangat Dekat (<200m)
2958261171_1658956030_STOP392,1,20.1,20.1,20.1,Griya Pasteur 2,Jalan Dr. Djunjunan,trunk,-6.894935344339341,107.58825276187407,Sangat Dekat (<200m)
2958261171_1658956030_STOP592,10,129.45999999999998,20.8,269.1,BRI Sukamulya,Jalan Dr. Djunjunan,trunk,-6.89720664897833,107.59188065500337,Sangat Dekat (<200m)
2958261171_1658956030_STOP630,3,71.56666666666666,26.2,118.9,Sukamulya,Jalan Dr. Djunjunan,trunk,-6.894397803078,107.58752607768533,Sangat Dekat (<200m)
2958261173_3048202811_STOP592,2,296.65,271.5,321.8,BRI Sukamulya,Jalan Dr. Djunjunan,trunk,-6.898436743694361,107.59378399601228,Dekat (200-400m)
2958261173_3048202811_STOP80,1,327.7,327.7,327.7,Garunggang Kulon,Jalan Dr. Djunjunan,trunk,-6.8988575929441005,107.59431469522488,Dekat (200-400m)
2958261173_3048202811_STOP81,3,231.20000000000002,181.9,280.3,Djunjunan Paskal,Jalan Dr. Djunjunan,trunk,-6.899458077346537,107.59498938495854,Dekat (200-400m)
2958261173_5353615188_STOP123,6,143.33333333333334,87.8,235.1,Taman Westhoff,Jalan Layang Professor Mochtar Kusumaatmadja,trunk,-6.900262554712261,107.59901539739663,Sangat Dekat (<200m)
2958261173_5353615188_STOP353,2,211.45,186.3,236.6,GKI Pasteur,Jalan Layang Professor Mochtar Kusumaatmadja,trunk,-6.900251534686166,107.60082389074009,Dekat (200-400m)
2958261173_5353615188_STOP592,2,296.15,271.5,320.8,BRI Sukamulya,Jalan Layang Professor Mochtar Kusumaatmadja,trunk,-6.8984632794112954,107.59376112105969,Dekat (200-400m)
2958261173_5353615188_STOP81,9,155.08888888888887,26.4,331.9,Djunjunan Paskal,Jalan Layang Professor Mochtar Kusumaatmadja,trunk,-6.899848412719032,107.59573714605514,Sangat Dekat (<200m)
2958261185_2958261192_STOP81,1,73.7,73.7,73.7,Djunjunan Paskal,Jalan HOS. Cokroaminoto,trunk,-6.900208500000008,107.5974384,Sangat Dekat (<200m)
2958261185_5826215870_STOP81,1,73.7,73.7,73.7,Djunjunan Paskal,Jalan Pasteur,trunk,-6.900208500000008,107.5974384,Sangat Dekat (<200m)
2958261185_9857713262_STOP80,2,69.8,45.3,94.3,Garunggang Kulon,Jalan Pasir Kaliki,primary,-6.899531233622794,107.59741269938974,Sangat Dekat (<200m)
2958261185_9857713262_STOP81,1,73.7,73.7,73.7,Djunjunan Paskal,Jalan Pasir Kaliki,primary,-6.900208500000008,107.5974384,Sangat Dekat (<200m)
2958261186_2958261187_STOP123,3,104.3,94.6,121.4,Taman Westhoff,Jalan Pasteur,trunk,-6.900210711017794,107.59843870394415,Sangat Dekat (<200m)
2958261186_5826215870_STOP123,1,94.6,94.6,94.6,Taman Westhoff,Jalan Pasteur,trunk,-6.900214000000003,107.5979866,Sangat Dekat (<200m)
2958261187_5353724829_STOP123,4,183.4,121.8,248.9,Taman Westhoff,Jalan Pasteur,trunk,-6.900199644462068,107.59957491696142,Sangat Dekat (<200m)
2958261187_5353724829_STOP353,1,224.6,224.6,224.6,GKI Pasteur,Jalan Pasteur,trunk,-6.900202622292997,107.60070503250913,Dekat (200-400m)
2958261192_1658958704_STOP81,1,70.2,70.2,70.2,Djunjunan Paskal,Jalan HOS. Cokroaminoto,trunk,-6.900391899999992,107.5974469,Sangat Dekat (<200m)
2958261192_2958261193_STOP81,1,70.2,70.2,70.2,Djunjunan Paskal,Jalan Dokter Djunjunan,trunk,-6.900391899999992,107.5974469,Sangat Dekat (<200m)
2958261193_2325451114_STOP81,1,61.1,61.1,61.1,Djunjunan Paskal,Jalan Dr. Djunjunan,trunk,-6.900394899999993,107.5973654,Sangat Dekat (<200m)
2958261193_2539998099_STOP81,1,61.1,61.1,61.1,Djunjunan Paskal,Jalan HOS. Cokroaminoto,trunk,-6.900394899999993,107.5973654,Sangat Dekat (<200m)
2962096312_25495439_STOP196,1,79.0,79.0,79.0,Linggawastu,Jalan Wastukancana,primary,-6.904302800000004,107.6047378,Sangat Dekat (<200m)
2962096518_12809237529_STOP483,4,52.3,8.5,98.8,Abdul Rivai,Jalan Abdul Rivai,primary,-6.9044130093970075,107.60358565817492,Sangat Dekat (<200m)
2962096532_10793008394_STOP483,1,69.4,69.4,69.4,Abdul Rivai,Jalan Cihampelas,primary,-6.904182299999994,107.604369,Sangat Dekat (<200m)
2962096532_10793008397_STOP483,1,69.4,69.4,69.4,Abdul Rivai,Jalan Cihampelas,primary,-6.904182299999994,107.604369,Sangat Dekat (<200m)
2962096536_2962096312_STOP483,2,74.15,72.0,76.3,Abdul Rivai,"['Jalan Wastukancana', 'Jalan Cihampelas']",primary,-6.904609867870828,107.60442013026002,Sangat Dekat (<200m)
2962096536_2962096518_STOP483,2,64.45,52.6,76.3,Abdul Rivai,Jalan Cihampelas,primary,-6.904612517711017,107.60433264751074,Sangat Dekat (<200m)
3007950794_2858054060_STOP205,2,47.35,22.8,71.9,Borma Cipadung,Jalan Abdul Haris Nasution,trunk,-6.9269294445342044,107.71098093061883,Sangat Dekat (<200m)
3007950794_2858054060_STOP426,3,49.0,10.7,93.1,Seberang Borma Cipadung,Jalan Abdul Haris Nasution,trunk,-6.9258286495250445,107.71072787794651,Sangat Dekat (<200m)
3007950794_3380407826_STOP205,20,399.105,59.5,792.5,Borma Cipadung,"['Jalan Panghegar', 'Jalan Pangaritan']",tertiary,-6.926504103669927,107.70731262342842,Dekat (200-400m)
3007950794_3380407826_STOP402,7,902.7714285714285,892.8,925.5,RSUD Ujungberung,"['Jalan Panghegar', 'Jalan Pangaritan']",tertiary,-6.923917959641015,107.69957015281686,Jauh (>800m)
3007950794_3380407826_STOP422,4,857.875,817.8,899.4,Seberang Jalan Pasar Induk,"['Jalan Panghegar', 'Jalan Pangaritan']",tertiary,-6.924038684101509,107.69709120165862,Jauh (>800m)
3007950794_3380407826_STOP426,2,863.05,838.6,887.5,Seberang Borma Cipadung,"['Jalan Panghegar', 'Jalan Pangaritan']",tertiary,-6.924880735232991,107.7032388720737,Jauh (>800m)
3007950794_3380407826_STOP427,4,912.625,899.7,928.3,SDN Ciporeat,"['Jalan Panghegar', 'Jalan Pangaritan']",tertiary,-6.924390707312698,107.70197461428178,Jauh (>800m)
3007950794_665709306_STOP205,6,197.35000000000002,71.9,322.8,Borma Cipadung,Jalan Abdul Haris Nasution,trunk,-6.928203562400255,107.7114284736624,Sangat Dekat (<200m)
3007950794_665709306_STOP425,7,151.5,13.1,291.2,SDN Cipadung,Jalan Abdul Haris Nasution,trunk,-6.930776666145688,107.71276817540186,Sangat Dekat (<200m)
302246829_2519403290_STOP504,3,100.0,49.9,150.1,Stikes Dharma Husada,Jalan Terusan Jakarta,primary,-6.9126333506777256,107.6516355764217,Sangat Dekat (<200m)
302246829_2519403290_STOP505,6,76.21666666666667,13.1,140.0,bjb Antapani,Jalan Terusan Jakarta,primary,-6.912430896514995,107.65365715811502,Sangat Dekat (<200m)
302246829_3270416574_STOP504,1,49.9,49.9,49.9,Stikes Dharma Husada,Jalan Purwakarta,tertiary,-6.912689499999991,107.651187,Sangat Dekat (<200m)
30236623_12692455340_STOP162,12,379.2583333333334,193.0,623.5,Masjid Baiturrahman,"['Jalan Cikutra Barat', 'Jalan Sadang Serang', 'Jalan Tubagus Ismail']",secondary,-6.8850607347452515,107.6179235245097,Dekat (200-400m)
30236623_12692455340_STOP265,4,232.2,194.6,276.8,UNIKOM Pascasarjana,"['Jalan Cikutra Barat', 'Jalan Sadang Serang', 'Jalan Tubagus Ismail']",secondary,-6.8840727043956225,107.61482770213384,Dekat (200-400m)
30236623_12692455340_STOP639,2,477.05,452.1,502.0,Nurul Fikri Cikutra,"['Jalan Cikutra Barat', 'Jalan Sadang Serang', 'Jalan Tubagus Ismail']",secondary,-6.892110598812048,107.63052982901446,Sedang (400-800m)
30236623_12692455340_STOP808,19,278.4894736842105,18.8,628.6,SD Negeri 189 Neglasari,"['Jalan Cikutra Barat', 'Jalan Sadang Serang', 'Jalan Tubagus Ismail']",secondary,-6.887239129856546,107.6238973213726,Dekat (200-400m)
30236623_12692455340_STOP91,11,350.43636363636364,228.3,550.8,Terminal Sadang Serang,"['Jalan Cikutra Barat', 'Jalan Sadang Serang', 'Jalan Tubagus Ismail']",secondary,-6.891685303126793,107.62802225581164,Dekat (200-400m)
30236623_1746299906_STOP23,25,476.8,255.3,674.3,Terminal Dago,"['Jalan Cigadung Raya Barat', 'Jalan Cikondang', 'Jalan Raya Golf', 'Jalan Cibeunying Kolot I', 'Jalan Ir. H. Djuanda']",tertiary,-6.865392061193836,107.62479801310494,Sedang (400-800m)
30236623_1746299906_STOP25,5,335.5,327.9,351.4,SPBU Dago Atas,"['Jalan Cigadung Raya Barat', 'Jalan Cikondang', 'Jalan Raya Golf', 'Jalan Cibeunying Kolot I', 'Jalan Ir. H. Djuanda']",tertiary,-6.870126114826188,107.62322794939341,Dekat (200-400m)
30236623_1746299906_STOP32,3,843.1333333333333,806.5,880.2,Kanayakan,"['Jalan Cigadung Raya Barat', 'Jalan Cikondang', 'Jalan Raya Golf', 'Jalan Cibeunying Kolot I', 'Jalan Ir. H. Djuanda']",tertiary,-6.8798607881930876,107.62455019040287,Jauh (>800m)
30236623_1746299906_STOP33,10,599.38,436.0,769.6,Dago Pojok,"['Jalan Cigadung Raya Barat', 'Jalan Cikondang', 'Jalan Raya Golf', 'Jalan Cibeunying Kolot I', 'Jalan Ir. H. Djuanda']",tertiary,-6.8771695321120685,107.62352460177704,Sedang (400-800m)
30236623_1746299906_STOP541,9,323.2555555555556,283.7,398.5,Seberang Poltekesos,"['Jalan Cigadung Raya Barat', 'Jalan Cikondang', 'Jalan Raya Golf', 'Jalan Cibeunying Kolot I', 'Jalan Ir. H. Djuanda']",tertiary,-6.873136066289379,107.62253055841266,Dekat (200-400m)
30236623_1746299906_STOP639,5,501.5,452.1,554.4,Nurul Fikri Cikutra,"['Jalan Cigadung Raya Barat', 'Jalan Cikondang', 'Jalan Raya Golf', 'Jalan Cibeunying Kolot I', 'Jalan Ir. H. Djuanda']",tertiary,-6.891299258319111,107.63049359468951,Sedang (400-800m)
30236623_1746299906_STOP808,28,456.7857142857143,142.5,880.9,SD Negeri 189 Neglasari,"['Jalan Cigadung Raya Barat', 'Jalan Cikondang', 'Jalan Raya Golf', 'Jalan Cibeunying Kolot I', 'Jalan Ir. H. Djuanda']",tertiary,-6.885887795239406,107.62702484062767,Sedang (400-800m)
30236623_30236624_STOP639,6,327.34999999999997,202.2,452.1,Nurul Fikri Cikutra,Jalan Cikutra Barat,secondary,-6.89222617319935,107.63187019420661,Dekat (200-400m)
30236624_30236623_STOP639,6,299.0166666666667,173.7,424.1,Nurul Fikri Cikutra,Jalan Cikutra Barat,secondary,-6.892241923389009,107.6321248196096,Dekat (200-400m)
30236624_3274608590_STOP639,5,84.28,23.3,173.7,Nurul Fikri Cikutra,Jalan Cikutra Barat,secondary,-6.892395698510725,107.63415037349701,Sangat Dekat (<200m)
30236636_29489421_STOP57,9,218.22222222222223,59.4,408.1,Sukapada,Jalan Cikutra,secondary,-6.898099714496924,107.6435797615607,Dekat (200-400m)
30236636_29489421_STOP638,1,422.2,422.2,422.2,GOR C-TRA,Jalan Cikutra,secondary,-6.895871500000005,107.643499,Sedang (400-800m)
30236636_3274608591_STOP54,3,164.66666666666666,26.3,257.4,Taman Makam Pahlawan Cikutra,Jalan Cikutra,secondary,-6.893451015801042,107.63698813121194,Sangat Dekat (<200m)
30236636_3274608591_STOP542,3,114.86666666666667,66.2,164.0,Pahlawan Sidomukti,Jalan Cikutra,secondary,-6.8935380412506495,107.636473409564,Sangat Dekat (<200m)
30236636_3274608591_STOP638,14,189.90714285714284,23.8,422.2,GOR C-TRA,Jalan Cikutra,secondary,-6.894420997739742,107.64103590976472,Sangat Dekat (<200m)
3028412267_12806717331_STOP112,4,90.02499999999999,21.7,162.0,Yayasan LPPN,Jalan Andir,tertiary,-6.916443260474375,107.58515529746268,Sangat Dekat (<200m)
3028412267_12806717331_STOP279,3,92.7,59.1,130.9,Toko Ambon,Jalan Andir,tertiary,-6.91802143950968,107.58506106230648,Sangat Dekat (<200m)
3028412267_1837401665_STOP279,4,53.95,16.1,94.8,Toko Ambon,Jalan Jendral Sudirman,primary,-6.918561397411015,107.58569687889396,Sangat Dekat (<200m)
3028412267_3252879876_STOP279,1,59.1,59.1,59.1,Toko Ambon,Jalan Andir,tertiary,-6.918471799999992,107.5850246,Sangat Dekat (<200m)
303034042_13239081325_STOP90,1,501.4,501.4,501.4,Terminal Antapani,,primary,-6.916835899999996,107.670016,Sedang (400-800m)
303034042_5346161426_STOP90,1,501.4,501.4,501.4,Terminal Antapani,Jalan Golf Barat,primary,-6.916835899999996,107.670016,Sedang (400-800m)
303034652_35136034_STOP16,2,403.5,382.3,424.7,Depan Terminal Cicaheum,Jalan Abdul Haris Nasution,trunk,-6.902392105541855,107.66042298690127,Sedang (400-800m)
303034652_35136034_STOP206,7,157.4,10.5,307.4,Gang H.M. Syarief,Jalan Abdul Haris Nasution,trunk,-6.9042676056548675,107.67048909455755,Sangat Dekat (<200m)
303034652_35136034_STOP380,3,46.03333333333333,16.2,85.9,Komplek Sarimas,Jalan Abdul Haris Nasution,trunk,-6.904802968146559,107.67263877718358,Sangat Dekat (<200m)
303034652_35136034_STOP641,10,204.06,25.7,407.1,Seberang Kantor Kecamatan Antapani,Jalan Abdul Haris Nasution,trunk,-6.903613989553246,107.66265333120813,Dekat (200-400m)
303034652_35136034_STOP96,9,155.0,16.9,337.9,SDN Cikadut,Jalan Abdul Haris Nasution,trunk,-6.904133008387965,107.6668804846974,Sangat Dekat (<200m)
303034652_4620173045_STOP380,1,85.9,85.9,85.9,Komplek Sarimas,Jalan Abdul Haris Nasution,trunk,-6.904932400000004,107.6730663,Sangat Dekat (<200m)
3048202811_1658946837_STOP81,4,79.1,29.4,145.1,Djunjunan Paskal,Jalan Dr. Djunjunan,trunk,-6.90008917993488,107.59627747095914,Sangat Dekat (<200m)
3048202811_3048202812_STOP81,1,145.1,145.1,145.1,Djunjunan Paskal,,trunk_link,-6.899907400000001,107.595629,Sangat Dekat (<200m)
3048202812_2958261171_STOP592,1,312.1,312.1,312.1,BRI Sukamulya,Jalan Dr. Djunjunan,trunk,-6.898716595387705,107.5937546039774,Dekat (200-400m)
3048202812_2958261171_STOP81,5,246.92,150.0,343.4,Djunjunan Paskal,Jalan Dr. Djunjunan,trunk,-6.89960810749501,107.59476955556912,Dekat (200-400m)
3056186235_6609222555_STOP246,2,94.95,70.7,119.2,GOR KONI,Jalan Jakarta,primary,-6.914449735752645,107.63545699003146,Sangat Dekat (<200m)
3056186235_6609222555_STOP44,2,97.75,78.6,116.9,Simpang Supratman - Ahmad Yani,Jalan Jakarta,primary,-6.913978038121657,107.63472527689973,Sangat Dekat (<200m)
3056186235_7715327378_STOP187,2,28.200000000000003,25.8,30.6,SPBU Ahmad Yani,Jalan Jakarta,primary,-6.912871870346983,107.63401145777817,Sangat Dekat (<200m)
3056186235_7715327378_STOP246,2,95.9,70.7,121.1,GOR KONI,Jalan Jakarta,primary,-6.914483058376354,107.63543616549138,Sangat Dekat (<200m)
3056186235_7715327378_STOP44,3,91.13333333333333,62.3,124.4,Simpang Supratman - Ahmad Yani,Jalan Jakarta,primary,-6.913851093918651,107.63457053044101,Sangat Dekat (<200m)
3056186235_7715327378_STOP512,1,14.1,14.1,14.1,SMPN 22 Bandung,Jalan Jakarta,primary,-6.912291889981008,107.63366074497362,Sangat Dekat (<200m)
3056186235_7715327378_STOP633,1,8.8,8.8,8.8,Seberang SMP Negeri 22 Bandung,Jalan Jakarta,primary,-6.911925452110831,107.63339717922192,Sangat Dekat (<200m)
3056186235_8123220088_STOP246,2,95.0,70.7,119.3,GOR KONI,Jalan Jakarta,primary,-6.914517799390335,107.63543469453238,Sangat Dekat (<200m)
30602861_3278061604_STOP545,1,62.0,62.0,62.0,Karapitan Cikawao,Jalan Cikawao,tertiary,-6.928580288218126,107.61604012999992,Sangat Dekat (<200m)
30602861_3278061604_STOP796,1,54.1,54.1,54.1,Simpang Cikawao - Karapitan,Jalan Cikawao,tertiary,-6.9287942,107.6164384,Sangat Dekat (<200m)
30602861_5360355190_STOP796,1,54.1,54.1,54.1,Simpang Cikawao - Karapitan,Jalan Karapitan,secondary,-6.9287942,107.6164384,Sangat Dekat (<200m)
306334264_1658431511_STOP127,10,293.4,223.6,367.3,Maranatha,Jalan Cibogo,tertiary,-6.886473335793646,107.57901616980129,Dekat (200-400m)
306334264_1658431511_STOP129,1,285.8,285.8,285.8,Pasar Cibogo Sarijadi,Jalan Cibogo,tertiary,-6.884035647667899,107.57727360089582,Dekat (200-400m)
306334264_1658431511_STOP351,8,219.425,79.4,348.1,Sarijadi,Jalan Cibogo,tertiary,-6.883360475278183,107.5777084339663,Dekat (200-400m)
306334264_1658431511_STOP489,6,204.36666666666667,83.0,325.3,SDN Sukaraja,Jalan Cibogo,tertiary,-6.889835995102078,107.57921625041213,Dekat (200-400m)
306334264_29356793_STOP351,3,43.56666666666667,22.0,79.4,Sarijadi,Jalan Sariwangi,tertiary,-6.8817323719564465,107.57818118130349,Sangat Dekat (<200m)
306334264_700728686_STOP351,1,79.4,79.4,79.4,Sarijadi,Jalan Sariwangi,tertiary,-6.881861399999994,107.5777479,Sangat Dekat (<200m)
306334264_700728686_STOP391,2,98.94999999999999,85.8,112.1,Sarimanah,Jalan Sariwangi,tertiary,-6.882059581850737,107.5770993564299,Sangat Dekat (<200m)
3068325990_1107494473_STOP710,5,106.68000000000002,24.9,201.3,Kantor Kelurahan Turangga,Jalan Karawitan,tertiary,-6.940078131418889,107.63174751626282,Sangat Dekat (<200m)
3068325990_1107494473_STOP740,5,243.56,235.7,257.1,Nayaga - Salendro Raya,Jalan Karawitan,tertiary,-6.941206718344198,107.63370293520934,Dekat (200-400m)
3068325990_1980677025_STOP651,2,125.65,100.5,150.8,Kantor PLN Jalan Karawitan,Jalan Karawitan,tertiary,-6.938986205325502,107.62951787298107,Sangat Dekat (<200m)
3068325990_1980677025_STOP710,3,64.36666666666666,24.9,108.0,Kantor Kelurahan Turangga,Jalan Karawitan,tertiary,-6.939449857016252,107.63054836216024,Sangat Dekat (<200m)
3068325990_29489323_STOP708,4,68.8,13.8,137.4,Simpang Reog - Martanegara,Jalan Reog,tertiary,-6.935169921984812,107.63248448026819,Sangat Dekat (<200m)
3068325990_29489323_STOP709,4,50.449999999999996,10.4,90.6,Jalan Reog,Jalan Reog,tertiary,-6.936938010902705,107.63213166050691,Sangat Dekat (<200m)
3068325990_29489323_STOP710,3,42.333333333333336,24.9,76.1,Kantor Kelurahan Turangga,Jalan Reog,tertiary,-6.939217499844099,107.63115409872647,Sangat Dekat (<200m)
3068325990_29489323_STOP742,2,56.150000000000006,44.9,67.4,Asmarandana - Reog,Jalan Reog,tertiary,-6.93819457096278,107.63163349854949,Sangat Dekat (<200m)
307882486_3115501961_STOP498,8,319.2375,238.2,408.4,Griya Holis,Jalan Caringin,secondary,-6.940697218109866,107.57003517737044,Dekat (200-400m)
307882486_3115501961_STOP586,21,230.68571428571425,12.8,452.8,SMA Negeri 17 Bandung,Jalan Caringin,secondary,-6.943551031430801,107.57505306100914,Dekat (200-400m)
307882486_3115501961_STOP598,13,214.6076923076923,19.7,484.5,DPKP Kota Bandung,Jalan Caringin,secondary,-6.944881711738285,107.58158768871792,Dekat (200-400m)
307882486_3252877763_STOP384,3,115.13333333333333,82.7,151.5,Simpang Caringin,Jalan Babakan Ciparay,tertiary,-6.943992971404225,107.58432689478529,Sangat Dekat (<200m)
307882486_3252877763_STOP598,3,127.13333333333333,119.7,141.0,DPKP Kota Bandung,Jalan Babakan Ciparay,tertiary,-6.9453414306851045,107.58418882870636,Sangat Dekat (<200m)
3110090805_1982408562_STOP60,2,81.05,67.3,94.8,Lauk Emas,Jalan Sadakeling,tertiary,-6.930405806881113,107.61712221546513,Sangat Dekat (<200m)
3110090805_1982408562_STOP801,1,68.2,68.2,68.2,Jalan Gurame,Jalan Sadakeling,tertiary,-6.931039713743535,107.61735279670565,Sangat Dekat (<200m)
3110265315_1982777430_STOP465,3,438.6666666666667,389.8,486.9,Inhoftank,Jalan Inhoftank,secondary,-6.943814769399389,107.60286925151854,Sedang (400-800m)
3110265315_1982777430_STOP642,8,192.3,40.2,356.2,Simpang Inhoftank,Jalan Inhoftank,secondary,-6.946052475232753,107.60233928730665,Sangat Dekat (<200m)
3110265315_3110265322_STOP310,7,259.1714285714286,166.3,388.2,Madurasa Tengah,Jalan Haji Kurdi,tertiary,-6.944111493888272,107.60641427840025,Dekat (200-400m)
3110265315_3110265322_STOP465,3,466.76666666666665,452.1,486.9,Inhoftank,Jalan Haji Kurdi,tertiary,-6.943611170543601,107.60337125189294,Sedang (400-800m)
3110265315_3110265322_STOP593,2,428.95,416.0,441.9,Mohammad Toha Pelindung Hewan,Jalan Haji Kurdi,tertiary,-6.944021429459749,107.60440916412975,Sedang (400-800m)
3110265315_5353902941_STOP22,1,393.5,393.5,393.5,Sekolah Ganesha,Jalan Inhoftank,secondary,-6.941152531188783,107.6033444053354,Dekat (200-400m)
3110265315_5353902941_STOP465,1,486.9,486.9,486.9,Inhoftank,Jalan Inhoftank,secondary,-6.943383799999994,107.6029955,Sedang (400-800m)
3110265315_5353902941_STOP593,4,452.4,423.4,485.4,Mohammad Toha Pelindung Hewan,Jalan Inhoftank,secondary,-6.94226598796838,107.60315468969017,Sedang (400-800m)
3110265322_1014722257_STOP310,2,190.15,165.0,215.3,Madurasa Tengah,Jalan Mohammad Toha,primary,-6.943591947801242,107.60779683531136,Sangat Dekat (<200m)
3110265322_1014722257_STOP593,6,92.78333333333335,5.5,200.3,Mohammad Toha Pelindung Hewan,Jalan Mohammad Toha,primary,-6.941878640556786,107.6072211239578,Sangat Dekat (<200m)
3110265322_3110265315_STOP310,7,247.42857142857142,165.0,371.3,Madurasa Tengah,Jalan Haji Kurdi,tertiary,-6.944092705947677,107.60656599136544,Dekat (200-400m)
3110265322_3110265315_STOP465,3,460.3,449.8,473.6,Inhoftank,Jalan Haji Kurdi,tertiary,-6.9436914206669265,107.60349813442666,Sedang (400-800m)
3110265322_3110265315_STOP593,2,420.2,407.5,432.9,Mohammad Toha Pelindung Hewan,Jalan Haji Kurdi,tertiary,-6.944053592972576,107.60456157285503,Sedang (400-800m)
3110265322_3272371137_STOP228,3,66.26666666666667,17.6,115.6,TK Kemala Bhayangkari,Jalan Mohammad Toha,primary,-6.9459438475063555,107.60860003953235,Sangat Dekat (<200m)
3110265322_3272371137_STOP275,3,39.699999999999996,18.1,68.1,Simpang By Pass Soekarno Hatta A,Jalan Mohammad Toha,primary,-6.947226824057655,107.6090377700901,Sangat Dekat (<200m)
3110265322_3272371137_STOP310,4,89.875,15.2,165.0,Madurasa Tengah,Jalan Mohammad Toha,primary,-6.944446729362362,107.60809023792993,Sangat Dekat (<200m)
3110266609_29380398_STOP107,15,363.96,71.2,678.6,Perumnas Cijerah,"['Jalan Gempol', 'Jalan Gempol Sari']",tertiary,-6.931732981085436,107.56145860822765,Dekat (200-400m)
3110266609_29380398_STOP130,7,695.4285714285714,660.1,754.4,Terminal Bumi Asri,"['Jalan Gempol', 'Jalan Gempol Sari']",tertiary,-6.926456178138691,107.55207688727377,Sedang (400-800m)
3110266609_29380398_STOP4,13,349.87692307692305,79.1,645.7,Perumnas Cijerah,"['Jalan Gempol', 'Jalan Gempol Sari']",tertiary,-6.928694861851404,107.5559974600871,Dekat (200-400m)
3110266609_29380398_STOP496,1,643.4,643.4,643.4,Simpang Bojong Raya,"['Jalan Gempol', 'Jalan Gempol Sari']",tertiary,-6.93231707665652,107.56449975624174,Sedang (400-800m)
3115041391_1982777430_STOP465,1,28.2,28.2,28.2,Inhoftank,Jalan Inhoftank,secondary,-6.947894999999997,107.602607,Sangat Dekat (<200m)
3115041391_9152581660_STOP198,9,206.76666666666668,9.7,407.4,Karasak Lama,Jalan Soekarno-Hatta,trunk,-6.947748124522567,107.60035091819316,Dekat (200-400m)
3115041391_9152581660_STOP465,1,28.2,28.2,28.2,Inhoftank,Jalan Soekarno-Hatta,trunk,-6.947894999999997,107.602607,Sangat Dekat (<200m)
3115041391_9253047317_STOP198,11,266.59090909090907,123.6,460.8,Karasak Lama,"['Jalan Karasak Barat', 'Jalan Mekar Wangi', 'Jalan Mekar Puspita']",tertiary,-6.949289992525087,107.60038603922176,Dekat (200-400m)
3115041391_9253047317_STOP465,4,87.7,28.2,145.4,Inhoftank,"['Jalan Karasak Barat', 'Jalan Mekar Wangi', 'Jalan Mekar Puspita']",tertiary,-6.948507215513036,107.60279336579318,Sangat Dekat (<200m)
3115112874_2325453554_STOP401,12,228.5666666666667,54.8,423.8,Mesjid Jami Al Hamidah Cibolerang,Jalan Cigondewah Kaler,secondary,-6.947220617435549,107.56467947554766,Dekat (200-400m)
3115112874_2325453554_STOP498,3,344.4666666666667,297.0,392.5,Griya Holis,Jalan Cigondewah Kaler,secondary,-6.944135913609799,107.56551845478566,Dekat (200-400m)
3115112874_3115501961_STOP498,12,152.84166666666667,6.1,297.0,Griya Holis,,secondary,-6.942309376261151,107.56717889978019,Sangat Dekat (<200m)
3115112874_6425545180_STOP497,10,468.18999999999994,355.2,634.7,Holis Regency,Jalan Cigondewah Kaler,secondary,-6.937090643289002,107.56601754858225,Sedang (400-800m)
3115112874_6425545180_STOP498,12,216.42499999999998,142.7,322.1,Griya Holis,Jalan Cigondewah Kaler,secondary,-6.941344197199833,107.56631897443462,Dekat (200-400m)
3115137890_5458167277_STOP334,1,773.5,773.5,773.5,Bangunan Mart A,Bunderan Elok,tertiary,-6.9563359000000045,107.626958,Sedang (400-800m)
3115157722_2501590821_STOP122,2,387.35,383.6,391.1,STIE Inaba,Jalan Batununggal Indah Raya,tertiary,-6.952900570121553,107.62268220352306,Dekat (200-400m)
3115157722_2501590821_STOP335,3,401.90000000000003,399.3,406.6,LPKIA A,Jalan Batununggal Indah Raya,tertiary,-6.953121897385824,107.62379072554235,Sedang (400-800m)
3115157722_8841514869_STOP122,1,383.6,383.6,383.6,STIE Inaba,Jalan Bantununggal Asih Lll,tertiary,-6.9528563000000005,107.6224605,Dekat (200-400m)
3115157726_2501590821_STOP335,1,427.4,427.4,427.4,LPKIA A,Jalan Batununggal Indah II,tertiary,-6.953387199999998,107.6245111,Sedang (400-800m)
3115157726_8841514869_STOP122,2,406.65,400.9,412.4,STIE Inaba,Jalan Batununggal Indah Raya,tertiary,-6.953076165764891,107.6229594046911,Sedang (400-800m)
3115157726_8841514869_STOP335,3,418.76666666666665,412.1,427.4,LPKIA A,Jalan Batununggal Indah Raya,tertiary,-6.953298335470296,107.6240677580774,Sedang (400-800m)
3115157727_5847788408_STOP334,1,507.2,507.2,507.2,Bangunan Mart A,Bunderan Raya-1,tertiary,-6.953998800000002,107.6274932,Sedang (400-800m)
3115159440_6609292743_STOP331,5,434.43999999999994,353.4,519.2,Pasar Kordon A,Jalan Batununggal Indah Raya,tertiary,-6.955652109138127,107.6352840623905,Sedang (400-800m)
3115159440_6609292743_STOP718,2,285.85,262.2,309.5,Kordon,Jalan Batununggal Indah Raya,tertiary,-6.955915745987264,107.63682791197814,Dekat (200-400m)
3115159440_7310779096_STOP323,1,50.1,50.1,50.1,Pasar Kordon B,"['Jalan Batununggal', 'Jalan Batununggal Indah Raya']",tertiary,-6.953864743079836,107.63853128857224,Sangat Dekat (<200m)
3115159440_7310779096_STOP331,2,66.80000000000001,47.2,86.4,Pasar Kordon A,"['Jalan Batununggal', 'Jalan Batununggal Indah Raya']",tertiary,-6.954522269217473,107.63840092728458,Sangat Dekat (<200m)
3115159440_7310779096_STOP718,5,182.76,115.8,262.2,Kordon,"['Jalan Batununggal', 'Jalan Batununggal Indah Raya']",tertiary,-6.955730544548378,107.63775933799249,Sangat Dekat (<200m)
3115501961_307882486_STOP498,8,314.4,236.5,403.4,Griya Holis,Jalan Caringin,secondary,-6.940644837098329,107.56995880788853,Dekat (200-400m)
3115501961_307882486_STOP586,22,242.24545454545452,22.7,489.7,SMA Negeri 17 Bandung,Jalan Caringin,secondary,-6.9435476537868315,107.5751579577093,Dekat (200-400m)
3115501961_307882486_STOP598,12,197.52499999999998,10.0,444.9,DPKP Kota Bandung,Jalan Caringin,secondary,-6.944925626979189,107.58171025755378,Sangat Dekat (<200m)
3115501961_3115112874_STOP498,12,149.65833333333333,15.0,284.4,Griya Holis,,secondary,-6.942063075463042,107.56737340128434,Sangat Dekat (<200m)
3115501961_3445438782_STOP497,11,138.39090909090908,11.4,259.3,Holis Regency,Jalan Holis,tertiary,-6.9376029155173775,107.56992366695717,Sangat Dekat (<200m)
3115501961_3445438782_STOP498,1,236.5,236.5,236.5,Griya Holis,Jalan Holis,tertiary,-6.939933200000005,107.5685684,Dekat (200-400m)
3115501961_3445438782_STOP803,6,104.01666666666667,17.8,218.7,Holis Sumbersari Indah,Jalan Holis,tertiary,-6.93415843459031,107.57151333297645,Sangat Dekat (<200m)
3115995953_29380403_STOP496,2,125.19999999999999,102.3,148.1,Simpang Bojong Raya,,tertiary,-6.92713659805345,107.56507033256537,Sangat Dekat (<200m)
312086542_2034531650_STOP164,1,74.1,74.1,74.1,Babakan Siliwangi,Jalan Siliwangi,secondary,-6.885019199999994,107.6121636,Sangat Dekat (<200m)
312086542_2034531650_STOP519,1,70.7,70.7,70.7,Sumur Bandung,Jalan Siliwangi,secondary,-6.885087435611311,107.61261052744514,Sangat Dekat (<200m)
312086670_1342112672_STOP233,3,40.86666666666667,20.7,70.3,Sangkuriang,Jalan Sangkuriang,tertiary,-6.884166197548708,107.61152264627384,Sangat Dekat (<200m)
312086670_1708607132_STOP233,5,148.16,70.3,221.1,Sangkuriang,"['Jalan Cisitu Lama VIII', 'Jalan Cisitu Lama']",tertiary,-6.883051596193786,107.61145478431004,Sangat Dekat (<200m)
312086670_1708607132_STOP618,7,114.44285714285715,2.6,251.1,Pusdiklat Geologi Cisitu,"['Jalan Cisitu Lama VIII', 'Jalan Cisitu Lama']",tertiary,-6.88060029123731,107.61199717710426,Sangat Dekat (<200m)
312086670_5463399920_STOP233,7,200.4,70.3,318.2,Sangkuriang,Jalan Sangkuriang,tertiary,-6.883195568403484,107.61024472089875,Dekat (200-400m)
312086670_5463399920_STOP66,2,340.9,340.1,341.7,Gandok,Jalan Sangkuriang,tertiary,-6.882595263150758,107.60858056423189,Dekat (200-400m)
312524188_12816121757_STOP23,1,79.5,79.5,79.5,Terminal Dago,Jalan Ir. H. Djuanda,secondary,-6.866417499999997,107.6210315,Sangat Dekat (<200m)
312524188_1746299906_STOP23,4,140.425,79.5,194.8,Terminal Dago,Jalan Ir. H. Djuanda,secondary,-6.865875754697154,107.62137652586021,Sangat Dekat (<200m)
319706149_319706490_STOP19,20,451.18500000000006,66.6,911.8,RSAU dr. Salamun,Jalan Punclut,secondary,-6.8604204995330305,107.60733521694752,Sedang (400-800m)
319706149_6622500668_STOP19,16,569.8375,221.6,911.8,RSAU dr. Salamun,Jalan Rereongan Sarupi,tertiary,-6.859017476115599,107.60710630423085,Sedang (400-800m)
319706490_2316743942_STOP19,5,166.6,68.0,261.9,RSAU dr. Salamun,Jalan Ciumbuleuit,secondary,-6.864965419181767,107.6055310101146,Sangat Dekat (<200m)
319706490_319706149_STOP19,20,445.485,68.0,905.6,RSAU dr. Salamun,Jalan Punclut,secondary,-6.860470138710492,107.6073041383199,Sedang (400-800m)
319706490_479733030_STOP19,2,43.75,19.5,68.0,RSAU dr. Salamun,Jalan Ciumbuleuit,tertiary,-6.863917443181576,107.60515127625649,Sangat Dekat (<200m)
320093962_1659928185_STOP150,2,79.6,54.5,104.7,Setiabudi Hegarmanah,Jalan Dr. Setiabudi,primary,-6.882812630630521,107.60166063436982,Sangat Dekat (<200m)
320093962_320094027_STOP150,2,115.35,104.7,126.0,Setiabudi Hegarmanah,Jalan Raden Adipati Aria Wiranatakusumah,primary,-6.882967349621373,107.60134977615243,Sangat Dekat (<200m)
320093965_29358926_STOP150,4,101.225,26.5,174.7,Setiabudi Hegarmanah,Jalan Dr. Setiabudi,primary,-6.8832813207117045,107.60320050779333,Sangat Dekat (<200m)
320093965_29358926_STOP66,2,189.65,187.9,191.4,Gandok,Jalan Dr. Setiabudi,primary,-6.8841967497872805,107.60411816249075,Sangat Dekat (<200m)
320094027_29357928_STOP150,3,156.83333333333334,133.0,184.6,Setiabudi Hegarmanah,Jalan Raden Adipati Aria Wiranatakusumah,primary,-6.88391789852215,107.60142549673448,Sangat Dekat (<200m)
320094027_320093962_STOP150,2,128.75,124.5,133.0,Setiabudi Hegarmanah,Jalan Raden Adipati Aria Wiranatakusumah,primary,-6.883256777229257,107.60128364410537,Sangat Dekat (<200m)
32042327_2041502893_STOP340,4,51.125,17.7,84.9,SMA Negeri 3 dan 5 Bandung,Jalan Belitung,tertiary,-6.91193503225069,107.61510883615185,Sangat Dekat (<200m)
32042327_25433457_STOP26,1,167.2,167.2,167.2,SMP Negeri 2 Bandung,Jalan Kalimantan,tertiary,-6.913731952596658,107.61536312893652,Sangat Dekat (<200m)
32042327_25433457_STOP340,4,96.8,66.8,146.0,SMA Negeri 3 dan 5 Bandung,Jalan Kalimantan,tertiary,-6.912748354221625,107.61480831184906,Sangat Dekat (<200m)
32042327_25433457_STOP699,3,149.0666666666667,131.6,165.3,Seberang SMP Negeri 5 Bandung,Jalan Kalimantan,tertiary,-6.914580800464858,107.6156252978475,Sangat Dekat (<200m)
32042327_6442819831_STOP13,2,25.85,24.6,27.1,Taman Lalu Lintas Kota Bandung,Jalan Belitung,tertiary,-6.912401706131326,107.61383547028674,Sangat Dekat (<200m)
32042327_6442819831_STOP340,1,66.8,66.8,66.8,SMA Negeri 3 dan 5 Bandung,Jalan Belitung,tertiary,-6.912161400000007,107.6144696,Sangat Dekat (<200m)
3229412583_11735248696_STOP296,4,115.2,41.0,190.0,Seberang Borma Antapani,Jalan Terusan Jakarta,primary,-6.913061325435307,107.64824138210797,Sangat Dekat (<200m)
3229412583_11735248696_STOP503,5,85.94,25.9,176.2,RSIA Grha Bunda,Jalan Terusan Jakarta,primary,-6.913316200687073,107.64622288792425,Sangat Dekat (<200m)
3229412583_11735248696_STOP87,1,15.2,15.2,15.2,Borma Antapani,Jalan Terusan Jakarta,primary,-6.912919202829428,107.64936270462746,Sangat Dekat (<200m)
3244221166_3244221167_STOP827,1,249.6,249.6,249.6,Dinas Koperasi Provinsi Jawa Barat,,trunk_link,-6.937291499999994,107.6881201,Dekat (200-400m)
3244221166_3272708318_STOP827,1,249.6,249.6,249.6,Dinas Koperasi Provinsi Jawa Barat,Jalan Soekarno-Hatta,trunk,-6.937291499999994,107.6881201,Dekat (200-400m)
3244221167_6610025538_STOP827,2,225.5,200.4,250.6,Dinas Koperasi Provinsi Jawa Barat,Jalan Soekarno-Hatta,trunk,-6.937427164642163,107.68792206268579,Dekat (200-400m)
3245886198_25433989_STOP281,1,115.1,115.1,115.1,Optik Krida,Jalan Raya Cijerah,secondary,-6.914665900000005,107.5715151,Sangat Dekat (<200m)
3245886198_25433989_STOP491,4,50.525,19.7,81.6,Seberang Gang Pelita,Jalan Raya Cijerah,secondary,-6.915727140289013,107.57114416351712,Sangat Dekat (<200m)
3245886198_25433989_STOP492,7,92.87142857142858,15.6,189.2,Sunson Cijerah,Jalan Raya Cijerah,secondary,-6.918135704594306,107.57057112561135,Sangat Dekat (<200m)
3245886198_25433989_STOP493,2,157.05,132.0,182.1,Seberang SDN 093 Tunas Harapan Cijerah,Jalan Raya Cijerah,secondary,-6.920060341549245,107.56993225808131,Sangat Dekat (<200m)
3245886198_5344074239_STOP281,1,115.1,115.1,115.1,Optik Krida,Jalan Raya Cijerah,secondary,-6.914665900000005,107.5715151,Sangat Dekat (<200m)
3245886198_5648631891_STOP281,2,140.25,115.1,165.4,Optik Krida,Jalan Jendral Sudirman,trunk,-6.9144712824643,107.57140028992522,Sangat Dekat (<200m)
3248886992_11235233277_STOP59,1,80.8,80.8,80.8,Masjid An Nur PT INTI,Jalan BKR,primary,-6.9377062,107.6091524,Sangat Dekat (<200m)
3249461526_25447039_STOP17,4,82.0,8.7,156.6,Pasar Sederhana,Jalan Sampurna,tertiary,-6.89101722297663,107.60026182180275,Sangat Dekat (<200m)
3249461526_25447039_STOP65,3,91.63333333333334,42.6,140.9,RS Advent,Jalan Sampurna,tertiary,-6.891374753402704,107.60179874674903,Sangat Dekat (<200m)
3249461526_29379226_STOP17,2,26.450000000000003,8.7,44.2,Pasar Sederhana,Jalan Sederhana,secondary,-6.8906003166272605,107.59969208624503,Sangat Dekat (<200m)
3249461526_29379229_STOP149,4,102.525,37.1,173.4,Makmur,Jalan Sederhana,secondary,-6.893211524600307,107.59897315136472,Sangat Dekat (<200m)
3249461526_29379229_STOP17,4,82.80000000000001,8.7,157.8,Pasar Sederhana,Jalan Sederhana,secondary,-6.891462390855237,107.59942343533322,Sangat Dekat (<200m)
32524281_1660289594_STOP159,2,54.75,29.8,79.7,Gasibu,Jalan Majapahit,primary,-6.899711856649201,107.61803002483626,Sangat Dekat (<200m)
32524281_1660289594_STOP688,3,76.8,57.5,104.9,Seberang Gedung Sate,Jalan Majapahit,primary,-6.90084112204768,107.61804822399229,Sangat Dekat (<200m)
32524281_1849525905_STOP669,1,26.4,26.4,26.4,Gedung Sate,Jalan Diponegoro,primary,-6.901328358013557,107.6171516515567,Sangat Dekat (<200m)
32524281_1849525905_STOP688,2,35.95,14.4,57.5,Seberang Gedung Sate,Jalan Diponegoro,primary,-6.901300874986339,107.61782927819783,Sangat Dekat (<200m)
3252877763_2325453511_STOP384,1,79.3,79.3,79.3,Simpang Caringin,Jalan Babakan Ciparay,tertiary,-6.943112699999997,107.58441700000002,Sangat Dekat (<200m)
3252877763_5862588302_STOP317,2,73.05,48.9,97.2,Pasar Induk Caringin,Jalan Soekarno-Hatta,trunk,-6.942406570423373,107.5835351755773,Sangat Dekat (<200m)
3252877763_5862588302_STOP342,13,296.0692307692308,9.2,596.1,Pasar Caringin,Jalan Soekarno-Hatta,trunk,-6.939884338542947,107.58129160895484,Dekat (200-400m)
3252877763_5862588302_STOP384,2,103.69999999999999,79.3,128.1,Simpang Caringin,Jalan Soekarno-Hatta,trunk,-6.942975543328214,107.58423735597617,Sangat Dekat (<200m)
3252879876_1911634996_STOP279,2,82.6,57.6,107.6,Toko Ambon,Jalan Jendral Sudirman,primary,-6.918507489753605,107.58479336108971,Sangat Dekat (<200m)
3252879876_1911634996_STOP375,7,100.28571428571429,17.0,215.0,SDN Raya Barat,Jalan Jendral Sudirman,primary,-6.9182759598022745,107.58277191329469,Sangat Dekat (<200m)
3252879876_3028412267_STOP279,1,57.6,57.6,57.6,Toko Ambon,Jalan Andir,tertiary,-6.918533799999998,107.5850179,Sangat Dekat (<200m)
3252892639_25433989_STOP493,4,59.349999999999994,18.1,117.7,Seberang SDN 093 Tunas Harapan Cijerah,Jalan Raya Cijerah,secondary,-6.921040072555445,107.56960681027567,Sangat Dekat (<200m)
3252892639_25433989_STOP494,2,25.4,7.4,43.4,SDN 061 Cijerah,Jalan Raya Cijerah,secondary,-6.921833903979193,107.56885575635687,Sangat Dekat (<200m)
3252892639_25433989_STOP495,7,125.98571428571428,17.6,260.4,Masjid Jami Al Istiqomah,Jalan Raya Cijerah,secondary,-6.9234805017146765,107.56796834077093,Sangat Dekat (<200m)
3252892639_25433989_STOP496,6,130.21666666666667,46.5,227.7,Simpang Bojong Raya,Jalan Raya Cijerah,secondary,-6.925701959702923,107.5662452883367,Sangat Dekat (<200m)
3252892639_29380403_STOP496,2,57.2,46.5,67.9,Simpang Bojong Raya,Jalan Raya Cijerah,secondary,-6.926890835846047,107.56567239735728,Sangat Dekat (<200m)
3252892639_29380518_STOP496,10,189.2,7.0,404.7,Simpang Bojong Raya,Jalan Bojong Raya,tertiary,-6.927280356484469,107.56765864226179,Sangat Dekat (<200m)
3252892639_29380518_STOP802,9,277.35555555555555,193.9,414.8,Holis 266,Jalan Bojong Raya,tertiary,-6.927753465280211,107.57189559067314,Dekat (200-400m)
3252963731_1930140491_STOP256,5,156.48,62.8,246.7,Patung Ikan,Jalan Kotabaru Raya,tertiary,-6.936250215197542,107.60977806039466,Sangat Dekat (<200m)
3252963731_2325453371_STOP256,1,62.8,62.8,62.8,Patung Ikan,Jalan Mochammad Ramdhan,secondary,-6.937100799999998,107.60988980000002,Sangat Dekat (<200m)
3252963731_3277416907_STOP256,6,151.9,62.8,263.6,Patung Ikan,Jalan Mochammad Ramdhan,secondary,-6.93643187756173,107.61080042887262,Sangat Dekat (<200m)
3255889293_2614140398_STOP828,1,14.4,14.4,14.4,Dinas Kehutanan Provinsi Jawa Barat,Jalan Soekarno-Hatta,trunk,-6.938405899999999,107.6725823,Sangat Dekat (<200m)
3255889293_3255889294_STOP828,1,14.4,14.4,14.4,Dinas Kehutanan Provinsi Jawa Barat,,trunk_link,-6.938405899999999,107.6725823,Sangat Dekat (<200m)
3255889294_7673353740_STOP828,2,36.65,26.0,47.3,Dinas Kehutanan Provinsi Jawa Barat,Jalan Soekarno-Hatta,trunk,-6.938534714159294,107.67237083550901,Sangat Dekat (<200m)
3255889294_7673353742_STOP828,1,26.0,26.0,26.0,Dinas Kehutanan Provinsi Jawa Barat,,trunk_link,-6.938519599999997,107.6725964,Sangat Dekat (<200m)
3255889295_2614140398_STOP361,1,16.3,16.3,16.3,Komplek Aria Graha,,trunk_link,-6.938503099999991,107.6727976,Sangat Dekat (<200m)
3255889295_3255889294_STOP361,1,16.3,16.3,16.3,Komplek Aria Graha,Jalan Soekarno-Hatta,trunk,-6.938503099999991,107.6727976,Sangat Dekat (<200m)
3256092261_25435352_STOP188,3,78.56666666666666,54.3,110.4,Kantor Pos Banceuy,Jalan Asia Afrika,primary,-6.921001553484493,107.60600908905775,Sangat Dekat (<200m)
3256092261_25435352_STOP300,1,43.4,43.4,43.4,Simpang Sudirman,Jalan Asia Afrika,primary,-6.920798735341066,107.60421193209936,Sangat Dekat (<200m)
3256092261_25435352_STOP814,2,108.05000000000001,89.7,126.4,Gang Kaum Tengah,Jalan Asia Afrika,primary,-6.920875461497454,107.60488578120385,Sangat Dekat (<200m)
3256092261_29354883_STOP188,4,51.05,6.2,96.9,Kantor Pos Banceuy,Jalan Banceuy,tertiary,-6.920378230904927,107.60653886198645,Sangat Dekat (<200m)
3256092261_29354883_STOP680,1,54.4,54.4,54.4,Simpang Banceuy - ABC,Jalan Banceuy,tertiary,-6.9192553140371,107.60665949592892,Sangat Dekat (<200m)
3269294963_25433670_STOP483,1,132.3,132.3,132.3,Abdul Rivai,Jalan Abdul Rivai,primary,-6.904258200000008,107.6026381,Sangat Dekat (<200m)
3269303931_11104754744_STOP483,1,326.8,326.8,326.8,Abdul Rivai,Bundaran Rajiman,primary,-6.9036058,107.6009997,Dekat (200-400m)
3269303931_11149984612_STOP483,1,326.8,326.8,326.8,Abdul Rivai,Jalan Doktor Louis Otten,secondary,-6.9036058,107.6009997,Dekat (200-400m)
3269364717_11382550192_STOP576,1,42.6,42.6,42.6,Seberang SMAN 20 Bandung,,tertiary,-6.904850500000001,107.622305,Sangat Dekat (<200m)
3269364717_1666747518_STOP576,1,42.6,42.6,42.6,Seberang SMAN 20 Bandung,Jalan Citarum,tertiary,-6.904850500000001,107.622305,Sangat Dekat (<200m)
3269364718_10173603853_STOP576,1,31.3,31.3,31.3,Seberang SMAN 20 Bandung,Jalan Citarum,tertiary,-6.904694899999993,107.6223211,Sangat Dekat (<200m)
3269364718_5369368116_STOP576,1,31.3,31.3,31.3,Seberang SMAN 20 Bandung,,tertiary,-6.904694899999993,107.6223211,Sangat Dekat (<200m)
3269364722_11181678841_STOP576,1,147.4,147.4,147.4,Seberang SMAN 20 Bandung,Jalan Taman Citarum,tertiary,-6.904292199999998,107.6212866,Sangat Dekat (<200m)
3269364722_11181678841_STOP806,1,100.0,100.0,100.0,SMA Negeri 20 Bandung,Jalan Taman Citarum,tertiary,-6.904267968550244,107.62172741158116,Sangat Dekat (<200m)
3269364726_10173603863_STOP576,1,14.2,14.2,14.2,Seberang SMAN 20 Bandung,Jalan Citarum,tertiary,-6.904461443032971,107.6226168088374,Sangat Dekat (<200m)
3269364726_10173603863_STOP806,2,58.65,34.5,82.8,SMA Negeri 20 Bandung,Jalan Citarum,tertiary,-6.903940200093638,107.6230502589255,Sangat Dekat (<200m)
3269364726_25778195_STOP806,1,82.8,82.8,82.8,SMA Negeri 20 Bandung,Jalan Cilaki,tertiary,-6.903766000000008,107.6231942,Sangat Dekat (<200m)
3269381709_7715326202_STOP576,1,130.2,130.2,130.2,Seberang SMAN 20 Bandung,Jalan Ciliwung,tertiary,-6.90556025363733,107.62322188133594,Sangat Dekat (<200m)
3269381709_7715326202_STOP665,3,94.3,76.7,121.4,Simpang Brantas Cihapit 1,Jalan Ciliwung,tertiary,-6.905903555411612,107.62404908051747,Sangat Dekat (<200m)
3269381709_7715326215_STOP665,1,76.7,76.7,76.7,Simpang Brantas Cihapit 1,Jalan Cibeunying Selatan,tertiary,-6.906001999999994,107.6244881,Sangat Dekat (<200m)
3269381712_10101152064_STOP665,1,59.8,59.8,59.8,Simpang Brantas Cihapit 1,Jalan Cihapit,tertiary,-6.906361,107.6247175,Sangat Dekat (<200m)
3269381712_5369325245_STOP665,1,59.8,59.8,59.8,Simpang Brantas Cihapit 1,Jalan Cibeunying Selatan,tertiary,-6.906361,107.6247175,Sangat Dekat (<200m)
3269421784_3269421786_STOP172,1,45.0,45.0,45.0,Pet Park,,tertiary,-6.905084600000003,107.6268159,Sangat Dekat (<200m)
3269421784_7715289717_STOP172,1,45.0,45.0,45.0,Pet Park,Jalan Cilaki,tertiary,-6.905084600000003,107.6268159,Sangat Dekat (<200m)
3269421786_3269421787_STOP172,1,51.8,51.8,51.8,Pet Park,,tertiary,-6.905013600000007,107.6269158,Sangat Dekat (<200m)
3269421787_10171865531_STOP172,1,62.9,62.9,62.9,Pet Park,Jalan Ciliwung,tertiary,-6.905052899999993,107.6270076,Sangat Dekat (<200m)
3269421787_3269421789_STOP172,1,62.9,62.9,62.9,Pet Park,,tertiary,-6.905052899999993,107.6270076,Sangat Dekat (<200m)
3269421789_1855697097_STOP172,1,68.1,68.1,68.1,Pet Park,,tertiary,-6.905113899999993,107.6270342,Sangat Dekat (<200m)
3269421791_12862489543_STOP172,1,62.5,62.5,62.5,Pet Park,,tertiary,-6.905236600000005,107.6268997,Sangat Dekat (<200m)
3269421791_9834956696_STOP172,1,62.5,62.5,62.5,Pet Park,Jalan Bengawan,tertiary,-6.905236600000005,107.6268997,Sangat Dekat (<200m)
3269421803_1855697149_STOP284,2,201.9,177.4,226.4,SMA Kartika,Jalan Bengawan,tertiary,-6.907699157500074,107.6267529868899,Dekat (200-400m)
3269421803_9834956696_STOP172,4,167.3,95.5,241.0,Pet Park,Jalan Bengawan,tertiary,-6.906354537531829,107.62668501484637,Sangat Dekat (<200m)
3269421803_9834956696_STOP284,1,226.4,226.4,226.4,SMA Kartika,Jalan Bengawan,tertiary,-6.907478900000003,107.6267028,Dekat (200-400m)
3269462129_1666714153_STOP51,1,38.8,38.8,38.8,Muararajeun Baru,Jalan Brigjend. Katamso,secondary,-6.906328300000001,107.6303214,Sangat Dekat (<200m)
3269462129_1666714153_STOP555,1,73.7,73.7,73.7,Seberang Telkom Supratman,Jalan Brigjend. Katamso,secondary,-6.906735784648971,107.63012914557176,Sangat Dekat (<200m)
3269462129_1849960371_STOP51,9,171.85555555555555,13.7,364.1,Muararajeun Baru,Jalan Brigjend. Katamso,secondary,-6.904864561965422,107.63138037458359,Sangat Dekat (<200m)
3269462129_1849960371_STOP53,1,350.6,350.6,350.6,Seberang Griya Pahlawan,Jalan Brigjend. Katamso,secondary,-6.903140265797948,107.6328243465461,Dekat (200-400m)
3269462129_2325451810_STOP51,1,38.8,38.8,38.8,Muararajeun Baru,Jalan Brigjend. Katamso,secondary,-6.906328300000001,107.6303214,Sangat Dekat (<200m)
3270228962_29354375_STOP678,2,98.0,73.4,122.6,Banceuy Suniaraja,,primary_link,-6.91535192919898,107.60664540056754,Sangat Dekat (<200m)
3270228962_29354379_STOP678,2,48.800000000000004,24.2,73.4,Banceuy Suniaraja,,primary_link,-6.9154606787477695,107.60621049697485,Sangat Dekat (<200m)
3270416565_5332863119_STOP395,1,102.0,102.0,102.0,Seberang Kiara Artha,,primary_link,-6.913751100000004,107.6439222,Sangat Dekat (<200m)
3270416565_6637693193_STOP395,1,102.0,102.0,102.0,Seberang Kiara Artha,Jalan Terusan Jakarta,primary,-6.913751100000004,107.6439222,Sangat Dekat (<200m)
3270416567_3270416565_STOP395,2,115.25,104.0,126.5,Seberang Kiara Artha,Jalan Terusan Jakarta,primary,-6.913704091714866,107.64422997659719,Sangat Dekat (<200m)
3270416567_3270416565_STOP503,2,53.25,29.5,77.0,RSIA Grha Bunda,Jalan Terusan Jakarta,primary,-6.913559498222067,107.64512099207107,Sangat Dekat (<200m)
3270416567_5392239245_STOP503,1,29.5,29.5,29.5,RSIA Grha Bunda,Jalan Terusan Jakarta,primary,-6.913517300000005,107.6453416,Sangat Dekat (<200m)
3270416574_2519403293_STOP504,5,143.66,53.8,240.1,Stikes Dharma Husada,Jalan Purwakarta,tertiary,-6.913549769624254,107.65165608909349,Sangat Dekat (<200m)
3270416574_2519403293_STOP505,6,350.95,289.5,424.6,bjb Antapani,Jalan Purwakarta,tertiary,-6.915380548881582,107.65330681428152,Dekat (200-400m)
3270416574_302246829_STOP504,1,53.8,53.8,53.8,Stikes Dharma Husada,Jalan Purwakarta,tertiary,-6.912766699999995,107.6512126,Sangat Dekat (<200m)
3270416574_3270416567_STOP296,4,109.05,33.8,184.4,Seberang Borma Antapani,Jalan Terusan Jakarta,primary,-6.913131596690094,107.64829655709242,Sangat Dekat (<200m)
3270416574_3270416567_STOP503,5,91.16,25.7,181.9,RSIA Grha Bunda,Jalan Terusan Jakarta,primary,-6.9133969026043784,107.64627945553396,Sangat Dekat (<200m)
3270416574_3270416567_STOP504,3,41.233333333333334,17.3,53.8,Stikes Dharma Husada,Jalan Terusan Jakarta,primary,-6.912822840390039,107.6507639784129,Sangat Dekat (<200m)
3270416574_3270416567_STOP87,2,29.55,16.1,43.0,Borma Antapani,Jalan Terusan Jakarta,primary,-6.912963021459742,107.64964240245419,Sangat Dekat (<200m)
3270422962_5392239252_STOP219,1,89.3,89.3,89.3,Flyover Antapani,Jalan H. Ibrahim Adjie,primary,-6.9136254999999895,107.6437211,Sangat Dekat (<200m)
3270422962_6637693188_STOP219,1,89.3,89.3,89.3,Flyover Antapani,Jalan Terusan Jakarta,primary,-6.9136254999999895,107.6437211,Sangat Dekat (<200m)
3270434503_2519403290_STOP505,1,155.8,155.8,155.8,bjb Antapani,Jalan Subang,tertiary,-6.912521000000004,107.6551627,Sangat Dekat (<200m)
3270434503_2519403293_STOP505,9,269.22222222222223,155.8,407.6,bjb Antapani,Jalan Subang,tertiary,-6.914286129319884,107.65491762852095,Dekat (200-400m)
3270434503_3270416574_STOP504,2,116.75,91.9,141.6,Stikes Dharma Husada,Jalan Terusan Jakarta,primary,-6.912694291675494,107.65178640646496,Sangat Dekat (<200m)
3270434503_3270416574_STOP505,7,90.52857142857144,15.8,155.8,bjb Antapani,Jalan Terusan Jakarta,primary,-6.912518539518613,107.6538096993248,Sangat Dekat (<200m)
3270445561_11735248699_STOP637,1,26.4,26.4,26.4,Depan Terminal Antapani,Jalan Cibatu,primary,-6.914876899999993,107.6656939,Sangat Dekat (<200m)
3270445561_3270445564_STOP637,2,28.049999999999997,26.4,29.7,Depan Terminal Antapani,Jalan Terusan Jakarta,primary,-6.914933926850481,107.66591187097153,Sangat Dekat (<200m)
3270445562_11419915998_STOP90,1,223.6,223.6,223.6,Terminal Antapani,Jalan Golf Barat,primary,-6.915761199999998,107.6677468,Dekat (200-400m)
3270445562_3270445564_STOP637,3,134.70000000000002,85.2,183.6,Depan Terminal Antapani,Jalan Terusan Jakarta,primary,-6.915247912938697,107.66705818996998,Sangat Dekat (<200m)
3270445562_3270445564_STOP90,1,223.6,223.6,223.6,Terminal Antapani,Jalan Terusan Jakarta,primary,-6.915761199999998,107.6677468,Dekat (200-400m)
3270445564_11735248699_STOP637,2,26.25,13.7,38.8,Depan Terminal Antapani,Jalan Terusan Jakarta,primary,-6.91499608252766,107.66599334222357,Sangat Dekat (<200m)
3270445564_3270445562_STOP637,4,113.075,38.8,186.4,Depan Terminal Antapani,Jalan Terusan Jakarta,primary,-6.915201784772265,107.66686731297366,Sangat Dekat (<200m)
3270445568_2519395099_STOP90,9,563.0444444444444,471.9,644.6,Terminal Antapani,Jalan Kuningan,primary,-6.915313972986578,107.6608565987419,Sedang (400-800m)
3270445568_2519398522_STOP90,1,641.7,641.7,641.7,Terminal Antapani,Jalan Kuningan,primary,-6.913767899999994,107.6602346,Sedang (400-800m)
3270445568_5394983543_STOP505,3,635.9333333333334,585.7,686.2,bjb Antapani,Jalan Terusan Jakarta,primary,-6.913573797231582,107.6593517828635,Sedang (400-800m)
3270445568_5394983543_STOP90,1,641.7,641.7,641.7,Terminal Antapani,Jalan Terusan Jakarta,primary,-6.913767899999994,107.6602346,Sedang (400-800m)
3270489611_11419915997_STOP90,6,385.3833333333334,265.7,502.3,Terminal Antapani,Jalan Terusan Jakarta,primary,-6.916955103957051,107.66879372898406,Dekat (200-400m)
3270489611_3270489660_STOP90,3,541.7333333333332,502.3,581.5,Terminal Antapani,,tertiary,-6.918264229247403,107.66959691490841,Sedang (400-800m)
3270489638_2519395099_STOP90,3,457.8666666666666,456.3,460.9,Terminal Antapani,Jalan Kuningan,primary,-6.917541061256711,107.66245188609166,Sedang (400-800m)
3270489638_2519403309_STOP451,2,1275.2,1250.7,1299.7,Sanggar Hurip,"['Jalan Cibodas Raya', 'Jalan Kuningan']",tertiary,-6.927483034891349,107.66489667558021,Jauh (>800m)
3270489638_2519403309_STOP90,23,835.1782608695652,456.3,1295.2,Terminal Antapani,"['Jalan Cibodas Raya', 'Jalan Kuningan']",tertiary,-6.922324172853547,107.66410011676767,Jauh (>800m)
3270489638_5395315581_STOP90,4,381.075,305.9,456.3,Terminal Antapani,Jalan Cibatu,primary,-6.9174937241488665,107.66327132309685,Dekat (200-400m)
3270489660_3270489611_STOP90,3,552.7666666666668,513.1,592.7,Terminal Antapani,,tertiary,-6.918348767067942,107.6696583447964,Sedang (400-800m)
3271894417_2325451308_STOP626,2,36.95,13.4,60.5,Polsek Cibeunying Kidul,Jalan Jenderal Ahmad Yani,primary,-6.903329839286759,107.65345162385543,Sangat Dekat (<200m)
3271894417_2493372404_STOP207,5,94.52000000000001,13.4,190.1,Sulaksana,Jalan Jenderal Ahmad Yani,primary,-6.904702631201192,107.65085379884427,Sangat Dekat (<200m)
3271894417_2493372404_STOP626,4,135.6,60.5,210.9,Polsek Cibeunying Kidul,Jalan Jenderal Ahmad Yani,primary,-6.9037525778985005,107.65265246140845,Sangat Dekat (<200m)
3272226044_1667742500_STOP200,4,347.925,336.1,366.8,SMK Medikacom,Jalan Sekejati,tertiary,-6.9407092232525365,107.646526696694,Dekat (200-400m)
3272226044_1667742500_STOP439,9,174.02222222222224,95.4,314.3,Unibi,Jalan Sekejati,tertiary,-6.9414636459914245,107.64983273631125,Sangat Dekat (<200m)
3272226044_1667742500_STOP440,1,105.8,105.8,105.8,Cidurian Utara,Jalan Sekejati,tertiary,-6.942070000000002,107.6519647,Sangat Dekat (<200m)
3272226044_1667742500_STOP830,1,336.9,336.9,336.9,Cijawura,Jalan Sekejati,tertiary,-6.940961394308072,107.6476285508644,Dekat (200-400m)
3272226044_6615831437_STOP215,1,124.5,124.5,124.5,SMKN 9 Bandung,Jalan Soekarno-Hatta,secondary,-6.940861835832776,107.65585025620908,Sangat Dekat (<200m)
3272226044_6615831437_STOP440,5,62.339999999999996,8.3,105.8,Cidurian Utara,Jalan Soekarno-Hatta,secondary,-6.94180095948276,107.652827966714,Sangat Dekat (<200m)
3272226044_6615831437_STOP829,4,50.875,16.6,85.4,Cidurian 2,Jalan Soekarno-Hatta,secondary,-6.941196863709517,107.65477074620873,Sangat Dekat (<200m)
3272242233_5447158315_STOP20,1,112.9,112.9,112.9,Simpang Soetta Kiaracondong,Jalan Terusan Kiara Condong,primary,-6.945906200000002,107.6418788,Sangat Dekat (<200m)
3272299563_1108674456_STOP368,4,138.85,105.3,187.3,SPBU Simpang Buah Batu Soekarno Hatta,"['Jalan Jati Indah Raya', 'Jalan Rajamantri Kidul', 'Jalan Batu Kencana']",tertiary,-6.9465091648633415,107.63583440586828,Sangat Dekat (<200m)
3272299563_1108674456_STOP460,4,292.6,225.9,362.5,Simpang Buah Batu Soekarno Hatta 1,"['Jalan Jati Indah Raya', 'Jalan Rajamantri Kidul', 'Jalan Batu Kencana']",tertiary,-6.944853119438168,107.63512201288822,Dekat (200-400m)
3272299563_8123313717_STOP20,4,60.475,31.6,92.9,Simpang Soetta Kiaracondong,Jalan Soekarno-Hatta,trunk,-6.945726443156258,107.64068386659712,Sangat Dekat (<200m)
3272299563_8123313717_STOP368,2,130.15,105.3,155.0,SPBU Simpang Buah Batu Soekarno Hatta,Jalan Soekarno-Hatta,trunk,-6.947043734767729,107.63635907556494,Sangat Dekat (<200m)
3272299563_8123313717_STOP458,4,67.325,17.7,134.1,Sekelimus 1,Jalan Soekarno-Hatta,trunk,-6.946245641273193,107.6389516793069,Sangat Dekat (<200m)
3272299563_8123313717_STOP459,3,78.93333333333334,32.1,127.0,Sekelimus Tengah,Jalan Soekarno-Hatta,trunk,-6.946711285902112,107.63743941460639,Sangat Dekat (<200m)
3272299574_1914135257_STOP468,9,188.95555555555555,63.1,367.6,ISBI Bandung,Jalan Cijagra,tertiary,-6.943923279556686,107.6271546159995,Sangat Dekat (<200m)
3272299574_1914135257_STOP595,9,213.31111111111113,100.1,360.3,Timur Simpang Batununggal,Jalan Cijagra,tertiary,-6.947749584343362,107.62617522033094,Dekat (200-400m)
3272299574_3272643957_STOP321,2,25.5,15.1,35.9,Bangunan Mart B,Jalan Soekarno-Hatta,trunk,-6.949340524821839,107.62800403407135,Sangat Dekat (<200m)
3272299574_3272643957_STOP333,5,67.02000000000001,22.4,114.1,Medal Sekarwangi,Jalan Soekarno-Hatta,trunk,-6.948353498903439,107.63217318352285,Sangat Dekat (<200m)
3272299574_3272643957_STOP334,1,63.5,63.5,63.5,Bangunan Mart A,Jalan Soekarno-Hatta,trunk,-6.94925004157504,107.62867609296048,Sangat Dekat (<200m)
3272299574_3272643957_STOP595,4,52.625,8.4,100.1,Timur Simpang Batununggal,Jalan Soekarno-Hatta,trunk,-6.949438833990746,107.62665175899991,Sangat Dekat (<200m)
3272299574_3272643957_STOP596,5,65.96000000000001,18.4,112.5,STFI,Jalan Soekarno-Hatta,trunk,-6.948989250481896,107.63000603496872,Sangat Dekat (<200m)
3272299574_5825176142_STOP595,1,100.1,100.1,100.1,Timur Simpang Batununggal,Jalan Waas,tertiary,-6.949462500000004,107.6259741,Sangat Dekat (<200m)
3272344712_2500902327_STOP595,4,229.7,183.5,257.5,Timur Simpang Batununggal,Jalan Waas,tertiary,-6.951343053881786,107.62641512112766,Dekat (200-400m)
3272344712_5825176142_STOP595,3,147.86666666666667,114.2,183.5,Timur Simpang Batununggal,Jalan Waas,tertiary,-6.950392817770175,107.62607749354505,Sangat Dekat (<200m)
3272350517_3272360369_STOP185,2,133.8,109.0,158.6,Simpang By Pass Soekarno Hatta B,Jalan Soekarno-Hatta,trunk,-6.948312395307255,107.60994578566846,Sangat Dekat (<200m)
3272350517_3272360369_STOP319,2,25.549999999999997,21.4,29.7,PLN UP3 Bandung B,Jalan Soekarno-Hatta,trunk,-6.94849592071942,107.61219916884045,Sangat Dekat (<200m)
3272350517_3272360369_STOP336,3,116.86666666666667,67.5,166.5,PLN UP3 Bandung A,Jalan Soekarno-Hatta,trunk,-6.948405096031331,107.61107239516923,Sangat Dekat (<200m)
3272360369_389137494_STOP256,9,411.1,300.0,557.1,Patung Ikan,Jalan Sriwijaya,secondary,-6.940023287890665,107.61281690096841,Sedang (400-800m)
3272360369_389137494_STOP310,4,553.525,521.6,589.4,Madurasa Tengah,Jalan Sriwijaya,secondary,-6.942959957761308,107.61282239492814,Sedang (400-800m)
3272360369_389137494_STOP319,11,250.0,35.5,491.1,PLN UP3 Bandung B,Jalan Sriwijaya,secondary,-6.946303412642758,107.61266096337623,Dekat (200-400m)
3272360369_6619012655_STOP319,2,60.55,35.5,85.6,PLN UP3 Bandung B,Jalan Soekarno-Hatta,trunk,-6.9485341610917235,107.61270222869885,Sangat Dekat (<200m)
3272360369_6619012655_STOP461,4,61.5,22.6,116.4,Mengger Girang,Jalan Soekarno-Hatta,trunk,-6.948629295614335,107.61405540246744,Sangat Dekat (<200m)
3272371131_2325414603_STOP185,1,31.7,31.7,31.7,Simpang By Pass Soekarno Hatta B,Jalan Soekarno-Hatta,trunk,-6.948241600000003,107.6089854,Sangat Dekat (<200m)
3272371131_3272371137_STOP185,1,31.7,31.7,31.7,Simpang By Pass Soekarno Hatta B,,trunk_link,-6.948241600000003,107.6089854,Sangat Dekat (<200m)
3272371131_3272371137_STOP275,1,72.0,72.0,72.0,Simpang By Pass Soekarno Hatta A,,trunk_link,-6.947986398458347,107.60930263362827,Sangat Dekat (<200m)
3272371137_2325414603_STOP275,1,71.5,71.5,71.5,Simpang By Pass Soekarno Hatta A,Jalan Mohammad Toha,primary,-6.947981300000003,107.6093038,Sangat Dekat (<200m)
3272371137_3110265322_STOP228,3,56.26666666666667,10.5,104.1,TK Kemala Bhayangkari,Jalan Mohammad Toha,primary,-6.945845663480287,107.60856669660438,Sangat Dekat (<200m)
3272371137_3110265322_STOP275,4,50.5,21.5,79.6,Simpang By Pass Soekarno Hatta A,Jalan Mohammad Toha,primary,-6.947342062725121,107.60907854369621,Sangat Dekat (<200m)
3272371137_3110265322_STOP310,3,76.2,26.2,126.3,Madurasa Tengah,Jalan Mohammad Toha,primary,-6.944562323537737,107.60813000327198,Sangat Dekat (<200m)
3272371137_3272350517_STOP185,1,101.8,101.8,101.8,Simpang By Pass Soekarno Hatta B,,trunk_link,-6.948259620968094,107.60965186477168,Sangat Dekat (<200m)
3272371137_3272350517_STOP275,1,71.5,71.5,71.5,Simpang By Pass Soekarno Hatta A,,trunk_link,-6.947981300000003,107.6093038,Sangat Dekat (<200m)
3272376483_2325414606_STOP185,1,109.9,109.9,109.9,Simpang By Pass Soekarno Hatta B,Jalan Soekarno-Hatta,trunk,-6.948398700000002,107.6097349,Sangat Dekat (<200m)
3272376483_3272376486_STOP185,1,109.9,109.9,109.9,Simpang By Pass Soekarno Hatta B,,trunk_link,-6.948398700000002,107.6097349,Sangat Dekat (<200m)
3272376486_2325414606_STOP185,1,91.5,91.5,91.5,Simpang By Pass Soekarno Hatta B,Jalan Mohammad Toha,primary,-6.948641600000006,107.6095322,Sangat Dekat (<200m)
3272376486_6428110632_STOP185,5,174.54000000000002,91.5,265.2,Simpang By Pass Soekarno Hatta B,Jalan Mohammad Toha,primary,-6.949499046310775,107.60981771560496,Sangat Dekat (<200m)
3272376486_6428110632_STOP186,8,174.525,6.4,349.4,SPBU Moh. Toha,Jalan Mohammad Toha,primary,-6.9531442959404135,107.6110277832952,Sangat Dekat (<200m)
3272376486_6428110632_STOP336,2,327.75,313.5,342.0,PLN UP3 Bandung A,Jalan Mohammad Toha,primary,-6.950999999966906,107.61031610759952,Dekat (200-400m)
3272376486_9973785684_STOP185,2,68.9,46.3,91.5,Simpang By Pass Soekarno Hatta B,,trunk_link,-6.948518073372363,107.60934783676579,Sangat Dekat (<200m)
3272382561_10134513808_STOP121,2,166.8,141.7,191.9,Leuwipanjang Soekarno Hatta,Jalan Soekarno-Hatta,trunk,-6.947138505358518,107.5949027368303,Sangat Dekat (<200m)
3272382561_3272382565_STOP121,2,165.25,141.7,188.8,Leuwipanjang Soekarno Hatta,,trunk_link,-6.947068716437675,107.5949018431705,Sangat Dekat (<200m)
3272382565_5862690001_STOP121,3,208.6,197.8,222.9,Leuwipanjang Soekarno Hatta,Jalan Leuwi Panjang,primary,-6.9464528356402555,107.59525310729641,Dekat (200-400m)
3272382565_5862690001_STOP157,2,472.6,453.5,491.7,SDN Babakan Tarogong,Jalan Leuwi Panjang,primary,-6.942241774217586,107.59604239014304,Sedang (400-800m)
3272382565_5862690001_STOP374,7,341.75714285714287,243.3,456.5,Terminal Leuwipanjang,Jalan Leuwi Panjang,primary,-6.944233504067147,107.59563915371538,Dekat (200-400m)
3272382566_10125575435_STOP121,1,206.3,206.3,206.3,Leuwipanjang Soekarno Hatta,Jalan Leuwi Panjang,primary,-6.946921200000004,107.5952938,Dekat (200-400m)
3272382566_3272382569_STOP121,1,206.3,206.3,206.3,Leuwipanjang Soekarno Hatta,,trunk_link,-6.946921200000004,107.5952938,Dekat (200-400m)
3272382569_10043935231_STOP121,2,260.3,235.3,285.3,Leuwipanjang Soekarno Hatta,Jalan Soekarno-Hatta,trunk,-6.947269044128385,107.59573426052887,Dekat (200-400m)
3272384461_10134513809_STOP121,1,213.0,213.0,213.0,Leuwipanjang Soekarno Hatta,Jalan Raya Cibaduyut,secondary,-6.947605699999997,107.5951774,Dekat (200-400m)
3272384461_10816174969_STOP121,1,213.0,213.0,213.0,Leuwipanjang Soekarno Hatta,,trunk_link,-6.947605699999997,107.5951774,Dekat (200-400m)
3272539236_2325452885_STOP343,1,83.9,83.9,83.9,Simpang Tol Pasirkoja,Jalan Terusan Pasir Koja,primary,-6.930340700000005,107.5763738,Sangat Dekat (<200m)
3272539236_3272539241_STOP343,1,83.9,83.9,83.9,Simpang Tol Pasirkoja,,trunk_link,-6.930340700000005,107.5763738,Sangat Dekat (<200m)
3272539236_3272539241_STOP382,1,74.5,74.5,74.5,Sumbersari 1,,trunk_link,-6.930676932866963,107.57612273894618,Sangat Dekat (<200m)
3272539241_5862588301_STOP316,2,25.65,6.4,44.9,Sumber Sari Junction,Jalan Soekarno-Hatta,trunk,-6.9322379735521285,107.57661258983993,Sangat Dekat (<200m)
3272539241_5862588301_STOP382,3,39.800000000000004,18.4,68.4,Sumbersari 1,Jalan Soekarno-Hatta,trunk,-6.93116509200254,107.57626074413035,Sangat Dekat (<200m)
3272539241_5862588301_STOP383,12,322.7583333333333,48.6,599.0,Griya Sumbersari,Jalan Soekarno-Hatta,trunk,-6.9350288015268085,107.57807807119555,Dekat (200-400m)
3272542984_11369837179_STOP108,1,135.6,135.6,135.6,Puskesmas Kopo,Jalan Kyai Haji Wahid Hasyim,primary,-6.945294899999992,107.5899199,Sangat Dekat (<200m)
3272542984_5355765057_STOP108,2,160.75,135.6,185.9,Puskesmas Kopo,Jalan Kyai Haji Wahid Hasyim,primary,-6.945105819801828,107.59004351809466,Sangat Dekat (<200m)
3272542984_5355765057_STOP157,8,131.4875,15.2,287.5,SDN Babakan Tarogong,Jalan Kyai Haji Wahid Hasyim,primary,-6.9393609225978485,107.59363891402718,Sangat Dekat (<200m)
3272542984_5355765057_STOP271,1,100.4,100.4,100.4,Rumah Sakit Immanuel B,Jalan Kyai Haji Wahid Hasyim,primary,-6.937595622599303,107.59464758461483,Sangat Dekat (<200m)
3272542984_5355765057_STOP390,10,129.02,16.2,264.8,RSUD Bandung Kiwari,Jalan Kyai Haji Wahid Hasyim,primary,-6.9428079560222855,107.59148235680478,Sangat Dekat (<200m)
3272542989_10186688804_STOP108,2,95.25,82.3,108.2,Puskesmas Kopo,Jalan Soekarno-Hatta,trunk,-6.945511545848683,107.58911469666808,Sangat Dekat (<200m)
3272542990_11369837181_STOP108,1,87.0,87.0,87.0,Puskesmas Kopo,Jalan Soekarno-Hatta,trunk,-6.945816099999994,107.589865,Sangat Dekat (<200m)
3272542990_11369837186_STOP108,1,87.0,87.0,87.0,Puskesmas Kopo,,trunk_link,-6.945816099999994,107.589865,Sangat Dekat (<200m)
3272563961_2325452883_STOP343,1,114.2,114.2,114.2,Simpang Tol Pasirkoja,Jalan Soekarno-Hatta,trunk,-6.930066799999998,107.5759894,Sangat Dekat (<200m)
3272563961_3272563966_STOP343,2,98.75,83.3,114.2,Simpang Tol Pasirkoja,,trunk_link,-6.930168438123733,107.57616436728226,Sangat Dekat (<200m)
3272563966_5348422779_STOP314,8,152.575,22.9,318.7,Simpang Pasir Koja,Jalan Terusan Pasir Koja,primary,-6.92741215771123,107.58372709143156,Sangat Dekat (<200m)
3272563966_5348422779_STOP315,9,140.06666666666666,16.9,308.9,SPBU Pasir Koja,Jalan Terusan Pasir Koja,primary,-6.928802304350515,107.5801443683231,Sangat Dekat (<200m)
3272563966_5348422779_STOP343,5,65.02000000000001,20.7,119.8,Simpang Tol Pasirkoja,Jalan Terusan Pasir Koja,primary,-6.92994147715758,107.57719162228382,Sangat Dekat (<200m)
3272566403_11181449057_STOP270,1,50.7,50.7,50.7,Simpang Mohamad Toha Biddokkes,Jalan Peta,primary,-6.937506200000002,107.6059434,Sangat Dekat (<200m)
3272566403_3272566410_STOP270,1,50.7,50.7,50.7,Simpang Mohamad Toha Biddokkes,,primary_link,-6.937506200000002,107.6059434,Sangat Dekat (<200m)
3272566410_5355897677_STOP258,1,46.3,46.3,46.3,Pasar Tegalega,Jalan Mohammad Toha,secondary,-6.9372526999999975,107.6062104,Sangat Dekat (<200m)
3272569143_7713266582_STOP226,1,75.5,75.5,75.5,Seberang Museum Sri Baduga,Jalan Peta,primary,-6.937465135272842,107.60458801134624,Sangat Dekat (<200m)
3272569143_7713266582_STOP270,3,36.46666666666667,7.6,53.5,Simpang Mohamad Toha Biddokkes,Jalan Peta,primary,-6.937558785040612,107.60548682403561,Sangat Dekat (<200m)
3272574294_6618370830_STOP131,3,38.6,14.1,62.7,BKR Buah Batu,Jalan Pelajar Pejuang 45,primary,-6.936440693076253,107.62325553068911,Sangat Dekat (<200m)
3272575990_1777901448_STOP412,1,137.7,137.7,137.7,Banteng Sadakeling,Jalan Buah Batu,primary,-6.932736649024099,107.61874640645604,Sangat Dekat (<200m)
3272575990_1777901448_STOP644,6,78.93333333333334,10.9,159.2,Jalan Beunteur,Jalan Buah Batu,primary,-6.933900334093413,107.61981799638552,Sangat Dekat (<200m)
3272575990_1777901448_STOP645,6,82.26666666666667,19.9,169.1,Jalan Nilem V,Jalan Buah Batu,primary,-6.9358721739926965,107.6216795603055,Sangat Dekat (<200m)
3272578338_10184467579_STOP131,1,65.4,65.4,65.4,BKR Buah Batu,,primary_link,-6.936816900000007,107.62297660000002,Sangat Dekat (<200m)
3272578338_10239511223_STOP131,1,65.4,65.4,65.4,BKR Buah Batu,Jalan Pelajar Pejuang 45,primary,-6.936816900000007,107.62297660000002,Sangat Dekat (<200m)
3272588432_12986852699_STOP746,3,42.0,23.7,72.9,Banteng Dalam - Lodaya 1,Jalan Lodaya,tertiary,-6.9320187237033,107.62484144178802,Sangat Dekat (<200m)
3272588432_12986852699_STOP747,2,35.75,12.3,59.2,Banteng Dalam - Lodaya 2,Jalan Lodaya,tertiary,-6.9315625990010306,107.62380748818717,Sangat Dekat (<200m)
3272588432_12986852699_STOP748,1,16.0,16.0,16.0,Pasar Bunga Palasari 1,Jalan Lodaya,tertiary,-6.9311184335623945,107.62276816212288,Sangat Dekat (<200m)
3272588432_12986852699_STOP749,1,29.0,29.0,29.0,Pasar Bunga Palasari 2,Jalan Lodaya,tertiary,-6.931296104621447,107.6231838904466,Sangat Dekat (<200m)
3272588432_8979186743_STOP746,1,72.9,72.9,72.9,Banteng Dalam - Lodaya 1,Jalan Lodaya,tertiary,-6.932210899999994,107.6252506,Sangat Dekat (<200m)
3272589082_3272599105_STOP254,5,63.82000000000001,15.7,114.9,Jalan Kangkung,Jalan Pelajar Pejuang 45,primary,-6.93071805056304,107.62612224173809,Sangat Dekat (<200m)
3272589082_3272599105_STOP706,1,116.5,116.5,116.5,Seberang Dinas Ketenagakerjaan Kota Bandung,Jalan Pelajar Pejuang 45,primary,-6.932032599999999,107.6257914,Sangat Dekat (<200m)
3272599105_11181448954_STOP254,1,134.2,134.2,134.2,Jalan Kangkung,Jalan Pelajar Pejuang 45,primary,-6.929673800000008,107.6263851,Sangat Dekat (<200m)
3272599105_3272599108_STOP254,1,134.2,134.2,134.2,Jalan Kangkung,,primary_link,-6.929673800000008,107.6263851,Sangat Dekat (<200m)
3272599108_11181448954_STOP254,1,155.3,155.3,155.3,Jalan Kangkung,Jalan Talaga Bodas,tertiary,-6.9294503,107.6262668,Sangat Dekat (<200m)
3272599108_2607816746_STOP254,1,155.3,155.3,155.3,Jalan Kangkung,Jalan Talaga Bodas,tertiary,-6.9294503,107.6262668,Sangat Dekat (<200m)
3272599108_2607816746_STOP571,2,25.6,22.8,28.4,Simpang Talaga Bodas - Patuha,Jalan Talaga Bodas,tertiary,-6.928826081608129,107.62385975956519,Sangat Dekat (<200m)
3272599108_2607816746_STOP572,4,56.75,13.0,112.9,Simpang Talaga Bodas - Terusan Galunggung,Jalan Talaga Bodas,tertiary,-6.929169601279007,107.62517189446382,Sangat Dekat (<200m)
3272599108_2607816746_STOP580,1,56.5,56.5,56.5,Universitas Aisyiyah,Jalan Talaga Bodas,tertiary,-6.928657931226757,107.6232027400345,Sangat Dekat (<200m)
3272599108_3272604915_STOP254,1,155.3,155.3,155.3,Jalan Kangkung,,primary_link,-6.9294503,107.6262668,Sangat Dekat (<200m)
3272604915_9832971270_STOP254,1,170.5,170.5,170.5,Jalan Kangkung,Jalan Pelajar Pejuang 45,primary,-6.929355599999995,107.6264613,Sangat Dekat (<200m)
3272604915_9832971270_STOP435,2,278.8,254.8,302.8,Sumber Rasa,Jalan Pelajar Pejuang 45,primary,-6.926947971530341,107.62707663905836,Dekat (200-400m)
3272604915_9832971270_STOP572,4,236.675,194.4,286.1,Simpang Talaga Bodas - Terusan Galunggung,Jalan Pelajar Pejuang 45,primary,-6.92825986710365,107.62673578260478,Dekat (200-400m)
3272643957_2614138810_STOP333,1,92.0,92.0,92.0,Medal Sekarwangi,,trunk_link,-6.948075799999993,107.6330447,Sangat Dekat (<200m)
3272643957_8123304890_STOP333,1,92.0,92.0,92.0,Medal Sekarwangi,Jalan Soekarno-Hatta,trunk,-6.948075799999993,107.6330447,Sangat Dekat (<200m)
3272653270_8123304890_STOP229,1,72.3,72.3,72.3,Taman Buah Batu,Jalan Buah Batu,primary,-6.948105500000003,107.6334141,Sangat Dekat (<200m)
3272653270_8123304891_STOP229,1,72.3,72.3,72.3,Taman Buah Batu,Jalan Soekarno-Hatta,trunk,-6.948105500000003,107.6334141,Sangat Dekat (<200m)
3272660513_3272660519_STOP363,1,163.6,163.6,163.6,Rancabolang,,trunk_link,-6.939298199999993,107.6618465,Sangat Dekat (<200m)
3272660513_3272660524_STOP363,1,163.6,163.6,163.6,Rancabolang,Jalan Soekarno-Hatta,trunk,-6.939298199999993,107.6618465,Sangat Dekat (<200m)
3272660519_7709492203_STOP363,1,160.2,160.2,160.2,Rancabolang,Jalan Soekarno-Hatta,trunk,-6.939386799999993,107.6618782,Sangat Dekat (<200m)
3272660519_7709492203_STOP442,2,119.10000000000001,94.4,143.8,Suparma,Jalan Soekarno-Hatta,trunk,-6.939516464105421,107.66121250832782,Sangat Dekat (<200m)
3272660524_5406559329_STOP363,1,148.3,148.3,148.3,Rancabolang,,trunk_link,-6.939275999999998,107.6619842,Sangat Dekat (<200m)
3272660524_7673681627_STOP142,3,77.76666666666667,29.9,126.5,Kawaluyaan,Jalan Soekarno-Hatta,trunk,-6.939027259915804,107.66423101965135,Sangat Dekat (<200m)
3272660524_7673681627_STOP148,2,49.599999999999994,29.6,69.6,RS Al Islam,Jalan Soekarno-Hatta,trunk,-6.938664054960599,107.6689643654275,Sangat Dekat (<200m)
3272660524_7673681627_STOP362,4,99.125,31.0,171.0,Metro Soekarno Hatta,Jalan Soekarno-Hatta,trunk,-6.9388942599819625,107.66580775181073,Sangat Dekat (<200m)
3272660524_7673681627_STOP363,4,80.55,23.4,148.3,Rancabolang,Jalan Soekarno-Hatta,trunk,-6.939194813350898,107.66265751589808,Sangat Dekat (<200m)
3272660524_7673681627_STOP451,4,58.275,16.4,113.5,Sanggar Hurip,Jalan Soekarno-Hatta,trunk,-6.938762716572654,107.66761153231096,Sangat Dekat (<200m)
3272670869_3272670870_STOP362,1,52.9,52.9,52.9,Metro Soekarno Hatta,,trunk_link,-6.939035099999998,107.6661888,Sangat Dekat (<200m)
3272670869_3272670872_STOP142,1,145.3,145.3,145.3,Kawaluyaan,Jalan Soekarno-Hatta,secondary,-6.939134268449488,107.66483604859822,Sangat Dekat (<200m)
3272670869_3272670872_STOP362,3,103.10000000000001,52.9,153.3,Metro Soekarno Hatta,Jalan Soekarno-Hatta,secondary,-6.939068014312341,107.66573788254372,Sangat Dekat (<200m)
3272670870_3272670871_STOP142,2,148.7,123.8,173.6,Kawaluyaan,Jalan Soekarno-Hatta,trunk,-6.9390538450251835,107.66487584724268,Sangat Dekat (<200m)
3272670870_3272670871_STOP362,2,98.9,74.0,123.8,Metro Soekarno Hatta,Jalan Soekarno-Hatta,trunk,-6.9389914433989235,107.66577797719299,Sangat Dekat (<200m)
3272670871_2325453481_STOP142,3,71.83333333333333,29.1,117.3,Kawaluyaan,Jalan Soekarno-Hatta,trunk,-6.939117583875219,107.66414128291831,Sangat Dekat (<200m)
3272670871_2325453481_STOP363,3,60.666666666666664,15.3,108.1,Rancabolang,Jalan Soekarno-Hatta,trunk,-6.939265942959872,107.6627930749799,Sangat Dekat (<200m)
3272670871_3272670872_STOP142,1,117.3,117.3,117.3,Kawaluyaan,,trunk_link,-6.939072800000006,107.6645912,Sangat Dekat (<200m)
3272670872_1856650991_STOP142,2,77.9,55.5,100.3,Kawaluyaan,Jalan Soekarno-Hatta,secondary,-6.939181733591494,107.66419575720238,Sangat Dekat (<200m)
3272680714_3272680717_STOP362,1,63.9,63.9,63.9,Metro Soekarno Hatta,Jalan Venus Raya,tertiary,-6.939425053513016,107.6671049237718,Sangat Dekat (<200m)
3272680714_3272680717_STOP451,1,39.4,39.4,39.4,Sanggar Hurip,Jalan Venus Raya,tertiary,-6.9389755000000015,107.6670598,Sangat Dekat (<200m)
3272680714_3272680726_STOP451,1,39.4,39.4,39.4,Sanggar Hurip,Jalan Soekarno-Hatta,secondary,-6.9389755000000015,107.6670598,Sangat Dekat (<200m)
3272680717_3862534575_STOP362,1,94.9,94.9,94.9,Metro Soekarno Hatta,Bunderan Metro,tertiary,-6.939766500000002,107.6671377,Sangat Dekat (<200m)
3272680725_3272680717_STOP362,1,90.6,90.6,90.6,Metro Soekarno Hatta,Bunderan Metro,tertiary,-6.939767599999992,107.6670618,Sangat Dekat (<200m)
3272680725_3272680726_STOP362,2,70.0,49.4,90.6,Metro Soekarno Hatta,Jalan Venus Raya,tertiary,-6.93954249891784,107.66704275223682,Sangat Dekat (<200m)
3272680726_3272670869_STOP362,2,26.05,15.0,37.1,Metro Soekarno Hatta,Jalan Soekarno-Hatta,secondary,-6.938996059261623,107.66676225084456,Sangat Dekat (<200m)
3272708317_3244221167_STOP827,1,277.0,277.0,277.0,Dinas Koperasi Provinsi Jawa Barat,Jalan Soekarno-Hatta,trunk,-6.937396500000004,107.6883847,Dekat (200-400m)
3272708317_3272708318_STOP827,1,277.0,277.0,277.0,Dinas Koperasi Provinsi Jawa Barat,,trunk_link,-6.937396500000004,107.6883847,Dekat (200-400m)
3272708318_3272725787_STOP240,2,275.75,250.7,300.8,Simpang Gedebage,Jalan Soekarno-Hatta,trunk,-6.937220798128964,107.68907713893705,Dekat (200-400m)
3272708318_3272725787_STOP827,1,280.7,280.7,280.7,Dinas Koperasi Provinsi Jawa Barat,Jalan Soekarno-Hatta,trunk,-6.937270999999999,107.6884008,Dekat (200-400m)
3272718018_1664487744_STOP452,1,43.6,43.6,43.6,Guruminda,Jalan Cipamokolan,tertiary,-6.938247000000004,107.6773321,Sangat Dekat (<200m)
3272718018_1664487744_STOP604,3,405.09999999999997,378.2,442.8,Puskesmas Cipamokolan,Jalan Cipamokolan,tertiary,-6.943520954413121,107.67695279699763,Sedang (400-800m)
3272718018_1664487744_STOP605,10,201.3,19.5,421.2,Bulog Kancab Bandung,Jalan Cipamokolan,tertiary,-6.940729928387273,107.67723364121393,Dekat (200-400m)
3272718018_7673353744_STOP359,3,49.5,7.6,95.5,Cipamokolan,Jalan Soekarno-Hatta,secondary,-6.938307612830564,107.67642985905024,Sangat Dekat (<200m)
3272718018_7673353744_STOP452,1,43.6,43.6,43.6,Guruminda,Jalan Soekarno-Hatta,secondary,-6.938247000000004,107.6773321,Sangat Dekat (<200m)
3272722525_12013198365_STOP403,1,108.3,108.3,108.3,Simpang Gedebage Selatan,Jalan Soekarno-Hatta,trunk,-6.937073399999991,107.6932753,Sangat Dekat (<200m)
3272722527_3272722528_STOP403,1,12.5,12.5,12.5,Simpang Gedebage Selatan,Jalan Gedebage Selatan,primary,-6.937758499999996,107.6925095,Sangat Dekat (<200m)
3272722527_6640711589_STOP141,9,123.80000000000001,22.8,266.5,Bulog Gedebage,Jalan Gedebage Selatan,primary,-6.940850715263519,107.69190197037337,Sangat Dekat (<200m)
3272722527_6640711589_STOP403,3,54.36666666666667,12.5,100.1,Simpang Gedebage Selatan,Jalan Gedebage Selatan,primary,-6.938203218772549,107.69242974120708,Sangat Dekat (<200m)
3272722528_11549667668_STOP403,2,43.95,20.7,67.2,Simpang Gedebage Selatan,Jalan Gedebage Selatan,primary,-6.937418067297795,107.69251815444558,Sangat Dekat (<200m)
3272722528_8456621393_STOP403,2,44.2,20.7,67.7,Simpang Gedebage Selatan,,primary_link,-6.937434328561861,107.69244746058007,Sangat Dekat (<200m)
3272725787_3272725789_STOP240,6,119.16666666666667,32.6,234.6,Simpang Gedebage,Jalan Soekarno-Hatta,trunk,-6.937109884128642,107.69057484876231,Sangat Dekat (<200m)
3272725787_9327097034_STOP240,1,234.6,234.6,234.6,Simpang Gedebage,,trunk_link,-6.937193299999996,107.6894476,Dekat (200-400m)
3272725789_8456621396_STOP240,1,59.7,59.7,59.7,Simpang Gedebage,Jalan Soekarno-Hatta,trunk,-6.936977700000002,107.6919976,Sangat Dekat (<200m)
3272727739_6380243449_STOP358,3,48.20000000000001,9.2,92.8,Shakti,Jalan Soekarno-Hatta,secondary,-6.936857322282219,107.69670860201563,Sangat Dekat (<200m)
3272727739_6380244014_STOP358,1,9.2,9.2,9.2,Shakti,,secondary_link,-6.936825399999996,107.6971596,Sangat Dekat (<200m)
3272727747_9544806499_STOP357,9,229.26666666666668,28.4,430.5,Cimincrang,Jalan Soekarno-Hatta,secondary,-6.936298320759037,107.70436938008068,Dekat (200-400m)
3272727747_9544806503_STOP357,1,28.4,28.4,28.4,Cimincrang,,secondary_link,-6.936164299999996,107.7061729,Sangat Dekat (<200m)
3272727748_3272727747_STOP357,2,25.8,24.0,27.6,Cimincrang,Jalan Soekarno-Hatta,secondary,-6.936146092985946,107.70643876949421,Sangat Dekat (<200m)
3272727748_6640792414_STOP267,10,589.95,495.8,716.8,Stasiun Cimekar 2,"['Jalan Cimincrang', 'Jalan Rancanumpang']",secondary,-6.944667780382728,107.70623469239874,Sedang (400-800m)
3272727748_6640792414_STOP357,15,344.92,27.6,676.9,Cimincrang,"['Jalan Cimincrang', 'Jalan Rancanumpang']",secondary,-6.939265123056485,107.70661847453826,Dekat (200-400m)
3272728568_6615995650_STOP403,3,142.26666666666665,109.7,178.0,Simpang Gedebage Selatan,Jalan Soekarno-Hatta,secondary,-6.936841851964016,107.6934310402343,Sangat Dekat (<200m)
3274608590_12819917454_STOP54,1,41.5,41.5,41.5,Taman Makam Pahlawan Cikutra,Jalan Cikutra Barat,secondary,-6.8926635999999935,107.6353255,Sangat Dekat (<200m)
3274608590_30236624_STOP54,1,41.5,41.5,41.5,Taman Makam Pahlawan Cikutra,Jalan Cikutra Barat,secondary,-6.8926635999999935,107.6353255,Sangat Dekat (<200m)
3274608590_30236624_STOP639,4,69.725,13.0,138.8,Nurul Fikri Cikutra,Jalan Cikutra Barat,secondary,-6.892404347420118,107.63423793667556,Sangat Dekat (<200m)
3274608591_12819917454_STOP54,1,11.5,11.5,11.5,Taman Makam Pahlawan Cikutra,Jalan Cikutra,secondary,-6.892832699999999,107.6355463,Sangat Dekat (<200m)
3274608591_30236636_STOP54,4,113.45,11.5,223.8,Taman Makam Pahlawan Cikutra,Jalan Cikutra,secondary,-6.8933143545136035,107.63648786782204,Sangat Dekat (<200m)
3274608591_30236636_STOP542,2,104.0,79.0,129.0,Pahlawan Sidomukti,Jalan Cikutra,secondary,-6.8935475536630175,107.63637208977784,Sangat Dekat (<200m)
3274608591_30236636_STOP638,14,181.33571428571426,9.5,388.2,GOR C-TRA,Jalan Cikutra,secondary,-6.894305638174024,107.64074904113502,Sangat Dekat (<200m)
3274608591_5374108596_STOP527,4,227.02499999999998,202.1,261.9,SDN 151 Sukasenang,Jalan Pahlawan,tertiary,-6.896996153949507,107.63451517634468,Dekat (200-400m)
3274608591_5374108596_STOP54,1,11.5,11.5,11.5,Taman Makam Pahlawan Cikutra,Jalan Pahlawan,tertiary,-6.892832699999999,107.6355463,Sangat Dekat (<200m)
3274608591_5374108596_STOP542,7,147.35714285714286,6.9,296.5,Pahlawan Sidomukti,Jalan Pahlawan,tertiary,-6.894590534773281,107.63512683570482,Sangat Dekat (<200m)
3274678437_2325451298_STOP627,1,33.6,33.6,33.6,Simpang Cicaheum,,primary_link,-6.902677299999996,107.6547053,Sangat Dekat (<200m)
3274678437_2325451308_STOP626,1,73.5,73.5,73.5,Polsek Cibeunying Kidul,Jalan Jenderal Ahmad Yani,primary,-6.902898697108324,107.65431118504186,Sangat Dekat (<200m)
3274678437_2325451308_STOP627,1,33.6,33.6,33.6,Simpang Cicaheum,Jalan Jenderal Ahmad Yani,primary,-6.902677299999996,107.6547053,Sangat Dekat (<200m)
3277353718_3277353721_STOP411,1,53.6,53.6,53.6,Unla,Jalan Gurame,secondary_link,-6.931560300000006,107.6158997,Sangat Dekat (<200m)
3277353718_3277353722_STOP411,1,53.6,53.6,53.6,Unla,Jalan Mochammad Ramdhan,secondary,-6.931560300000006,107.6158997,Sangat Dekat (<200m)
3277353721_389140807_STOP411,2,28.7,27.7,29.7,Unla,Jalan Karapitan,secondary,-6.9311479565313485,107.61581733936775,Sangat Dekat (<200m)
3277353721_389140807_STOP544,1,33.2,33.2,33.2,Melong Karapitan,Jalan Karapitan,secondary,-6.930493045910603,107.61599184016518,Sangat Dekat (<200m)
3277353722_1777901379_STOP411,3,102.66666666666667,57.8,149.3,Unla,Jalan Mochammad Ramdhan,secondary,-6.931985624478831,107.61540203193128,Sangat Dekat (<200m)
3277353722_1777901457_STOP411,2,82.4,57.8,107.0,Unla,Jalan Cilentah,tertiary,-6.9318620948852985,107.61574704841485,Sangat Dekat (<200m)
3277363480_12606352975_STOP620,2,82.75,62.5,103.0,Karapitan—Lengkong Kecil,Jalan Lengkong Kecil,secondary,-6.923693727531953,107.61683149447316,Sangat Dekat (<200m)
3277363480_1849525974_STOP144,1,197.9,197.9,197.9,Monumen 0 KM Kota Bandung,Jalan Lengkong Kecil,secondary,-6.9230658089964985,107.61212630819011,Sangat Dekat (<200m)
3277363480_1849525974_STOP299,3,152.16666666666666,142.5,167.1,Simpang Lima Asia Afrika,Jalan Lengkong Kecil,secondary,-6.923531431270722,107.61571335898815,Sangat Dekat (<200m)
3277363480_1849525974_STOP620,1,103.0,103.0,103.0,Karapitan—Lengkong Kecil,Jalan Lengkong Kecil,secondary,-6.923648000000003,107.6166101,Sangat Dekat (<200m)
3277363480_1849525974_STOP648,6,167.63333333333333,142.0,214.7,Jalan Kasim,Jalan Lengkong Kecil,secondary,-6.92326921956979,107.61369568127857,Sangat Dekat (<200m)
3277363480_3277363483_STOP299,3,96.10000000000001,78.5,118.8,Simpang Lima Asia Afrika,Jalan Kaca Kaca Wetan,tertiary,-6.922784281007789,107.61685465393288,Sangat Dekat (<200m)
3277363480_3277363483_STOP620,1,103.0,103.0,103.0,Karapitan—Lengkong Kecil,Jalan Kaca Kaca Wetan,tertiary,-6.923648000000003,107.6166101,Sangat Dekat (<200m)
3277363483_3374033502_STOP144,1,157.6,157.6,157.6,Monumen 0 KM Kota Bandung,Jalan Asia Afrika,primary,-6.921774581932756,107.61243305431547,Sangat Dekat (<200m)
3277363483_3374033502_STOP299,4,51.05,23.6,78.6,Simpang Lima Asia Afrika,Jalan Asia Afrika,primary,-6.922248088876863,107.61624684653292,Sangat Dekat (<200m)
3277363483_3374033502_STOP648,6,76.41666666666667,8.8,146.2,Jalan Kasim,Jalan Asia Afrika,primary,-6.921962894353727,107.6140042685884,Sangat Dekat (<200m)
3277416899_2746818986_STOP256,4,360.9,285.4,436.4,Patung Ikan,Jalan BKR,primary,-6.937760810746869,107.61343164400238,Dekat (200-400m)
3277416899_3277416907_STOP256,6,299.78333333333336,285.4,311.0,Patung Ikan,Jalan Sripohaci,tertiary,-6.9366823824687245,107.61263024756312,Dekat (200-400m)
3277416899_389137494_STOP256,1,285.4,285.4,285.4,Patung Ikan,Jalan Sriwijaya,secondary,-6.937738800000004,107.6127538,Dekat (200-400m)
3277416907_2746818952_STOP256,4,380.0,304.9,455.2,Patung Ikan,Jalan Mochammad Ramdhan,secondary,-6.935047595137338,107.61248853564415,Dekat (200-400m)
3277416907_3252963731_STOP256,6,186.20000000000002,77.2,304.9,Patung Ikan,Jalan Mochammad Ramdhan,secondary,-6.936203802286447,107.61110059299251,Sangat Dekat (<200m)
3277416907_3277416899_STOP256,6,302.4166666666667,287.5,315.5,Patung Ikan,Jalan Sripohaci,tertiary,-6.936428192697888,107.61254691294926,Dekat (200-400m)
3277449482_2439053883_STOP63,1,71.5,71.5,71.5,Pasar Kembang Wastukencana,Jalan Tamansari,secondary,-6.905468600000005,107.6075644,Sangat Dekat (<200m)
3277449482_3376669072_STOP63,1,71.5,71.5,71.5,Pasar Kembang Wastukencana,Jalan Wastukancana,primary,-6.905468600000005,107.6075644,Sangat Dekat (<200m)
3277469066_13648191536_STOP163,2,53.05,52.0,54.1,Cikapayang Dago 2,,primary_link,-6.898617073472982,107.61311299167306,Sangat Dekat (<200m)
3277469066_1857160790_STOP160,3,142.13333333333333,126.9,163.0,Panatayudha B,Jalan Dipatiukur,secondary,-6.897242259741468,107.61512151691727,Sangat Dekat (<200m)
3277469066_1857160790_STOP163,4,95.35,52.0,153.5,Cikapayang Dago 2,Jalan Dipatiukur,secondary,-6.898080879640718,107.61378010184194,Sangat Dekat (<200m)
3277871561_2520759347_STOP147,2,136.14999999999998,120.1,152.2,Stadion Persib Sidolig,Jalan L.L. RE. Martadinata,secondary,-6.915258978372552,107.62975298367854,Sangat Dekat (<200m)
3277871564_25432860_STOP147,1,68.4,68.4,68.4,Stadion Persib Sidolig,Jalan Jenderal Ahmad Yani,primary,-6.9159070999999965,107.6296368,Sangat Dekat (<200m)
3277871564_3277871561_STOP147,2,91.30000000000001,68.4,114.2,Stadion Persib Sidolig,,secondary_link,-6.915723442892295,107.6297403826238,Sangat Dekat (<200m)
3277871565_25435152_STOP147,3,136.76666666666668,116.4,162.1,Stadion Persib Sidolig,Jalan Laswi,primary,-6.916373533025006,107.63037638798987,Sangat Dekat (<200m)
3277871566_3277871565_STOP249,1,99.6,99.6,99.6,Jalan Mangga,,primary_link,-6.915614900000002,107.6303391,Sangat Dekat (<200m)
3277871566_5391666890_STOP249,1,99.6,99.6,99.6,Jalan Mangga,Jalan Jenderal Ahmad Yani,primary,-6.915614900000002,107.6303391,Sangat Dekat (<200m)
3277871570_5391666891_STOP147,1,106.1,106.1,106.1,Stadion Persib Sidolig,Jalan Laswi,primary,-6.916008899999992,107.6300893,Sangat Dekat (<200m)
3277871570_5391666897_STOP147,1,106.1,106.1,106.1,Stadion Persib Sidolig,,primary_link,-6.916008899999992,107.6300893,Sangat Dekat (<200m)
3277871574_2325452126_STOP147,1,128.5,128.5,128.5,Stadion Persib Sidolig,Jalan L.L. RE. Martadinata,secondary,-6.915430600000008,107.6299139,Sangat Dekat (<200m)
3277871574_5391666889_STOP147,1,128.5,128.5,128.5,Stadion Persib Sidolig,,secondary_link,-6.915430600000008,107.6299139,Sangat Dekat (<200m)
3277871582_1849525950_STOP89,2,25.65,18.0,33.3,Jaya Plaza,Jalan Jenderal Ahmad Yani,primary,-6.917436604270821,107.6267699910509,Sangat Dekat (<200m)
3277871582_7642312005_STOP89,1,33.3,33.3,33.3,Jaya Plaza,,primary_link,-6.917542300000009,107.6265702,Sangat Dekat (<200m)
3277874415_10167417684_STOP253,1,95.9,95.9,95.9,Simpang Laswi Gatot Subroto 1,Jalan Layang Laswi - Pelajar Pejuang 45,primary,-6.922996599999991,107.6288628,Sangat Dekat (<200m)
3277874415_3277874431_STOP252,1,38.2,38.2,38.2,Simpang Laswi Gatot Subroto 2,Jalan Laswi,primary,-6.923991350734187,107.62797597260058,Sangat Dekat (<200m)
3277874415_3277874431_STOP253,3,49.333333333333336,5.8,95.9,Simpang Laswi Gatot Subroto 1,Jalan Laswi,primary,-6.923289409436951,107.62852080156183,Sangat Dekat (<200m)
3277874424_8418013666_STOP252,2,50.2,25.1,75.3,Simpang Laswi Gatot Subroto 2,Jalan Laswi,primary,-6.9240910032632055,107.62777474224761,Sangat Dekat (<200m)
3277874424_8418013666_STOP253,3,56.1,22.9,94.2,Simpang Laswi Gatot Subroto 1,Jalan Laswi,primary,-6.923194543176439,107.62840937961062,Sangat Dekat (<200m)
3277874425_11181354932_STOP435,1,79.2,79.2,79.2,Sumber Rasa,Jalan Pelajar Pejuang 45,primary,-6.924748700000002,107.6275931,Sangat Dekat (<200m)
3277874425_3277874427_STOP435,1,79.2,79.2,79.2,Sumber Rasa,,primary_link,-6.924748700000002,107.6275931,Sangat Dekat (<200m)
3277874427_2325452552_STOP435,1,49.4,49.4,49.4,Sumber Rasa,Jalan Jenderal Gatot Subroto,primary,-6.924507000000001,107.6273884,Sangat Dekat (<200m)
3277874428_11181354936_STOP252,1,111.7,111.7,111.7,Simpang Laswi Gatot Subroto 2,Jalan Jenderal Gatot Subroto,primary,-6.924657299999995,107.62797890000002,Sangat Dekat (<200m)
3277874428_3277874430_STOP252,1,111.7,111.7,111.7,Simpang Laswi Gatot Subroto 2,,primary_link,-6.924657299999995,107.62797890000002,Sangat Dekat (<200m)
3277874430_9832971266_STOP435,5,158.78,96.8,236.6,Sumber Rasa,Jalan Pelajar Pejuang 45,primary,-6.92567127072753,107.62752929243406,Sangat Dekat (<200m)
3277874431_11181354935_STOP252,1,75.8,75.8,75.8,Simpang Laswi Gatot Subroto 2,Jalan Laswi,primary,-6.9243365999999975,107.627857,Sangat Dekat (<200m)
3277874431_3277874434_STOP252,1,75.8,75.8,75.8,Simpang Laswi Gatot Subroto 2,,primary_link,-6.9243365999999975,107.627857,Sangat Dekat (<200m)
3277874434_5395151866_STOP252,1,103.5,103.5,103.5,Simpang Laswi Gatot Subroto 2,Jalan Jenderal Gatot Subroto,primary,-6.924580799999997,107.6280091,Sangat Dekat (<200m)
3277874434_5395151866_STOP253,2,137.25,123.4,151.1,Simpang Laswi Gatot Subroto 1,Jalan Jenderal Gatot Subroto,primary,-6.92474326613724,107.62866753886507,Sangat Dekat (<200m)
3277874434_5395151866_STOP522,3,65.56666666666666,18.7,113.8,Seberang Jalan Warta,Jalan Jenderal Gatot Subroto,primary,-6.926084218259647,107.6331997320154,Sangat Dekat (<200m)
3277874434_5395151866_STOP557,1,53.7,53.7,53.7,JPO Cibangkong,Jalan Jenderal Gatot Subroto,primary,-6.927797764003113,107.63638437156608,Sangat Dekat (<200m)
3277874434_5395151866_STOP573,2,37.25,16.5,58.0,Seberang Trans Studio Mall,Jalan Jenderal Gatot Subroto,primary,-6.927475546601021,107.6357878182345,Sangat Dekat (<200m)
3277874434_5395151866_STOP728,3,67.53333333333335,18.8,116.9,Museum Kavaleri,Jalan Jenderal Gatot Subroto,primary,-6.925336508939298,107.63108240293565,Sangat Dekat (<200m)
3277874434_5395151866_STOP729,3,77.83333333333333,27.6,128.1,Seberang Museum Kavaleri,Jalan Jenderal Gatot Subroto,primary,-6.925014941490779,107.62976469785265,Sangat Dekat (<200m)
3277874434_5395151866_STOP730,2,53.8,28.6,79.0,Jalan Warta,Jalan Jenderal Gatot Subroto,primary,-6.925610484886504,107.63217892488629,Sangat Dekat (<200m)
3277874434_5395151866_STOP731,4,66.475,19.4,132.4,Trans Studio Mall,Jalan Jenderal Gatot Subroto,primary,-6.926837748472506,107.63459097329873,Sangat Dekat (<200m)
3277883741_1837401655_STOP111,2,133.85,109.6,158.1,Pasar Astana Anyar,Jalan Astana Anyar,primary,-6.931714621336013,107.60194771525904,Sangat Dekat (<200m)
3277883741_1837401655_STOP224,2,52.099999999999994,32.1,72.1,Simpang Otista Astana Anyar,Jalan Astana Anyar,primary,-6.935178157129291,107.60287099369344,Sangat Dekat (<200m)
3277883741_1837401655_STOP259,5,82.84,21.3,170.5,Pintu Masuk Terminal Tegallega,Jalan Astana Anyar,primary,-6.933245943140361,107.60233605420486,Sangat Dekat (<200m)
3277883741_1837401655_STOP590,1,65.0,65.0,65.0,Terminal Tegallega,Jalan Astana Anyar,primary,-6.934572746644574,107.60261075355226,Sangat Dekat (<200m)
3277883745_10771913957_STOP21,1,39.4,39.4,39.4,PT INTI B (BKR 5),,primary_link,-6.9376268999999935,107.6064422,Sangat Dekat (<200m)
3277883745_11181449059_STOP21,1,39.4,39.4,39.4,PT INTI B (BKR 5),Jalan BKR,primary,-6.9376268999999935,107.6064422,Sangat Dekat (<200m)
3277891124_1837401667_STOP500,1,64.5,64.5,64.5,Barat Simpang Imanuel,Jalan Peta,primary,-6.936845500000002,107.5948326,Sangat Dekat (<200m)
3277891124_7540370583_STOP500,1,64.5,64.5,64.5,Barat Simpang Imanuel,,primary_link,-6.936845500000002,107.5948326,Sangat Dekat (<200m)
3278000648_10288977250_STOP831,3,115.93333333333334,85.9,145.3,Binong,Jalan Jenderal Gatot Subroto,primary,-6.931693029845352,107.64274678950669,Sangat Dekat (<200m)
3278000648_3376282078_STOP831,1,85.9,85.9,85.9,Binong,Jalan H. Ibrahim Adjie,primary,-6.931947899999993,107.6430775,Sangat Dekat (<200m)
3278023496_11041545702_STOP449,1,19.6,19.6,19.6,SDN 083 Babakan Surabaya Selatan,Jalan Layang Kiaracondong,primary,-6.919764300000007,107.6442331,Sangat Dekat (<200m)
3278023496_3278023523_STOP211,2,60.550000000000004,36.2,84.9,Griya Kiaracondong,Jalan Layang Kiaracondong,primary,-6.922698158043207,107.64436556281166,Sangat Dekat (<200m)
3278023496_3278023523_STOP214,3,60.06666666666666,12.0,109.1,Seberang Griya Kiaracondong,Jalan Layang Kiaracondong,primary,-6.921569751967726,107.64431459774158,Sangat Dekat (<200m)
3278023496_3278023523_STOP35,2,105.94999999999999,81.2,130.7,Pegadaian Kiaracondong,Jalan Layang Kiaracondong,primary,-6.929412314982434,107.6440392965878,Sangat Dekat (<200m)
3278023496_3278023523_STOP448,7,87.97142857142856,11.7,152.7,Jalan PSM,Jalan Layang Kiaracondong,primary,-6.927427685024204,107.64438588501295,Sangat Dekat (<200m)
3278023496_3278023523_STOP449,3,67.43333333333334,19.6,116.2,SDN 083 Babakan Surabaya Selatan,Jalan Layang Kiaracondong,primary,-6.920215663837889,107.64425345589841,Sangat Dekat (<200m)
3278023496_3278023523_STOP839,2,44.75,20.5,69.0,Stasiun Kiaracondong,Jalan Layang Kiaracondong,primary,-6.923600882795247,107.64440633580861,Sangat Dekat (<200m)
3278023496_3278023523_STOP840,4,104.025,29.3,179.1,Seberang Stasiun Kiaracondong,Jalan Layang Kiaracondong,primary,-6.924955148266445,107.64446267049944,Sangat Dekat (<200m)
3278023496_5392239227_STOP218,1,19.6,19.6,19.6,Daese Garmin,Jalan Letnan Jenderal Ibrahim Adjie,primary,-6.919313155275199,107.64420837416247,Sangat Dekat (<200m)
3278023496_5392239227_STOP449,1,19.6,19.6,19.6,SDN 083 Babakan Surabaya Selatan,Jalan Letnan Jenderal Ibrahim Adjie,primary,-6.919764300000007,107.6442331,Sangat Dekat (<200m)
3278023523_3278023496_STOP211,2,72.65,48.0,97.3,Griya Kiaracondong,Jalan Layang Kiaracondong,primary,-6.922810606204209,107.64437064166721,Sangat Dekat (<200m)
3278023523_3278023496_STOP214,3,51.06666666666666,9.9,96.6,Seberang Griya Kiaracondong,Jalan Layang Kiaracondong,primary,-6.921682200143194,107.64431967647157,Sangat Dekat (<200m)
3278023523_3278023496_STOP35,2,93.65,68.7,118.6,Pegadaian Kiaracondong,Jalan Layang Kiaracondong,primary,-6.929522194355743,107.64401940410154,Sangat Dekat (<200m)
3278023523_3278023496_STOP448,8,101.2,19.6,186.3,Jalan PSM,Jalan Layang Kiaracondong,primary,-6.927314211055662,107.64438646395989,Sangat Dekat (<200m)
3278023523_3278023496_STOP449,3,79.26666666666667,30.3,128.7,SDN 083 Babakan Surabaya Selatan,Jalan Layang Kiaracondong,primary,-6.920328112684253,107.64425851984974,Sangat Dekat (<200m)
3278023523_3278023496_STOP839,2,33.9,11.2,56.6,Stasiun Kiaracondong,Jalan Layang Kiaracondong,primary,-6.923713330944688,107.64441141476465,Sangat Dekat (<200m)
3278023523_3278023496_STOP840,3,91.36666666666667,41.4,141.4,Seberang Stasiun Kiaracondong,Jalan Layang Kiaracondong,primary,-6.924841840356805,107.64445957793642,Sangat Dekat (<200m)
3278023523_7698632127_STOP35,1,68.7,68.7,68.7,Pegadaian Kiaracondong,Jalan Layang Kiaracondong,primary,-6.929746999999999,107.6439995,Sangat Dekat (<200m)
3278058148_10173744442_STOP562,1,143.6,143.6,143.6,TK Taruna Bakti,Jalan Ambon,tertiary,-6.9071795000000025,107.6194821,Sangat Dekat (<200m)
3278058148_12809507139_STOP562,1,143.6,143.6,143.6,TK Taruna Bakti,Jalan Madura,tertiary,-6.9071795000000025,107.6194821,Sangat Dekat (<200m)
3278058148_1849525862_STOP155,3,84.16666666666667,36.9,132.4,Banda Saparua,Jalan Ambon,tertiary,-6.9073700050392945,107.61768603248451,Sangat Dekat (<200m)
3278058148_1849525862_STOP559,1,130.1,130.1,130.1,Yayasan Taruna Bakti,Jalan Ambon,tertiary,-6.907294238878256,107.61858710139413,Sangat Dekat (<200m)
3278058148_1849525862_STOP562,1,143.6,143.6,143.6,TK Taruna Bakti,Jalan Ambon,tertiary,-6.9071795000000025,107.6194821,Sangat Dekat (<200m)
3278058148_1849525862_STOP577,1,140.5,140.5,140.5,Utara Simpang Lombok Aceh,Jalan Ambon,tertiary,-6.907256550147964,107.6190376359121,Sangat Dekat (<200m)
3278061603_29434777_STOP796,1,35.5,35.5,35.5,Simpang Cikawao - Karapitan,Jalan Sadakeling,tertiary,-6.929084500000005,107.6171713,Sangat Dekat (<200m)
3278061603_6470065668_STOP796,2,48.5,35.5,61.5,Simpang Cikawao - Karapitan,Jalan Sadakeling,tertiary,-6.928904261497594,107.61730486356038,Sangat Dekat (<200m)
3278061603_6470065668_STOP797,3,50.86666666666667,6.9,98.0,Sadakeling - Wiradisastra,Jalan Sadakeling,tertiary,-6.928328765737412,107.61824561121921,Sangat Dekat (<200m)
3278061604_12806120213_STOP545,1,84.3,84.3,84.3,Karapitan Cikawao,Jalan Cikawao,tertiary,-6.928397700000004,107.61576130000002,Sangat Dekat (<200m)
3278061604_12806120213_STOP794,1,53.3,53.3,53.3,Monumen Pertempuran Lengkong Besar,Jalan Cikawao,tertiary,-6.927478940842017,107.61369599506564,Sangat Dekat (<200m)
3278061604_12806120213_STOP795,4,50.95,20.8,81.3,Cikawao - Melong Kaler,Jalan Cikawao,tertiary,-6.9279379808370845,107.61472877368364,Sangat Dekat (<200m)
3278061604_5360355190_STOP545,2,66.95,49.6,84.3,Karapitan Cikawao,Jalan Cikawao,tertiary,-6.928485463278486,107.61596758339249,Sangat Dekat (<200m)
3359249111_2519403309_STOP142,10,1281.06,1255.3,1332.6,Kawaluyaan,"['Randu Sari Raya', 'Jalan Pratista Timur', 'Jalan Randu Sari Raya', 'Jalan Pratista Barat', 'Jalan Babakansari', 'Jalan Babakan Sari 1', 'Jalan Babakan Sari', 'Jalan Babakansari I']",tertiary,-6.927590588902258,107.66219026788892,Jauh (>800m)
3359249111_2519403309_STOP211,18,454.9777777777778,47.9,872.5,Griya Kiaracondong,"['Randu Sari Raya', 'Jalan Pratista Timur', 'Jalan Randu Sari Raya', 'Jalan Pratista Barat', 'Jalan Babakansari', 'Jalan Babakan Sari 1', 'Jalan Babakan Sari', 'Jalan Babakansari I']",tertiary,-6.922250237565935,107.64854142396527,Sedang (400-800m)
3359249111_2519403309_STOP214,1,37.4,37.4,37.4,Seberang Griya Kiaracondong,"['Randu Sari Raya', 'Jalan Pratista Timur', 'Jalan Randu Sari Raya', 'Jalan Pratista Barat', 'Jalan Babakansari', 'Jalan Babakan Sari 1', 'Jalan Babakan Sari', 'Jalan Babakansari I']",tertiary,-6.921788199999992,107.6443896,Sangat Dekat (<200m)
3359249111_2519403309_STOP442,6,1375.8,1337.7,1455.6,Suparma,"['Randu Sari Raya', 'Jalan Pratista Timur', 'Jalan Randu Sari Raya', 'Jalan Pratista Barat', 'Jalan Babakansari', 'Jalan Babakan Sari 1', 'Jalan Babakan Sari', 'Jalan Babakansari I']",tertiary,-6.927228861149746,107.65892784388343,Jauh (>800m)
3359249111_2519403309_STOP451,1,1255.6,1255.6,1255.6,Sanggar Hurip,"['Randu Sari Raya', 'Jalan Pratista Timur', 'Jalan Randu Sari Raya', 'Jalan Pratista Barat', 'Jalan Babakansari', 'Jalan Babakan Sari 1', 'Jalan Babakan Sari', 'Jalan Babakansari I']",tertiary,-6.927713328631801,107.6646737113048,Jauh (>800m)
3359249111_2519403309_STOP839,17,1126.4352941176471,921.1,1439.5,Stasiun Kiaracondong,"['Randu Sari Raya', 'Jalan Pratista Timur', 'Jalan Randu Sari Raya', 'Jalan Pratista Barat', 'Jalan Babakansari', 'Jalan Babakan Sari 1', 'Jalan Babakan Sari', 'Jalan Babakansari I']",tertiary,-6.92461988832153,107.65457148618258,Jauh (>800m)
3359249111_2519403309_STOP90,3,1470.1333333333332,1460.9,1486.8,Terminal Antapani,"['Randu Sari Raya', 'Jalan Pratista Timur', 'Jalan Randu Sari Raya', 'Jalan Pratista Barat', 'Jalan Babakansari', 'Jalan Babakan Sari 1', 'Jalan Babakan Sari', 'Jalan Babakansari I']",tertiary,-6.9259098810880255,107.65809029713107,Jauh (>800m)
3359249111_7137977722_STOP214,1,37.4,37.4,37.4,Seberang Griya Kiaracondong,Jalan Babakan Sari 1,tertiary,-6.921788199999992,107.6443896,Sangat Dekat (<200m)
3359249111_7631660258_STOP211,2,34.4,10.2,58.6,Griya Kiaracondong,Jalan H. Ibrahim Adjie,primary,-6.922465275327335,107.64441809801872,Sangat Dekat (<200m)
3359249111_7631660258_STOP214,1,37.4,37.4,37.4,Seberang Griya Kiaracondong,Jalan H. Ibrahim Adjie,primary,-6.921788199999992,107.6443896,Sangat Dekat (<200m)
3374026391_1849525906_STOP236,1,82.5,82.5,82.5,La Belle Cikapayang,Jalan Diponegoro,primary,-6.900254200000004,107.6126165,Sangat Dekat (<200m)
3374026391_1849525906_STOP31,1,99.6,99.6,99.6,Danamon Cikapayang,Jalan Diponegoro,primary,-6.900388226184533,107.61304703724213,Sangat Dekat (<200m)
3374026391_1849526022_STOP236,2,106.0,82.5,129.5,La Belle Cikapayang,Jalan Ir. H. Djuanda,primary,-6.900453029346663,107.61250922335242,Sangat Dekat (<200m)
3374026391_1849526022_STOP237,1,9.9,9.9,9.9,Superindo Dago,Jalan Ir. H. Djuanda,primary,-6.90189709648108,107.61186785279789,Sangat Dekat (<200m)
3374026391_1849526022_STOP238,2,64.65,40.1,89.2,Seberang Superindo Dago,Jalan Ir. H. Djuanda,primary,-6.901267991097596,107.61211977966258,Sangat Dekat (<200m)
3374026391_1849526022_STOP372,1,25.0,25.0,25.0,Taman Radio B,Jalan Ir. H. Djuanda,primary,-6.902315610483255,107.61169745891856,Sangat Dekat (<200m)
3374026391_2036066796_STOP236,1,82.5,82.5,82.5,La Belle Cikapayang,Jalan Sulanjana,primary,-6.900254200000004,107.6126165,Sangat Dekat (<200m)
3374033494_5334486782_STOP683,1,176.5,176.5,176.5,Paguyuban Pasundan,Jalan Kalimantan,tertiary,-6.910355600000007,107.6137788,Sangat Dekat (<200m)
3374033494_5360090928_STOP683,1,176.5,176.5,176.5,Paguyuban Pasundan,Jalan Aceh,secondary,-6.910355600000007,107.6137788,Sangat Dekat (<200m)
3374033499_12096324721_STOP293,1,65.3,65.3,65.3,RSU Bungsu,Jalan Tamblong,primary,-6.917966200000006,107.6127815,Sangat Dekat (<200m)
3374033499_12096324721_STOP341,2,58.8,33.8,83.8,Tamblong,Jalan Tamblong,primary,-6.918463092282552,107.61243047258992,Sangat Dekat (<200m)
3374033499_3375103669_STOP293,5,67.84,15.7,136.2,RSU Bungsu,Jalan Veteran,secondary,-6.918403264051515,107.61357287999292,Sangat Dekat (<200m)
3374033499_3375103669_STOP339,3,110.8,102.3,126.5,Jalan Panaitan,Jalan Veteran,secondary,-6.920149499502639,107.61724595782728,Sangat Dekat (<200m)
3374033499_3375103669_STOP701,5,88.9,59.5,135.3,Simpang Embong - Veteran,Jalan Veteran,secondary,-6.9193977686694215,107.61560142164303,Sangat Dekat (<200m)
3374033502_1849525885_STOP144,5,63.24000000000001,12.5,110.9,Monumen 0 KM Kota Bandung,Jalan Asia Afrika,primary,-6.921616745044962,107.61111757603335,Sangat Dekat (<200m)
3374033502_1849525974_STOP144,3,124.43333333333334,110.9,144.2,Monumen 0 KM Kota Bandung,Jalan Lengkong Besar,tertiary,-6.922172777635109,107.6119588836904,Sangat Dekat (<200m)
3375103669_2325452463_STOP297,1,49.6,49.6,49.6,Katapang Kaler,Jalan Veteran,secondary,-6.921297703977476,107.6194151015725,Sangat Dekat (<200m)
3375103669_2325452463_STOP702,4,51.2,18.8,83.9,Simpang Veteran -Sunda,Jalan Veteran,secondary,-6.9207085789167895,107.61847197034702,Sangat Dekat (<200m)
3375103669_25433463_STOP339,3,38.13333333333333,12.3,60.2,Jalan Panaitan,Jalan Sunda,secondary,-6.9195324394752555,107.61792057770083,Sangat Dekat (<200m)
3375103669_25433463_STOP410,4,50.95,20.0,82.1,Yogya Jalan Sunda,Jalan Sunda,secondary,-6.917957441550612,107.61806102194743,Sangat Dekat (<200m)
3375103669_25433463_STOP659,3,38.63333333333333,14.4,63.6,SPBU Jalan Sunda,Jalan Sunda,secondary,-6.916392020475553,107.61827144379275,Sangat Dekat (<200m)
3375103669_25433463_STOP702,1,83.9,83.9,83.9,Simpang Veteran -Sunda,Jalan Sunda,secondary,-6.920433399999994,107.6178524,Sangat Dekat (<200m)
3376282077_2325451810_STOP555,1,33.9,33.9,33.9,Seberang Telkom Supratman,Jalan Brigjend. Katamso,secondary,-6.906517199999997,107.629845,Sangat Dekat (<200m)
3376282077_6445031498_STOP555,4,59.9,19.2,118.3,Seberang Telkom Supratman,Jalan Supratman,primary,-6.905949730653674,107.62947419983308,Sangat Dekat (<200m)
3376282077_6445031498_STOP73,2,103.2,78.1,128.3,Ciliwung,Jalan Supratman,primary,-6.904818403651392,107.62872711953793,Sangat Dekat (<200m)
3376282078_5825223577_STOP831,1,108.0,108.0,108.0,Binong,Jalan Jenderal Gatot Subroto,primary,-6.9317572999999975,107.6431304,Sangat Dekat (<200m)
3376282078_7698632126_STOP35,4,70.075,20.6,135.4,Pegadaian Kiaracondong,Jalan H. Ibrahim Adjie,primary,-6.930844497145877,107.64374077888365,Sangat Dekat (<200m)
3376282078_7698632126_STOP831,1,108.0,108.0,108.0,Binong,Jalan H. Ibrahim Adjie,primary,-6.9317572999999975,107.6431304,Sangat Dekat (<200m)
3376669072_2439053889_STOP63,1,115.3,115.3,115.3,Pasar Kembang Wastukencana,Jalan Wastukancana,primary,-6.905845000000006,107.6076853,Sangat Dekat (<200m)
3376669092_1900221438_STOP170,4,158.15,84.3,232.4,SDN 065 Cihampelas,Jalan Cihampelas,primary,-6.888431110564161,107.60401144108769,Sangat Dekat (<200m)
3376669092_1900221438_STOP480,9,125.80000000000001,44.9,237.8,RS Advent,Jalan Cihampelas,primary,-6.891356612954686,107.60420455250059,Sangat Dekat (<200m)
3376669092_1900221438_STOP482,2,203.45,188.7,218.2,Masjid Besar Cipaganti,Jalan Cihampelas,primary,-6.8938375075728295,107.60412593921649,Dekat (200-400m)
3376669092_1900221438_STOP64,3,105.8,55.7,155.9,Cihampelas Eyckman,Jalan Cihampelas,primary,-6.894961600630016,107.60402260254192,Sangat Dekat (<200m)
3376669092_29358830_STOP170,4,135.02499999999998,84.3,188.7,SDN 065 Cihampelas,Jalan Lamping,secondary,-6.887828588205045,107.60328309636651,Sangat Dekat (<200m)
3376673094_3376669092_STOP170,6,82.81666666666666,22.3,171.7,SDN 065 Cihampelas,Jalan Cihampelas,primary,-6.886601973793238,107.60414741844978,Sangat Dekat (<200m)
3376673094_3376669092_STOP66,1,212.1,212.1,212.1,Gandok,Jalan Cihampelas,primary,-6.885061200000004,107.6044986,Dekat (200-400m)
3376673108_6627215624_STOP473,5,259.04,178.5,342.7,Gegerkalong Girang,Jalan Dr. Setiabudi,primary,-6.863339712312211,107.59517413224782,Dekat (200-400m)
3376673108_6627215624_STOP538,2,57.5,43.2,71.8,Terminal Ledeng,Jalan Dr. Setiabudi,primary,-6.858984815758584,107.59490580748171,Sangat Dekat (<200m)
3376673108_6627215624_STOP69,9,155.93333333333334,10.4,322.3,Museum Pendidikan Nasional UPI,Jalan Dr. Setiabudi,primary,-6.861204117244597,107.59526743090417,Sangat Dekat (<200m)
3380407826_2518040289_STOP402,22,393.1,16.1,885.3,RSUD Ujungberung,Jalan Rumah Sakit,primary,-6.9189362259224625,107.69822498181692,Dekat (200-400m)
3380407826_2518040289_STOP422,2,825.4,800.4,850.4,Seberang Jalan Pasar Induk,Jalan Rumah Sakit,primary,-6.923933936942786,107.69620101798944,Jauh (>800m)
3380407826_3007950794_STOP205,20,426.03999999999996,60.0,824.7,Borma Cipadung,"['Jalan Panghegar', 'Jalan Pangaritan']",tertiary,-6.926427079096035,107.70704260823962,Sedang (400-800m)
3380407826_3007950794_STOP402,7,904.1142857142858,892.7,932.8,RSUD Ujungberung,"['Jalan Panghegar', 'Jalan Pangaritan']",tertiary,-6.923924326789355,107.69969900977094,Jauh (>800m)
3380407826_3007950794_STOP422,5,852.76,800.4,908.1,Seberang Jalan Pasar Induk,"['Jalan Panghegar', 'Jalan Pangaritan']",tertiary,-6.924049058466414,107.6969961047917,Jauh (>800m)
3380407826_3007950794_STOP426,1,873.3,873.3,873.3,Seberang Borma Cipadung,"['Jalan Panghegar', 'Jalan Pangaritan']",tertiary,-6.924840528299291,107.70315205621915,Jauh (>800m)
3380407826_3007950794_STOP427,4,910.025,898.4,924.6,SDN Ciporeat,"['Jalan Panghegar', 'Jalan Pangaritan']",tertiary,-6.924436395573015,107.70209672524018,Jauh (>800m)
3380407826_4191858105_STOP422,13,738.1692307692308,712.1,800.4,Seberang Jalan Pasar Induk,Jalan Cinambo,primary,-6.924409642618159,107.69339778081104,Sedang (400-800m)
3380407826_4191858105_STOP532,4,572.775,500.7,645.7,KUA Arcamanik,Jalan Cinambo,primary,-6.924827276393367,107.68867264259025,Sedang (400-800m)
3380407826_4191858105_STOP534,2,715.95,692.6,739.3,K.H. Djunaedi,Jalan Cinambo,primary,-6.9247514616655526,107.69002582525579,Sedang (400-800m)
3380407826_6382216825_STOP240,4,280.1,211.8,349.8,Simpang Gedebage,Jalan Rumah Sakit,primary,-6.935087890889092,107.69277407712244,Dekat (200-400m)
3380407826_6382216825_STOP422,24,342.72499999999997,11.6,800.4,Seberang Jalan Pasar Induk,Jalan Rumah Sakit,primary,-6.928995472894614,107.69428367161123,Dekat (200-400m)
3383341287_6485352110_STOP381,3,119.26666666666667,69.0,169.5,Holis 1,Jalan Soekarno-Hatta,trunk,-6.926256179621871,107.57541003691506,Sangat Dekat (<200m)
3383341288_25446374_STOP338,1,13.8,13.8,13.8,Holis 2,Jalan Soekarno-Hatta,trunk,-6.924930575341588,107.5751073343688,Sangat Dekat (<200m)
3383341288_25446374_STOP381,2,47.15,23.8,70.5,Holis 1,Jalan Soekarno-Hatta,trunk,-6.925601243850883,107.57520525852325,Sangat Dekat (<200m)
3383341288_3383341287_STOP381,1,70.5,70.5,70.5,Holis 1,,trunk_link,-6.925824799999992,107.5752379,Sangat Dekat (<200m)
3419778702_1857160470_STOP537,2,66.05,41.0,91.1,Magister Manajemen UNPAD,Jalan Dipatiukur,secondary,-6.894525289736789,107.61756396688543,Sangat Dekat (<200m)
3419778702_1857160826_STOP140,1,32.0,32.0,32.0,Dipatiukur,Jalan Dipatiukur,secondary,-6.892590459076224,107.6178596311296,Sangat Dekat (<200m)
3419778702_1857160826_STOP326,2,47.6,22.8,72.4,Unpad Kampus Iwa Koesoemasoemantri,Jalan Dipatiukur,secondary,-6.893714842475914,107.61790527118862,Sangat Dekat (<200m)
3419778702_1857160826_STOP38,1,26.6,26.6,26.6,UNPAD Dipatiukur,Jalan Dipatiukur,secondary,-6.893039123384482,107.61790087843178,Sangat Dekat (<200m)
3419778702_1857160826_STOP537,1,91.1,91.1,91.1,Magister Manajemen UNPAD,Jalan Dipatiukur,secondary,-6.894333599999997,107.6176835,Sangat Dekat (<200m)
3445438782_29380518_STOP802,8,102.4125,8.9,207.3,Holis 266,Jalan Holis,tertiary,-6.929802984033334,107.57324639225753,Sangat Dekat (<200m)
3445438782_29380518_STOP803,4,134.10000000000002,59.7,208.0,Holis Sumbersari Indah,Jalan Holis,tertiary,-6.932265946413474,107.57224313845848,Sangat Dekat (<200m)
3445438782_3115501961_STOP497,10,126.39000000000001,22.2,232.6,Holis Regency,Jalan Holis,tertiary,-6.937589973975861,107.56993020007727,Sangat Dekat (<200m)
3445438782_3115501961_STOP498,1,263.2,263.2,263.2,Griya Holis,Jalan Holis,tertiary,-6.939734039448611,107.5687021033459,Dekat (200-400m)
3445438782_3115501961_STOP803,7,111.20000000000002,9.8,242.3,Holis Sumbersari Indah,Jalan Holis,tertiary,-6.934144953636897,107.57151682212101,Sangat Dekat (<200m)
3445438782_5342143067_STOP803,3,107.16666666666667,59.7,155.7,Holis Sumbersari Indah,,tertiary,-6.9324244950114675,107.57198501640521,Sangat Dekat (<200m)
3445469505_2604179154_STOP136,5,162.06,61.6,262.6,Paledang,"['Jalan Rajawali Barat', 'Jalan Jend. H. Amir Machmud']",trunk,-6.907078776665837,107.5670694156604,Sangat Dekat (<200m)
3445469505_2604179154_STOP813,7,134.27142857142857,27.9,276.6,Pangkalan Elf Cibeureum,"['Jalan Rajawali Barat', 'Jalan Jend. H. Amir Machmud']",trunk,-6.909395000936628,107.56847714494263,Sangat Dekat (<200m)
3445469505_29377395_STOP136,8,376.9375,48.0,717.9,Paledang,"['Jalan Maleber Utara', 'Jalan Paledang']",tertiary,-6.904468503114586,107.56937746065876,Dekat (200-400m)
3445469505_29377395_STOP180,2,523.8,504.9,542.7,SMAN 13 Bandung A,"['Jalan Maleber Utara', 'Jalan Paledang']",tertiary,-6.901730263544369,107.56926195769417,Sedang (400-800m)
3445469505_29377395_STOP602,12,401.02500000000003,158.3,614.8,Simpang Kebon Kopi,"['Jalan Maleber Utara', 'Jalan Paledang']",tertiary,-6.903050282636657,107.56888700468323,Sedang (400-800m)
3445484564_9167350228_STOP282,2,127.9,102.8,153.0,Sudirman 3,Jalan Jendral Sudirman,trunk,-6.912495189294527,107.57022739251008,Sangat Dekat (<200m)
3445557996_2628296773_STOP773,1,64.1,64.1,64.1,Stasiun Andir 1,"['Jalan Maleber Utara', 'Jalan Garuda']",secondary,-6.907998399999994,107.57902330000002,Sangat Dekat (<200m)
3445557996_29377395_STOP136,2,748.7,732.7,764.7,Paledang,Jalan Maleber Utara,tertiary,-6.903874119164785,107.57280899698569,Sedang (400-800m)
3445557996_29377395_STOP773,11,314.77272727272725,64.1,566.1,Stasiun Andir 1,Jalan Maleber Utara,tertiary,-6.9067392482671695,107.5771465322336,Dekat (200-400m)
3445557996_29377395_STOP777,5,674.92,609.4,744.5,Simpang Dadali - Flamingo,Jalan Maleber Utara,tertiary,-6.904744751082707,107.5741300518519,Sedang (400-800m)
3448592238_1982777430_STOP198,8,261.575,86.3,437.4,Karasak Lama,Jalan Soekarno-Hatta,trunk,-6.947623969501231,107.59986605661244,Dekat (200-400m)
3448592238_1982777430_STOP642,2,25.65,14.4,36.9,Simpang Inhoftank,Jalan Soekarno-Hatta,trunk,-6.947792172969256,107.60212066190834,Sangat Dekat (<200m)
3472154933_5458564731_STOP324,1,269.8,269.8,269.8,Bluebird B,,primary_link,-6.960757600000002,107.6389139,Dekat (200-400m)
3472154933_6411839583_STOP324,7,129.07142857142858,21.8,269.8,Bluebird B,Jalan Buah Batu,primary,-6.9594334642961675,107.63920136498771,Sangat Dekat (<200m)
3472154933_6411839583_STOP330,2,31.299999999999997,8.3,54.3,Bluebird A,Jalan Buah Batu,primary,-6.957434461449159,107.63948954803895,Sangat Dekat (<200m)
35131375_4427752883_STOP230,3,143.26666666666668,93.3,193.1,Bundaran Cibiru,Jalan Raya Cibiru,trunk,-6.935094605846672,107.7188421464175,Sangat Dekat (<200m)
35131375_4427752883_STOP424,1,211.4,211.4,211.4,SDN 050 Cibiru,Jalan Raya Cibiru,trunk,-6.934820500000008,107.7197006,Dekat (200-400m)
35131598_2634710039_STOP230,2,100.25,83.8,116.7,Bundaran Cibiru,Jalan Abdul Haris Nasution,trunk,-6.934532951771409,107.71734941578302,Sangat Dekat (<200m)
35131598_665709306_STOP204,1,24.4,24.4,24.4,Seberang UIN Sunan Gunung Djati,Jalan Abdul Haris Nasution,trunk,-6.93264728726451,107.71592539895715,Sangat Dekat (<200m)
35131598_665709306_STOP230,1,116.7,116.7,116.7,Bundaran Cibiru,Jalan Abdul Haris Nasution,trunk,-6.9344338000000025,107.7171463,Sangat Dekat (<200m)
35131598_665709306_STOP379,4,51.650000000000006,9.3,95.4,Pangkalan DAMRI Cibiru,Jalan Abdul Haris Nasution,trunk,-6.933664092665952,107.71640635640992,Sangat Dekat (<200m)
35131598_665709306_STOP425,1,69.1,69.1,69.1,SDN Cipadung,Jalan Abdul Haris Nasution,trunk,-6.931848143960364,107.7143743075238,Sangat Dekat (<200m)
35131598_665709306_STOP6,3,64.23333333333333,14.1,114.4,UIN SGD/Cipadung,Jalan Abdul Haris Nasution,trunk,-6.932132011998074,107.71523091369386,Sangat Dekat (<200m)
35135537_12806309258_STOP419,2,55.3,30.9,79.7,Pusjatan,Jalan Abdul Haris Nasution,trunk,-6.907706544090366,107.68719105265433,Sangat Dekat (<200m)
35135537_12806309258_STOP420,2,27.35,14.7,40.0,UPTD Laboratorium Lingkungan Hidup,Jalan Abdul Haris Nasution,trunk,-6.907367015874142,107.68635328763884,Sangat Dekat (<200m)
35135537_12806309258_STOP421,2,39.300000000000004,15.4,63.2,Seberang SMAN 24 Bandung,Jalan Abdul Haris Nasution,trunk,-6.908167208427654,107.68795847918577,Sangat Dekat (<200m)
35135537_12806309258_STOP640,6,134.08333333333334,10.0,259.5,SMA Negeri 24 Bandung,Jalan Abdul Haris Nasution,trunk,-6.9095855847511976,107.689067747283,Sangat Dekat (<200m)
35135537_12806309258_STOP93,2,508.05,482.9,533.2,Borma Pasirimpun,Jalan Abdul Haris Nasution,trunk,-6.905136198704491,107.68046572351808,Sedang (400-800m)
35135537_12806309258_STOP94,12,275.02500000000003,10.8,548.9,Gerbang Pusjatan,Jalan Abdul Haris Nasution,trunk,-6.906121714133744,107.68344609011973,Dekat (200-400m)
35135537_2477126866_STOP93,5,382.38,281.8,482.9,Borma Pasirimpun,Jalan Abdul Haris Nasution,trunk,-6.904982164961479,107.67934612756058,Dekat (200-400m)
35136034_11594016904_STOP16,6,214.6833333333333,89.1,340.1,Depan Terminal Cicaheum,Jalan Jenderal Ahmad Yani,trunk,-6.9022565031254155,107.65873035335392,Dekat (200-400m)
35136034_303034652_STOP16,3,386.8,340.1,430.2,Depan Terminal Cicaheum,Jalan Abdul Haris Nasution,trunk,-6.9023716122330905,107.66027284452177,Dekat (200-400m)
35136034_303034652_STOP206,7,150.41428571428574,9.7,299.3,Gang H.M. Syarief,Jalan Abdul Haris Nasution,trunk,-6.904275091651826,107.670560021034,Sangat Dekat (<200m)
35136034_303034652_STOP380,2,26.6,9.2,44.0,Komplek Sarimas,Jalan Abdul Haris Nasution,trunk,-6.9047681397091365,107.67249045277069,Sangat Dekat (<200m)
35136034_303034652_STOP641,10,198.04000000000002,19.5,400.7,Seberang Kantor Kecamatan Antapani,Jalan Abdul Haris Nasution,trunk,-6.903633647342206,107.66271916046824,Sangat Dekat (<200m)
35136034_303034652_STOP96,9,159.7,11.2,345.9,SDN Cikadut,Jalan Abdul Haris Nasution,trunk,-6.904137575468541,107.66695246799142,Sangat Dekat (<200m)
35137788_6412357745_STOP540,15,401.56,288.7,521.0,Terminal Margahayu Raya,Jalan Tata Surya,tertiary,-6.949313739579087,107.66483652634817,Sedang (400-800m)
35137789_35137788_STOP540,1,548.6,548.6,548.6,Terminal Margahayu Raya,,tertiary,-6.949600999999998,107.6665081,Sedang (400-800m)
35137789_6412357738_STOP540,1,548.6,548.6,548.6,Terminal Margahayu Raya,Jalan Saturnus Utara XV,tertiary,-6.949600999999998,107.6665081,Sedang (400-800m)
35137789_9379377313_STOP117,15,450.38666666666666,104.6,745.3,Ciwastra Pluto Raya,"['Jalan Saturnus Utara XV', 'Jalan Saturnus Tengah', 'Jalan Saturnus Selatan', 'Jalan Saturnus Utara XVII', 'Jalan Pluto Raya']",tertiary,-6.955797479204841,107.66245711325924,Sedang (400-800m)
35137789_9379377313_STOP540,14,647.5500000000001,548.6,766.8,Terminal Margahayu Raya,"['Jalan Saturnus Utara XV', 'Jalan Saturnus Tengah', 'Jalan Saturnus Selatan', 'Jalan Saturnus Utara XVII', 'Jalan Pluto Raya']",tertiary,-6.951529249161839,107.66533990575951,Sedang (400-800m)
35138338_6411536102_STOP330,2,97.75,72.8,122.7,Bluebird A,Jalan Buah Batu,primary,-6.956820725841311,107.63940517646049,Sangat Dekat (<200m)
35138338_6411536102_STOP331,2,25.6,23.3,27.9,Pasar Kordon A,Jalan Buah Batu,primary,-6.954162966326068,107.6389207699216,Sangat Dekat (<200m)
35138338_6411536102_STOP718,4,56.65,16.6,104.8,Kordon,Jalan Buah Batu,primary,-6.955482443821669,107.63919286054556,Sangat Dekat (<200m)
35138415_35138416_STOP117,2,28.15,25.3,31.0,Ciwastra Pluto Raya,Jalan Pluto Raya,tertiary,-6.959625055444725,107.66167068383021,Sangat Dekat (<200m)
35138416_12692226647_STOP117,2,25.75,18.4,33.1,Ciwastra Pluto Raya,Jalan Marga Cinta,primary,-6.959797031438784,107.66157563669876,Sangat Dekat (<200m)
35138416_35138723_STOP117,6,158.4,33.1,284.0,Ciwastra Pluto Raya,"['Jalan Marga Cinta', 'Marga Cinta']",primary,-6.960196716347738,107.66287064447972,Sangat Dekat (<200m)
35138416_35138723_STOP400,19,289.2947368421053,18.7,671.7,Halte Tanpa Nama,"['Jalan Marga Cinta', 'Marga Cinta']",primary,-6.9614659661338125,107.66836806684867,Dekat (200-400m)
35138416_35138723_STOP715,4,683.775,670.4,700.5,Taman Derwati,"['Jalan Marga Cinta', 'Marga Cinta']",primary,-6.962964066244983,107.6727755440849,Sedang (400-800m)
35138723_12813271265_STOP715,9,468.4222222222222,267.3,669.6,Taman Derwati,Jalan Derwati,primary,-6.963890731972642,107.67454879438782,Sedang (400-800m)
35138723_35138416_STOP117,5,142.48,42.3,242.9,Ciwastra Pluto Raya,"['Jalan Marga Cinta', 'Marga Cinta']",primary,-6.960158076387754,107.66273266654034,Sangat Dekat (<200m)
35138723_35138416_STOP400,20,292.73,24.0,680.9,Halte Tanpa Nama,"['Jalan Marga Cinta', 'Marga Cinta']",primary,-6.9614341722217405,107.66822857917172,Dekat (200-400m)
35138723_35138416_STOP715,4,681.975,669.6,697.7,Taman Derwati,"['Jalan Marga Cinta', 'Marga Cinta']",primary,-6.9630462522588035,107.67277296935913,Sedang (400-800m)
35138922_35138923_STOP371,1,712.4,712.4,712.4,Magna,Jalan Gedebage Selatan,primary,-6.9505775000000005,107.6867974,Sedang (400-800m)
35138922_5460962097_STOP371,14,424.99285714285713,182.9,712.4,Magna,Jalan Gedebage Selatan,primary,-6.953497318113695,107.6865170662539,Sedang (400-800m)
35138923_12339301139_STOP371,3,706.7000000000002,676.2,741.7,Magna,Jalan Gedebage Raya,secondary,-6.950567363924738,107.68722938861008,Sedang (400-800m)
35138923_35138922_STOP371,1,741.7,741.7,741.7,Magna,Jalan Gedebage Selatan,primary,-6.950291299999998,107.6869035,Sedang (400-800m)
35138923_5355867147_STOP141,17,593.0588235294117,297.2,956.5,Bulog Gedebage,Jalan Gedebage Selatan,primary,-6.9447038243004275,107.68925342290743,Sedang (400-800m)
35138923_5355867147_STOP371,6,845.15,741.7,951.4,Magna,Jalan Gedebage Selatan,primary,-6.949303311145816,107.68745062103817,Jauh (>800m)
364328701_11028882122_STOP786,2,83.45,58.7,108.2,Seberang Paskal 23,Jalan HOS. Cokroaminoto,primary,-6.914767936939024,107.5981301634205,Sangat Dekat (<200m)
364328701_6673594562_STOP785,2,117.2,92.1,142.3,Gedong Sembilan - Pasir Kaliki,Jalan HOS. Cokroaminoto,primary,-6.913867563620513,107.59811284518628,Sangat Dekat (<200m)
364328701_6673594562_STOP786,1,108.2,108.2,108.2,Seberang Paskal 23,Jalan HOS. Cokroaminoto,primary,-6.914544300000002,107.5981205,Sangat Dekat (<200m)
364363786_11176912846_STOP193,2,100.9,77.7,124.1,Perintis Kemerdekaan,Jalan Kebon Jukut,secondary,-6.914444202112943,107.60713532223255,Sangat Dekat (<200m)
364363786_1916791843_STOP193,1,124.1,124.1,124.1,Perintis Kemerdekaan,"['Jalan Otto Iskandardinata', 'Jalan Kebon Jukut']",secondary,-6.914581099999998,107.606975,Sangat Dekat (<200m)
364363786_1916791843_STOP643,4,62.3,24.9,113.9,Masjid Saifuddaulah,"['Jalan Otto Iskandardinata', 'Jalan Kebon Jukut']",secondary,-6.9145869632558865,107.6054781660141,Sangat Dekat (<200m)
364363786_1916791843_STOP678,1,135.3,135.3,135.3,Banceuy Suniaraja,"['Jalan Otto Iskandardinata', 'Jalan Kebon Jukut']",secondary,-6.914724518506307,107.60660011174306,Sangat Dekat (<200m)
364363786_1916791843_STOP832,2,65.35,40.5,90.2,Kebon Jukut 2,"['Jalan Otto Iskandardinata', 'Jalan Kebon Jukut']",secondary,-6.913093384741199,107.60466805621544,Sangat Dekat (<200m)
364363786_1916791843_STOP833,2,28.400000000000002,13.1,43.7,Kebon Jukut 1,"['Jalan Otto Iskandardinata', 'Jalan Kebon Jukut']",secondary,-6.913995001383871,107.60460752321644,Sangat Dekat (<200m)
364364130_2325451300_STOP483,1,241.0,241.0,241.0,Abdul Rivai,,primary_link,-6.902677199999996,107.6025777,Dekat (200-400m)
364364130_25433677_STOP483,1,241.0,241.0,241.0,Abdul Rivai,Jalan Raden Adipati Aria Wiranatakusumah,primary,-6.902677199999996,107.6025777,Dekat (200-400m)
364365251_2325451853_STOP485,3,44.26666666666667,27.4,77.5,Wastukencana Purnawarman,Jalan Wastukancana,primary,-6.908640228579144,107.6079113747134,Sangat Dekat (<200m)
364365279_364365251_STOP485,1,76.1,76.1,76.1,Wastukencana Purnawarman,Jalan Purnawarman,tertiary,-6.909126600000001,107.6085607,Sangat Dekat (<200m)
364365279_364365320_STOP485,1,76.1,76.1,76.1,Wastukencana Purnawarman,Jalan Purnawarman,tertiary,-6.909126600000001,107.6085607,Sangat Dekat (<200m)
364365320_2439053868_STOP485,2,98.30000000000001,73.9,122.7,Wastukencana Purnawarman,Jalan Wastukancana,primary,-6.909567719684047,107.60849514659185,Sangat Dekat (<200m)
364365320_364365251_STOP485,1,73.9,73.9,73.9,Wastukencana Purnawarman,Jalan Wastukancana,primary,-6.909367099999994,107.6083912,Sangat Dekat (<200m)
364365556_2439023829_STOP292,1,107.3,107.3,107.3,Lembong,Jalan Lembong,primary,-6.915941200000004,107.6089865,Sangat Dekat (<200m)
364365556_5358212417_STOP292,1,107.3,107.3,107.3,Lembong,Jalan Braga,primary,-6.915941200000004,107.6089865,Sangat Dekat (<200m)
364365905_3977886808_STOP549,2,44.4,32.0,56.8,Taman Vanda,Jalan Merdeka,primary,-6.9138269056285075,107.61033018849417,Sangat Dekat (<200m)
364365905_6442968672_STOP192,1,76.7,76.7,76.7,Bank Indonesia,Jalan Perintis Kemerdekaan,primary,-6.913861151264738,107.60912744224186,Sangat Dekat (<200m)
364365905_6442968672_STOP549,3,39.06666666666666,9.6,56.8,Taman Vanda,Jalan Perintis Kemerdekaan,primary,-6.913806942458597,107.60998302077782,Sangat Dekat (<200m)
3862534572_3272680725_STOP362,1,117.8,117.8,117.8,Metro Soekarno Hatta,Bunderan Metro,tertiary,-6.940033799999999,107.6670717,Sangat Dekat (<200m)
3862534575_3862534572_STOP362,1,120.8,120.8,120.8,Metro Soekarno Hatta,Bunderan Metro,tertiary,-6.940030699999998,107.6671434,Sangat Dekat (<200m)
3862534575_3869649891_STOP362,6,243.0,120.8,365.4,Metro Soekarno Hatta,Jalan Venus Raya,tertiary,-6.94115371175852,107.66724936257849,Dekat (200-400m)
3869649891_3862534572_STOP362,6,255.0666666666667,131.4,378.3,Metro Soekarno Hatta,Jalan Venus Raya,tertiary,-6.941282034686736,107.66719712939717,Dekat (200-400m)
3869649891_6412357745_STOP362,4,450.725,378.3,523.6,Metro Soekarno Hatta,Jalan Tata Surya,tertiary,-6.943074606409477,107.66715273495328,Sedang (400-800m)
3869649891_6412357745_STOP540,12,474.3,440.6,546.2,Terminal Margahayu Raya,Jalan Tata Surya,tertiary,-6.946652460797309,107.66663945531148,Sedang (400-800m)
389137494_3248886992_STOP256,8,133.6875,24.2,287.6,Patung Ikan,Jalan BKR,primary,-6.937780741620058,107.6111834630468,Sangat Dekat (<200m)
389137494_3272360369_STOP256,10,403.21000000000004,287.6,563.7,Patung Ikan,Jalan Sriwijaya,secondary,-6.939867829615425,107.61281196713637,Sedang (400-800m)
389137494_3272360369_STOP310,4,550.05,518.9,585.1,Madurasa Tengah,Jalan Sriwijaya,secondary,-6.943030061399806,107.61282191829096,Sedang (400-800m)
389137494_3272360369_STOP319,10,264.1,53.3,483.4,PLN UP3 Bandung B,Jalan Sriwijaya,secondary,-6.946151504199436,107.61267619633922,Dekat (200-400m)
389137494_3277416899_STOP256,1,287.6,287.6,287.6,Patung Ikan,Jalan Sriwijaya,secondary,-6.937837799999995,107.612765,Dekat (200-400m)
389140807_30602861_STOP544,1,17.0,17.0,17.0,Melong Karapitan,Jalan Karapitan,secondary,-6.930096599999997,107.6160965,Sangat Dekat (<200m)
389140807_30602861_STOP60,1,61.8,61.8,61.8,Lauk Emas,Jalan Karapitan,secondary,-6.929659273136428,107.61621014727724,Sangat Dekat (<200m)
389140807_30602861_STOP796,1,74.9,74.9,74.9,Simpang Cikawao - Karapitan,Jalan Karapitan,secondary,-6.929222071665221,107.61632427187568,Sangat Dekat (<200m)
389140807_3110090805_STOP544,1,17.0,17.0,17.0,Melong Karapitan,Jalan Lauk Emas,tertiary,-6.930096599999997,107.6160965,Sangat Dekat (<200m)
389140807_3110090805_STOP60,2,33.9,10.2,57.6,Lauk Emas,Jalan Lauk Emas,tertiary,-6.9302080646359485,107.61675598586224,Sangat Dekat (<200m)
3977886808_29352423_STOP549,2,59.650000000000006,36.1,83.2,Taman Vanda,Jalan Jawa,tertiary,-6.914330384890676,107.61044140899995,Sangat Dekat (<200m)
3977886808_3977886810_STOP549,1,36.1,36.1,36.1,Taman Vanda,Jalan Merdeka,primary,-6.914170600000004,107.6102982,Sangat Dekat (<200m)
3977886810_10793101435_STOP292,1,30.6,30.6,30.6,Lembong,Jalan Merdeka,primary,-6.916406814843126,107.61010436370722,Sangat Dekat (<200m)
3977886810_10793101435_STOP415,3,38.43333333333333,14.3,64.1,SD Negeri Merdeka,Jalan Merdeka,primary,-6.915507193558185,107.61018804641195,Sangat Dekat (<200m)
3977886810_10793101435_STOP549,1,73.4,73.4,73.4,Taman Vanda,Jalan Merdeka,primary,-6.914607099999998,107.6102674,Sangat Dekat (<200m)
4118981192_4123953208_STOP453,13,527.2923076923078,289.3,814.4,KPP Pratama Cicadas,Jalan Cisaranten Kulon,secondary,-6.933074818249466,107.67925228313207,Sedang (400-800m)
4118981192_4123953208_STOP532,2,785.7,762.1,809.3,KUA Arcamanik,Jalan Cisaranten Kulon,secondary,-6.929818769524383,107.6797852524428,Sedang (400-800m)
4118981192_4123953208_STOP606,7,131.44285714285715,25.1,265.5,STMIK Jabar,Jalan Cisaranten Kulon,secondary,-6.936698124179208,107.67755742684167,Sangat Dekat (<200m)
4118981192_7284124068_STOP452,2,48.0,23.0,73.0,Guruminda,Soekarno Hatta Frontage Boulevard,secondary,-6.937962549750489,107.6780256079004,Sangat Dekat (<200m)
4118981192_7284124068_STOP453,4,51.2,21.4,81.2,KPP Pratama Cicadas,Soekarno Hatta Frontage Boulevard,secondary,-6.937866798067698,107.67937863645247,Sangat Dekat (<200m)
4118981192_7284124068_STOP606,1,25.1,25.1,25.1,STMIK Jabar,Soekarno Hatta Frontage Boulevard,secondary,-6.938010500000006,107.6773491,Sangat Dekat (<200m)
4123941899_4123941917_STOP828,2,1292.85,1267.9,1317.8,Dinas Kehutanan Provinsi Jawa Barat,Jalan Cikajang Raya,primary,-6.926868631334254,107.6704979426828,Jauh (>800m)
4123941899_4123941917_STOP90,9,1123.2555555555555,922.8,1323.8,Terminal Antapani,Jalan Cikajang Raya,primary,-6.924511225525847,107.66971719613485,Jauh (>800m)
4123941899_5395315581_STOP90,18,553.4888888888888,269.4,922.8,Terminal Antapani,Jalan Cikajang Raya,secondary,-6.919909251515794,107.6665974344637,Sedang (400-800m)
4123941899_6395246196_STOP90,7,900.4714285714286,889.9,922.8,Terminal Antapani,Jalan Arcamanik Endah,primary,-6.9220389132483655,107.67005564879153,Jauh (>800m)
4123941917_4123941899_STOP828,3,1284.1333333333332,1234.3,1334.0,Dinas Kehutanan Provinsi Jawa Barat,Jalan Cikajang Raya,primary,-6.926944261231391,107.67052184376375,Jauh (>800m)
4123941917_4123941899_STOP90,8,1132.05,956.5,1307.5,Terminal Antapani,Jalan Cikajang Raya,primary,-6.9245822295121355,107.66975205910015,Jauh (>800m)
4123941917_4123953208_STOP532,8,834.875,732.5,961.3,KUA Arcamanik,Jalan Cingised,secondary,-6.928883027910779,107.67806910843808,Jauh (>800m)
4123941917_4123953208_STOP606,6,1025.6499999999999,969.0,1091.5,STMIK Jabar,Jalan Cingised,secondary,-6.9288538418601435,107.67516651929343,Jauh (>800m)
4123941917_4123953208_STOP828,8,1164.475,1109.8,1234.3,Dinas Kehutanan Provinsi Jawa Barat,Jalan Cingised,secondary,-6.927899436928431,107.67215080820341,Jauh (>800m)
4123941917_4123957908_STOP451,3,1317.0,1299.2,1326.0,Sanggar Hurip,,tertiary,-6.926927443160835,107.66849518757626,Jauh (>800m)
4123941917_4123957908_STOP828,4,1268.825,1234.3,1303.0,Dinas Kehutanan Provinsi Jawa Barat,,tertiary,-6.9271961754696925,107.67000461250142,Jauh (>800m)
4123953208_4118981192_STOP453,13,525.876923076923,289.4,812.7,KPP Pratama Cicadas,Jalan Cisaranten Kulon,secondary,-6.933088304492793,107.67924865261776,Sedang (400-800m)
4123953208_4118981192_STOP532,3,763.8000000000001,716.8,810.9,KUA Arcamanik,Jalan Cisaranten Kulon,secondary,-6.929613647622586,107.67983242689156,Sedang (400-800m)
4123953208_4118981192_STOP606,6,147.54999999999998,24.3,264.3,STMIK Jabar,Jalan Cisaranten Kulon,secondary,-6.936492787232768,107.67758684180514,Sangat Dekat (<200m)
4123953208_4123941917_STOP532,8,811.625,716.8,925.5,KUA Arcamanik,Jalan Cingised,secondary,-6.928899908306701,107.67838180096106,Jauh (>800m)
4123953208_4123941917_STOP606,7,1023.8000000000001,973.0,1099.1,STMIK Jabar,Jalan Cingised,secondary,-6.928857366549377,107.67526731843984,Jauh (>800m)
4123953208_4123941917_STOP828,7,1158.957142857143,1112.4,1216.9,Dinas Kehutanan Provinsi Jawa Barat,Jalan Cingised,secondary,-6.927935792421353,107.67225167101466,Jauh (>800m)
4123953208_5348482654_STOP532,14,453.20714285714286,141.0,716.8,KUA Arcamanik,Jalan Cisaranten Kulon,secondary,-6.927612546160106,107.68203572810184,Sedang (400-800m)
4123957908_2519403309_STOP451,7,1254.2571428571428,1243.2,1273.5,Sanggar Hurip,Jalan Parakan Saat,tertiary,-6.927475574275346,107.66664807517826,Jauh (>800m)
4123957908_4123941917_STOP451,3,1305.5,1273.5,1330.8,Sanggar Hurip,,tertiary,-6.9270116321456205,107.6683092788392,Jauh (>800m)
4123957908_4123941917_STOP828,4,1281.825,1246.9,1317.8,Dinas Kehutanan Provinsi Jawa Barat,,tertiary,-6.92713143614902,107.66976760408039,Jauh (>800m)
4123957908_4123963983_STOP148,8,197.73749999999998,114.0,329.4,RS Al Islam,,tertiary,-6.937275814652791,107.66958626077259,Sangat Dekat (<200m)
4123957908_4123963983_STOP451,20,812.5550000000001,366.5,1273.5,Sanggar Hurip,,tertiary,-6.931474313770752,107.66825950629588,Jauh (>800m)
4123963983_4123957908_STOP148,9,206.9777777777778,117.7,355.7,RS Al Islam,,tertiary,-6.93722966977198,107.66956641251949,Dekat (200-400m)
4123963983_4123957908_STOP451,19,816.7736842105263,381.7,1253.5,Sanggar Hurip,,tertiary,-6.931431873669948,107.66825502517561,Jauh (>800m)
4123963983_7132452340_STOP148,1,157.9,157.9,157.9,RS Al Islam,Jalan Soekarno-Hatta,secondary,-6.938477200000006,107.6706974,Sangat Dekat (<200m)
4123963983_7132452340_STOP828,4,76.45,4.5,150.7,Dinas Kehutanan Provinsi Jawa Barat,Jalan Soekarno-Hatta,secondary,-6.93839760562072,107.67182494094683,Sangat Dekat (<200m)
4140347904_4141587843_STOP324,11,255.0818181818182,37.1,499.3,Bluebird B,Jalan Ciparay,tertiary,-6.9591337406513105,107.6416576187322,Dekat (200-400m)
4140347904_5458564731_STOP324,5,137.66,37.1,238.2,Bluebird B,Jalan Buah Batu,primary,-6.9596180176763225,107.6392498187738,Sangat Dekat (<200m)
4141587843_12813271261_STOP324,5,494.0,465.7,523.6,Bluebird B,Jalan Logam,tertiary,-6.958712482450356,107.64392550426994,Sedang (400-800m)
4141587843_12813271261_STOP330,2,480.1,477.1,483.1,Bluebird A,Jalan Logam,tertiary,-6.957277187594375,107.64373505712949,Sedang (400-800m)
4141587843_12813271261_STOP5,5,420.53999999999996,395.2,457.0,Terminal Angkot Buah Batu-GBA,Jalan Logam,tertiary,-6.955696623596431,107.64378192889134,Sedang (400-800m)
4141587843_4140347904_STOP324,11,276.90000000000003,42.6,523.6,Bluebird B,Jalan Ciparay,tertiary,-6.959169783402126,107.64187210598026,Dekat (200-400m)
4146694789_1107494473_STOP49,1,24.3,24.3,24.3,Simpang Turangga Martanegara,"['Jalan Salendro', 'Jalan R.A.A. Martanegara']",tertiary,-6.934397199999992,107.6338825,Sangat Dekat (<200m)
4146694789_1107494473_STOP737,3,40.63333333333333,14.3,70.4,Taman Tri G,"['Jalan Salendro', 'Jalan R.A.A. Martanegara']",tertiary,-6.934687363735814,107.63465224340545,Sangat Dekat (<200m)
4146694789_1107494473_STOP738,4,50.4,16.6,84.3,Jalan RH Hasan Saputra Raya,"['Jalan Salendro', 'Jalan R.A.A. Martanegara']",tertiary,-6.936084486709375,107.63481241889984,Sangat Dekat (<200m)
4146694789_1107494473_STOP739,4,50.575,14.6,86.5,Salendro Utara - Salendro Raya,"['Jalan Salendro', 'Jalan R.A.A. Martanegara']",tertiary,-6.937890302274673,107.63478162626903,Sangat Dekat (<200m)
4146694789_1107494473_STOP740,6,110.86666666666667,32.2,222.6,Nayaga - Salendro Raya,"['Jalan Salendro', 'Jalan R.A.A. Martanegara']",tertiary,-6.94014711447105,107.63471720619502,Sangat Dekat (<200m)
4146694789_29489323_STOP49,2,25.75,24.3,27.2,Simpang Turangga Martanegara,Jalan R.A.A. Martanegara,secondary,-6.9343679396796984,107.6336583367218,Sangat Dekat (<200m)
4146694789_29489323_STOP570,1,32.3,32.3,32.3,Simpang Reog - Martanegara 2,Jalan R.A.A. Martanegara,secondary,-6.934279126339171,107.63298596595918,Sangat Dekat (<200m)
4146694789_29489330_STOP49,2,44.949999999999996,24.3,65.6,Simpang Turangga Martanegara,Jalan Turangga,secondary,-6.934190200815715,107.63397286696735,Sangat Dekat (<200m)
4146694789_29489330_STOP50,2,25.4,22.3,28.5,Seberang TK Kartika X-2 Jalan Turangga,Jalan Turangga,secondary,-6.92817185623797,107.63583713010108,Sangat Dekat (<200m)
4146694789_29489330_STOP574,4,59.55,18.9,118.2,Seberang STIE Pasundan,Jalan Turangga,secondary,-6.9325413730933025,107.63469509615592,Sangat Dekat (<200m)
4146694789_29489330_STOP734,3,51.76666666666667,7.5,98.9,Seberang SD Negeri 115 Turangga,Jalan Turangga,secondary,-6.931015687816511,107.63510436292022,Sangat Dekat (<200m)
4146694789_29489330_STOP736,4,51.05,5.9,97.2,Simpang Turangga-Salak,Jalan Turangga,secondary,-6.929483561503526,107.63549605376673,Sangat Dekat (<200m)
4146694789_29489330_STOP737,1,103.5,103.5,103.5,Taman Tri G,Jalan Turangga,secondary,-6.933575293574205,107.63425717761486,Sangat Dekat (<200m)
4169236625_29356964_STOP337,1,120.7,120.7,120.7,Karangsetra Waterland,Jalan Bungur,tertiary,-6.879564799999992,107.5942874,Sangat Dekat (<200m)
4169236625_7298267086_STOP337,5,180.61999999999998,120.7,233.9,Karangsetra Waterland,"['Jalan Simpang Sukaresmi', 'Jalan Lembah Sukaresmi']",tertiary,-6.878957422447432,107.59368154677907,Sangat Dekat (<200m)
4183530883_4183530886_STOP532,2,453.70000000000005,452.8,454.6,KUA Arcamanik,Jalan Golf Raya,tertiary,-6.924716434331392,107.68760008274432,Sedang (400-800m)
4183530883_4183530886_STOP533,11,500.2,420.2,660.8,SMK YPF,Jalan Golf Raya,tertiary,-6.919660186650071,107.68842477449844,Sedang (400-800m)
4183530883_4183530886_STOP534,5,435.08000000000004,426.9,444.6,K.H. Djunaedi,Jalan Golf Raya,tertiary,-6.92315794958504,107.68778818705084,Sedang (400-800m)
4183530883_4183530886_STOP720,8,526.7875,403.2,668.4,Yonzipur 9,Jalan Golf Raya,tertiary,-6.9156910588676705,107.69000441375665,Sedang (400-800m)
4183530883_4191858105_STOP532,1,452.8,452.8,452.8,KUA Arcamanik,Jalan Cinambo,primary,-6.924935700000001,107.6875465,Sedang (400-800m)
4183530883_5348482654_STOP532,10,258.82,111.2,452.8,KUA Arcamanik,Jalan Cinambo,primary,-6.924968498544759,107.68551579458793,Dekat (200-400m)
4183530886_11310497696_STOP720,5,365.94,356.7,388.8,Yonzipur 9,Jalan Golf Raya,tertiary,-6.913068191037885,107.69077326067932,Dekat (200-400m)
4183530886_2477132808_STOP531,5,594.42,557.2,646.3,Yuntex Raya,Jalan Golf I,tertiary,-6.915074978737532,107.68561382813964,Sedang (400-800m)
4183530886_2477132808_STOP533,10,531.12,347.5,678.3,SMK YPF,Jalan Golf I,tertiary,-6.916169964670192,107.68544315544918,Sedang (400-800m)
4183530886_2477132808_STOP720,8,545.5,388.8,704.7,Yonzipur 9,Jalan Golf I,tertiary,-6.914443128295927,107.68925717598228,Sedang (400-800m)
4183530886_4183530883_STOP532,1,453.5,453.5,453.5,KUA Arcamanik,Jalan Golf Raya,tertiary,-6.924689879255315,107.68761038812126,Sedang (400-800m)
4183530886_4183530883_STOP533,12,506.72499999999997,419.7,683.4,SMK YPF,Jalan Golf Raya,tertiary,-6.919638417672222,107.68844914458752,Sedang (400-800m)
4183530886_4183530883_STOP534,5,438.02,426.7,452.4,K.H. Djunaedi,Jalan Golf Raya,tertiary,-6.923353715132285,107.68778013164187,Sedang (400-800m)
4183530886_4183530883_STOP720,8,506.0625,388.8,643.4,Yonzipur 9,Jalan Golf Raya,tertiary,-6.915451199650354,107.69008750185613,Sedang (400-800m)
4191858105_3380407826_STOP422,13,737.0230769230768,712.3,793.6,Seberang Jalan Pasar Induk,Jalan Cinambo,primary,-6.924423828409198,107.69326181366318,Sedang (400-800m)
4191858105_3380407826_STOP532,4,558.2,486.4,630.7,KUA Arcamanik,Jalan Cinambo,primary,-6.924840238806073,107.6885366413813,Sedang (400-800m)
4191858105_3380407826_STOP534,2,701.8,678.5,725.1,K.H. Djunaedi,Jalan Cinambo,primary,-6.924756301457007,107.68988918248598,Sedang (400-800m)
4191858105_4183530883_STOP532,1,486.4,486.4,486.4,KUA Arcamanik,Jalan Cinambo,primary,-6.924915700000004,107.6878629,Sedang (400-800m)
4191858105_4191858159_STOP422,3,727.1666666666666,724.8,728.6,Seberang Jalan Pasar Induk,Jalan Cisaranten Wetan,tertiary,-6.930257905332645,107.6869676117354,Sedang (400-800m)
4191858105_4191858159_STOP532,11,577.4636363636364,486.4,720.0,KUA Arcamanik,Jalan Cisaranten Wetan,tertiary,-6.927138567108568,107.6874631072341,Sedang (400-800m)
4191858105_4191858159_STOP826,15,352.43333333333334,17.8,702.7,Damri Bandung,Jalan Cisaranten Wetan,tertiary,-6.934270786359183,107.68640794384571,Dekat (200-400m)
4191858159_4191858105_STOP422,3,727.1666666666666,724.8,728.6,Seberang Jalan Pasar Induk,Jalan Cisaranten Wetan,tertiary,-6.930264904867041,107.68696735560616,Sedang (400-800m)
4191858159_4191858105_STOP532,11,577.8090909090909,486.4,720.5,KUA Arcamanik,Jalan Cisaranten Wetan,tertiary,-6.927145464286556,107.68746181787024,Sedang (400-800m)
4191858159_4191858105_STOP826,15,351.7066666666667,18.0,701.9,Damri Bandung,Jalan Cisaranten Wetan,tertiary,-6.934277719219446,107.68640688395193,Dekat (200-400m)
4191858159_7132472251_STOP826,1,18.0,18.0,18.0,Damri Bandung,Soekarno Hatta Frontage Boulevard,secondary,-6.9374022000000055,107.6859393,Sangat Dekat (<200m)
4191858159_7132472251_STOP827,1,63.8,63.8,63.8,Dinas Koperasi Provinsi Jawa Barat,Soekarno Hatta Frontage Boulevard,secondary,-6.937368431496125,107.68639017127514,Sangat Dekat (<200m)
4258557080_1108653643_STOP501,1,109.1,109.1,109.1,Sekolah BPI,Jalan Jenderal Gatot Subroto,primary,-6.922683438867076,107.6200411359212,Sangat Dekat (<200m)
4258557080_1108653643_STOP703,1,92.6,92.6,92.6,Seberang SMK Negeri 15 Bandung,Jalan Jenderal Gatot Subroto,primary,-6.922623400000007,107.619593,Sangat Dekat (<200m)
4258557080_25435214_STOP703,1,92.6,92.6,92.6,Seberang SMK Negeri 15 Bandung,Jalan Jenderal Gatot Subroto,primary,-6.922623400000007,107.619593,Sangat Dekat (<200m)
4262068495_320093962_STOP150,3,159.86666666666667,109.7,209.9,Setiabudi Hegarmanah,Jalan Dr. Setiabudi,primary,-6.882686762859471,107.60095074905928,Sangat Dekat (<200m)
4262068495_320094027_STOP150,3,175.6,144.1,209.9,Setiabudi Hegarmanah,Jalan Dokter Setiabudi,primary,-6.88292043186356,107.60081516941044,Sangat Dekat (<200m)
4375366198_29356737_STOP349,4,91.19999999999999,22.9,163.7,Griya Pasteur 1,Jalan Dr. Djunjunan,trunk,-6.89544559373526,107.58915286873095,Sangat Dekat (<200m)
4375366198_29356737_STOP392,1,19.1,19.1,19.1,Griya Pasteur 2,Jalan Dr. Djunjunan,trunk,-6.894781340106363,107.58823946706872,Sangat Dekat (<200m)
4375366198_29356737_STOP592,1,191.6,191.6,191.6,BRI Sukamulya,Jalan Dr. Djunjunan,trunk,-6.896041452656352,107.59011027268711,Sangat Dekat (<200m)
4375366198_29356737_STOP630,3,78.7,28.9,128.7,Sukamulya,Jalan Dr. Djunjunan,trunk,-6.894252716107239,107.58750606426786,Sangat Dekat (<200m)
4375366198_29377839_STOP630,3,134.96666666666667,126.8,149.4,Sukamulya,Jalan Suka Mulya,tertiary,-6.893659201540598,107.58744483167379,Sangat Dekat (<200m)
4376716070_1837401675_STOP199,1,80.0,80.0,80.0,Seberang SMAN 4 Bandung,Jalan Jendral Sudirman,primary,-6.920126137813621,107.59854426628158,Sangat Dekat (<200m)
4376716070_1837401675_STOP277,5,96.9,10.6,193.8,KEB Hana Bank,Jalan Jendral Sudirman,primary,-6.920442478709374,107.6012386088615,Sangat Dekat (<200m)
4376716070_1837401675_STOP437,3,149.33333333333334,112.4,188.7,Cibadak Astanaanyar,Jalan Jendral Sudirman,primary,-6.920230953330111,107.59944246459831,Sangat Dekat (<200m)
4376877443_1658919899_STOP353,3,211.4,181.6,243.9,GKI Pasteur,Jalan Cihampelas,primary,-6.898885272886844,107.60408285023698,Dekat (200-400m)
4376877443_1658919899_STOP64,6,112.38333333333333,20.7,230.8,Cihampelas Eyckman,Jalan Cihampelas,primary,-6.896857018657582,107.6039612712608,Sangat Dekat (<200m)
4376877443_1900221414_STOP482,1,108.0,108.0,108.0,Masjid Besar Cipaganti,Jalan Profesor Christiaan Eijkman,tertiary,-6.895786708207583,107.60260932677495,Sangat Dekat (<200m)
4376877443_1900221414_STOP64,3,61.70000000000001,20.7,106.2,Cihampelas Eyckman,Jalan Profesor Christiaan Eijkman,tertiary,-6.895743077599124,107.60351220827567,Sangat Dekat (<200m)
4427752879_35131375_STOP230,3,138.13333333333335,94.8,184.8,Bundaran Cibiru,Jalan Raya Cibiru,trunk,-6.934937644656075,107.71873647786079,Sangat Dekat (<200m)
4427752879_35131375_STOP424,1,219.8,219.8,219.8,SDN 050 Cibiru,Jalan Raya Cibiru,trunk,-6.934822339549529,107.7196215629654,Dekat (200-400m)
4427752879_4427752883_STOP230,1,94.8,94.8,94.8,Bundaran Cibiru,,trunk_link,-6.934911400000006,107.7182965,Sangat Dekat (<200m)
4427752883_12806516351_STOP230,2,53.9,29.8,78.0,Bundaran Cibiru,Jalan Raya Cibiru,trunk,-6.935235905227215,107.71804494948589,Sangat Dekat (<200m)
4434330182_1837401665_STOP301,1,57.6,57.6,57.6,Simpang Jamika,Jalan Jendral Sudirman,primary,-6.918743800000002,107.5869453,Sangat Dekat (<200m)
4434330182_4434330186_STOP301,2,77.65,57.6,97.7,Simpang Jamika,,primary_link,-6.918856262887491,107.58675979202212,Sangat Dekat (<200m)
4434330186_5354169655_STOP301,3,127.56666666666666,99.1,160.3,Simpang Jamika,Jalan Jamika,primary,-6.919432990204839,107.58649059975642,Sangat Dekat (<200m)
4434330186_5354169655_STOP841,4,117.575,46.4,190.5,Pagarsih,Jalan Jamika,primary,-6.920988791511888,107.58620769718598,Sangat Dekat (<200m)
4434330589_3277883741_STOP224,1,28.4,28.4,28.4,Simpang Otista Astana Anyar,Jalan Otto Iskandardinata,primary,-6.935137200000001,107.6031782,Sangat Dekat (<200m)
4434330589_6443280179_STOP224,1,28.4,28.4,28.4,Simpang Otista Astana Anyar,Jalan Otto Iskandardinata,primary,-6.935137200000001,107.6031782,Sangat Dekat (<200m)
4620173045_12806309251_STOP100,4,53.3,8.3,104.2,Lapas Sukamiskin,Jalan Abdul Haris Nasution,trunk,-6.904642760373848,107.67472835005069,Sangat Dekat (<200m)
4620173045_12806309251_STOP380,2,121.7,98.0,145.4,Komplek Sarimas,Jalan Abdul Haris Nasution,trunk,-6.9048566704044845,107.67340188487671,Sangat Dekat (<200m)
4620173045_12806309251_STOP93,4,71.75,9.2,142.7,Borma Pasirimpun,Jalan Abdul Haris Nasution,trunk,-6.904752360070263,107.67652584280327,Sangat Dekat (<200m)
4620173045_2477130409_STOP380,2,109.85,98.0,121.7,Komplek Sarimas,Jalan Pacuan Kuda,primary,-6.905134486478519,107.67320286239834,Sangat Dekat (<200m)
4620173045_303034652_STOP380,1,98.0,98.0,98.0,Komplek Sarimas,Jalan Abdul Haris Nasution,trunk,-6.904909900000005,107.6731822,Sangat Dekat (<200m)
479733030_319706490_STOP19,2,25.25,16.1,34.4,RSAU dr. Salamun,Jalan Ciumbuleuit,tertiary,-6.8636461099253765,107.60500917621401,Sangat Dekat (<200m)
4854744076_2325451719_STOP84,1,122.5,122.5,122.5,Husein Pajajaran,Jalan Pajajaran,secondary,-6.906539399999992,107.5871691,Sangat Dekat (<200m)
5042411985_2500902317_STOP334,1,534.9,534.9,534.9,Bangunan Mart A,Bunderan Raya-4,tertiary,-6.954263899999999,107.6287222,Sedang (400-800m)
5042411985_3115157727_STOP334,3,522.3333333333334,511.3,534.9,Bangunan Mart A,Jalan Batununggal Indah Raya,tertiary,-6.954168560900716,107.6282802079722,Sedang (400-800m)
5205570048_29489421_STOP529,7,266.84285714285716,125.3,413.8,Sukapada 2,Jalan Cikutra,secondary,-6.902517224879287,107.64401245034405,Dekat (200-400m)
5205570048_29489421_STOP57,3,74.60000000000001,60.8,89.9,Sukapada,Jalan Cikutra,secondary,-6.900421439230267,107.64359631898036,Sangat Dekat (<200m)
5205570048_29489421_STOP621,3,150.06666666666666,103.1,198.1,Pos Polisi Cicadas,Jalan Cikutra,secondary,-6.907930019779358,107.64378025181718,Sangat Dekat (<200m)
5205570048_29489421_STOP623,7,282.7,203.8,387.9,Gateway Cicadas,Jalan Cikutra,secondary,-6.905674413749686,107.64386117334308,Dekat (200-400m)
5205570048_5205570053_STOP621,2,124.95,103.1,146.8,Pos Polisi Cicadas,Jalan Jenderal Ahmad Yani,primary,-6.908277075831221,107.64398143948753,Sangat Dekat (<200m)
5205570048_5408954334_STOP621,1,103.1,103.1,103.1,Pos Polisi Cicadas,Jalan Cikutra,secondary,-6.908379800000002,107.6437801,Sangat Dekat (<200m)
5205570053_2477161772_STOP208,2,50.25,25.4,75.1,Seberang Gateway Cicadas,Jalan Jenderal Ahmad Yani,primary,-6.907076241045322,107.64632946038293,Sangat Dekat (<200m)
5205570053_2477161772_STOP209,2,26.5,24.4,28.6,BCA Cimuncang,Jalan Jenderal Ahmad Yani,primary,-6.906027081424234,107.64833142730987,Sangat Dekat (<200m)
5205570053_2477161772_STOP623,4,71.4,12.9,141.0,Gateway Cicadas,Jalan Jenderal Ahmad Yani,primary,-6.907709734916314,107.64513034963059,Sangat Dekat (<200m)
5205570053_2477161772_STOP624,3,45.166666666666664,19.0,83.2,Babakan Tamim,Jalan Jenderal Ahmad Yani,primary,-6.906550642788159,107.64732992603564,Sangat Dekat (<200m)
5205570053_2477161772_STOP625,1,22.8,22.8,22.8,Cimuncang,Jalan Jenderal Ahmad Yani,primary,-6.905712491716957,107.64893209486178,Sangat Dekat (<200m)
5205570053_5408954334_STOP621,1,136.7,136.7,136.7,Pos Polisi Cicadas,Jalan Jenderal Ahmad Yani,primary,-6.908263080962218,107.64414880728994,Sangat Dekat (<200m)
5205570053_5408954334_STOP623,1,141.0,141.0,141.0,Gateway Cicadas,Jalan Jenderal Ahmad Yani,primary,-6.908026499999992,107.6445308,Sangat Dekat (<200m)
5269229741_3272299563_STOP368,1,85.3,85.3,85.3,SPBU Simpang Buah Batu Soekarno Hatta,Jalan Soekarno-Hatta,trunk,-6.947166900000001,107.6359684,Sangat Dekat (<200m)
5269229741_5444644720_STOP368,3,109.66666666666667,85.3,139.2,SPBU Simpang Buah Batu Soekarno Hatta,Jalan Batu Api,tertiary,-6.946755403350427,107.63578272397392,Sangat Dekat (<200m)
5269229741_5444644720_STOP460,2,192.8,172.5,213.1,Simpang Buah Batu Soekarno Hatta 1,Jalan Batu Api,tertiary,-6.945778708781326,107.63526373585415,Sangat Dekat (<200m)
5278840351_2012498697_STOP77,1,13.2,13.2,13.2,Istana Plaza,Jalan HOS. Cokroaminoto,trunk,-6.904933299999995,107.5975537,Sangat Dekat (<200m)
5278840351_2012498697_STOP78,1,12.2,12.2,12.2,Depan Istana Plaza,Jalan HOS. Cokroaminoto,trunk,-6.9053848316814666,107.59756965721614,Sangat Dekat (<200m)
5278840351_25433686_STOP474,1,71.4,71.4,71.4,BPK Penabur,Jalan HOS. Cokroaminoto,trunk,-6.904029814903879,107.59753506505204,Sangat Dekat (<200m)
5278840351_25433686_STOP77,2,37.0,13.2,60.8,Istana Plaza,Jalan HOS. Cokroaminoto,trunk,-6.904707433420526,107.59754881406977,Sangat Dekat (<200m)
5293711619_13713992504_STOP669,1,220.4,220.4,220.4,Gedung Sate,Jalan Hayam Wuruk,tertiary,-6.9034366000000045,107.617296,Dekat (200-400m)
5293711619_13713992504_STOP805,1,230.0,230.0,230.0,BPK Penabur Banda,Jalan Hayam Wuruk,tertiary,-6.90369159917237,107.61766752803447,Dekat (200-400m)
5293711619_7190149301_STOP669,1,220.4,220.4,220.4,Gedung Sate,Jalan Banda,tertiary,-6.9034366000000045,107.617296,Dekat (200-400m)
5293786192_2519917284_STOP575,1,94.1,94.1,94.1,Tugu PKK Citarum,Jalan Diponegoro,primary,-6.901042900000002,107.6252968,Sangat Dekat (<200m)
5330289517_5447158246_STOP118,1,31.3,31.3,31.3,Simpang Kordon Buah Batu,Jalan Marga Cinta,primary,-6.954382999999995,107.6391061,Sangat Dekat (<200m)
5330289517_6609265322_STOP118,1,31.3,31.3,31.3,Simpang Kordon Buah Batu,Jalan Buah Batu,primary,-6.954382999999995,107.6391061,Sangat Dekat (<200m)
5332863119_12633822765_STOP395,2,39.2,15.4,63.0,Seberang Kiara Artha,Jalan H. Ibrahim Adjie,primary,-6.9143444442041035,107.64379229343785,Sangat Dekat (<200m)
5332863130_1849960008_STOP216,2,29.95,9.5,50.4,Kebon Waru,Jalan Jakarta,primary,-6.914445908613938,107.6379762872678,Sangat Dekat (<200m)
5332863130_1849960008_STOP217,3,39.43333333333333,15.3,62.1,MUJ Jalan Banten,Jalan Jakarta,primary,-6.914174721638164,107.63999252582182,Sangat Dekat (<200m)
5332863130_1849960008_STOP612,3,40.8,20.2,69.1,Gerbang Utara Kiara Artha Park,Jalan Jakarta,primary,-6.914012811247829,107.64133914854547,Sangat Dekat (<200m)
5332863130_1849960008_STOP636,1,12.7,12.7,12.7,Kantor Pos Kebonwaru,Jalan Jakarta,primary,-6.914291165021167,107.63909585033878,Sangat Dekat (<200m)
5332863130_1849960008_STOP843,1,17.1,17.1,17.1,Kebonwaru,Jalan Jakarta,primary,-6.914351952261832,107.63864784933766,Sangat Dekat (<200m)
5334388842_25433686_STOP242,1,331.2,331.2,331.2,SDN Pajajaran,Jalan dr. Rajiman,primary,-6.9039172,107.600786,Dekat (200-400m)
5334388842_25433686_STOP475,7,175.92857142857142,67.5,311.2,Seberang BPK Penabur,Jalan dr. Rajiman,primary,-6.903968128549856,107.59897827695315,Sangat Dekat (<200m)
5334388842_25447004_STOP242,1,331.2,331.2,331.2,SDN Pajajaran,Jalan dr. Rajiman,primary,-6.9039172,107.600786,Dekat (200-400m)
5334388857_1108586472_STOP373,2,55.4,48.9,61.9,Taman Radio A,Jalan Saung Galing,tertiary,-6.902434378968353,107.61105100214198,Sangat Dekat (<200m)
5334388857_1849528721_STOP373,2,86.05,61.9,110.2,Taman Radio A,Jalan Rangga Gadang,tertiary,-6.902627570552267,107.61074123410518,Sangat Dekat (<200m)
5334388861_1658919856_STOP353,4,296.125,223.4,369.7,GKI Pasteur,Jalan Layang Professor Mochtar Kusumaatmadja,trunk,-6.899682202627782,107.60533253140547,Dekat (200-400m)
5334486782_32042327_STOP340,3,121.36666666666667,82.2,163.0,SMA Negeri 3 dan 5 Bandung,Jalan Kalimantan,tertiary,-6.911382489051892,107.61420223327366,Sangat Dekat (<200m)
5334486782_32042327_STOP683,1,177.6,177.6,177.6,Paguyuban Pasundan,Jalan Kalimantan,tertiary,-6.9105285000000025,107.6139066,Sangat Dekat (<200m)
5334558654_1108586472_STOP238,2,103.75,88.6,118.9,Seberang Superindo Dago,Jalan Rangga Malela,tertiary,-6.901362388272224,107.6109619801743,Sangat Dekat (<200m)
5334558654_1108586472_STOP373,1,65.8,65.8,65.8,Taman Radio A,Jalan Rangga Malela,tertiary,-6.9020225659708325,107.6111154174334,Sangat Dekat (<200m)
5334558654_1108586472_STOP578,3,71.3,22.3,120.9,Sulanjana Rangga Malela,Jalan Rangga Malela,tertiary,-6.90026416733757,107.61069906551752,Sangat Dekat (<200m)
5334558654_29359719_STOP578,1,22.3,22.3,22.3,Sulanjana Rangga Malela,Jalan Rangga Malela,tertiary,-6.899828199999993,107.6105824,Sangat Dekat (<200m)
5334558654_9755546377_STOP578,1,22.3,22.3,22.3,Sulanjana Rangga Malela,Jalan Saung Galing,tertiary,-6.899828199999993,107.6105824,Sangat Dekat (<200m)
5340138155_1658976883_STOP353,3,34.63333333333333,3.0,51.1,GKI Pasteur,Jalan Pasteur,trunk,-6.9002066533847035,107.60272740484125,Sangat Dekat (<200m)
5340138155_2012565708_STOP353,1,49.8,49.8,49.8,GKI Pasteur,Jalan Raden Adipati Aria Wiranatakusumah,primary,-6.900203000000007,107.6022753,Sangat Dekat (<200m)
5344074236_3445484564_STOP282,1,150.8,150.8,150.8,Sudirman 3,,trunk_link,-6.912617899999991,107.5704088,Sangat Dekat (<200m)
5344074236_9167350227_STOP282,2,125.85000000000001,100.9,150.8,Sudirman 3,Jalan Jendral Sudirman,trunk,-6.912424245107319,107.5702923618476,Sangat Dekat (<200m)
5344074239_3245886198_STOP281,1,116.1,116.1,116.1,Optik Krida,Jalan Raya Cijerah,secondary,-6.914621899999996,107.5715854,Sangat Dekat (<200m)
5344074239_9167367930_STOP281,2,141.14999999999998,116.1,166.2,Optik Krida,Jalan Jendral Sudirman,trunk,-6.914426001193233,107.57147280352454,Sangat Dekat (<200m)
5346161426_13239081325_STOP90,1,527.1,527.1,527.1,Terminal Antapani,,primary,-6.916941799999999,107.670222,Sedang (400-800m)
5346161426_2477130742_STOP90,10,751.42,527.1,976.6,Terminal Antapani,Jalan Golf Barat,primary,-6.917711400290154,107.67208402284777,Sedang (400-800m)
5346593290_1911634996_STOP280,5,212.85999999999999,112.5,313.3,Kemenag Kanwil Jabar,Jalan Jendral Sudirman,primary,-6.917765072571887,107.57901741531289,Dekat (200-400m)
5346593290_1911634996_STOP375,2,309.75,284.6,334.9,SDN Raya Barat,Jalan Jendral Sudirman,primary,-6.917969452855443,107.58058667075898,Dekat (200-400m)
5346593290_5495698458_STOP280,4,56.8,13.5,112.5,Kemenag Kanwil Jabar,Jalan Jendral Sudirman,primary,-6.9176225822889945,107.57744963508313,Sangat Dekat (<200m)
5348422777_5354169652_STOP314,5,185.3,91.7,282.1,Simpang Pasir Koja,Jalan Jamika,primary,-6.925537437298544,107.58554401132407,Sangat Dekat (<200m)
5348422777_5354169652_STOP841,5,152.7,58.7,249.4,Pagarsih,Jalan Jamika,primary,-6.923289168875091,107.58575641001349,Sangat Dekat (<200m)
5348422779_2325452720_STOP314,1,40.4,40.4,40.4,Simpang Pasir Koja,Jalan Terusan Pasir Koja,primary,-6.926835700000008,107.5852321,Sangat Dekat (<200m)
5348422779_5348422777_STOP314,2,65.2,40.4,90.0,Simpang Pasir Koja,,primary_link,-6.92664381564926,107.58535143563537,Sangat Dekat (<200m)
5348482654_2477132814_STOP532,3,61.43333333333334,11.4,111.5,KUA Arcamanik,Jalan Cisaranten Kulon,secondary,-6.924426026619456,107.68348083313991,Sangat Dekat (<200m)
5348482654_2477132814_STOP533,4,51.5,21.3,81.5,SMK YPF,Jalan Cisaranten Kulon,secondary,-6.920737872876255,107.68430581797324,Sangat Dekat (<200m)
5348482654_2477132814_STOP534,4,48.9,12.8,83.6,K.H. Djunaedi,Jalan Cisaranten Kulon,secondary,-6.922472559831061,107.68392768170276,Sangat Dekat (<200m)
5348482654_2477132814_STOP98,1,31.1,31.1,31.1,Pangkalan Angkot Panghegar,Jalan Cisaranten Kulon,secondary,-6.92356291850338,107.68374379882673,Sangat Dekat (<200m)
5348482654_4123953208_STOP532,14,427.15000000000003,111.5,702.3,KUA Arcamanik,Jalan Cisaranten Kulon,secondary,-6.927427878309415,107.68218445709363,Sedang (400-800m)
5348482654_4183530883_STOP532,10,249.74,111.5,440.6,KUA Arcamanik,Jalan Cinambo,primary,-6.924965540325734,107.68540170012356,Dekat (200-400m)
5348638990_3252877763_STOP384,2,34.5,20.6,48.4,Simpang Caringin,Jalan Soekarno-Hatta,trunk,-6.943402877251087,107.58484985023732,Sangat Dekat (<200m)
5348639847_10125360885_STOP108,2,121.4,107.7,135.1,Puskesmas Kopo,Jalan Soekarno-Hatta,trunk,-6.945736975768849,107.59017175745181,Sangat Dekat (<200m)
5348639876_29489290_STOP135,1,1083.3,1083.3,1083.3,SD Negeri 005 Babakan Ciparay,Jalan Kopo Sayati,primary,-6.957218099999999,107.5819373,Jauh (>800m)
5348639876_5487734505_STOP135,1,1083.3,1083.3,1083.3,SD Negeri 005 Babakan Ciparay,Jalan Akses Tol Kopo,primary_link,-6.957218099999999,107.5819373,Jauh (>800m)
5348748819_5348748820_STOP271,1,311.4,311.4,311.4,Rumah Sakit Immanuel B,,primary_link,-6.939945799999998,107.5966221,Dekat (200-400m)
5348748819_5862690000_STOP157,4,399.1,359.4,438.1,SDN Babakan Tarogong,Jalan Leuwi Panjang,primary,-6.941038851333355,107.59656403052558,Dekat (200-400m)
5348748819_5862690000_STOP271,1,311.4,311.4,311.4,Rumah Sakit Immanuel B,Jalan Leuwi Panjang,primary,-6.939945799999998,107.5966221,Dekat (200-400m)
5348748820_5348748819_STOP271,1,307.4,307.4,307.4,Rumah Sakit Immanuel B,,primary_link,-6.939940800000004,107.5965389,Dekat (200-400m)
5348748820_5862690014_STOP271,3,267.7,229.2,307.4,Rumah Sakit Immanuel B,Jalan Leuwi Panjang,primary,-6.939497368744353,107.59662556200612,Dekat (200-400m)
5348770323_1014722257_STOP22,3,68.60000000000001,19.5,118.2,Sekolah Ganesha,Jalan Mohammad Toha,primary,-6.9396542348862065,107.60649052899116,Sangat Dekat (<200m)
5348770323_1014722257_STOP227,2,52.95,28.6,77.3,Muhammad Toha 1 (PT INTI A),Jalan Mohammad Toha,primary,-6.93856777253532,107.6061984931626,Sangat Dekat (<200m)
5348770323_1014722257_STOP593,1,85.8,85.8,85.8,Mohammad Toha Pelindung Hewan,Jalan Mohammad Toha,primary,-6.940513048700431,107.60677189137122,Sangat Dekat (<200m)
5348770323_10771913958_STOP227,1,77.3,77.3,77.3,Muhammad Toha 1 (PT INTI A),Jalan Mohammad Toha,primary,-6.938344000000003,107.6061749,Sangat Dekat (<200m)
5348770323_10771913958_STOP270,1,77.9,77.9,77.9,Simpang Mohamad Toha Biddokkes,Jalan Mohammad Toha,primary,-6.937899626995779,107.60614847430683,Sangat Dekat (<200m)
5348770388_6619012656_STOP119,6,155.93333333333334,30.4,281.7,PT LEN Industri A,Jalan Soekarno-Hatta,trunk,-6.948990398320563,107.6176345857315,Sangat Dekat (<200m)
5348770388_6619012656_STOP389,2,40.15,20.3,60.0,PT LEN Industri B,Jalan Soekarno-Hatta,trunk,-6.949121407526984,107.61943851028585,Sangat Dekat (<200m)
5348770388_6619012656_STOP461,3,213.4333333333333,163.1,263.8,Mengger Girang,Jalan Soekarno-Hatta,trunk,-6.948842862750524,107.6156051750607,Dekat (200-400m)
5348770388_6631082518_STOP389,1,60.0,60.0,60.0,PT LEN Industri B,,trunk_link,-6.949137800000003,107.619664,Sangat Dekat (<200m)
5353615188_1658919856_STOP353,11,153.4,9.5,339.1,GKI Pasteur,Jalan Layang Professor Mochtar Kusumaatmadja,trunk,-6.900116905095956,107.60356973520312,Sangat Dekat (<200m)
5353615188_1658919856_STOP72,1,361.1,361.1,361.1,Balubur Town Square,Jalan Layang Professor Mochtar Kusumaatmadja,trunk,-6.899352237284849,107.60610525346458,Dekat (200-400m)
5353724829_5340138155_STOP353,3,134.1,83.8,184.4,GKI Pasteur,Jalan Pasteur,trunk,-6.9002043144274525,107.6015176304113,Sangat Dekat (<200m)
5353724829_7111571825_STOP353,1,184.4,184.4,184.4,GKI Pasteur,,trunk_link,-6.900205100000001,107.6010655,Sangat Dekat (<200m)
5353894751_6380244015_STOP535,1,18.9,18.9,18.9,Depan Pasar Gedebage,,secondary_link,-6.936578999999991,107.6971378,Sangat Dekat (<200m)
5353894751_7284403249_STOP535,6,113.93333333333334,18.9,233.5,Depan Pasar Gedebage,Jalan Soekarno-Hatta,secondary,-6.936498059672104,107.69826519495872,Sangat Dekat (<200m)
5353900365_3115157726_STOP335,15,788.5533333333333,442.5,1136.6,LPKIA A,Jalan Batununggal Indah II,tertiary,-6.956626526276951,107.62388317894975,Sedang (400-800m)
5353900365_5458167263_STOP335,1,1136.6,1136.6,1136.6,LPKIA A,,tertiary,-6.959736199999998,107.6234318,Jauh (>800m)
5353900365_5847788420_STOP335,1,1136.6,1136.6,1136.6,LPKIA A,,tertiary,-6.959736199999998,107.6234318,Jauh (>800m)
5353900965_5353901420_STOP256,7,737.9571428571428,687.0,804.6,Patung Ikan,Jalan Pasirluyu Timur,tertiary,-6.9402841184302995,107.61618835501541,Sedang (400-800m)
5353900965_5353901420_STOP461,3,745.3666666666667,698.4,792.3,Mengger Girang,Jalan Pasirluyu Timur,tertiary,-6.942542995618922,107.61617125992733,Sedang (400-800m)
5353900965_5353901420_STOP644,2,625.65,605.0,646.3,Jalan Beunteur,Jalan Pasirluyu Timur,tertiary,-6.938251414808428,107.61623233402361,Sedang (400-800m)
5353900965_5360254305_STOP644,1,605.0,605.0,605.0,Jalan Beunteur,Jalan BKR,primary,-6.938025600000009,107.6162382,Sedang (400-800m)
5353901420_5353900965_STOP256,7,737.6142857142858,686.8,804.1,Patung Ikan,Jalan Pasirluyu Timur,tertiary,-6.940275790498637,107.61618847351276,Sedang (400-800m)
5353901420_5353900965_STOP461,4,722.9,652.9,793.2,Mengger Girang,Jalan Pasirluyu Timur,tertiary,-6.942760526004448,107.61616684631048,Sedang (400-800m)
5353901420_5353900965_STOP644,1,645.5,645.5,645.5,Jalan Beunteur,Jalan Pasirluyu Timur,tertiary,-6.9384689021930095,107.6162266462436,Sedang (400-800m)
5353901420_5360254305_STOP256,8,723.85,665.3,803.7,Patung Ikan,"['Jalan Pasirluyu Timur', 'Jalan Pasirluyu Barat']",tertiary,-6.940287548566252,107.61602794582261,Sedang (400-800m)
5353901420_5360254305_STOP461,6,670.6666666666666,607.1,761.4,Mengger Girang,"['Jalan Pasirluyu Timur', 'Jalan Pasirluyu Barat']",tertiary,-6.943220124093102,107.61604300636894,Sedang (400-800m)
5353901420_5360254305_STOP644,1,635.9,635.9,635.9,Jalan Beunteur,"['Jalan Pasirluyu Timur', 'Jalan Pasirluyu Barat']",tertiary,-6.938255176736696,107.61608117839484,Sedang (400-800m)
5353901420_5397556729_STOP120,1,546.6,546.6,546.6,Pasirluyu Selatan/Sukaati,Jalan Pasir Salam,tertiary,-6.9444021091040185,107.62107929903874,Sedang (400-800m)
5353901420_5397556729_STOP389,11,604.3727272727273,580.0,668.7,PT LEN Industri B,Jalan Pasir Salam,tertiary,-6.943691581322995,107.61884289416129,Sedang (400-800m)
5353901420_5397556729_STOP461,1,652.9,652.9,652.9,Mengger Girang,Jalan Pasir Salam,tertiary,-6.943438099999993,107.6161533,Sedang (400-800m)
5353901439_10187187001_STOP120,1,18.8,18.8,18.8,Pasirluyu Selatan/Sukaati,Jalan Soekarno-Hatta,trunk,-6.949156599999996,107.6214527,Sangat Dekat (<200m)
5353901439_5482193900_STOP120,2,42.8,18.8,66.8,Pasirluyu Selatan/Sukaati,Jalan Pasir Salam,tertiary,-6.948931223842484,107.62143709626737,Sangat Dekat (<200m)
5353902321_10166777280_STOP139,4,116.72500000000001,52.7,178.8,Jalan Haji Tatang Sumantri,Jalan Haji Tatang Sumantri,tertiary,-6.955073918347708,107.61049371707924,Sangat Dekat (<200m)
5353902321_5353902328_STOP139,2,203.85000000000002,178.8,228.9,Jalan Haji Tatang Sumantri,Jalan Mekar Agung,tertiary,-6.954998386335459,107.60962900974621,Dekat (200-400m)
5353902327_5353902321_STOP139,2,220.0,197.7,242.3,Jalan Haji Tatang Sumantri,Jalan Mekar Utama,tertiary,-6.954770013822192,107.6094608077031,Dekat (200-400m)
5353902328_5353902327_STOP139,1,249.6,249.6,249.6,Jalan Haji Tatang Sumantri,Jalan Mekar Agung,tertiary,-6.954805599999999,107.6091934,Dekat (200-400m)
5353902328_5490125457_STOP139,5,343.08000000000004,249.6,438.6,Jalan Haji Tatang Sumantri,Jalan Mekar Utama,tertiary,-6.9544369591835835,107.60836775864009,Dekat (200-400m)
5353902572_13413840425_STOP463,3,569.6666666666666,565.1,576.5,Ampera Soekarno Hatta,Jalan Mekar Laksana,tertiary,-6.95310066194416,107.60382720606162,Sedang (400-800m)
5353902572_5490125456_STOP139,3,517.4666666666667,468.0,567.0,Jalan Haji Tatang Sumantri,"['Jalan Mekar Utama', 'Jalan Mekar Laksana']",tertiary,-6.9536757586621425,107.60689383512778,Sedang (400-800m)
5353902572_5490125456_STOP463,5,567.9399999999999,560.3,583.2,Ampera Soekarno Hatta,"['Jalan Mekar Utama', 'Jalan Mekar Laksana']",tertiary,-6.953217841762589,107.60517443970498,Sedang (400-800m)
5353902840_5353902843_STOP198,4,610.7249999999999,551.8,671.3,Karasak Lama,Jalan Mekar Puspita,tertiary,-6.951901678400241,107.59840379115387,Sedang (400-800m)
5353902840_5487599496_STOP198,1,671.3,671.3,671.3,Karasak Lama,Jalan Raden Rangga Kencana,tertiary,-6.952539600000005,107.5982878,Sedang (400-800m)
5353902843_5487650882_STOP198,1,549.5,549.5,549.5,Karasak Lama,,tertiary_link,-6.951211800000004,107.5984929,Sedang (400-800m)
5353902843_9253047317_STOP198,3,513.1999999999999,477.7,549.5,Karasak Lama,Jalan Mekar Puspita,tertiary,-6.9507641827100874,107.59855455804427,Sedang (400-800m)
5353902926_29489276_STOP385,4,607.55,581.6,634.5,Seberang Terminal Leuwipanjang,Jalan Indrayasa,tertiary,-6.9522633962135725,107.59418666320559,Sedang (400-800m)
5353902926_6468977370_STOP121,5,688.28,636.8,744.1,Leuwipanjang Soekarno Hatta,Jalan Indrayasa,tertiary,-6.95232015122796,107.59616096432758,Sedang (400-800m)
5353902926_6468977370_STOP198,1,724.7,724.7,724.7,Karasak Lama,Jalan Indrayasa,tertiary,-6.952466699880024,107.59750933838455,Sedang (400-800m)
5353902926_6468977370_STOP385,1,634.5,634.5,634.5,Seberang Terminal Leuwipanjang,Jalan Indrayasa,tertiary,-6.9523415999999925,107.5948593,Sedang (400-800m)
5353902941_1014722675_STOP22,2,366.6,356.3,376.9,Sekolah Ganesha,Jalan Inhoftank,secondary,-6.94071098137497,107.60335774729916,Dekat (200-400m)
5353902941_1014722675_STOP226,3,272.3666666666667,227.6,318.0,Seberang Museum Sri Baduga,Jalan Inhoftank,secondary,-6.939592875857657,107.60320631964647,Dekat (200-400m)
5353902941_1014722675_STOP607,2,160.8,139.2,182.4,P Hostel,Jalan Inhoftank,secondary,-6.938478537578056,107.60303080942009,Sangat Dekat (<200m)
5353902941_3110265315_STOP22,2,394.5,376.9,412.1,Sekolah Ganesha,Jalan Inhoftank,secondary,-6.941158613501933,107.60334206995954,Dekat (200-400m)
5353902941_3110265315_STOP593,4,463.275,431.3,498.6,Mohammad Toha Pelindung Hewan,Jalan Inhoftank,secondary,-6.942495366917601,107.60311897795172,Sedang (400-800m)
5354169648_1911634983_STOP375,6,301.8666666666667,279.2,338.4,SDN Raya Barat,"['Jalan Situ', 'Jalan Pagarsih Barat']",tertiary,-6.9208416660926035,107.5823339914196,Dekat (200-400m)
5354169648_1911634983_STOP841,6,177.46666666666667,54.3,290.3,Pagarsih,"['Jalan Situ', 'Jalan Pagarsih Barat']",tertiary,-6.921855150464325,107.58468873923927,Sangat Dekat (<200m)
5354169648_7624564242_STOP841,1,54.3,54.3,54.3,Pagarsih,Jalan Pagarsih Barat,tertiary,-6.921974800000001,107.5857861,Sangat Dekat (<200m)
5354169650_6475102309_STOP279,3,142.79999999999998,115.0,174.3,Toko Ambon,Jalan Jamika,primary,-6.919588596672521,107.58636116485492,Sangat Dekat (<200m)
5354169650_6475102309_STOP841,4,103.775,40.2,173.1,Pagarsih,Jalan Jamika,primary,-6.921147374629136,107.58609459668065,Sangat Dekat (<200m)
5354169652_2325452491_STOP841,1,45.2,45.2,45.2,Pagarsih,Jalan Jamika,primary,-6.922232400000008,107.5859169,Sangat Dekat (<200m)
5354169652_5354169648_STOP841,1,45.2,45.2,45.2,Pagarsih,,primary_link,-6.922232400000008,107.5859169,Sangat Dekat (<200m)
5354169655_2325452490_STOP841,1,35.2,35.2,35.2,Pagarsih,Jalan Jamika,primary,-6.921789199999998,107.5860687,Sangat Dekat (<200m)
5354169655_5354169657_STOP841,1,35.2,35.2,35.2,Pagarsih,,primary_link,-6.921789199999998,107.5860687,Sangat Dekat (<200m)
5354169657_1911634930_STOP109,8,201.5125,68.5,363.9,Karanganyar,Jalan Pagarsih Barat,tertiary,-6.923054672302256,107.59682821436566,Dekat (200-400m)
5354169657_1911634930_STOP223,6,352.45,340.3,375.4,Sukamanah,Jalan Pagarsih Barat,tertiary,-6.922696878482964,107.59368375927586,Dekat (200-400m)
5354169657_1911634930_STOP278,6,357.56666666666666,344.5,386.1,Mayapada Tower,Jalan Pagarsih Barat,tertiary,-6.922424582100789,107.59098469963374,Dekat (200-400m)
5354169657_1911634930_STOP841,8,175.0125,3.2,350.5,Pagarsih,Jalan Pagarsih Barat,tertiary,-6.922133919736509,107.58783354327501,Sangat Dekat (<200m)
5354169657_7624564243_STOP841,1,3.2,3.2,3.2,Pagarsih,Jalan Pagarsih Barat,tertiary,-6.922008100000006,107.5862562,Sangat Dekat (<200m)
5354169659_5354191264_STOP314,4,181.825,112.7,253.0,Simpang Pasir Koja,Jalan Jamika,primary,-6.925609940376392,107.5856430682854,Sangat Dekat (<200m)
5354169659_5354191264_STOP841,6,156.53333333333333,37.5,279.3,Pagarsih,Jalan Jamika,primary,-6.923361356773487,107.58585506909306,Sangat Dekat (<200m)
5354191258_2325452855_STOP158,2,118.9,94.4,143.4,Festival Citylink,Jalan Peta,primary,-6.928205418906412,107.58673466210851,Sangat Dekat (<200m)
5354191258_2325452855_STOP314,3,123.0,85.1,163.6,Simpang Pasir Koja,Jalan Peta,primary,-6.927327566548661,107.58602404855829,Sangat Dekat (<200m)
5354191261_2325452722_STOP314,1,104.5,104.5,104.5,Simpang Pasir Koja,Jalan Pasir Koja,primary,-6.926707700000001,107.58582950000002,Sangat Dekat (<200m)
5354191261_5354191258_STOP314,1,104.5,104.5,104.5,Simpang Pasir Koja,,primary_link,-6.926707700000001,107.58582950000002,Sangat Dekat (<200m)
5354191262_2325452718_STOP314,2,126.6,101.6,151.6,Simpang Pasir Koja,Jalan Pasir Koja,primary,-6.926544719471174,107.5859697389626,Sangat Dekat (<200m)
5354191264_2325452719_STOP314,1,99.6,99.6,99.6,Simpang Pasir Koja,Jalan Jamika,primary,-6.926430200000003,107.5855781,Sangat Dekat (<200m)
5354191264_5354191262_STOP314,1,99.6,99.6,99.6,Simpang Pasir Koja,,primary_link,-6.926430200000003,107.5855781,Sangat Dekat (<200m)
5354191266_2325453511_STOP158,13,387.11538461538464,210.7,642.1,Festival Citylink,"['Jalan Situgunting Timur', 'Jalan Babakan Ciparay']",tertiary,-6.931668490916092,107.58498203495672,Dekat (200-400m)
5354191266_2325453511_STOP313,2,683.55,676.5,690.6,Bumi Kopo Kencana,"['Jalan Situgunting Timur', 'Jalan Babakan Ciparay']",tertiary,-6.935025093359877,107.58454517324634,Sedang (400-800m)
5354191266_2325453511_STOP314,4,103.89999999999999,56.6,164.7,Simpang Pasir Koja,"['Jalan Situgunting Timur', 'Jalan Babakan Ciparay']",tertiary,-6.927853310601746,107.58537986559824,Sangat Dekat (<200m)
5354191266_2325453511_STOP317,18,372.3388888888889,80.4,702.2,Pasar Induk Caringin,"['Jalan Situgunting Timur', 'Jalan Babakan Ciparay']",tertiary,-6.9386482321434135,107.5834391160206,Dekat (200-400m)
5354191266_2325453511_STOP384,2,116.6,95.8,137.4,Simpang Caringin,"['Jalan Situgunting Timur', 'Jalan Babakan Ciparay']",tertiary,-6.942570611754736,107.58439915185892,Sangat Dekat (<200m)
5354191266_5354191267_STOP314,1,56.6,56.6,56.6,Simpang Pasir Koja,Jalan Situgunting Timur,tertiary,-6.927182200000007,107.5854695,Sangat Dekat (<200m)
5354191267_2325452724_STOP314,1,56.8,56.8,56.8,Simpang Pasir Koja,Jalan Situgunting Timur,tertiary,-6.927110099999998,107.5854796,Sangat Dekat (<200m)
5354191267_5354191266_STOP314,1,56.8,56.8,56.8,Simpang Pasir Koja,Jalan Situgunting Timur,tertiary,-6.927110099999998,107.5854796,Sangat Dekat (<200m)
5354191267_5354191270_STOP314,1,56.8,56.8,56.8,Simpang Pasir Koja,,primary_link,-6.927110099999998,107.5854796,Sangat Dekat (<200m)
5354191268_2325452724_STOP314,1,91.9,91.9,91.9,Simpang Pasir Koja,Jalan Peta,primary,-6.927197100000001,107.5857883,Sangat Dekat (<200m)
5354191268_5354191266_STOP314,1,91.9,91.9,91.9,Simpang Pasir Koja,,primary_link,-6.927197100000001,107.5857883,Sangat Dekat (<200m)
5354191270_3272539236_STOP314,8,153.875,20.9,322.4,Simpang Pasir Koja,Jalan Terusan Pasir Koja,primary,-6.927514249237815,107.58372758535445,Sangat Dekat (<200m)
5354191270_3272539236_STOP315,9,136.23333333333335,6.5,304.6,SPBU Pasir Koja,Jalan Terusan Pasir Koja,primary,-6.928895954642472,107.5801417352452,Sangat Dekat (<200m)
5354191270_3272539236_STOP343,4,61.925000000000004,23.4,116.9,Simpang Tol Pasirkoja,Jalan Terusan Pasir Koja,primary,-6.929952474863059,107.57739941579493,Sangat Dekat (<200m)
5354200473_6384640702_STOP101,1,180.0,180.0,180.0,Terminal Ujungberung,Jalan Alun-Alun Barat,tertiary,-6.9141026000000085,107.7011598,Sangat Dekat (<200m)
5354200473_6384640713_STOP101,5,90.46000000000001,30.4,180.0,Terminal Ujungberung,Jalan Abdul Haris Nasution,trunk,-6.914160589334775,107.70206020802664,Sangat Dekat (<200m)
5355765055_2614138774_STOP271,1,40.1,40.1,40.1,Rumah Sakit Immanuel B,Jalan Peta,primary,-6.937163199999997,107.5952296,Sangat Dekat (<200m)
5355765055_5355765057_STOP271,1,40.1,40.1,40.1,Rumah Sakit Immanuel B,,primary_link,-6.937163199999997,107.5952296,Sangat Dekat (<200m)
5355765057_2614138774_STOP271,1,77.3,77.3,77.3,Rumah Sakit Immanuel B,Jalan Kyai Haji Wahid Hasyim,primary,-6.937314099999992,107.5948299,Sangat Dekat (<200m)
5355765057_3272542984_STOP108,1,172.9,172.9,172.9,Puskesmas Kopo,Jalan Kyai Haji Wahid Hasyim,primary,-6.9450150000656015,107.59010449333276,Sangat Dekat (<200m)
5355765057_3272542984_STOP157,9,134.35555555555555,5.7,300.5,SDN Babakan Tarogong,Jalan Kyai Haji Wahid Hasyim,primary,-6.939264841529326,107.59369138938003,Sangat Dekat (<200m)
5355765057_3272542984_STOP271,1,77.3,77.3,77.3,Rumah Sakit Immanuel B,Jalan Kyai Haji Wahid Hasyim,primary,-6.937314099999992,107.5948299,Sangat Dekat (<200m)
5355765057_3272542984_STOP390,10,127.00999999999999,9.2,251.9,RSUD Bandung Kiwari,Jalan Kyai Haji Wahid Hasyim,primary,-6.942906659937424,107.59142045289059,Sangat Dekat (<200m)
5355765057_5355765064_STOP271,1,77.3,77.3,77.3,Rumah Sakit Immanuel B,,primary_link,-6.937314099999992,107.5948299,Sangat Dekat (<200m)
5355765058_2325416263_STOP271,1,43.8,43.8,43.8,Rumah Sakit Immanuel B,Jalan Peta,primary,-6.937055000000002,107.5952913,Sangat Dekat (<200m)
5355765058_2325416263_STOP311,4,79.85,6.7,153.5,Rumah Sakit Immanuel A,Jalan Peta,primary,-6.937489403514467,107.59632909650391,Sangat Dekat (<200m)
5355765064_2325453234_STOP312,5,81.3,18.5,168.3,Hotel Grand Pasundan,Jalan Peta,primary,-6.935733766070149,107.59291581778913,Sangat Dekat (<200m)
5355765064_2325453234_STOP500,3,40.46666666666667,18.4,66.4,Barat Simpang Imanuel,Jalan Peta,primary,-6.93672167044723,107.59443007997875,Sangat Dekat (<200m)
5355823339_2325452725_STOP272,3,41.6,22.8,71.9,Astana Anyar RSIA Kota Bandung,Jalan Astana Anyar,primary,-6.9295556369645,107.60073033340619,Sangat Dekat (<200m)
5355823339_2325452725_STOP436,2,90.0,65.5,114.5,Simpang Astanaanyar Pasirkoja,Jalan Astana Anyar,primary,-6.927187386718847,107.60001980696384,Sangat Dekat (<200m)
5355823339_2325452725_STOP811,3,54.26666666666666,5.8,103.6,Jalan Entit,Jalan Astana Anyar,primary,-6.928257153164033,107.60038155839659,Sangat Dekat (<200m)
5355823339_5355823341_STOP272,1,71.9,71.9,71.9,Astana Anyar RSIA Kota Bandung,Jalan Panjunan,secondary,-6.9300052,107.6007743,Sangat Dekat (<200m)
5355823341_2325452881_STOP110,1,89.6,89.6,89.6,Pasar Astana Anyar,Jalan Panjunan,secondary,-6.930206199999997,107.6006099,Sangat Dekat (<200m)
5355823341_2325452881_STOP272,7,221.8857142857143,104.1,357.9,Astana Anyar RSIA Kota Bandung,Jalan Panjunan,secondary,-6.93001979364026,107.59881148587147,Dekat (200-400m)
5355866271_11369837187_STOP108,2,115.0,103.8,126.2,Puskesmas Kopo,,trunk_link,-6.9453782759652345,107.58963374984131,Sangat Dekat (<200m)
5355866271_25446327_STOP108,1,103.8,103.8,103.8,Puskesmas Kopo,Jalan Soekarno-Hatta,trunk,-6.945407799999995,107.5894219,Sangat Dekat (<200m)
5355867147_35138923_STOP141,18,588.4000000000001,281.8,973.0,Bulog Gedebage,Jalan Gedebage Selatan,primary,-6.944690676356778,107.68931300688169,Sedang (400-800m)
5355867147_35138923_STOP371,5,851.9200000000001,768.1,937.4,Magna,Jalan Gedebage Selatan,primary,-6.949235739027476,107.68748795003937,Jauh (>800m)
5355867147_6640711589_STOP141,1,281.8,281.8,281.8,Bulog Gedebage,Jalan Gedebage Selatan,primary,-6.942680099999998,107.6913374,Dekat (200-400m)
5355897677_1014722585_STOP257,3,62.43333333333334,13.7,111.8,Taman Tegalega 3,Jalan Mohammad Toha,secondary,-6.936018344783231,107.6063401679824,Sangat Dekat (<200m)
5355897677_1014722585_STOP258,1,9.5,9.5,9.5,Pasar Tegalega,Jalan Mohammad Toha,secondary,-6.936919199999995,107.6062697,Sangat Dekat (<200m)
5355897677_1014722585_STOP842,8,101.9875,10.2,198.6,Ciateul,Jalan Mohammad Toha,secondary,-6.933540141590154,107.60652486783353,Sangat Dekat (<200m)
5355897677_6621910323_STOP258,1,9.5,9.5,9.5,Pasar Tegalega,Jalan Mohammad Toha,secondary,-6.936919199999995,107.6062697,Sangat Dekat (<200m)
5355955155_1930140493_STOP256,1,327.1,327.1,327.1,Patung Ikan,,tertiary_link,-6.934825500000005,107.6112295,Dekat (200-400m)
5355955155_5369202740_STOP256,1,327.1,327.1,327.1,Patung Ikan,Jalan Sawah Kurung Raya,tertiary,-6.934825500000005,107.6112295,Dekat (200-400m)
5356356848_7669581282_STOP305,2,121.55,98.0,145.1,Hotel The-One-O-One A,Jalan Sultan Agung,tertiary,-6.905523803156555,107.61101580108573,Sangat Dekat (<200m)
5356356848_7669581282_STOP672,5,64.08,16.1,114.6,Jalan Sultan Agung,Jalan Sultan Agung,tertiary,-6.904499902765897,107.61222143815095,Sangat Dekat (<200m)
5356356914_1847944841_STOP670,2,73.85,48.9,98.8,Taman Segitiga Trunojoyo 1,Jalan Trunojoyo,tertiary,-6.901569348701308,107.61577230079058,Sangat Dekat (<200m)
5356356914_1849525979_STOP670,1,48.9,48.9,48.9,Taman Segitiga Trunojoyo 1,Jalan Trunojoyo,tertiary,-6.901726800000003,107.61561020000002,Sangat Dekat (<200m)
5356356914_1849525979_STOP671,3,39.166666666666664,16.2,62.6,Simpang Sultan Tirtayasa - Trunojoyo 1,Jalan Trunojoyo,tertiary,-6.902534108169699,107.61409219291636,Sangat Dekat (<200m)
5356356914_1849525979_STOP687,2,26.35,6.2,46.5,Taman Segitiga Trunojoyo 2,Jalan Trunojoyo,tertiary,-6.902129274469322,107.61509028527432,Sangat Dekat (<200m)
5356356914_5356356915_STOP670,1,48.9,48.9,48.9,Taman Segitiga Trunojoyo 1,,primary_link,-6.901726800000003,107.61561020000002,Sangat Dekat (<200m)
5356356914_5356356915_STOP687,1,89.8,89.8,89.8,Taman Segitiga Trunojoyo 2,,primary_link,-6.901275078086814,107.61560019279877,Sangat Dekat (<200m)
5356356915_1847944841_STOP670,1,105.5,105.5,105.5,Taman Segitiga Trunojoyo 1,Jalan Diponegoro,primary,-6.901352557737037,107.61595748276687,Sangat Dekat (<200m)
5356356915_1847944841_STOP687,1,109.5,109.5,109.5,Taman Segitiga Trunojoyo 2,Jalan Diponegoro,primary,-6.901081300000007,107.6155959,Sangat Dekat (<200m)
5356356915_29427263_STOP687,2,122.35,109.5,135.2,Taman Segitiga Trunojoyo 2,Jalan Diponegoro,primary,-6.900934578142275,107.61542400084,Sangat Dekat (<200m)
5356356915_5356356914_STOP687,2,87.5,65.5,109.5,Taman Segitiga Trunojoyo 2,,primary_link,-6.901307160959819,107.6156009035619,Sangat Dekat (<200m)
5358055095_10793008254_STOP306,1,44.4,44.4,44.4,Hotel The-One-O-One B,Jalan L.L. RE. Martadinata,secondary,-6.906991900000006,107.6106377,Sangat Dekat (<200m)
5358055095_2520649169_STOP156,1,17.5,17.5,17.5,Riau Junction,Jalan L.L. RE. Martadinata,secondary,-6.907052009611649,107.61153981366807,Sangat Dekat (<200m)
5358055095_2520649169_STOP306,2,54.349999999999994,44.4,64.3,Hotel The-One-O-One B,Jalan L.L. RE. Martadinata,secondary,-6.907004644732515,107.61086336287218,Sangat Dekat (<200m)
5358055095_2520649169_STOP548,2,37.5,16.1,58.9,Hotel Santika,Jalan L.L. RE. Martadinata,secondary,-6.907063014163548,107.61221742706059,Sangat Dekat (<200m)
5358055095_25433364_STOP190,4,56.175,11.9,111.8,Bandung Indah Plaza,Jalan Merdeka,primary,-6.908572893435753,107.61066554803702,Sangat Dekat (<200m)
5358055095_25433364_STOP304,1,81.4,81.4,81.4,Taman Sejarah Balai Kota Bandung,Jalan Merdeka,primary,-6.909702101397169,107.61065700133835,Sangat Dekat (<200m)
5358055095_25433364_STOP306,2,69.4,44.4,94.4,Hotel The-One-O-One B,Jalan Merdeka,primary,-6.907217721113561,107.61064175217882,Sangat Dekat (<200m)
5358055836_2439053883_STOP103,5,71.32000000000001,5.8,150.0,Unisba,Jalan Tamansari,secondary,-6.904155981982251,107.608213565603,Sangat Dekat (<200m)
5358055836_7857883000_STOP103,1,150.0,150.0,150.0,Unisba,Jalan Tamansari,secondary,-6.903297000000006,107.6084828,Sangat Dekat (<200m)
5358208113_11294966882_STOP673,1,80.4,80.4,80.4,Taman Pertigaan Pujasera,Jalan Sumatra,tertiary,-6.9100280000000085,107.6124394,Sangat Dekat (<200m)
5358208113_5358208117_STOP673,1,80.4,80.4,80.4,Taman Pertigaan Pujasera,Jalan Sumatra,tertiary,-6.9100280000000085,107.6124394,Sangat Dekat (<200m)
5358208117_11294966882_STOP673,2,57.7,50.4,65.0,Taman Pertigaan Pujasera,Jalan Aceh,secondary,-6.909790439554943,107.61235827798708,Sangat Dekat (<200m)
5358208117_25433364_STOP304,2,86.5,74.7,98.3,Taman Sejarah Balai Kota Bandung,Jalan Aceh,secondary,-6.909772093989761,107.61100426086946,Sangat Dekat (<200m)
5358208117_25433364_STOP673,2,64.2,50.4,78.0,Taman Pertigaan Pujasera,Jalan Aceh,secondary,-6.90977367444319,107.61190837777278,Sangat Dekat (<200m)
5358212370_1849525974_STOP144,5,156.04000000000002,139.5,175.6,Monumen 0 KM Kota Bandung,Jalan Dalem Kaum,secondary,-6.922910835875468,107.61082105934456,Sangat Dekat (<200m)
5358212370_1849525974_STOP239,1,53.2,53.2,53.2,Bandros Alun-alun,Jalan Dalem Kaum,secondary,-6.922545499999998,107.6076772,Sangat Dekat (<200m)
5358212370_1849525974_STOP754,2,147.45,141.2,153.7,Gedung Merdeka,Jalan Dalem Kaum,secondary,-6.9227279770465024,107.60924915159207,Sangat Dekat (<200m)
5358212370_1849525974_STOP788,2,101.8,83.1,120.5,Jalan Alun-alun Timur,Jalan Dalem Kaum,secondary,-6.922624269205262,107.60835082844375,Sangat Dekat (<200m)
5358212370_6443246208_STOP239,2,65.25,53.2,77.3,Bandros Alun-alun,Jalan Balonggede,tertiary,-6.922769392924938,107.60765172672251,Sangat Dekat (<200m)
5358212370_6443246208_STOP789,5,53.839999999999996,8.3,97.5,Kantor Kelurahan Balong Gede,Jalan Balonggede,tertiary,-6.923804612052973,107.60771155013185,Sangat Dekat (<200m)
5358212370_6443246208_STOP790,3,37.166666666666664,10.6,60.4,Samping SMP Negeri 43 Bandung,Jalan Balonggede,tertiary,-6.925264531163265,107.60720984111488,Sangat Dekat (<200m)
5358212386_11176912847_STOP677,2,123.85,100.3,147.4,Suniaraja Braga,Jalan Perintis Kemerdekaan,primary,-6.915349864434978,107.6072460576451,Sangat Dekat (<200m)
5358212386_29354380_STOP677,1,100.3,100.3,100.3,Suniaraja Braga,Jalan Suniaraja,primary,-6.915501999999999,107.6073939,Sangat Dekat (<200m)
5358212386_29354380_STOP678,1,126.4,126.4,126.4,Banceuy Suniaraja,Jalan Suniaraja,primary,-6.9154798555354775,107.60694243877448,Sangat Dekat (<200m)
5358212417_11176912866_STOP677,4,53.625,8.8,100.2,Suniaraja Braga,Jalan Suniaraja,primary,-6.916108364577698,107.60826022952799,Sangat Dekat (<200m)
5358394743_7713266581_STOP226,3,40.36666666666667,20.1,70.2,Seberang Museum Sri Baduga,Jalan Peta,primary,-6.937281181058689,107.60376089831156,Sangat Dekat (<200m)
5358394745_2325453369_STOP309,1,59.7,59.7,59.7,Taman Tegallega,Jalan Otto Iskandardinata,primary,-6.937015199999992,107.6031033,Sangat Dekat (<200m)
5358394745_5358394743_STOP309,1,59.7,59.7,59.7,Taman Tegallega,,primary_link,-6.937015199999992,107.6031033,Sangat Dekat (<200m)
5360090928_11382627919_STOP340,1,218.1,218.1,218.1,SMA Negeri 3 dan 5 Bandung,Jalan Aceh,secondary,-6.91015262685663,107.61448272159356,Dekat (200-400m)
5360090928_11382627919_STOP683,1,205.1,205.1,205.1,Paguyuban Pasundan,Jalan Aceh,secondary,-6.910301099999999,107.6140557,Dekat (200-400m)
5360090928_5334486782_STOP683,1,205.1,205.1,205.1,Paguyuban Pasundan,Jalan Kalimantan,tertiary,-6.910301099999999,107.6140557,Dekat (200-400m)
5360090932_11382627918_STOP340,1,228.4,228.4,228.4,SMA Negeri 3 dan 5 Bandung,Jalan Seram,tertiary,-6.909974799999999,107.6149999,Dekat (200-400m)
5360090932_11382627919_STOP340,1,228.4,228.4,228.4,SMA Negeri 3 dan 5 Bandung,Jalan Aceh,secondary,-6.909974799999999,107.6149999,Dekat (200-400m)
5360090932_25433301_STOP340,1,228.4,228.4,228.4,SMA Negeri 3 dan 5 Bandung,Jalan Aceh,secondary,-6.909974799999999,107.6149999,Dekat (200-400m)
5360090966_1658919998_STOP163,5,77.4,24.4,150.1,Cikapayang Dago 2,Jalan Layang Professor Mochtar Kusumaatmadja,trunk,-6.899025318511187,107.61392990911811,Sangat Dekat (<200m)
5360090966_1658919998_STOP169,3,50.833333333333336,12.2,95.2,Cikapayang Dago 1,Jalan Layang Professor Mochtar Kusumaatmadja,trunk,-6.898903104628768,107.61167894545001,Sangat Dekat (<200m)
5360090966_1658919998_STOP236,1,56.1,56.1,56.1,La Belle Cikapayang,Jalan Layang Professor Mochtar Kusumaatmadja,trunk,-6.8990147703863824,107.61257365440768,Sangat Dekat (<200m)
5360090966_1658919998_STOP354,3,52.86666666666667,23.0,91.5,Tamansari Cikapayang,Jalan Layang Professor Mochtar Kusumaatmadja,trunk,-6.898484305789153,107.61039374356794,Sangat Dekat (<200m)
5360090966_1658919998_STOP72,5,102.72,63.9,166.6,Balubur Town Square,Jalan Layang Professor Mochtar Kusumaatmadja,trunk,-6.89827819012022,107.60865616351575,Sangat Dekat (<200m)
5360090966_1658919998_STOP723,3,73.89999999999999,28.5,121.4,Mahawarman,Jalan Layang Professor Mochtar Kusumaatmadja,trunk,-6.899071978886603,107.61573622822954,Sangat Dekat (<200m)
5360090966_1660260881_STOP723,1,28.5,28.5,28.5,Mahawarman,Jalan Prabudimuntur,primary,-6.899122799999995,107.6161849,Sangat Dekat (<200m)
5360254305_389137494_STOP256,7,457.2857142857143,306.4,608.3,Patung Ikan,Jalan BKR,primary,-6.937905120048233,107.61428954229063,Sedang (400-800m)
5360254305_389137494_STOP644,1,614.3,614.3,614.3,Jalan Beunteur,Jalan BKR,primary,-6.938017799999991,107.6160946,Sedang (400-800m)
5360254305_5353901420_STOP256,7,721.4142857142857,669.7,788.6,Patung Ikan,"['Jalan Pasirluyu Timur', 'Jalan Pasirluyu Barat']",tertiary,-6.940275700715554,107.61602762877249,Sedang (400-800m)
5360254305_5353901420_STOP461,6,681.8333333333334,599.7,786.5,Mengger Girang,"['Jalan Pasirluyu Timur', 'Jalan Pasirluyu Barat']",tertiary,-6.943101273516828,107.616017316995,Sedang (400-800m)
5360254305_5353901420_STOP644,2,635.0,614.3,655.7,Jalan Beunteur,"['Jalan Pasirluyu Timur', 'Jalan Pasirluyu Barat']",tertiary,-6.938243355020601,107.61608182650701,Sedang (400-800m)
5360340202_3272574294_STOP138,1,82.3,82.3,82.3,Simpang Buah Batu BKR,,primary_link,-6.936746299999999,107.6225387,Sangat Dekat (<200m)
5360340202_3272575990_STOP138,1,82.3,82.3,82.3,Simpang Buah Batu BKR,Jalan Buah Batu,primary,-6.936746299999999,107.6225387,Sangat Dekat (<200m)
5360355190_240791836_STOP545,3,36.766666666666666,8.4,53.0,Karapitan Cikawao,Jalan Karapitan,secondary,-6.928280857227461,107.61658417396114,Sangat Dekat (<200m)
5360355190_240791836_STOP546,3,64.0,16.2,112.8,Karapitan Paledang,Jalan Karapitan,secondary,-6.925648564906943,107.61722951418233,Sangat Dekat (<200m)
5360355190_240791836_STOP547,3,40.166666666666664,17.6,65.0,Karapitan Emung,Jalan Karapitan,secondary,-6.92697092030017,107.61693239604436,Sangat Dekat (<200m)
5360355190_3278061603_STOP545,1,48.9,48.9,48.9,Karapitan Cikawao,Jalan Sadakeling,tertiary,-6.928716299999997,107.6164635,Sangat Dekat (<200m)
5360355190_3278061603_STOP796,1,6.3,6.3,6.3,Simpang Cikawao - Karapitan,Jalan Sadakeling,tertiary,-6.928924953798019,107.6168645535465,Sangat Dekat (<200m)
5369202740_1930140493_STOP256,1,368.2,368.2,368.2,Patung Ikan,Jalan Sawah Kurung Raya,tertiary,-6.934453899999997,107.6112884,Dekat (200-400m)
5369202740_2034444650_STOP256,2,392.54999999999995,368.2,416.9,Patung Ikan,Jalan Sawah Kurung Raya,tertiary,-6.934228503237092,107.6113037308573,Dekat (200-400m)
5369274905_5369274909_STOP221,2,28.9,8.5,49.3,SMK Negeri 12 Bandung,Jalan Pajajaran,trunk,-6.907073095761172,107.59274392394858,Sangat Dekat (<200m)
5369274905_5369274909_STOP812,1,45.3,45.3,45.3,Pajajaran Sadewa,Jalan Pajajaran,trunk,-6.907148900000003,107.5920701,Sangat Dekat (<200m)
5369274905_8582835480_STOP812,3,37.03333333333333,9.2,56.6,Pajajaran Sadewa,Jalan Pajajaran,trunk,-6.907113822526237,107.59161943987583,Sangat Dekat (<200m)
5369274909_2012498686_STOP221,1,57.6,57.6,57.6,SMK Negeri 12 Bandung,Jalan Pajajaran,trunk,-6.907035800000004,107.59304360000002,Sangat Dekat (<200m)
5369274909_2012498686_STOP222,2,59.650000000000006,35.4,83.9,Padjajaran 2,Jalan Pajajaran,trunk,-6.90676058299592,107.59460182098366,Sangat Dekat (<200m)
5369274909_2012498686_STOP646,2,26.6,21.4,31.8,Samsat Pajajaran,Jalan Pajajaran,trunk,-6.906919320345825,107.59371171632304,Sangat Dekat (<200m)
5369274909_2012498686_STOP780,2,64.85,40.3,89.4,Istana Plaza Pajajaran,Jalan Pajajaran,trunk,-6.906635197738467,107.59549709511478,Sangat Dekat (<200m)
5369274909_25433768_STOP221,2,53.7,49.8,57.6,SMK Negeri 12 Bandung,Jalan Arjuna,secondary,-6.907216847775528,107.59290837889296,Sangat Dekat (<200m)
5369274909_5369274905_STOP221,3,37.56666666666667,10.9,57.6,SMK Negeri 12 Bandung,Jalan Pajajaran,trunk,-6.907089502713352,107.59259475198805,Sangat Dekat (<200m)
5369325245_3269381709_STOP665,1,60.5,60.5,60.5,Simpang Brantas Cihapit 1,Jalan Cibeunying Selatan,tertiary,-6.906234400000002,107.6246134,Sangat Dekat (<200m)
5369337988_3270489611_STOP90,2,527.45,507.0,547.9,Terminal Antapani,,primary,-6.917880297030294,107.66972615171582,Sedang (400-800m)
5369337988_3270489660_STOP90,2,560.0,547.9,572.1,Terminal Antapani,,tertiary,-6.918112596062443,107.66991760806665,Sedang (400-800m)
5369368116_5369369331_STOP576,1,28.6,28.6,28.6,Seberang SMAN 20 Bandung,,tertiary,-6.904768500000007,107.6224003,Sangat Dekat (<200m)
5369369331_10173603859_STOP576,1,31.0,31.0,31.0,Seberang SMAN 20 Bandung,Jalan Ciliwung,tertiary,-6.904794999999999,107.6223975,Sangat Dekat (<200m)
5369369331_5369369333_STOP576,1,31.0,31.0,31.0,Seberang SMAN 20 Bandung,,tertiary,-6.904794999999999,107.6223975,Sangat Dekat (<200m)
5369369333_3269364717_STOP576,1,40.4,40.4,40.4,Seberang SMAN 20 Bandung,,tertiary,-6.904851199999999,107.6223341,Sangat Dekat (<200m)
5369482496_2519917312_STOP11,3,98.13333333333333,49.7,147.1,Pussenif,Jalan Supratman,primary,-6.9086162249972825,107.63132178835671,Sangat Dekat (<200m)
5369482496_2519917312_STOP177,3,56.333333333333336,17.2,100.3,Supratman 1,Jalan Supratman,primary,-6.909754498587399,107.63205825572163,Sangat Dekat (<200m)
5369482497_1849960685_STOP11,7,197.1142857142857,51.4,346.9,Pussenif,Jalan Cisadea,tertiary,-6.907637471729914,107.63242977262031,Sangat Dekat (<200m)
5369482497_1849960685_STOP513,2,411.1,392.2,430.0,Supratman Cikaso,Jalan Cisadea,tertiary,-6.907138902677697,107.63439200443665,Sedang (400-800m)
5369482497_5369482496_STOP11,1,51.4,51.4,51.4,Pussenif,Jalan Cisadea,tertiary,-6.908003900000007,107.6311599,Sangat Dekat (<200m)
5369882289_25501378_STOP724,1,63.0,63.0,63.0,Baltos,,tertiary,-6.8994429999999936,107.60942,Sangat Dekat (<200m)
5369882289_7345830954_STOP724,1,63.0,63.0,63.0,Baltos,Jalan Tamansari,secondary,-6.8994429999999936,107.60942,Sangat Dekat (<200m)
5369882298_29359719_STOP578,1,16.5,16.5,16.5,Sulanjana Rangga Malela,Jalan Sulanjana,tertiary,-6.89962998218034,107.61047574310756,Sangat Dekat (<200m)
5369882298_29359719_STOP724,2,26.7,9.6,43.8,Baltos,Jalan Sulanjana,tertiary,-6.899496936031108,107.60981381592825,Sangat Dekat (<200m)
5369882298_5369882299_STOP724,1,43.8,43.8,43.8,Baltos,Jalan Tamansari,secondary,-6.899475600000002,107.60958960000002,Sangat Dekat (<200m)
5369882299_1849528744_STOP724,2,67.95,56.7,79.2,Baltos,Jalan Tamansari,secondary,-6.899756951371412,107.60942501948338,Sangat Dekat (<200m)
5369882299_5369882289_STOP724,1,56.7,56.7,56.7,Baltos,Jalan Tamansari,secondary,-6.899534299999995,107.60946300000002,Sangat Dekat (<200m)
5374108596_12819917454_STOP346,1,194.9,194.9,194.9,BKKBN,Jalan Pahlawan,secondary,-6.897790799999997,107.6341816,Sangat Dekat (<200m)
5374108596_12819917454_STOP527,4,253.825,220.1,295.1,SDN 151 Sukasenang,Jalan Pahlawan,secondary,-6.896693942013233,107.63445162414823,Dekat (200-400m)
5374108596_12819917454_STOP54,1,32.6,32.6,32.6,Taman Makam Pahlawan Cikutra,Jalan Pahlawan,secondary,-6.892967132102566,107.63537951011187,Sangat Dekat (<200m)
5374108596_12819917454_STOP542,6,142.38333333333333,23.9,265.9,Pahlawan Sidomukti,Jalan Pahlawan,secondary,-6.894500401437761,107.63499237821418,Sangat Dekat (<200m)
5374108596_1849960227_STOP346,1,194.9,194.9,194.9,BKKBN,Jalan PH. H. Mustofa,trunk,-6.897790799999997,107.6341816,Sangat Dekat (<200m)
5374108596_1849960227_STOP377,1,22.6,22.6,22.6,ITENAS,Jalan PH. H. Mustofa,trunk,-6.898288457904282,107.6363849844327,Sangat Dekat (<200m)
5374108596_1849960227_STOP527,4,88.7,14.4,163.7,SDN 151 Sukasenang,Jalan PH. H. Mustofa,trunk,-6.89802283183155,107.63528653706727,Sangat Dekat (<200m)
5374108596_1849960227_STOP55,1,12.1,12.1,12.1,Sukasenang Raya 1,Jalan PH. H. Mustofa,trunk,-6.898490637304311,107.63726628851524,Sangat Dekat (<200m)
5374108596_1849960227_STOP56,1,29.9,29.9,29.9,Sukasenang Raya 2,Jalan PH. H. Mustofa,trunk,-6.898388508211664,107.6368258773269,Sangat Dekat (<200m)
5374108596_1849960655_STOP346,3,178.36666666666667,168.5,194.9,BKKBN,Jalan Pahlawan,secondary,-6.898229689155111,107.63407977603185,Sangat Dekat (<200m)
5374108596_1849960655_STOP52,4,90.575,16.0,165.6,Griya Pahlawan,Jalan Pahlawan,secondary,-6.901042768594281,107.6345990755191,Sangat Dekat (<200m)
5374108596_1849960655_STOP53,3,80.73333333333333,30.8,130.8,Seberang Griya Pahlawan,Jalan Pahlawan,secondary,-6.899568589448612,107.63405569607629,Sangat Dekat (<200m)
5374108596_25773425_STOP210,1,18.3,18.3,18.3,Jalaprang,Jalan Surapati,trunk,-6.898400164274843,107.6320072471064,Sangat Dekat (<200m)
5374108596_25773425_STOP346,5,98.72,13.2,194.9,BKKBN,Jalan Surapati,trunk,-6.898016761819008,107.63330741355227,Sangat Dekat (<200m)
5374108596_25773425_STOP347,3,50.1,15.3,92.5,SMPN 63 Kota Bandung,Jalan Surapati,trunk,-6.899754877969994,107.62969392190924,Sangat Dekat (<200m)
5374108596_25773425_STOP525,3,56.5,11.3,103.8,Seberang Imigrasi Bandung,Jalan Surapati,trunk,-6.899154712407217,107.63089042561334,Sangat Dekat (<200m)
5374108596_25773425_STOP526,1,23.8,23.8,23.8,Simpang Jalaprang,Jalan Surapati,trunk,-6.898611060414772,107.63161208749074,Sangat Dekat (<200m)
5374108596_25773425_STOP79,4,62.775,25.3,125.4,Dapen Telkom,Jalan Surapati,trunk,-6.899724036640617,107.62814423892874,Sangat Dekat (<200m)
5374108596_3274608590_STOP346,2,204.25,194.9,213.6,BKKBN,Jalan Pahlawan,tertiary,-6.897573839275113,107.63417336401913,Dekat (200-400m)
5374108596_3274608590_STOP527,3,273.96666666666664,247.8,302.4,SDN 151 Sukasenang,Jalan Pahlawan,tertiary,-6.896479339185974,107.63438076469356,Dekat (200-400m)
5374108596_3274608590_STOP54,1,45.6,45.6,45.6,Taman Makam Pahlawan Cikutra,Jalan Pahlawan,tertiary,-6.892972707673998,107.63525665658362,Sangat Dekat (<200m)
5374108596_3274608590_STOP542,6,149.56666666666666,35.7,271.1,Pahlawan Sidomukti,Jalan Pahlawan,tertiary,-6.894506390898954,107.63487196744859,Sangat Dekat (<200m)
5391571111_1681303075_STOP145,2,40.4,15.7,65.1,Seberang Terminal Cicaheum,Jalan Jenderal Ahmad Yani,trunk,-6.902137624847768,107.65715040916895,Sangat Dekat (<200m)
5391571111_1681303075_STOP213,2,64.9,46.4,83.4,Terminal Angkot Cicaheum,Jalan Jenderal Ahmad Yani,trunk,-6.902055015659038,107.65579793305378,Sangat Dekat (<200m)
5391571111_1681303075_STOP58,1,26.2,26.2,26.2,Terminal Cicaheum,Jalan Jenderal Ahmad Yani,trunk,-6.902111920003289,107.6564728787578,Sangat Dekat (<200m)
5391571111_1681303075_STOP627,1,63.0,63.0,63.0,Simpang Cicaheum,Jalan Jenderal Ahmad Yani,trunk,-6.902024600000003,107.6551205,Sangat Dekat (<200m)
5391571114_1681348740_STOP146,2,55.7,31.2,80.2,Surapati Core,Jalan PH. H. Mustofa,trunk,-6.901899803478658,107.6530327778446,Sangat Dekat (<200m)
5391571114_295556217_STOP146,5,82.94,21.0,171.1,Surapati Core,Jalan PH. H. Mustofa,trunk,-6.901860287909983,107.6519053920058,Sangat Dekat (<200m)
5391571114_295556217_STOP344,2,142.7,117.6,167.8,Cimuncang,Jalan PH. H. Mustofa,trunk,-6.901787796784955,107.65032691741118,Sangat Dekat (<200m)
5391666889_5391666896_STOP249,3,53.06666666666666,11.6,98.8,Jalan Mangga,Jalan Jenderal Ahmad Yani,primary,-6.915354002560246,107.63070855841677,Sangat Dekat (<200m)
5391666890_3277871565_STOP147,1,116.2,116.2,116.2,Stadion Persib Sidolig,Jalan Laswi,primary,-6.9157678,107.6300714,Sangat Dekat (<200m)
5391666890_5391666891_STOP147,1,116.2,116.2,116.2,Stadion Persib Sidolig,Jalan Jenderal Ahmad Yani,primary,-6.9157678,107.6300714,Sangat Dekat (<200m)
5391666891_25432860_STOP147,1,105.9,105.9,105.9,Stadion Persib Sidolig,Jalan Laswi,primary,-6.915816099999996,107.6299922,Sangat Dekat (<200m)
5391666891_5391666897_STOP147,1,105.9,105.9,105.9,Stadion Persib Sidolig,Jalan Jenderal Ahmad Yani,primary,-6.915816099999996,107.6299922,Sangat Dekat (<200m)
5391666896_2520649239_STOP247,2,36.0,12.7,59.3,IBCC,Jalan Jenderal Ahmad Yani,primary,-6.91441567532083,107.63252945109974,Sangat Dekat (<200m)
5391666896_2520649239_STOP248,1,10.7,10.7,10.7,Jalan Bengawan,Jalan Jenderal Ahmad Yani,primary,-6.914100112896115,107.63312956892868,Sangat Dekat (<200m)
5391666896_2520649239_STOP249,3,57.70000000000001,13.1,104.8,Jalan Mangga,Jalan Jenderal Ahmad Yani,primary,-6.914945013270852,107.63153094280322,Sangat Dekat (<200m)
5391666896_3277871566_STOP249,3,53.300000000000004,13.1,97.9,Jalan Mangga,Jalan Jenderal Ahmad Yani,primary,-6.915387479548385,107.63074613112717,Sangat Dekat (<200m)
5391666897_5391666898_STOP147,2,58.550000000000004,33.7,83.4,Stadion Persib Sidolig,Jalan Jenderal Ahmad Yani,primary,-6.916021368757887,107.62961565808877,Sangat Dekat (<200m)
5391666898_3277871564_STOP147,2,30.35,20.3,40.4,Stadion Persib Sidolig,Jalan Jenderal Ahmad Yani,primary,-6.916153723679368,107.62921066826952,Sangat Dekat (<200m)
5391666898_5391666913_STOP143,3,61.43333333333334,11.4,111.6,Dinas Pendidikan Kota Bandung,Jalan Jenderal Ahmad Yani,primary,-6.916695481416422,107.62822156438385,Sangat Dekat (<200m)
5391666898_5391666913_STOP147,1,20.3,20.3,20.3,Stadion Persib Sidolig,Jalan Jenderal Ahmad Yani,primary,-6.916272799999996,107.6290208,Sangat Dekat (<200m)
5391666899_25435162_STOP370,2,94.0,81.9,106.1,Stasiun Cikudapateuh,"['Jalan Kembang Sapatu', 'Jalan Terate', 'Jalan Samoja Dalam']",tertiary,-6.919473405254297,107.6251775023704,Sangat Dekat (<200m)
5391666899_25435162_STOP585,5,126.28,104.0,159.9,Simpang Samoja - Malabar,"['Jalan Kembang Sapatu', 'Jalan Terate', 'Jalan Samoja Dalam']",tertiary,-6.9209520205226625,107.62531506940411,Sangat Dekat (<200m)
5391666899_25435162_STOP97,2,38.45,23.5,53.4,Cikudapateuh,"['Jalan Kembang Sapatu', 'Jalan Terate', 'Jalan Samoja Dalam']",tertiary,-6.918699612187613,107.62490646662482,Sangat Dekat (<200m)
5391666899_7201253642_STOP97,2,25.5,23.5,27.5,Cikudapateuh,Jalan Jenderal Ahmad Yani,primary,-6.918688635832065,107.62455614978039,Sangat Dekat (<200m)
5391666904_1849525950_STOP89,1,64.3,64.3,64.3,Jaya Plaza,Jalan Gudang Utara,tertiary,-6.917196800000004,107.6273636,Sangat Dekat (<200m)
5391666904_7642312005_STOP89,2,40.849999999999994,17.4,64.3,Jaya Plaza,Jalan Jenderal Ahmad Yani,primary,-6.917301174709478,107.62716311028032,Sangat Dekat (<200m)
5391666913_5391666898_STOP143,3,59.13333333333333,9.2,109.2,Dinas Pendidikan Kota Bandung,Jalan Jenderal Ahmad Yani,primary,-6.916685690197305,107.62823991325104,Sangat Dekat (<200m)
5391666913_5391666898_STOP89,1,75.7,75.7,75.7,Jaya Plaza,Jalan Jenderal Ahmad Yani,primary,-6.917113499999994,107.6274434,Sangat Dekat (<200m)
5391666913_5391666904_STOP89,1,75.7,75.7,75.7,Jaya Plaza,Jalan Jenderal Ahmad Yani,primary,-6.917113499999994,107.6274434,Sangat Dekat (<200m)
5392237806_3270422962_STOP219,1,82.4,82.4,82.4,Flyover Antapani,Jalan Terusan Jakarta,primary,-6.913633800000005,107.643657,Sangat Dekat (<200m)
5392237806_6637693198_STOP219,1,82.4,82.4,82.4,Flyover Antapani,Jalan Jakarta,primary,-6.913633800000005,107.643657,Sangat Dekat (<200m)
5392239227_11041579711_STOP218,1,46.4,46.4,46.4,Daese Garmin,Jalan H. Ibrahim Adjie,primary,-6.9190442,107.6441912,Sangat Dekat (<200m)
5392239227_3278023496_STOP218,2,30.35,14.3,46.4,Daese Garmin,Jalan Letnan Jenderal Ibrahim Adjie,primary,-6.9192696975814885,107.64420471938958,Sangat Dekat (<200m)
5392239229_5392239231_STOP395,1,64.1,64.1,64.1,Seberang Kiara Artha,Jalan H. Ibrahim Adjie,primary,-6.914129100000006,107.6437064,Sangat Dekat (<200m)
5392239229_5392239244_STOP219,1,51.6,51.6,51.6,Flyover Antapani,,primary_link,-6.913820591493665,107.6434331935182,Sangat Dekat (<200m)
5392239229_5392239244_STOP395,1,64.1,64.1,64.1,Seberang Kiara Artha,,primary_link,-6.914129100000006,107.6437064,Sangat Dekat (<200m)
5392239230_5392239229_STOP395,2,35.400000000000006,17.1,53.7,Seberang Kiara Artha,Jalan H. Ibrahim Adjie,primary,-6.914451347282712,107.64373619843806,Sangat Dekat (<200m)
5392239231_5392237806_STOP219,1,78.3,78.3,78.3,Flyover Antapani,Jalan H. Ibrahim Adjie,primary,-6.913788300000008,107.6436719,Sangat Dekat (<200m)
5392239231_5392239244_STOP219,1,78.3,78.3,78.3,Flyover Antapani,Jalan Jakarta,primary,-6.913788300000008,107.6436719,Sangat Dekat (<200m)
5392239235_2520649218_STOP219,1,96.8,96.8,96.8,Flyover Antapani,Jalan H. Ibrahim Adjie,primary,-6.913458288022163,107.64370572967564,Sangat Dekat (<200m)
5392239235_2520649218_STOP632,1,84.9,84.9,84.9,Stikom Bandung,Jalan H. Ibrahim Adjie,primary,-6.913017499999996,107.643636,Sangat Dekat (<200m)
5392239235_7850209633_STOP632,1,84.9,84.9,84.9,Stikom Bandung,Jalan H. Ibrahim Adjie,primary,-6.913017499999996,107.643636,Sangat Dekat (<200m)
5392239244_5332863130_STOP219,3,36.766666666666666,8.2,51.5,Flyover Antapani,Jalan Jakarta,primary,-6.913872919448756,107.64298267036264,Sangat Dekat (<200m)
5392239244_5332863130_STOP612,1,64.8,64.8,64.8,Gerbang Utara Kiara Artha Park,Jalan Jakarta,primary,-6.913959314211362,107.64208292667024,Sangat Dekat (<200m)
5392239245_3229412583_STOP503,1,61.6,61.6,61.6,RSIA Grha Bunda,"['Jalan Layang Jaksa Agung R. Soeprapto', 'Jalan Terusan Jakarta']",primary,-6.913519499999994,107.645018,Sangat Dekat (<200m)
5392239245_5332863130_STOP219,4,53.675,26.9,81.0,Flyover Antapani,"['Jalan Layang Jaksa Agung R. Soeprapto', 'Jalan Terusan Jakarta']",primary,-6.913798527515878,107.64300279725549,Sangat Dekat (<200m)
5392239245_5332863130_STOP395,1,115.4,115.4,115.4,Seberang Kiara Artha,"['Jalan Layang Jaksa Agung R. Soeprapto', 'Jalan Terusan Jakarta']",primary,-6.913653133691073,107.64412368576924,Sangat Dekat (<200m)
5392239245_5332863130_STOP503,2,86.55,61.6,111.5,RSIA Grha Bunda,"['Jalan Layang Jaksa Agung R. Soeprapto', 'Jalan Terusan Jakarta']",primary,-6.913552918236771,107.64479442297917,Sangat Dekat (<200m)
5392239245_5332863130_STOP612,1,43.5,43.5,43.5,Gerbang Utara Kiara Artha Park,"['Jalan Layang Jaksa Agung R. Soeprapto', 'Jalan Terusan Jakarta']",primary,-6.913948621693397,107.64188253761743,Sangat Dekat (<200m)
5392239252_5332863119_STOP219,1,85.7,85.7,85.7,Flyover Antapani,Jalan H. Ibrahim Adjie,primary,-6.913777300000004,107.6437379,Sangat Dekat (<200m)
5392239252_5392239231_STOP219,1,85.7,85.7,85.7,Flyover Antapani,Jalan Terusan Jakarta,primary,-6.913777300000004,107.6437379,Sangat Dekat (<200m)
5394983542_2477140738_STOP505,2,573.5999999999999,548.8,598.4,bjb Antapani,Jalan Terusan Jakarta,primary,-6.9133330674512,107.65883029512409,Sedang (400-800m)
5394983542_5394983543_STOP505,1,548.8,548.8,548.8,bjb Antapani,,primary_link,-6.913253799999992,107.6586188,Sedang (400-800m)
5394983543_3270434503_STOP505,8,374.4625,200.2,546.6,bjb Antapani,Jalan Terusan Jakarta,primary,-6.912823995353783,107.65710079565947,Dekat (200-400m)
5394983543_5394983542_STOP505,1,546.6,546.6,546.6,bjb Antapani,,primary_link,-6.913337699999995,107.6585818,Sedang (400-800m)
5394983544_3270445561_STOP637,2,80.85,56.1,105.6,Depan Terminal Antapani,Jalan Terusan Jakarta,primary,-6.914760243163485,107.66519788103696,Sangat Dekat (<200m)
5394983544_5394983545_STOP637,1,105.6,105.6,105.6,Depan Terminal Antapani,,primary_link,-6.914709499999998,107.6649776,Sangat Dekat (<200m)
5394983545_5394983544_STOP637,1,105.1,105.1,105.1,Depan Terminal Antapani,,primary_link,-6.914775999999996,107.66496080000002,Sangat Dekat (<200m)
5394983545_6395644073_STOP637,2,130.2,105.1,155.3,Depan Terminal Antapani,Jalan Terusan Jakarta,primary,-6.914728667437785,107.66473975660372,Sangat Dekat (<200m)
5394983545_6395644073_STOP90,6,330.8666666666667,205.6,456.3,Terminal Antapani,Jalan Terusan Jakarta,primary,-6.914349028961811,107.66297161889707,Dekat (200-400m)
5395151832_25435174_STOP705,2,33.35,18.8,47.9,Simpang Malabar - Gatot Subroto 2,Jalan Malabar,tertiary,-6.924225177685705,107.62410939051028,Sangat Dekat (<200m)
5395151832_5395152111_STOP433,1,84.9,84.9,84.9,Taman Pers Malabar 2,Jalan Malabar,tertiary,-6.924872456653485,107.62392690661608,Sangat Dekat (<200m)
5395151832_5395152111_STOP705,1,47.9,47.9,47.9,Simpang Malabar - Gatot Subroto 2,Jalan Malabar,tertiary,-6.924440800000003,107.6240605,Sangat Dekat (<200m)
5395151866_10825681737_STOP557,6,109.16666666666667,25.8,225.7,JPO Cibangkong,Jalan Jenderal Gatot Subroto,primary,-6.9285075790504385,107.63756716623273,Sangat Dekat (<200m)
5395151866_10825681737_STOP597,7,90.65714285714286,24.6,178.0,Gang Maleer Timur III,Jalan Jenderal Gatot Subroto,primary,-6.930295936099114,107.63986855497195,Sangat Dekat (<200m)
5395151866_29489330_STOP50,1,60.0,60.0,60.0,Seberang TK Kartika X-2 Jalan Turangga,Jalan Jenderal Gatot Subroto,primary,-6.927768202727561,107.63617557866571,Sangat Dekat (<200m)
5395151866_29489330_STOP557,1,26.9,26.9,26.9,JPO Cibangkong,Jalan Jenderal Gatot Subroto,primary,-6.927945399999999,107.636589,Sangat Dekat (<200m)
5395152109_1107865398_STOP433,1,34.5,34.5,34.5,Taman Pers Malabar 2,,tertiary,-6.925325000000004,107.6238958,Sangat Dekat (<200m)
5395152109_240789108_STOP433,2,25.5,16.5,34.5,Taman Pers Malabar 2,Jalan Malabar,tertiary,-6.925545055003338,107.62384465196803,Sangat Dekat (<200m)
5395152109_240789108_STOP656,1,56.1,56.1,56.1,Taman Pers Malabar 1,Jalan Malabar,tertiary,-6.92620579677534,107.62369370971356,Sangat Dekat (<200m)
5395152111_5395151832_STOP433,1,57.8,57.8,57.8,Taman Pers Malabar 2,Jalan Malabar,tertiary,-6.925113100000004,107.6238524,Sangat Dekat (<200m)
5395152111_5395151832_STOP705,1,75.1,75.1,75.1,Simpang Malabar - Gatot Subroto 2,Jalan Malabar,tertiary,-6.924681451759522,107.62398602071748,Sangat Dekat (<200m)
5395152111_5395152109_STOP433,1,57.8,57.8,57.8,Taman Pers Malabar 2,,tertiary,-6.925113100000004,107.6238524,Sangat Dekat (<200m)
5395152126_11181354934_STOP435,1,50.8,50.8,50.8,Sumber Rasa,Jalan Jenderal Gatot Subroto,primary,-6.924433899999996,107.6274045,Sangat Dekat (<200m)
5395152126_3277874424_STOP435,1,50.8,50.8,50.8,Sumber Rasa,,primary_link,-6.924433899999996,107.6274045,Sangat Dekat (<200m)
5395315581_11735248699_STOP90,6,146.13333333333335,27.9,268.8,Terminal Antapani,Jalan Cibatu,primary,-6.916165019486459,107.6649304888764,Sangat Dekat (<200m)
5395315581_3270489638_STOP90,4,343.8,268.8,418.9,Terminal Antapani,Jalan Cibatu,primary,-6.9172935413828895,107.66354243215696,Dekat (200-400m)
5395315581_4123941899_STOP90,18,545.4777777777778,268.8,912.1,Terminal Antapani,Jalan Cikajang Raya,secondary,-6.919835168333003,107.66653635198503,Sedang (400-800m)
5397556729_5353901420_STOP120,1,509.9,509.9,509.9,Pasirluyu Selatan/Sukaati,Jalan Pasir Salam,tertiary,-6.944730900000006,107.6211069,Sedang (400-800m)
5397556729_5353901420_STOP389,11,596.7272727272727,558.9,649.2,PT LEN Industri B,Jalan Pasir Salam,tertiary,-6.943746144332294,107.61914542597559,Sedang (400-800m)
5397556729_5353901420_STOP461,1,664.8,664.8,664.8,Mengger Girang,Jalan Pasir Salam,tertiary,-6.943480836149549,107.61648073693208,Sedang (400-800m)
5397556729_5482193900_STOP120,9,308.9,108.2,509.9,Pasirluyu Selatan/Sukaati,Jalan Pasir Salam,tertiary,-6.946531741530511,107.62125981632818,Dekat (200-400m)
5397556729_6436250308_STOP120,4,529.2249999999999,508.4,568.8,Pasirluyu Selatan/Sukaati,Jalan Suryalaya,tertiary,-6.9445827758998515,107.62172866918667,Sedang (400-800m)
5397556729_6436250308_STOP579,3,495.6333333333334,446.1,545.2,Seberang Griya Buah Batu,Jalan Suryalaya,tertiary,-6.943662177066286,107.62295366658971,Sedang (400-800m)
5397822748_5397822942_STOP202,1,39.3,39.3,39.3,Sekejati,Jalan H. Ibrahim Adjie,primary,-6.939480625944244,107.64220526920734,Sangat Dekat (<200m)
5397822748_5397822942_STOP203,2,33.0,21.2,44.8,Kebon Kangkung 11,Jalan H. Ibrahim Adjie,primary,-6.937902492279081,107.64230659424082,Sangat Dekat (<200m)
5397822748_5397822942_STOP444,2,90.69999999999999,65.6,115.8,Borma Kiaracondong,Jalan H. Ibrahim Adjie,primary,-6.941960551809633,107.64204606711232,Sangat Dekat (<200m)
5397822748_5397822942_STOP445,4,73.975,5.4,147.1,Seberang Jalan Sekejati,Jalan H. Ibrahim Adjie,primary,-6.940607862889642,107.6421328722473,Sangat Dekat (<200m)
5397822748_5397822942_STOP446,2,49.65,24.7,74.6,KPP Madya Dua Bandung,Jalan H. Ibrahim Adjie,primary,-6.938804282806364,107.64224869219927,Sangat Dekat (<200m)
5397822748_5397822942_STOP447,1,179.6,179.6,179.6,SDN 38 Kiaracondong,Jalan H. Ibrahim Adjie,primary,-6.934972847678428,107.64251032838776,Sangat Dekat (<200m)
5397822748_5397822942_STOP609,5,91.03999999999999,29.7,180.1,Kebon Kangkung,Jalan H. Ibrahim Adjie,primary,-6.936324606358873,107.6424113966685,Sangat Dekat (<200m)
5397822748_9198770125_STOP444,1,65.6,65.6,65.6,Borma Kiaracondong,,primary_link,-6.942186000000004,107.6420316,Sangat Dekat (<200m)
5397822942_2325453226_STOP447,1,154.6,154.6,154.6,SDN 38 Kiaracondong,,primary_link,-6.934746700000006,107.6425372,Sangat Dekat (<200m)
5397822942_3278000648_STOP447,4,83.675,18.3,154.6,SDN 38 Kiaracondong,Jalan H. Ibrahim Adjie,primary,-6.9340803955132175,107.64265953861143,Sangat Dekat (<200m)
5397822942_3278000648_STOP831,3,41.06666666666667,21.2,70.4,Binong,Jalan H. Ibrahim Adjie,primary,-6.9325303321468,107.64297092164163,Sangat Dekat (<200m)
5406559329_7673681628_STOP142,4,65.125,23.9,128.8,Kawaluyaan,Jalan Soekarno-Hatta,secondary,-6.9389736483136,107.66402651395363,Sangat Dekat (<200m)
5406559329_7673681628_STOP148,1,69.5,69.5,69.5,RS Al Islam,Jalan Soekarno-Hatta,secondary,-6.938624541623857,107.66876063491112,Sangat Dekat (<200m)
5406559329_7673681628_STOP362,4,99.475,34.8,169.6,Metro Soekarno Hatta,Jalan Soekarno-Hatta,secondary,-6.938827613422121,107.66582886467876,Sangat Dekat (<200m)
5406559329_7673681628_STOP363,3,99.16666666666667,53.1,146.3,Rancabolang,Jalan Soekarno-Hatta,secondary,-6.939149374840311,107.66245402850399,Sangat Dekat (<200m)
5406559329_7673681628_STOP451,4,58.2,15.8,115.9,Sanggar Hurip,Jalan Soekarno-Hatta,secondary,-6.938703587131607,107.66763306625782,Sangat Dekat (<200m)
5408954334_2519873343_STOP621,3,59.800000000000004,20.9,97.5,Pos Polisi Cicadas,"['Jalan Jenderal Ahmad Yani', 'Jalan H. Ibrahim Adjie']",primary,-6.9087162994502656,107.64348983215262,Sangat Dekat (<200m)
5408954334_5205570048_STOP621,1,97.5,97.5,97.5,Pos Polisi Cicadas,Jalan Cikutra,secondary,-6.908447099999996,107.6437989,Sangat Dekat (<200m)
5408954335_10173744448_STOP567,2,66.0,55.2,76.8,De Pavilijoen,Jalan Citarum,tertiary,-6.905765779392027,107.62125286357374,Sangat Dekat (<200m)
5408954335_2520649152_STOP562,2,25.65,13.5,37.8,TK Taruna Bakti,Jalan L.L. RE. Martadinata,secondary,-6.9059146855217595,107.61964834643396,Sangat Dekat (<200m)
5408954335_2520649152_STOP567,3,35.96666666666667,7.5,55.2,De Pavilijoen,Jalan L.L. RE. Martadinata,secondary,-6.905909170223361,107.62076954014621,Sangat Dekat (<200m)
5408954335_6639564151_STOP567,1,55.2,55.2,55.2,De Pavilijoen,Jalan L.L. RE. Martadinata,secondary,-6.905987600000004,107.621213,Sangat Dekat (<200m)
5444615172_1708607132_STOP618,7,200.57142857142858,71.2,344.7,Pusdiklat Geologi Cisitu,Jalan Cisitu Indah,tertiary,-6.877989519643213,107.61266058733815,Dekat (200-400m)
5444644720_1107494497_STOP460,1,235.7,235.7,235.7,Simpang Buah Batu Soekarno Hatta 1,Jalan Batu Api,tertiary,-6.945353799999997,107.6350763,Dekat (200-400m)
5444644720_5269229741_STOP368,3,123.03333333333335,92.6,154.6,SPBU Simpang Buah Batu Soekarno Hatta,Jalan Batu Api,tertiary,-6.946555006468691,107.63566712694698,Sangat Dekat (<200m)
5444644720_5269229741_STOP460,2,214.6,193.5,235.7,Simpang Buah Batu Soekarno Hatta 1,Jalan Batu Api,tertiary,-6.94556006075185,107.63516844649958,Dekat (200-400m)
5444644746_3115137890_STOP334,1,771.5,771.5,771.5,Bangunan Mart A,Bunderan Elok,tertiary,-6.956308200000006,107.6269096,Sedang (400-800m)
5444644746_5444644749_STOP334,6,645.8000000000001,520.1,771.5,Bangunan Mart A,Jalan Batununggal Indah I,tertiary,-6.955204024259305,107.62714794660455,Sedang (400-800m)
5444644749_5847788403_STOP334,1,507.9,507.9,507.9,Bangunan Mart A,Bunderan Raya-1,tertiary,-6.953992499999994,107.6274094,Sedang (400-800m)
5444644826_5825176142_STOP595,1,53.5,53.5,53.5,Timur Simpang Batununggal,Jalan Soekarno-Hatta,trunk,-6.949558399999996,107.6264304,Sangat Dekat (<200m)
5444644826_5825182245_STOP595,2,76.35,53.5,99.2,Timur Simpang Batununggal,,trunk_link,-6.949710123292658,107.62628131287074,Sangat Dekat (<200m)
5447158246_12633822764_STOP118,2,25.85,8.7,43.0,Simpang Kordon Buah Batu,Jalan Marga Cinta,primary,-6.954338307765637,107.63954782784845,Sangat Dekat (<200m)
5447158246_12633822764_STOP719,1,34.4,34.4,34.4,Terminal Angkot Buah Batu-GBA,Jalan Marga Cinta,primary,-6.954103492057931,107.64018394525785,Sangat Dekat (<200m)
5447158246_6609265322_STOP118,1,8.7,8.7,8.7,Simpang Kordon Buah Batu,Jalan Marga Cinta,primary,-6.954412400000005,107.6393343,Sangat Dekat (<200m)
5447158308_5447158315_STOP20,5,192.0,119.8,275.5,Simpang Soetta Kiaracondong,Jalan Terusan Kiara Condong,primary,-6.947444375103954,107.64162635218267,Sangat Dekat (<200m)
5447158308_5447158315_STOP716,9,116.39999999999999,12.6,241.0,SD Negeri 184 Buah Batu,Jalan Terusan Kiara Condong,primary,-6.950566102566166,107.64113260367668,Sangat Dekat (<200m)
5447158308_5447158315_STOP717,4,61.7,22.6,122.1,Tugu Pasar Kordon,Jalan Terusan Kiara Condong,primary,-6.9534050504973655,107.64040905314047,Sangat Dekat (<200m)
5447158308_5458215975_STOP717,1,30.1,30.1,30.1,Tugu Pasar Kordon,,primary,-6.954057400000006,107.6402252,Sangat Dekat (<200m)
5447158309_12633822764_STOP719,1,30.5,30.5,30.5,Terminal Angkot Buah Batu-GBA,,primary,-6.954128,107.6402459,Sangat Dekat (<200m)
5447158315_5447158308_STOP20,5,163.26,107.5,237.4,Simpang Soetta Kiaracondong,Jalan Terusan Kiara Condong,primary,-6.947072030053211,107.64167750527034,Sangat Dekat (<200m)
5447158315_5447158308_STOP716,9,128.03333333333333,20.1,282.9,SD Negeri 184 Buah Batu,Jalan Terusan Kiara Condong,primary,-6.950198032237375,107.64120448547845,Sangat Dekat (<200m)
5447158315_5447158308_STOP717,4,89.025,14.9,163.9,Tugu Pasar Kordon,Jalan Terusan Kiara Condong,primary,-6.953044363737347,107.6405147128765,Sangat Dekat (<200m)
5447158315_5447158421_STOP20,1,107.5,107.5,107.5,Simpang Soetta Kiaracondong,Jalan Terusan Kiara Condong,primary,-6.946177400000001,107.6418037,Sangat Dekat (<200m)
5447158318_8123304854_STOP36,1,104.9,104.9,104.9,Simpang Samsat Kiaracondong,Jalan Letnan Jenderal Ibrahim Adjie,primary,-6.945352499999998,107.6419307,Sangat Dekat (<200m)
5447158318_8390730117_STOP36,1,104.9,104.9,104.9,Simpang Samsat Kiaracondong,Jalan Soekarno-Hatta,trunk,-6.945352499999998,107.6419307,Sangat Dekat (<200m)
5447158320_8123304882_STOP20,5,68.34,22.4,132.1,Simpang Soetta Kiaracondong,Jalan Soekarno-Hatta,trunk,-6.945904506256875,107.64056726366498,Sangat Dekat (<200m)
5447158320_8123304882_STOP368,4,85.825,11.5,160.8,SPBU Simpang Buah Batu Soekarno Hatta,Jalan Soekarno-Hatta,trunk,-6.947278886113146,107.63602527960221,Sangat Dekat (<200m)
5447158320_8123304882_STOP458,3,53.03333333333333,21.8,92.6,Sekelimus 1,Jalan Soekarno-Hatta,trunk,-6.946411542109263,107.63883307904666,Sangat Dekat (<200m)
5447158320_8123304882_STOP459,3,68.3,18.4,118.4,Sekelimus Tengah,Jalan Soekarno-Hatta,trunk,-6.946817294620605,107.63753885279846,Sangat Dekat (<200m)
5447158320_8123304882_STOP460,2,35.5,19.2,51.8,Simpang Buah Batu Soekarno Hatta 1,Jalan Soekarno-Hatta,trunk,-6.947686657962069,107.63473166448262,Sangat Dekat (<200m)
5447158421_5447158320_STOP20,1,103.3,103.3,103.3,Simpang Soetta Kiaracondong,,trunk_link,-6.945915600000003,107.6417931,Sangat Dekat (<200m)
5447158421_8123304860_STOP20,1,103.3,103.3,103.3,Simpang Soetta Kiaracondong,Jalan Terusan Kiara Condong,primary,-6.945915600000003,107.6417931,Sangat Dekat (<200m)
5455661685_1390997943_STOP337,4,563.675,540.8,592.0,Karangsetra Waterland,Jalan Cipedes Atas,tertiary,-6.877024529704348,107.59060913728703,Sedang (400-800m)
5455661685_1390997943_STOP404,12,382.5,266.8,522.2,Simpang Gegerkalong Hilir,Jalan Cipedes Atas,tertiary,-6.872478477390047,107.59051610504257,Dekat (200-400m)
5455661685_1390997943_STOP479,2,573.55,561.1,586.0,SMPN 15 Bandung,Jalan Cipedes Atas,tertiary,-6.87523665300937,107.59068611918013,Sedang (400-800m)
5455661685_1390997943_STOP551,1,598.1,598.1,598.1,Gereja Santo Laurentius,Jalan Cipedes Atas,tertiary,-6.875897148391323,107.5906443243283,Sedang (400-800m)
5455661685_1654067462_STOP337,7,683.7714285714285,540.8,823.2,Karangsetra Waterland,Jalan Prof. Dr. Ir. Sutami,primary,-6.877755688570937,107.5892329669927,Sedang (400-800m)
5455661685_1654067462_STOP352,8,636.825,478.8,798.5,Setrasari,Jalan Prof. Dr. Ir. Sutami,primary,-6.878528283090675,107.58594497492739,Sedang (400-800m)
5455661685_5461446959_STOP337,14,605.6714285714286,524.3,764.8,Karangsetra Waterland,"['Jalan Cipedes Tengah', 'Jalan Setra Indah', 'Jalan Setra Indah Barat', 'Jalan Suka Mulya']",tertiary,-6.880342005099968,107.59014121312053,Sedang (400-800m)
5455661685_5461446959_STOP352,6,741.6166666666667,700.9,807.5,Setrasari,"['Jalan Cipedes Tengah', 'Jalan Setra Indah', 'Jalan Setra Indah Barat', 'Jalan Suka Mulya']",tertiary,-6.883467293971148,107.58809531631162,Sedang (400-800m)
5455661685_5461446959_STOP477,1,804.3,804.3,804.3,Mandiri Sukajadi,"['Jalan Cipedes Tengah', 'Jalan Setra Indah', 'Jalan Setra Indah Barat', 'Jalan Suka Mulya']",tertiary,-6.883050970276903,107.58922726344746,Jauh (>800m)
5455661685_7298267086_STOP337,7,392.4714285714286,248.8,540.8,Karangsetra Waterland,Jalan Sindang Sirna,primary,-6.877904750615879,107.59189960354368,Dekat (200-400m)
5455694139_11199413656_STOP267,2,491.5,490.0,493.0,Stasiun Cimekar 2,Jalan Rancanumpang,secondary,-6.947087066891986,107.70569648040214,Sedang (400-800m)
5455694139_11199413656_STOP386,1,427.5,427.5,427.5,Sekolah Al-Azhar Summarecon,Jalan Rancanumpang,secondary,-6.960549540951793,107.70529210824635,Sedang (400-800m)
5455694139_11199413656_STOP387,3,375.8333333333333,347.4,405.7,Dayana,Jalan Rancanumpang,secondary,-6.961442635358064,107.70515466918982,Dekat (200-400m)
5455694139_11199413656_STOP820,18,383.2722222222222,279.7,600.0,Flora,Jalan Rancanumpang,secondary,-6.956275659069273,107.70566706804884,Dekat (200-400m)
5455694139_11199413656_STOP825,11,490.89090909090913,429.1,592.0,Stasiun Cimekar 1,Jalan Rancanumpang,secondary,-6.949866202807526,107.70594553242391,Sedang (400-800m)
5455694139_6640792413_STOP267,9,694.2666666666667,493.0,895.6,Stasiun Cimekar 2,,tertiary,-6.946281671893013,107.70403383707973,Sedang (400-800m)
5455694139_6640792414_STOP267,1,493.0,493.0,493.0,Stasiun Cimekar 2,Jalan Rancanumpang,secondary,-6.9468667,107.7057449,Sedang (400-800m)
5458167261_5458167281_STOP329,7,1318.8,1262.1,1391.2,Puskesmas Kujangsari A,Jalan Batununggal Indah IX,tertiary,-6.96245448047227,107.62637594500484,Jauh (>800m)
5458167261_5458167281_STOP335,2,1380.9,1380.9,1380.9,LPKIA A,Bunderan Pasar Modern Batununggal,tertiary,-6.961862800000008,107.625806,Jauh (>800m)
5458167262_5458167261_STOP335,1,1371.8,1371.8,1371.8,LPKIA A,Bunderan Pasar Modern Batununggal,tertiary,-6.961790200000004,107.6257236,Jauh (>800m)
5458167262_5458167305_STOP335,6,1254.1333333333334,1137.4,1371.8,LPKIA A,,tertiary,-6.960686545848432,107.62596435445458,Jauh (>800m)
5458167262_5458167305_STOP595,1,1090.9,1090.9,1090.9,Timur Simpang Batununggal,,tertiary,-6.959142096040538,107.62630444525183,Jauh (>800m)
5458167263_5353900365_STOP335,1,1134.9,1134.9,1134.9,LPKIA A,,tertiary,-6.9597280000000055,107.6235282,Jauh (>800m)
5458167263_5458167262_STOP335,7,1238.3714285714286,1134.9,1346.5,LPKIA A,Jalan Batununggal Indah II,tertiary,-6.960660083746354,107.62451309873397,Jauh (>800m)
5458167274_5458167300_STOP595,1,1042.2,1042.2,1042.2,Timur Simpang Batununggal,Bunderan 1-8,tertiary,-6.958710200000005,107.6264158,Jauh (>800m)
5458167274_7227417913_STOP334,2,818.1,793.0,843.2,Bangunan Mart A,Jalan Batununggal Indah I,tertiary,-6.9567186511823484,107.6268248702415,Jauh (>800m)
5458167274_7227417913_STOP595,4,967.725,893.3,1042.2,Timur Simpang Batununggal,Jalan Batununggal Indah I,tertiary,-6.958045522394633,107.62654831044013,Jauh (>800m)
5458167277_5458167300_STOP334,4,858.775,783.4,934.2,Bangunan Mart A,Jalan Batununggal Indah I,tertiary,-6.957087203249454,107.62681022115336,Jauh (>800m)
5458167277_5458167300_STOP595,2,1008.7,983.9,1033.5,Timur Simpang Batununggal,Jalan Batununggal Indah I,tertiary,-6.958413477852343,107.62653013208923,Jauh (>800m)
5458167277_7227417913_STOP334,1,783.4,783.4,783.4,Bangunan Mart A,Bunderan Elok,tertiary,-6.956424199999999,107.6269509,Sedang (400-800m)
5458167281_2500902333_STOP335,1,1386.3,1386.3,1386.3,LPKIA A,Bunderan Pasar Modern Batununggal,tertiary,-6.961918200000008,107.6257512,Jauh (>800m)
5458167298_5458167261_STOP335,5,1249.58,1156.2,1343.5,LPKIA A,,tertiary,-6.96062995910479,107.6260665401845,Jauh (>800m)
5458167298_5458167261_STOP595,2,1083.8,1059.0,1108.6,Timur Simpang Batununggal,,tertiary,-6.959082959282434,107.62639480950456,Jauh (>800m)
5458167298_5458167305_STOP595,1,1059.0,1059.0,1059.0,Timur Simpang Batununggal,Bunderan 1-8,tertiary,-6.958862000000001,107.6264419,Jauh (>800m)
5458167300_5458167298_STOP595,1,1043.8,1043.8,1043.8,Timur Simpang Batununggal,Bunderan 1-8,tertiary,-6.958726099999996,107.6264643,Jauh (>800m)
5458167305_5458167274_STOP595,1,1058.1,1058.1,1058.1,Timur Simpang Batununggal,Bunderan 1-8,tertiary,-6.958850099999991,107.6263692,Jauh (>800m)
5458168297_12806516351_STOP230,2,58.199999999999996,42.3,74.1,Bundaran Cibiru,Bunderan Cibiru,trunk_link,-6.934951880493484,107.7178468864017,Sangat Dekat (<200m)
5458168297_4427752879_STOP230,2,82.44999999999999,74.1,90.8,Bundaran Cibiru,Jalan Raya Cibiru,trunk,-6.934823519754278,107.71802298167735,Sangat Dekat (<200m)
5458169147_7284403242_STOP423,5,62.17999999999999,7.6,105.0,Universitas Bhakti Kencana,Jalan Soekarno-Hatta,secondary,-6.935633002965574,107.70992612591871,Sangat Dekat (<200m)
5458169147_9443702028_STOP423,1,105.0,105.0,105.0,Universitas Bhakti Kencana,,trunk_link,-6.935701400000005,107.7090245,Sangat Dekat (<200m)
5458169530_11106971273_STOP230,2,150.3,125.2,175.4,Bundaran Cibiru,Jalan Soekarno-Hatta,trunk,-6.9353635305729675,107.71623863732401,Sangat Dekat (<200m)
5458169530_11106971273_STOP356,2,205.0,179.9,230.1,Panyileukan,Jalan Soekarno-Hatta,trunk,-6.935527831241566,107.71398400770528,Dekat (200-400m)
5458169530_11106971273_STOP379,3,249.20000000000002,221.9,278.8,Pangkalan DAMRI Cibiru,Jalan Soekarno-Hatta,trunk,-6.93544568208821,107.71511132318169,Dekat (200-400m)
5458169530_11106971279_STOP230,3,174.83333333333334,125.2,224.8,Bundaran Cibiru,Jalan Soekarno-Hatta,secondary,-6.935421747652966,107.71601930652288,Sangat Dekat (<200m)
5458169530_11106971279_STOP356,4,205.075,129.7,280.5,Panyileukan,Jalan Soekarno-Hatta,secondary,-6.935598847294385,107.71399388831679,Dekat (200-400m)
5458169530_11106971279_STOP379,1,252.9,252.9,252.9,Pangkalan DAMRI Cibiru,Jalan Soekarno-Hatta,secondary,-6.935514456918158,107.71512099368084,Dekat (200-400m)
5458169533_2634710039_STOP230,1,57.4,57.4,57.4,Bundaran Cibiru,Bunderan Cibiru,trunk,-6.934898200000004,107.7174158,Sangat Dekat (<200m)
5458169533_35131598_STOP230,2,81.55,57.4,105.7,Bundaran Cibiru,Jalan Abdul Haris Nasution,trunk,-6.934698022576732,107.7173316911832,Sangat Dekat (<200m)
5458215975_5447158309_STOP719,1,34.0,34.0,34.0,Terminal Angkot Buah Batu-GBA,,primary,-6.954095999999993,107.6402643,Sangat Dekat (<200m)
5458215975_9626125965_STOP719,1,34.0,34.0,34.0,Terminal Angkot Buah Batu-GBA,Jalan Marga Cinta,primary,-6.954095999999993,107.6402643,Sangat Dekat (<200m)
5458564731_2746819080_STOP324,2,294.35,269.2,319.5,Bluebird B,Jalan Buah Batu,primary,-6.960990506745057,107.63893623627428,Dekat (200-400m)
5458564731_2746819080_STOP329,1,358.7,358.7,358.7,Puskesmas Kujangsari A,Jalan Buah Batu,primary,-6.961647227024588,107.63876864503275,Dekat (200-400m)
5458564731_3472154933_STOP324,1,269.2,269.2,269.2,Bluebird B,,primary_link,-6.960771600000006,107.6389921,Dekat (200-400m)
5460926047_1658956030_STOP125,2,80.7,78.2,83.2,BPJS Pasteur,Jalan Sukawarna,tertiary,-6.892567945011498,107.58232890670166,Sangat Dekat (<200m)
5460926047_1658956030_STOP15,1,182.4,182.4,182.4,Mall d'Botanica,Jalan Sukawarna,tertiary,-6.893994608508436,107.58428514152764,Sangat Dekat (<200m)
5460926047_1658956030_STOP378,4,130.5,92.8,174.2,Warung Cepot,Jalan Sukawarna,tertiary,-6.893503898719979,107.58328459248465,Sangat Dekat (<200m)
5460926047_1658956030_STOP490,5,156.64,145.1,175.7,Djundjunan 3,Jalan Sukawarna,tertiary,-6.894175314365791,107.58562166681376,Sangat Dekat (<200m)
5460926047_1658956030_STOP630,1,145.3,145.3,145.3,Sukamulya,Jalan Sukawarna,tertiary,-6.894026365497053,107.58694723641972,Sangat Dekat (<200m)
5460926047_1773328595_STOP125,1,83.2,83.2,83.2,BPJS Pasteur,Jalan Dr. Djunjunan,trunk,-6.892391899999995,107.5821877,Sangat Dekat (<200m)
5460926047_1773328595_STOP241,1,103.9,103.9,103.9,Simpang Surya Sumantri Pasteur,Jalan Dr. Djunjunan,trunk,-6.892367880181825,107.581736541615,Sangat Dekat (<200m)
5460926051_1658426557_STOP127,11,148.1,23.4,324.3,Maranatha,Jalan Prof. Dr. Surya Soemantri,primary,-6.886390393262289,107.58136004861257,Sangat Dekat (<200m)
5460926051_1658426557_STOP241,7,132.21428571428572,25.0,274.6,Simpang Surya Sumantri Pasteur,Jalan Prof. Dr. Surya Soemantri,primary,-6.890443223358099,107.58139120733236,Sangat Dekat (<200m)
5460926051_1658426557_STOP352,3,116.13333333333333,66.0,166.3,Setrasari,Jalan Prof. Dr. Surya Soemantri,primary,-6.883229873898128,107.58146008343482,Sangat Dekat (<200m)
5460962097_13141223516_STOP114,7,285.9857142857143,136.9,434.8,Simpang Derwati,Jalan Gedebage Selatan,primary,-6.964155866632489,107.68690459030016,Dekat (200-400m)
5460962097_13141223516_STOP371,12,300.7416666666667,157.8,529.9,Magna,Jalan Gedebage Selatan,primary,-6.958973294919765,107.68668406800936,Dekat (200-400m)
5460962097_13141223516_STOP521,2,498.75,484.2,513.3,SDN 069 Cipamokolan Derwati,Jalan Gedebage Selatan,primary,-6.962131429403038,107.6867534114524,Sedang (400-800m)
5460962097_35138922_STOP371,14,414.1714285714285,175.5,699.5,Magna,Jalan Gedebage Selatan,primary,-6.953616617660289,107.68651221559207,Sedang (400-800m)
5460962097_5848061348_STOP371,1,175.5,175.5,175.5,Magna,Jalan Magna Raya,tertiary,-6.956513300000004,107.6864602,Sangat Dekat (<200m)
5461446468_2315712822_STOP3,1,672.5,672.5,672.5,Sukagalih,,tertiary,-6.886694899999994,107.5880745,Sedang (400-800m)
5461446470_5461446468_STOP3,1,669.0,669.0,669.0,Sukagalih,,tertiary,-6.886697399999995,107.5881533,Sedang (400-800m)
5461446470_5461446930_STOP3,3,621.9333333333334,575.6,669.0,Sukagalih,Jalan Suka Mulya,tertiary,-6.887147319166537,107.58817349900096,Sedang (400-800m)
5461446930_29377839_STOP3,11,379.58181818181816,235.1,571.4,Sukagalih,Jalan Suka Mulya,tertiary,-6.889805543652167,107.58819208741744,Dekat (200-400m)
5461446930_29377839_STOP630,2,222.85,199.5,246.2,Sukamulya,Jalan Suka Mulya,tertiary,-6.892603103033602,107.58804527935698,Dekat (200-400m)
5461446930_5461446468_STOP3,3,619.0,571.4,666.5,Sukagalih,Jalan Suka Mulya,tertiary,-6.887200453313049,107.5881157274476,Sedang (400-800m)
5461446959_2315712821_STOP127,4,752.85,750.8,755.6,Maranatha,Jalan Suka Mulya,tertiary,-6.885135323495924,107.58804461591659,Sedang (400-800m)
5461446959_2315712821_STOP3,1,715.4,715.4,715.4,Sukagalih,Jalan Suka Mulya,tertiary,-6.886262105845041,107.58812310530551,Sedang (400-800m)
5461446959_5455661685_STOP127,1,755.6,755.6,755.6,Maranatha,"['Jalan Cipedes Tengah', 'Jalan Setra Indah', 'Jalan Setra Indah Barat', 'Jalan Suka Mulya']",tertiary,-6.884459600000007,107.58799430000002,Sedang (400-800m)
5461446959_5455661685_STOP337,14,615.0428571428572,524.6,820.5,Karangsetra Waterland,"['Jalan Cipedes Tengah', 'Jalan Setra Indah', 'Jalan Setra Indah Barat', 'Jalan Suka Mulya']",tertiary,-6.880498229647813,107.59008421606153,Sedang (400-800m)
5461446959_5455661685_STOP352,5,732.9399999999999,692.5,788.7,Setrasari,"['Jalan Cipedes Tengah', 'Jalan Setra Indah', 'Jalan Setra Indah Barat', 'Jalan Suka Mulya']",tertiary,-6.883384873730163,107.58803760458423,Sedang (400-800m)
5461446959_5455661685_STOP477,1,775.3,775.3,775.3,Mandiri Sukajadi,"['Jalan Cipedes Tengah', 'Jalan Setra Indah', 'Jalan Setra Indah Barat', 'Jalan Suka Mulya']",tertiary,-6.883004045577702,107.58949132547092,Sedang (400-800m)
5463399920_312086670_STOP233,6,220.36666666666667,118.5,316.2,Sangkuriang,Jalan Sangkuriang,tertiary,-6.883099477737005,107.61009158696783,Dekat (200-400m)
5463399920_312086670_STOP66,3,347.8333333333333,339.5,361.2,Gandok,Jalan Sangkuriang,tertiary,-6.882392105752835,107.60855862896057,Dekat (200-400m)
5463596824_25448881_STOP519,1,118.9,118.9,118.9,Sumur Bandung,Jalan Sumur Bandung,tertiary,-6.886303599999996,107.611879,Sangat Dekat (<200m)
5463596824_5463596826_STOP519,1,118.9,118.9,118.9,Sumur Bandung,Jalan Sumur Bandung,tertiary,-6.886303599999996,107.611879,Sangat Dekat (<200m)
5463596826_25448881_STOP519,1,162.6,162.6,162.6,Sumur Bandung,Jalan Tamansari,secondary,-6.886646099999993,107.61164750000002,Sangat Dekat (<200m)
5463596826_29359329_STOP519,1,162.6,162.6,162.6,Sumur Bandung,Jalan Tamansari,secondary,-6.886646099999993,107.61164750000002,Sangat Dekat (<200m)
5463827264_1662376584_STOP591,2,46.65,28.3,65.0,Dago Asri A,Jalan Dago Asri Raya,tertiary,-6.878634059549512,107.61623298800944,Sangat Dekat (<200m)
5463827264_1708607132_STOP591,5,155.9,65.0,233.1,Dago Asri A,"['Jalan Alpina', 'Jalan Dago Asri Raya', 'Jalan Cisitu Lama VIII', 'Jalan Dago Asri IV']",tertiary,-6.878483324076393,107.61516746521629,Sangat Dekat (<200m)
5463827264_1708607132_STOP618,5,184.32,106.7,251.4,Pusdiklat Geologi Cisitu,"['Jalan Alpina', 'Jalan Dago Asri Raya', 'Jalan Cisitu Lama VIII', 'Jalan Dago Asri IV']",tertiary,-6.878669418968544,107.61338125003208,Sangat Dekat (<200m)
5463988176_13648191536_STOP163,1,74.8,74.8,74.8,Cikapayang Dago 2,Jalan Surapati,primary,-6.8988469000000014,107.6128334,Sangat Dekat (<200m)
5463988176_5825261665_STOP163,1,74.8,74.8,74.8,Cikapayang Dago 2,Jalan Ir. H. Djuanda,primary,-6.8988469000000014,107.6128334,Sangat Dekat (<200m)
5465992318_1663274762_STOP600,1,260.2,260.2,260.2,Seberang ITHB,,primary_link,-6.8890239000000015,107.6134757,Dekat (200-400m)
5465992318_1663274768_STOP268,3,202.96666666666667,181.7,227.6,Seberang UNIKOM,Jalan Ir. H. Djuanda,primary,-6.8881229992355495,107.61354404736676,Dekat (200-400m)
5465992318_1663274768_STOP600,1,260.2,260.2,260.2,Seberang ITHB,Jalan Ir. H. Djuanda,primary,-6.8890239000000015,107.6134757,Dekat (200-400m)
5465992888_10261582621_STOP600,1,197.6,197.6,197.6,Seberang ITHB,Jalan Dipatiukur,secondary,-6.890591400000001,107.6168134,Sangat Dekat (<200m)
5465992888_1857160826_STOP140,4,96.35,21.3,171.6,Dipatiukur,Jalan Dipatiukur,secondary,-6.8915561704075055,107.61739609642267,Sangat Dekat (<200m)
5465992888_1857160826_STOP600,1,197.6,197.6,197.6,Seberang ITHB,Jalan Dipatiukur,secondary,-6.890591400000001,107.6168134,Sangat Dekat (<200m)
5465993094_1663274762_STOP268,4,196.55,169.6,234.4,Seberang UNIKOM,Jalan Ir. H. Djuanda,primary,-6.888061041453055,107.61361149697997,Sangat Dekat (<200m)
5465993094_1663274768_STOP268,1,169.6,169.6,169.6,Seberang UNIKOM,Jalan Dayang Sumbi,tertiary,-6.887384499999997,107.6136515,Sangat Dekat (<200m)
5479191291_2518074025_STOP823,1,233.3,233.3,233.3,Gerbang Biru GBLA 1,Jalan Pintu Masuk GBLA,tertiary,-6.959062900000008,107.7103767,Dekat (200-400m)
5479191291_5479194193_STOP823,5,133.48,34.1,233.3,Gerbang Biru GBLA 1,,tertiary,-6.958172607576659,107.71052825184881,Sangat Dekat (<200m)
5479191291_5479194193_STOP824,10,236.61999999999998,16.4,461.4,Gerbang Biru GBLA 2,,tertiary,-6.9547996859722065,107.71080294452159,Dekat (200-400m)
5479191291_5479194193_STOP825,5,358.28000000000003,267.2,451.8,Stasiun Cimekar 1,,tertiary,-6.951424571765145,107.71105855168662,Dekat (200-400m)
5479194191_11136401953_STOP821,1,213.7,213.7,213.7,Gerbang Merah GBLA 1,Jalan Pintu Masuk GBLA,tertiary,-6.959251899999998,107.7156383,Dekat (200-400m)
5479194191_6408095332_STOP821,13,310.68461538461537,213.7,451.8,Gerbang Merah GBLA 1,Jalan Viking,tertiary,-6.961458140490569,107.71452930126718,Dekat (200-400m)
5479194191_6408095332_STOP822,7,585.8714285714286,482.9,696.9,Gerbang Merah GBLA 2,Jalan Viking,tertiary,-6.963918716076569,107.71092323416728,Sedang (400-800m)
5479194191_8408170536_STOP821,2,238.0,213.7,262.3,Gerbang Merah GBLA 1,,tertiary,-6.95919569026069,107.71585617929011,Dekat (200-400m)
5479194193_9729638579_STOP267,2,52.900000000000006,28.4,77.4,Stasiun Cimekar 2,,tertiary,-6.9482216402008765,107.70947178969439,Sangat Dekat (<200m)
5479194193_9729638579_STOP825,6,136.9,21.9,243.6,Stasiun Cimekar 1,,tertiary,-6.949254469105882,107.7107818382212,Sangat Dekat (<200m)
5479194193_9729638593_STOP825,1,243.6,243.6,243.6,Stasiun Cimekar 1,,tertiary_link,-6.950265500000008,107.7111008,Dekat (200-400m)
5482193683_5348770388_STOP120,3,47.06666666666666,13.0,89.2,Pasirluyu Selatan/Sukaati,Jalan Soekarno-Hatta,trunk,-6.949229512155171,107.62102622378787,Sangat Dekat (<200m)
5482193683_5348770388_STOP389,2,85.3,60.9,109.7,PT LEN Industri B,Jalan Soekarno-Hatta,trunk,-6.949153568707535,107.61989835628056,Sangat Dekat (<200m)
5482193683_5847788420_STOP120,10,223.64000000000001,13.0,446.8,Pasirluyu Selatan/Sukaati,Jalan Sukaati,tertiary,-6.951283852849464,107.62158053602954,Dekat (200-400m)
5482193683_5847788420_STOP122,11,692.3727272727273,473.1,926.8,STIE Inaba,Jalan Sukaati,tertiary,-6.955625376827883,107.62239943517015,Sedang (400-800m)
5482193683_5847788420_STOP335,3,1014.7666666666668,968.5,1061.5,LPKIA A,Jalan Sukaati,tertiary,-6.958583162959816,107.62295874304988,Jauh (>800m)
5482193900_10187187001_STOP120,2,80.7,56.7,104.7,Pasirluyu Selatan/Sukaati,Jalan Pasir Salam,tertiary,-6.948585646971076,107.62144902160111,Sangat Dekat (<200m)
5482193900_5397556729_STOP120,9,305.4111111111111,104.7,506.4,Pasirluyu Selatan/Sukaati,Jalan Pasir Salam,tertiary,-6.94656296911405,107.62126244277493,Dekat (200-400m)
5487599496_5489991816_STOP198,1,657.2,657.2,657.2,Karasak Lama,Jalan Raden Rangga Kencana,tertiary,-6.952562899999999,107.5985158,Sedang (400-800m)
5487650882_5353902843_STOP198,1,543.9,543.9,543.9,Karasak Lama,,tertiary_link,-6.951219299999993,107.5985661,Sedang (400-800m)
5487650882_5487599496_STOP198,4,601.45,543.9,658.0,Karasak Lama,Jalan Mekar Puspita,tertiary,-6.951890031097554,107.598515102303,Sedang (400-800m)
5487734495_5487734496_STOP135,1,1044.2,1044.2,1044.2,SD Negeri 005 Babakan Ciparay,Jalan Kopo Sayati,primary,-6.956973399999991,107.5822054,Jauh (>800m)
5487734496_29489290_STOP135,1,1059.3,1059.3,1059.3,SD Negeri 005 Babakan Ciparay,,primary_link,-6.9570847000000064,107.5821282,Jauh (>800m)
5487734496_5487734500_STOP135,3,1109.5,1059.3,1159.7,SD Negeri 005 Babakan Ciparay,Jalan Kopo Sayati,primary,-6.9574513031912915,107.58186387287593,Jauh (>800m)
5487734497_13010031522_STOP135,8,769.9875,594.0,946.0,SD Negeri 005 Babakan Ciparay,Jalan Kopo Sayati,primary,-6.954913792622189,107.58355678488819,Sedang (400-800m)
5487734497_5487734495_STOP135,2,970.9,946.0,995.8,SD Negeri 005 Babakan Ciparay,Jalan Kopo Sayati,primary,-6.956419812837454,107.58256191207248,Jauh (>800m)
5487734500_5348639876_STOP135,3,1145.4666666666665,1095.6,1195.0,SD Negeri 005 Babakan Ciparay,Jalan Kopo Sayati,primary,-6.957677944595543,107.58161972229244,Jauh (>800m)
5487734501_5487734497_STOP135,2,989.25,964.1,1014.4,SD Negeri 005 Babakan Ciparay,Jalan Kopo Sayati,primary,-6.956522011687785,107.58241558101967,Jauh (>800m)
5487734504_5487734501_STOP135,1,1044.2,1044.2,1044.2,SD Negeri 005 Babakan Ciparay,Jalan Akses Tol Kopo,primary_link,-6.956771899999999,107.5819029,Jauh (>800m)
5488117167_5488117175_STOP198,1,693.6,693.6,693.6,Karasak Lama,,tertiary,-6.952645999999998,107.5981041,Sedang (400-800m)
5488117168_5353902840_STOP198,1,684.4,684.4,684.4,Karasak Lama,Jalan Raden Rangga Kencana,tertiary,-6.952522200000006,107.5980882,Sedang (400-800m)
5488117168_5488117167_STOP198,1,684.4,684.4,684.4,Karasak Lama,,tertiary,-6.952522200000006,107.5980882,Sedang (400-800m)
5488117175_5353902926_STOP121,4,712.4,673.0,753.6,Leuwipanjang Soekarno Hatta,Jalan Indrayasa,tertiary,-6.952491880479843,107.59632347387455,Sedang (400-800m)
5488117175_5353902926_STOP198,2,722.45,706.2,738.7,Karasak Lama,Jalan Indrayasa,tertiary,-6.952601197217296,107.59767534862857,Sedang (400-800m)
5488117175_5353902926_STOP385,1,652.6,652.6,652.6,Seberang Terminal Leuwipanjang,Jalan Indrayasa,tertiary,-6.952386270471751,107.59519816608956,Sedang (400-800m)
5488117175_6468977370_STOP198,1,706.2,706.2,706.2,Karasak Lama,,tertiary,-6.952616799999999,107.5979009,Sedang (400-800m)
5489855947_3383341287_STOP338,2,36.95,22.3,51.6,Holis 2,Jalan Soekarno-Hatta,trunk,-6.924653497960163,107.57516288230045,Sangat Dekat (<200m)
5489855947_3383341287_STOP381,2,39.55,14.6,64.5,Holis 1,Jalan Soekarno-Hatta,trunk,-6.925546720823763,107.57530013367077,Sangat Dekat (<200m)
5489855947_3383341287_STOP398,1,39.1,39.1,39.1,Simpang Holis Soekarno Hatta,Jalan Soekarno-Hatta,trunk,-6.9239838999999925,107.5750579,Sangat Dekat (<200m)
5489977551_13413840425_STOP198,1,584.0,584.0,584.0,Karasak Lama,Jalan Mekar Laksana,tertiary,-6.953103299999994,107.6031446,Sedang (400-800m)
5489977551_5489991827_STOP198,6,575.7666666666667,569.8,584.0,Karasak Lama,Jalan Raden Rangga Kencana,tertiary,-6.953057085020139,107.60202961444645,Sedang (400-800m)
5489991814_13413840424_STOP198,6,558.8000000000001,552.1,571.1,Karasak Lama,Jalan Raden Rangga Kencana,tertiary,-6.952893431850566,107.60185823482357,Sedang (400-800m)
5489991814_5489991827_STOP198,1,561.0,561.0,561.0,Karasak Lama,,tertiary_link,-6.952768799999995,107.60073470000002,Sedang (400-800m)
5489991816_13413660892_STOP198,3,609.7666666666667,589.6,631.3,Karasak Lama,Jalan Raden Rangga Kencana,tertiary,-6.952651151679942,107.59941090626808,Sedang (400-800m)
5489991816_5489991817_STOP198,1,631.3,631.3,631.3,Karasak Lama,,tertiary_link,-6.952605099999992,107.5989611,Sedang (400-800m)
5489991817_5488117167_STOP198,2,656.75,644.2,669.3,Karasak Lama,Jalan Raden Rangga Kencana,tertiary,-6.952712695658878,107.5987235102416,Sedang (400-800m)
5489991817_5489991816_STOP198,1,644.2,644.2,644.2,Karasak Lama,,tertiary_link,-6.9527368999999934,107.5989483,Sedang (400-800m)
5489991827_13413660891_STOP198,2,584.85,579.0,590.7,Karasak Lama,Jalan Raden Rangga Kencana,tertiary,-6.952908251072531,107.60048545924317,Sedang (400-800m)
5489991827_5489991814_STOP198,1,579.0,579.0,579.0,Karasak Lama,,tertiary_link,-6.952930000000007,107.6007105,Sedang (400-800m)
5490125456_5353902327_STOP139,5,362.98,266.5,460.4,Jalan Haji Tatang Sumantri,Jalan Mekar Utama,tertiary,-6.954233303312644,107.60820691798463,Dekat (200-400m)
5490125456_5490125457_STOP139,1,460.4,460.4,460.4,Jalan Haji Tatang Sumantri,,tertiary_link,-6.953879399999991,107.6073749,Sedang (400-800m)
5490125457_5353902572_STOP139,3,513.8666666666667,464.4,563.5,Jalan Haji Tatang Sumantri,"['Jalan Mekar Utama', 'Jalan Mekar Laksana']",tertiary,-6.953824968590179,107.6068966865975,Sedang (400-800m)
5490125457_5353902572_STOP463,5,581.12,567.2,604.0,Ampera Soekarno Hatta,"['Jalan Mekar Utama', 'Jalan Mekar Laksana']",tertiary,-6.953338573470219,107.60517076274023,Sedang (400-800m)
5490125457_5490125456_STOP139,1,464.4,464.4,464.4,Jalan Haji Tatang Sumantri,,tertiary_link,-6.953986600000001,107.6073188,Sedang (400-800m)
5493008236_1666231704_STOP18,2,76.95,53.0,100.9,Pangkalan Angkot Cimindi,Jalan Jend. H. Amir Machmud,trunk,-6.894925085934597,107.55969062853268,Sangat Dekat (<200m)
5495698458_11458642953_STOP280,1,42.2,42.2,42.2,Kemenag Kanwil Jabar,Jalan Jendral Sudirman,primary,-6.917565499999994,107.5767383,Sangat Dekat (<200m)
5495698458_6616544863_STOP280,1,42.2,42.2,42.2,Kemenag Kanwil Jabar,Jalan Jendral Sudirman,primary_link,-6.917565499999994,107.5767383,Sangat Dekat (<200m)
5495700165_5344074236_STOP282,2,191.2,166.1,216.3,Sudirman 3,Jalan Jendral Sudirman,trunk,-6.91292874071172,107.57059957953163,Sangat Dekat (<200m)
5495700165_5344074236_STOP491,1,254.8,254.8,254.8,Seberang Gang Pelita,Jalan Jendral Sudirman,trunk,-6.913510100000005,107.5709482,Dekat (200-400m)
5504142700_3445484564_STOP282,2,191.25,166.1,216.4,Sudirman 3,Jalan Jendral Sudirman,trunk,-6.912978829418652,107.5705276977956,Sangat Dekat (<200m)
5504142700_3445484564_STOP491,1,250.2,250.2,250.2,Seberang Gang Pelita,Jalan Jendral Sudirman,trunk,-6.913559400000004,107.57087730000002,Dekat (200-400m)
5504142700_5495700165_STOP491,1,250.2,250.2,250.2,Seberang Gang Pelita,,trunk_link,-6.913559400000004,107.57087730000002,Dekat (200-400m)
5504449389_2551351402_STOP179,1,166.2,166.2,166.2,Jalan Budi,Jalan Layang Cimindi,trunk,-6.893480900000005,107.5587916,Sangat Dekat (<200m)
5504449389_5493008236_STOP179,1,166.2,166.2,166.2,Jalan Budi,Jalan Jend. H. Amir Machmud,trunk,-6.893480900000005,107.5587916,Sangat Dekat (<200m)
5504449389_5493008236_STOP18,3,163.46666666666667,113.9,213.2,Pangkalan Angkot Cimindi,Jalan Jend. H. Amir Machmud,trunk,-6.89424488095812,107.55927361732991,Sangat Dekat (<200m)
5504454497_5504449389_STOP179,6,80.56666666666666,15.3,166.0,Jalan Budi,Jalan Jend. H. Amir Machmud,trunk,-6.892502584778075,107.55822191028965,Sangat Dekat (<200m)
5504859191_9372965562_STOP180,1,82.3,82.3,82.3,SMAN 13 Bandung A,Jalan Jend. H. Amir Machmud,trunk,-6.9027101999999925,107.5644255,Sangat Dekat (<200m)
5509853099_5504859191_STOP14,1,316.6,316.6,316.6,Stasiun Cimindi,Jalan Jend. H. Amir Machmud,trunk,-6.898704500000006,107.5620012,Dekat (200-400m)
5509853099_5504859191_STOP180,1,100.4,100.4,100.4,SMAN 13 Bandung A,Jalan Jend. H. Amir Machmud,trunk,-6.902570815549806,107.56434111563826,Sangat Dekat (<200m)
5509853099_5504859191_STOP603,9,122.6888888888889,16.3,266.4,Sekolah Advent Cimindi,Jalan Jend. H. Amir Machmud,trunk,-6.900637981567108,107.56317063005737,Sangat Dekat (<200m)
5639373300_2325438077_STOP479,1,37.1,37.1,37.1,SMPN 15 Bandung,Jalan Sukajadi,primary,-6.874326699999998,107.5958725,Sangat Dekat (<200m)
5639373300_5639373305_STOP479,1,37.1,37.1,37.1,SMPN 15 Bandung,,primary_link,-6.874326699999998,107.5958725,Sangat Dekat (<200m)
5639373305_29358836_STOP478,1,3.8,3.8,3.8,Borma Setiabudhi,Jalan Dr. Setiabudi,primary,-6.874630005587859,107.59624463894902,Sangat Dekat (<200m)
5639373305_29358836_STOP479,1,40.9,40.9,40.9,SMPN 15 Bandung,Jalan Dr. Setiabudi,primary,-6.874250699999996,107.5959994,Sangat Dekat (<200m)
5639376031_10177320000_STOP489,2,241.89999999999998,240.6,243.2,SDN Sukaraja,Jalan Cibogo,secondary,-6.8908337015475745,107.576602001389,Dekat (200-400m)
5639376031_1658431511_STOP489,6,133.28333333333333,53.2,240.6,SDN Sukaraja,Jalan Cibogo,secondary,-6.890867351671776,107.57778907594418,Sangat Dekat (<200m)
5639376089_5353615188_STOP123,6,151.70000000000002,101.0,237.9,Taman Westhoff,,trunk_link,-6.900150626266739,107.59900265931326,Sangat Dekat (<200m)
5639376089_5353615188_STOP353,2,212.95,187.9,238.0,GKI Pasteur,,trunk_link,-6.900208603179587,107.6008093733661,Dekat (200-400m)
5639376089_5353615188_STOP80,2,39.35,17.6,61.1,Garunggang Kulon,,trunk_link,-6.89919876105502,107.59745067510707,Sangat Dekat (<200m)
5639376089_5353615188_STOP81,1,101.9,101.9,101.9,Djunjunan Paskal,,trunk_link,-6.899869434055908,107.59753374832556,Sangat Dekat (<200m)
5639376089_5826215870_STOP80,2,38.75,17.6,59.9,Garunggang Kulon,Jalan Pasir Kaliki,"['primary', 'trunk_link']",-6.899201667662109,107.59743093649493,Sangat Dekat (<200m)
5639376089_5826215870_STOP81,2,100.55,96.3,104.8,Djunjunan Paskal,Jalan Pasir Kaliki,"['primary', 'trunk_link']",-6.900041503056846,107.59760243626242,Sangat Dekat (<200m)
5646605222_1083569114_STOP350,2,65.95,62.4,69.5,Lemahneundeut,Jalan Perintis,tertiary,-6.880816186372604,107.57845477797,Sangat Dekat (<200m)
5646605222_1083569114_STOP351,1,96.2,96.2,96.2,Sarijadi,Jalan Perintis,tertiary,-6.881006945181688,107.5778040115145,Sangat Dekat (<200m)
5646605222_1083569114_STOP391,3,61.400000000000006,12.6,110.9,Sarimanah,Jalan Perintis,tertiary,-6.881272646213065,107.57693979497732,Sangat Dekat (<200m)
5646605222_13097895693_STOP128,7,214.68571428571428,135.1,281.3,Simpang Sarimanah Sariasih,"['Jalan Sariasih', 'Jalan Sari Rasa']",secondary,-6.877504390035154,107.57967545774501,Dekat (200-400m)
5646605222_13097895693_STOP350,5,156.88,62.4,252.2,Lemahneundeut,"['Jalan Sariasih', 'Jalan Sari Rasa']",secondary,-6.879917557610808,107.57881048829965,Sangat Dekat (<200m)
5646605222_29356722_STOP350,5,137.85999999999999,62.4,226.8,Lemahneundeut,Jalan Terusan Prof. Dr. Ir. Sutami,primary,-6.880481590018357,107.57953411999415,Sangat Dekat (<200m)
5646605222_29356722_STOP352,3,207.0,159.8,251.2,Setrasari,Jalan Terusan Prof. Dr. Ir. Sutami,primary,-6.880413443608742,107.58103965381831,Dekat (200-400m)
5648629181_11740333992_STOP766,1,71.3,71.3,71.3,Alun-alun Cicendo1,Jalan Layang Ciroyom,secondary,-6.911742199999991,107.58940640000002,Sangat Dekat (<200m)
5648629181_29377042_STOP766,3,120.03333333333335,71.3,169.5,Alun-alun Cicendo1,Jalan Arjuna,tertiary,-6.912188663720322,107.58935632551724,Sangat Dekat (<200m)
5648629181_29377042_STOP86,1,121.2,121.2,121.2,Stasiun Ciroyom,Jalan Arjuna,tertiary,-6.913077842043986,107.58920607123125,Sangat Dekat (<200m)
5648631891_5504142700_STOP491,1,205.9,205.9,205.9,Seberang Gang Pelita,Jalan Jendral Sudirman,trunk,-6.913941000000007,107.5710851,Dekat (200-400m)
5648631891_9167367930_STOP491,1,205.9,205.9,205.9,Seberang Gang Pelita,,trunk_link,-6.913941000000007,107.5710851,Dekat (200-400m)
5825176142_3272299574_STOP595,1,100.3,100.3,100.3,Timur Simpang Batununggal,Jalan Waas,tertiary,-6.949569199999999,107.6259917,Sangat Dekat (<200m)
5825176142_5482193683_STOP120,2,38.15,13.5,62.8,Pasirluyu Selatan/Sukaati,Jalan Soekarno-Hatta,trunk,-6.949278462431796,107.62170785435029,Sangat Dekat (<200m)
5825176142_5482193683_STOP122,3,35.56666666666667,5.5,52.1,STIE Inaba,Jalan Soekarno-Hatta,trunk,-6.949383235254941,107.6228332742533,Sangat Dekat (<200m)
5825176142_5482193683_STOP320,3,46.4,24.5,81.5,LPKIA B,Jalan Soekarno-Hatta,trunk,-6.949542141039385,107.6250878075745,Sangat Dekat (<200m)
5825176142_5482193683_STOP335,2,32.6,8.6,56.6,LPKIA A,Jalan Soekarno-Hatta,trunk,-6.94948408855886,107.62395895866946,Sangat Dekat (<200m)
5825176142_5482193683_STOP595,1,100.3,100.3,100.3,Timur Simpang Batununggal,Jalan Soekarno-Hatta,trunk,-6.949569199999999,107.6259917,Sangat Dekat (<200m)
5825176142_5825182245_STOP595,1,100.3,100.3,100.3,Timur Simpang Batununggal,Jalan Waas,tertiary,-6.949569199999999,107.6259917,Sangat Dekat (<200m)
5825182245_3272344712_STOP595,3,135.73333333333335,99.3,175.3,Timur Simpang Batununggal,Jalan Waas,tertiary,-6.9503133935799175,107.62614855638061,Sangat Dekat (<200m)
5825223577_1667742500_STOP200,1,377.5,377.5,377.5,SMK Medikacom,"['Jalan Papanggungan', 'Jalan Jenderal Gatot Subroto']",tertiary,-6.940474321090808,107.6457905614878,Dekat (200-400m)
5825223577_1667742500_STOP202,3,359.5333333333333,353.4,369.2,Sekejati,"['Jalan Papanggungan', 'Jalan Jenderal Gatot Subroto']",tertiary,-6.93959690514819,107.6455764403752,Dekat (200-400m)
5825223577_1667742500_STOP203,3,339.6333333333334,335.6,342.2,Kebon Kangkung 11,"['Jalan Papanggungan', 'Jalan Jenderal Gatot Subroto']",tertiary,-6.938254555335224,107.64548835849688,Dekat (200-400m)
5825223577_1667742500_STOP447,8,324.7375,241.5,389.3,SDN 38 Kiaracondong,"['Jalan Papanggungan', 'Jalan Jenderal Gatot Subroto']",tertiary,-6.934120522783535,107.64567316257519,Dekat (200-400m)
5825223577_1667742500_STOP609,4,357.4,343.4,373.1,Kebon Kangkung,"['Jalan Papanggungan', 'Jalan Jenderal Gatot Subroto']",tertiary,-6.936690883447765,107.64569327614848,Dekat (200-400m)
5825223577_1667742500_STOP831,5,142.98,106.9,205.7,Binong,"['Jalan Papanggungan', 'Jalan Jenderal Gatot Subroto']",tertiary,-6.932288638731198,107.64396159179964,Sangat Dekat (<200m)
5825223577_2325453226_STOP447,4,59.525,18.5,118.3,SDN 38 Kiaracondong,Jalan H. Ibrahim Adjie,primary,-6.933791497181314,107.6428386979713,Sangat Dekat (<200m)
5825223577_2325453226_STOP831,3,61.666666666666664,20.0,106.9,Binong,Jalan H. Ibrahim Adjie,primary,-6.9322367818139865,107.64312674427022,Sangat Dekat (<200m)
5825223577_3376282078_STOP831,1,106.9,106.9,106.9,Binong,Jalan Jenderal Gatot Subroto,primary,-6.931792099999994,107.6432062,Sangat Dekat (<200m)
5825261665_2958252668_STOP31,1,49.5,49.5,49.5,Danamon Cikapayang,Jalan Cikapayang,primary,-6.899075000000001,107.6128191,Sangat Dekat (<200m)
5825261665_3374026391_STOP31,3,35.03333333333333,4.1,51.5,Danamon Cikapayang,Jalan Ir. H. Djuanda,primary,-6.899525121513441,107.61278526073437,Sangat Dekat (<200m)
5825261667_10654541237_STOP163,1,92.5,92.5,92.5,Cikapayang Dago 2,Jalan Ir. H. Djuanda,primary,-6.898399312624101,107.6127795460499,Sangat Dekat (<200m)
5825261667_10654541237_STOP165,1,28.9,28.9,28.9,SMAN 1 Bandung,Jalan Ir. H. Djuanda,primary,-6.89523969368703,107.61291396712312,Sangat Dekat (<200m)
5825261667_10654541237_STOP189,2,27.400000000000002,7.1,47.7,Kartikasari A,Jalan Ir. H. Djuanda,primary,-6.897722154109266,107.61280607292116,Sangat Dekat (<200m)
5825261667_10654541237_STOP234,2,44.55,20.6,68.5,STMIK LIKMI,Jalan Ir. H. Djuanda,primary,-6.8959161451652795,107.61287251621019,Sangat Dekat (<200m)
5825261667_10654541237_STOP235,2,78.4,53.6,103.2,Kartikasari B,Jalan Ir. H. Djuanda,primary,-6.896818924045732,107.61283286905713,Sangat Dekat (<200m)
5825261667_10654541237_STOP236,1,74.8,74.8,74.8,La Belle Cikapayang,Jalan Ir. H. Djuanda,primary,-6.8988496,107.6127424,Sangat Dekat (<200m)
5825261667_1663274712_STOP236,1,74.8,74.8,74.8,La Belle Cikapayang,Jalan Dipatiukur,secondary,-6.8988496,107.6127424,Sangat Dekat (<200m)
5825261667_5463988176_STOP236,1,74.8,74.8,74.8,La Belle Cikapayang,Jalan Cikapayang,primary,-6.8988496,107.6127424,Sangat Dekat (<200m)
5825278971_10151612729_STOP265,7,214.91428571428568,70.9,355.2,UNIKOM Pascasarjana,Jalan Ir. H. Djuanda,primary,-6.883957974409768,107.614196148316,Dekat (200-400m)
5825278971_10703340256_STOP265,1,70.9,70.9,70.9,UNIKOM Pascasarjana,Jalan Dipatiukur,secondary,-6.885190500000008,107.6137119,Sangat Dekat (<200m)
5826215870_2958261185_STOP81,1,105.0,105.0,105.0,Djunjunan Paskal,Jalan Pasteur,trunk,-6.900206700000002,107.5977317,Sangat Dekat (<200m)
5826215870_2958261186_STOP81,1,105.0,105.0,105.0,Djunjunan Paskal,Jalan Pasteur,trunk,-6.900206700000002,107.5977317,Sangat Dekat (<200m)
5826263864_1658920028_STOP123,1,85.3,85.3,85.3,Taman Westhoff,Jalan Pasteur,trunk,-6.900376899999995,107.5985681,Sangat Dekat (<200m)
5832175149_1660290286_STOP393,1,127.0,127.0,127.0,PVMBG,,primary_link,-6.899929999999997,107.6193648,Sangat Dekat (<200m)
5832175149_2039584375_STOP39,2,85.5,67.6,103.4,Lapangan Gasibu A,Jalan Sentot Alibasyah,primary,-6.900607234258873,107.61939117289636,Sangat Dekat (<200m)
5832175149_2039584375_STOP393,1,127.0,127.0,127.0,PVMBG,Jalan Sentot Alibasyah,primary,-6.899929999999997,107.6193648,Sangat Dekat (<200m)
5832181364_10173705732_STOP575,1,91.5,91.5,91.5,Tugu PKK Citarum,Jalan Citarum,tertiary,-6.901108499999998,107.6253574,Sangat Dekat (<200m)
5832181364_10173705737_STOP575,1,91.5,91.5,91.5,Tugu PKK Citarum,Jalan Diponegoro,primary,-6.901108499999998,107.6253574,Sangat Dekat (<200m)
5841953280_1849525810_STOP26,3,36.666666666666664,6.8,55.8,SMP Negeri 2 Bandung,Jalan Sumatra,tertiary,-6.914499410622561,107.61391988079156,Sangat Dekat (<200m)
5841953280_1849525810_STOP682,1,15.0,15.0,15.0,Seberang SMP Negeri 2 Bandung,Jalan Sumatra,tertiary,-6.913692246484939,107.61357651965106,Sangat Dekat (<200m)
5841953280_25433457_STOP26,1,55.8,55.8,55.8,SMP Negeri 2 Bandung,Jalan Jawa,tertiary,-6.914933199999997,107.6139552,Sangat Dekat (<200m)
5841953280_25433457_STOP699,3,49.4,18.8,89.2,Seberang SMP Negeri 5 Bandung,Jalan Jawa,tertiary,-6.915131251777282,107.61483737259768,Sangat Dekat (<200m)
5841953280_29352423_STOP26,3,82.60000000000001,55.8,116.1,SMP Negeri 2 Bandung,Jalan Jawa,tertiary,-6.9148682402128605,107.61350775666324,Sangat Dekat (<200m)
5841953280_29352423_STOP674,2,65.4,40.6,90.2,Polrestabes Bandung 1,Jalan Jawa,tertiary,-6.9145391081023675,107.61104357636884,Sangat Dekat (<200m)
5841953280_29352423_STOP681,3,56.63333333333333,7.4,106.4,Polrestabes Bandung 2,Jalan Jawa,tertiary,-6.914671735339952,107.61216577528648,Sangat Dekat (<200m)
5841953280_3374033499_STOP26,1,55.8,55.8,55.8,SMP Negeri 2 Bandung,Jalan Sumatra,tertiary,-6.914933199999997,107.6139552,Sangat Dekat (<200m)
5841953280_3374033499_STOP293,1,44.1,44.1,44.1,RSU Bungsu,Jalan Sumatra,tertiary,-6.917876684227741,107.61310143109309,Sangat Dekat (<200m)
5841953280_3374033499_STOP699,2,86.85,70.1,103.6,Seberang SMP Negeri 5 Bandung,Jalan Sumatra,tertiary,-6.915601402019471,107.6138418562919,Sangat Dekat (<200m)
5841953280_3374033499_STOP700,4,54.3,8.7,106.7,Simpang Sumatera - Natuna,Jalan Sumatra,tertiary,-6.916932504218879,107.61359804489081,Sangat Dekat (<200m)
5841989830_2519917309_STOP11,1,31.0,31.0,31.0,Pussenif,Jalan Lapang Supratman,tertiary,-6.907732000000005,107.6306223,Sangat Dekat (<200m)
5841989830_5842012228_STOP11,1,31.0,31.0,31.0,Pussenif,Jalan Lapang Supratman,tertiary,-6.907732000000005,107.6306223,Sangat Dekat (<200m)
5841989830_5842012228_STOP175,3,44.53333333333333,17.2,81.1,SMPN 14 Bandung (Lapangan Supratman A),Jalan Lapang Supratman,tertiary,-6.908119034887132,107.62984401900466,Sangat Dekat (<200m)
5842007853_2519917308_STOP174,1,68.7,68.7,68.7,SDN 062 Ciujung Bandung (Lapangan Supratman B),Jalan Lapang Supratman,tertiary,-6.90691939999999,107.6302159,Sangat Dekat (<200m)
5842007853_2519917309_STOP11,2,59.2,36.0,82.4,Pussenif,Jalan Supratman,primary,-6.907487249063685,107.63058611883504,Sangat Dekat (<200m)
5842007853_2519917309_STOP174,1,68.7,68.7,68.7,SDN 062 Ciujung Bandung (Lapangan Supratman B),Jalan Supratman,primary,-6.90691939999999,107.6302159,Sangat Dekat (<200m)
5842012228_1849907113_STOP175,1,85.6,85.6,85.6,SMPN 14 Bandung (Lapangan Supratman A),Jalan Cendana,tertiary,-6.9081298999999925,107.6293885,Sangat Dekat (<200m)
5842012228_5842012229_STOP175,1,85.6,85.6,85.6,SMPN 14 Bandung (Lapangan Supratman A),Jalan Lapang Supratman,tertiary,-6.9081298999999925,107.6293885,Sangat Dekat (<200m)
5842012229_1849907162_STOP174,2,68.35,46.7,90.0,SDN 062 Ciujung Bandung (Lapangan Supratman B),Jalan Lapang Supratman,tertiary,-6.907716255644646,107.62930856078984,Sangat Dekat (<200m)
5847788388_2500902328_STOP320,1,478.9,478.9,478.9,LPKIA B,Jalan Batununggal Indah Raya,tertiary,-6.953561829093436,107.62594128221058,Sedang (400-800m)
5847788388_2500902328_STOP334,1,494.5,494.5,494.5,Bangunan Mart A,Jalan Batununggal Indah Raya,tertiary,-6.953843127708216,107.62726826946638,Sedang (400-800m)
5847788388_2500902328_STOP335,3,436.8666666666666,417.6,457.8,LPKIA A,Jalan Batununggal Indah Raya,tertiary,-6.95338055747989,107.62505531889839,Sedang (400-800m)
5847788388_2500902328_STOP595,2,485.1,481.4,488.8,Timur Simpang Batununggal,Jalan Batununggal Indah Raya,tertiary,-6.953702478881015,107.62660477581107,Sedang (400-800m)
5847788388_5847788389_STOP335,1,417.6,417.6,417.6,LPKIA A,Jalan Batununggal Indah II,tertiary,-6.953290099999995,107.6246123,Sedang (400-800m)
5847788389_3115157726_STOP335,1,430.2,430.2,430.2,LPKIA A,Jalan Batununggal Indah Raya,tertiary,-6.9534049999999965,107.6245998,Sedang (400-800m)
5847788389_5458167263_STOP335,15,774.7800000000001,430.2,1122.0,LPKIA A,Jalan Batununggal Indah II,tertiary,-6.956505767066861,107.62398937930939,Sedang (400-800m)
5847788396_2500902327_STOP334,4,421.875,354.2,493.9,Bangunan Mart A,Jalan Batununggal Indah I,tertiary,-6.9532052445804196,107.62742161582244,Sedang (400-800m)
5847788396_2500902327_STOP595,2,287.15,263.5,310.8,Timur Simpang Batununggal,Jalan Batununggal Indah I,tertiary,-6.951932277350751,107.62702120056437,Dekat (200-400m)
5847788396_5847788406_STOP334,1,493.9,493.9,493.9,Bangunan Mart A,Bunderan Raya-1,tertiary,-6.953870100000006,107.6274437,Sedang (400-800m)
5847788399_2500902317_STOP334,3,504.2,496.2,513.9,Bangunan Mart A,Jalan Batununggal Indah Raya,tertiary,-6.954001761689135,107.62795962544858,Sedang (400-800m)
5847788399_3115157727_STOP334,1,496.2,496.2,496.2,Bangunan Mart A,Bunderan Raya-1,tertiary,-6.953902500000005,107.6275185,Sedang (400-800m)
5847788403_2500902328_STOP334,1,505.2,505.2,505.2,Bangunan Mart A,Bunderan Raya-1,tertiary,-6.953966200000007,107.6273991,Sedang (400-800m)
5847788403_5847788389_STOP320,1,476.4,476.4,476.4,LPKIA B,Jalan Batununggal Indah Raya,tertiary,-6.953610674693689,107.62562574748348,Sedang (400-800m)
5847788403_5847788389_STOP334,1,505.2,505.2,505.2,Bangunan Mart A,Jalan Batununggal Indah Raya,tertiary,-6.953966200000007,107.6273991,Sedang (400-800m)
5847788403_5847788389_STOP335,2,444.35,435.0,453.7,LPKIA A,Jalan Batununggal Indah Raya,tertiary,-6.953477358682195,107.62496073875411,Sedang (400-800m)
5847788403_5847788389_STOP595,3,496.40000000000003,491.4,503.1,Timur Simpang Batununggal,Jalan Batununggal Indah Raya,tertiary,-6.953788436443833,107.62651242405458,Sedang (400-800m)
5847788406_5847788399_STOP334,1,495.0,495.0,495.0,Bangunan Mart A,Bunderan Raya-1,tertiary,-6.953890900000008,107.6275097,Sedang (400-800m)
5847788408_3115137890_STOP334,6,633.4166666666666,507.9,759.0,Bangunan Mart A,Jalan Batununggal Indah I,tertiary,-6.955106062149139,107.62723520606295,Sedang (400-800m)
5847788408_5444644749_STOP334,1,507.9,507.9,507.9,Bangunan Mart A,Bunderan Raya-1,tertiary,-6.954004099999997,107.6274836,Sedang (400-800m)
5847788419_6609292783_STOP334,1,528.6,528.6,528.6,Bangunan Mart A,Bunderan Raya-4,tertiary,-6.954192800000007,107.6288281,Sedang (400-800m)
5847788419_6609356524_STOP334,3,548.9666666666667,528.6,570.6,Bangunan Mart A,Jalan Batununggal Indah Raya,tertiary,-6.954284386699125,107.62927088577032,Sedang (400-800m)
5847788419_6609356524_STOP596,3,605.9333333333334,590.6,622.5,STFI,Jalan Batununggal Indah Raya,tertiary,-6.95455919792222,107.6305992321196,Sedang (400-800m)
5847788420_5353900365_STOP335,1,1110.1,1110.1,1110.1,LPKIA A,,tertiary,-6.959464899999993,107.623095,Jauh (>800m)
5847788420_5482193683_STOP120,9,246.2888888888889,47.2,446.0,Pasirluyu Selatan/Sukaati,Jalan Sukaati,tertiary,-6.9515020142301545,107.62159186505143,Dekat (200-400m)
5847788420_5482193683_STOP122,11,691.7363636363636,473.2,926.1,STIE Inaba,Jalan Sukaati,tertiary,-6.955619425659452,107.622397912478,Sedang (400-800m)
5847788420_5482193683_STOP335,4,1038.125,968.0,1110.1,LPKIA A,Jalan Sukaati,tertiary,-6.958798825130648,107.62299126702493,Jauh (>800m)
5848060882_6608982110_STOP818,1,302.4,302.4,302.4,Emily Cynthia,Bunderan Bulevar Utama,secondary,-6.960423400000007,107.695246,Dekat (200-400m)
5848061291_5848060882_STOP819,4,268.075,249.3,297.0,Amanda Btari,Bulevar Utama,secondary,-6.959428308101881,107.69507078819433,Dekat (200-400m)
5848061292_5848061291_STOP819,1,254.4,254.4,254.4,Amanda Btari,Bulevar Utama,secondary,-6.958560999999999,107.6949888,Dekat (200-400m)
5848061292_6608982092_STOP819,1,254.4,254.4,254.4,Amanda Btari,,secondary_link,-6.958560999999999,107.6949888,Dekat (200-400m)
5848061297_6608965030_STOP647,1,7.3,7.3,7.3,Taman Sumringah,Jalan Akasia,tertiary,-6.955046099999991,107.6940555,Sangat Dekat (<200m)
5848061297_7216077730_STOP647,4,74.8,7.3,146.4,Taman Sumringah,Bulevar Barat,secondary,-6.955651170530319,107.69435384920709,Sangat Dekat (<200m)
5848061330_7216077534_STOP371,1,152.3,152.3,152.3,Magna,Jalan Magna Raya,tertiary,-6.956948000000005,107.6893625,Sangat Dekat (<200m)
5848061348_5460962097_STOP371,1,144.2,144.2,144.2,Magna,Jalan Magna Raya,tertiary,-6.956568200000003,107.6867364,Sangat Dekat (<200m)
5848061348_7144511425_STOP371,6,79.18333333333334,18.7,144.2,Magna,Jalan Magna Raya,tertiary,-6.956682255394817,107.68785171113187,Sangat Dekat (<200m)
5851048279_5358208113_STOP13,1,93.3,93.3,93.3,Taman Lalu Lintas Kota Bandung,Jalan Sumatra,tertiary,-6.912617399999996,107.6130444,Sangat Dekat (<200m)
5851048279_5358208113_STOP683,5,62.260000000000005,6.7,105.4,Paguyuban Pasundan,Jalan Sumatra,tertiary,-6.911332268729294,107.61263766826264,Sangat Dekat (<200m)
5852700917_3256092261_STOP7,2,33.4,16.8,50.0,Alun-alun Bandung,Jalan Asia Afrika,primary,-6.9211144292286475,107.60697064132182,Sangat Dekat (<200m)
5853120063_25435214_STOP501,1,70.0,70.0,70.0,Sekolah BPI,,primary_link,-6.923033399999989,107.6198143,Sangat Dekat (<200m)
5853120063_25435214_STOP703,1,89.2,89.2,89.2,Seberang SMK Negeri 15 Bandung,,primary_link,-6.922668877217193,107.61955142422072,Sangat Dekat (<200m)
5853120063_4258557080_STOP501,1,70.0,70.0,70.0,Sekolah BPI,Jalan Burangrang,tertiary,-6.923033399999989,107.6198143,Sangat Dekat (<200m)
5853120063_4258557080_STOP703,1,93.9,93.9,93.9,Seberang SMK Negeri 15 Bandung,Jalan Burangrang,tertiary,-6.922638294282576,107.61960248187744,Sangat Dekat (<200m)
5853120075_240791836_STOP546,2,57.75,32.8,82.7,Karapitan Paledang,Jalan Emong,tertiary,-6.925077480749696,107.61775747054853,Sangat Dekat (<200m)
5853120075_240791836_STOP753,4,51.75,9.2,94.7,Jalan Emong - BPI,Jalan Emong,tertiary,-6.924956605249281,107.61904275826231,Sangat Dekat (<200m)
5853120075_5853120077_STOP753,1,94.7,94.7,94.7,Jalan Emong - BPI,,tertiary_link,-6.924610200000006,107.6195958,Sangat Dekat (<200m)
5853120075_7210854542_STOP753,1,94.7,94.7,94.7,Jalan Emong - BPI,Jalan Emong,tertiary,-6.924610200000006,107.6195958,Sangat Dekat (<200m)
5853120075_7210854542_STOP798,1,56.8,56.8,56.8,Seberang Sekolah BPI,Jalan Emong,tertiary,-6.9242502560832,107.61986910578248,Sangat Dekat (<200m)
5853120077_5853120075_STOP753,1,109.6,109.6,109.6,Jalan Emong - BPI,,tertiary_link,-6.924764900000008,107.6198534,Sangat Dekat (<200m)
5853120077_6469933728_STOP752,5,70.54,16.2,141.3,Simpang Burangrang - Halimun,Jalan Burangrang,tertiary,-6.926098178319057,107.61961106109484,Sangat Dekat (<200m)
5853120077_6469933728_STOP753,1,109.6,109.6,109.6,Jalan Emong - BPI,Jalan Burangrang,tertiary,-6.924764900000008,107.6198534,Sangat Dekat (<200m)
5853120077_6469933728_STOP797,1,120.5,120.5,120.5,Sadakeling - Wiradisastra,Jalan Burangrang,tertiary,-6.927442080524242,107.6194632747948,Sangat Dekat (<200m)
5853120077_7210854542_STOP753,1,109.6,109.6,109.6,Jalan Emong - BPI,Jalan Burangrang,tertiary,-6.924764900000008,107.6198534,Sangat Dekat (<200m)
5853120077_7210854542_STOP798,1,62.5,62.5,62.5,Seberang Sekolah BPI,Jalan Burangrang,tertiary,-6.924317640417207,107.61991669661028,Sangat Dekat (<200m)
5862588301_2325453511_STOP317,3,67.36666666666666,17.8,117.2,Pasar Induk Caringin,Jalan Soekarno-Hatta,trunk,-6.942310289350464,107.58357608361716,Sangat Dekat (<200m)
5862588301_2325453511_STOP342,13,325.7076923076923,27.8,626.9,Pasar Caringin,Jalan Soekarno-Hatta,trunk,-6.939611011874758,107.58119492981047,Dekat (200-400m)
5862588301_2325453511_STOP384,1,104.6,104.6,104.6,Simpang Caringin,Jalan Soekarno-Hatta,trunk,-6.942890256167572,107.5842689217194,Sangat Dekat (<200m)
5862588301_5862588302_STOP342,1,626.9,626.9,626.9,Pasar Caringin,,trunk_link,-6.937405600000001,107.5796223,Sedang (400-800m)
5862588302_5862588301_STOP342,1,627.1,627.1,627.1,Pasar Caringin,,trunk_link,-6.937460700000009,107.5795452,Sedang (400-800m)
5862588302_6485352111_STOP316,2,35.7,16.0,55.4,Sumber Sari Junction,Jalan Soekarno-Hatta,trunk,-6.9322059021803515,107.57648363278906,Sangat Dekat (<200m)
5862588302_6485352111_STOP342,1,627.1,627.1,627.1,Pasar Caringin,Jalan Soekarno-Hatta,trunk,-6.937460700000009,107.5795452,Sedang (400-800m)
5862588302_6485352111_STOP343,6,179.71666666666667,126.1,265.8,Simpang Tol Pasirkoja,Jalan Soekarno-Hatta,trunk,-6.92913926465425,107.57574309862106,Sangat Dekat (<200m)
5862588302_6485352111_STOP381,2,241.35,216.2,266.5,Holis 1,Jalan Soekarno-Hatta,trunk,-6.927352072660025,107.57547410030807,Dekat (200-400m)
5862588302_6485352111_STOP382,3,45.4,29.3,77.2,Sumbersari 1,Jalan Soekarno-Hatta,trunk,-6.931128916262327,107.57614478160174,Sangat Dekat (<200m)
5862588302_6485352111_STOP383,12,312.2583333333333,36.4,588.5,Griya Sumbersari,Jalan Soekarno-Hatta,trunk,-6.934996350177873,107.57795085774289,Dekat (200-400m)
5862690000_3272382566_STOP121,2,222.05,213.2,230.9,Leuwipanjang Soekarno Hatta,Jalan Leuwi Panjang,primary,-6.9462516055842,107.59535352887086,Dekat (200-400m)
5862690000_3272382566_STOP157,2,478.20000000000005,459.8,496.6,SDN Babakan Tarogong,Jalan Leuwi Panjang,primary,-6.942263574412939,107.59610885993695,Sedang (400-800m)
5862690000_3272382566_STOP374,7,346.0,250.2,459.3,Terminal Leuwipanjang,Jalan Leuwi Panjang,primary,-6.944253126094516,107.59569788456061,Dekat (200-400m)
5862690000_5862690001_STOP157,1,459.8,459.8,459.8,SDN Babakan Tarogong,,primary_link,-6.942045699999993,107.596167,Sedang (400-800m)
5862690001_5348748820_STOP157,5,402.06,346.7,452.9,SDN Babakan Tarogong,Jalan Leuwi Panjang,primary,-6.9411874532420255,107.59641906676225,Sedang (400-800m)
5862690001_5862690000_STOP157,1,452.9,452.9,452.9,SDN Babakan Tarogong,,primary_link,-6.942014999999995,107.59609650000002,Sedang (400-800m)
5862690013_5348748819_STOP271,3,262.90000000000003,226.4,300.8,Rumah Sakit Immanuel B,Jalan Leuwi Panjang,primary,-6.939387438601545,107.59672985422351,Dekat (200-400m)
5862690013_5862690014_STOP271,1,226.4,226.4,226.4,Rumah Sakit Immanuel B,,primary_link,-6.938943500000006,107.5968139,Dekat (200-400m)
5862690014_2325416265_STOP271,2,206.75,193.7,219.8,Rumah Sakit Immanuel B,Jalan Leuwi Panjang,primary,-6.938712012821819,107.59679456792688,Dekat (200-400m)
5862690014_2325416265_STOP311,1,173.3,173.3,173.3,Rumah Sakit Immanuel A,Jalan Leuwi Panjang,primary,-6.938059540811202,107.59697779400844,Sangat Dekat (<200m)
5862690014_5862690013_STOP271,1,219.8,219.8,219.8,Rumah Sakit Immanuel B,,primary_link,-6.938930299999996,107.5967365,Dekat (200-400m)
5862744483_11181449053_STOP256,1,76.5,76.5,76.5,Patung Ikan,Jalan Mochammad Ramdhan,secondary,-6.937355200000004,107.6095438,Sangat Dekat (<200m)
5862744483_2325453378_STOP256,1,76.5,76.5,76.5,Patung Ikan,,secondary_link,-6.937355200000004,107.6095438,Sangat Dekat (<200m)
5865212130_5394983544_STOP637,4,188.14999999999998,113.0,263.4,Depan Terminal Antapani,Jalan Terusan Jakarta,primary,-6.914548797469305,107.66425046195442,Sangat Dekat (<200m)
5865212130_5394983544_STOP90,4,388.8,313.7,464.0,Terminal Antapani,Jalan Terusan Jakarta,primary,-6.914164838028733,107.66248326347085,Dekat (200-400m)
5865212130_6395644073_STOP90,1,464.0,464.0,464.0,Terminal Antapani,,primary_link,-6.914021599999994,107.6618204,Sedang (400-800m)
5865367998_11106971279_STOP356,1,138.7,138.7,138.7,Panyileukan,,trunk_link,-6.935578800000003,107.7133888,Sangat Dekat (<200m)
5865367998_5867096767_STOP356,6,78.11666666666666,20.5,138.7,Panyileukan,Jalan Soekarno-Hatta,trunk,-6.935660383183415,107.71226144111397,Sangat Dekat (<200m)
5865367998_5867096767_STOP357,2,149.5,124.4,174.6,Cimincrang,Jalan Soekarno-Hatta,trunk,-6.935992503017804,107.70775242773695,Sangat Dekat (<200m)
5865367998_5867096767_STOP423,6,89.76666666666665,35.9,175.2,Universitas Bhakti Kencana,Jalan Soekarno-Hatta,trunk,-6.93585669037548,107.7095558134231,Sangat Dekat (<200m)
5867096767_9443702027_STOP357,1,97.2,97.2,97.2,Cimincrang,,trunk_link,-6.936028300000006,107.7072826,Sangat Dekat (<200m)
5867096767_9544806503_STOP357,3,52.6,12.8,97.2,Cimincrang,Jalan Soekarno-Hatta,trunk,-6.9360602072828295,107.70683161166222,Sangat Dekat (<200m)
5867096768_5867096767_STOP357,1,100.1,100.1,100.1,Cimincrang,,trunk_link,-6.9358903000000005,107.70727,Sangat Dekat (<200m)
5867096768_9443702028_STOP357,3,149.29999999999998,100.1,198.7,Cimincrang,Jalan Soekarno-Hatta,trunk,-6.935859350620791,107.70772105457543,Sangat Dekat (<200m)
5867096768_9443702028_STOP423,1,150.8,150.8,150.8,Universitas Bhakti Kencana,Jalan Soekarno-Hatta,trunk,-6.935799995695313,107.70862334815604,Sangat Dekat (<200m)
588189886_5487734495_STOP135,1,1043.0,1043.0,1043.0,SD Negeri 005 Babakan Ciparay,,primary_link,-6.956915699999995,107.5821362,Jauh (>800m)
588189886_5487734501_STOP135,1,1043.0,1043.0,1043.0,SD Negeri 005 Babakan Ciparay,Jalan Kopo Sayati,primary,-6.956915699999995,107.5821362,Jauh (>800m)
5993042008_2518053983_STOP114,1,15.5,15.5,15.5,Simpang Derwati,Jalan Gedebage Selatan,primary,-6.966830699999998,107.6866086,Sangat Dekat (<200m)
5993042008_6380049252_STOP114,1,15.5,15.5,15.5,Simpang Derwati,Jalan Gedebage Selatan,primary,-6.966830699999998,107.6866086,Sangat Dekat (<200m)
5993042021_5993042022_STOP114,1,500.6,500.6,500.6,Simpang Derwati,,tertiary_link,-6.969132399999998,107.690471,Sedang (400-800m)
5993042021_6380049255_STOP114,11,288.90000000000003,68.1,500.6,Simpang Derwati,Jalan Pendamping SOR GBLA,tertiary,-6.968575600698068,107.68836615653518,Dekat (200-400m)
5993042022_5993042021_STOP114,1,497.1,497.1,497.1,Simpang Derwati,,tertiary_link,-6.969078999999995,107.6904672,Sedang (400-800m)
5993042022_6377275639_STOP114,8,653.1375,497.1,819.8,Simpang Derwati,Jalan Pendamping SOR GBLA,tertiary,-6.969060305613847,107.69204251830327,Sedang (400-800m)
5993042022_6377275639_STOP387,4,688.675,641.1,736.5,Dayana,Jalan Pendamping SOR GBLA,tertiary,-6.968594658123264,107.6996325626267,Sedang (400-800m)
5993042022_6377275639_STOP818,11,790.9181818181819,748.1,858.5,Emily Cynthia,Jalan Pendamping SOR GBLA,tertiary,-6.9691711200623105,107.6963038612838,Sedang (400-800m)
5993042057_2518073283_STOP387,1,540.2,540.2,540.2,Dayana,,tertiary_link,-6.967783800000005,107.7026684,Sedang (400-800m)
5993042057_6377275638_STOP387,5,569.36,540.2,604.3,Dayana,Jalan Pendamping SOR GBLA,tertiary,-6.968024975590462,107.70179723174128,Sedang (400-800m)
6352261923_11180921761_STOP72,1,79.6,79.6,79.6,Balubur Town Square,,trunk_link,-6.897992500000004,107.6092633,Sangat Dekat (<200m)
6352261923_9767043233_STOP71,1,68.1,68.1,68.1,Pelesiran,,trunk_link,-6.897668464588937,107.60956619665734,Sangat Dekat (<200m)
6352261923_9767043233_STOP72,1,79.6,79.6,79.6,Balubur Town Square,,trunk_link,-6.897992500000004,107.6092633,Sangat Dekat (<200m)
6377275638_5993042021_STOP114,8,693.0875,533.4,862.2,Simpang Derwati,Jalan Pendamping SOR GBLA,tertiary,-6.969141684004878,107.69240277180047,Sedang (400-800m)
6377275638_5993042021_STOP387,5,685.3799999999999,622.3,748.8,Dayana,Jalan Pendamping SOR GBLA,tertiary,-6.96861121729754,107.69976401852065,Sedang (400-800m)
6377275638_5993042021_STOP818,10,792.5600000000001,754.8,851.5,Emily Cynthia,Jalan Pendamping SOR GBLA,tertiary,-6.969227581902759,107.69644137459458,Sedang (400-800m)
6377275638_6377275639_STOP387,1,622.3,622.3,622.3,Dayana,,tertiary_link,-6.968334899999995,107.700623,Sedang (400-800m)
6377275639_2518073283_STOP387,5,575.54,540.9,616.8,Dayana,Jalan Pendamping SOR GBLA,tertiary,-6.968049097322895,107.70147149076233,Sedang (400-800m)
6377275639_6377275638_STOP387,1,616.8,616.8,616.8,Dayana,,tertiary_link,-6.968276400000005,107.7005972,Sedang (400-800m)
6377290514_6408095332_STOP822,1,701.3,701.3,701.3,Gerbang Merah GBLA 2,,tertiary,-6.964478199999996,107.709605,Sedang (400-800m)
6377290514_9803456823_STOP822,1,701.3,701.3,701.3,Gerbang Merah GBLA 2,Jalan Viking,tertiary,-6.964478199999996,107.709605,Sedang (400-800m)
6377290515_5479191291_STOP822,12,489.125,290.9,721.2,Gerbang Merah GBLA 2,,tertiary,-6.962157132369352,107.7098326123846,Sedang (400-800m)
6377290515_5479191291_STOP823,1,256.1,256.1,256.1,Gerbang Biru GBLA 1,,tertiary,-6.959264877345418,107.71033720311056,Dekat (200-400m)
6377290515_6377290514_STOP822,1,721.2,721.2,721.2,Gerbang Merah GBLA 2,Jalan Viking,tertiary,-6.964614999999992,107.7094861,Sedang (400-800m)
6380049252_5993042008_STOP114,1,53.9,53.9,53.9,Simpang Derwati,Jalan Gedebage Selatan,primary,-6.967179100000004,107.6865552,Sangat Dekat (<200m)
6380049255_5993042008_STOP114,1,49.7,49.7,49.7,Simpang Derwati,Jalan Pendamping SOR GBLA,tertiary,-6.967157899999999,107.68668630000002,Sangat Dekat (<200m)
6380049255_6380049252_STOP114,1,49.7,49.7,49.7,Simpang Derwati,,primary_link,-6.967157899999999,107.68668630000002,Sangat Dekat (<200m)
6380243449_3272722525_STOP358,4,177.15,101.7,252.6,Shakti,Jalan Soekarno-Hatta,secondary,-6.9369459947872345,107.69550150828849,Sangat Dekat (<200m)
6380243449_3272722525_STOP403,3,167.73333333333332,123.3,213.2,Simpang Gedebage Selatan,Jalan Soekarno-Hatta,secondary,-6.937055962803903,107.69392291124198,Sangat Dekat (<200m)
6380243450_3272722525_STOP358,4,138.3,63.3,213.5,Shakti,Jalan Soekarno-Hatta,trunk,-6.936853759383338,107.69584980730906,Sangat Dekat (<200m)
6380243450_3272722525_STOP403,4,184.4,118.6,252.9,Simpang Gedebage Selatan,Jalan Soekarno-Hatta,trunk,-6.936983299065762,107.69404630930798,Sangat Dekat (<200m)
6380243450_6380243449_STOP358,1,63.3,63.3,63.3,Shakti,,trunk_link,-6.936802999999999,107.6965261,Sangat Dekat (<200m)
6380244012_6380244013_STOP535,1,207.0,207.0,207.0,Depan Pasar Gedebage,,trunk_link,-6.936601099999993,107.6991558,Dekat (200-400m)
6380244012_6380244014_STOP535,5,111.35999999999999,25.1,207.0,Depan Pasar Gedebage,Jalan Soekarno-Hatta,trunk,-6.936671871370288,107.69825431636991,Sangat Dekat (<200m)
6380244013_7284403248_STOP535,1,205.7,205.7,205.7,Depan Pasar Gedebage,Jalan Soekarno-Hatta,trunk,-6.936489,107.6991452,Dekat (200-400m)
6380244014_3272727739_STOP358,1,14.2,14.2,14.2,Shakti,,secondary_link,-6.936758399999992,107.6971521,Sangat Dekat (<200m)
6380244014_6380243450_STOP358,2,29.25,14.2,44.3,Shakti,Jalan Soekarno-Hatta,trunk,-6.936774618865002,107.69692661850874,Sangat Dekat (<200m)
6380244014_6380244015_STOP358,1,14.2,14.2,14.2,Shakti,,secondary_link,-6.936758399999992,107.6971521,Sangat Dekat (<200m)
6380244015_5353894751_STOP535,1,21.4,21.4,21.4,Depan Pasar Gedebage,,secondary_link,-6.936637999999999,107.6971437,Sangat Dekat (<200m)
6380244015_6380244013_STOP535,5,91.22,21.4,183.6,Depan Pasar Gedebage,Jalan Soekarno-Hatta,trunk,-6.936571927750961,107.69804553852796,Sangat Dekat (<200m)
6380244015_6380244014_STOP535,1,21.4,21.4,21.4,Depan Pasar Gedebage,,secondary_link,-6.936637999999999,107.6971437,Sangat Dekat (<200m)
6382216824_6382216825_STOP403,1,142.9,142.9,142.9,Simpang Gedebage Selatan,Jalan Rumah Sakit,primary,-6.936506099999993,107.6925989,Sangat Dekat (<200m)
6382216825_3380407826_STOP240,5,262.32,174.5,354.2,Simpang Gedebage,Jalan Rumah Sakit,primary,-6.9352717733173295,107.69275529384545,Dekat (200-400m)
6382216825_3380407826_STOP422,23,324.3739130434783,10.8,754.8,Seberang Jalan Pasar Induk,Jalan Rumah Sakit,primary,-6.929167955946314,107.69421733250226,Dekat (200-400m)
6382216825_6382216826_STOP240,1,174.5,174.5,174.5,Simpang Gedebage,Jalan Rumah Sakit,primary,-6.936170599999998,107.6926627,Sangat Dekat (<200m)
6382216826_11549683570_STOP403,1,135.6,135.6,135.6,Simpang Gedebage Selatan,Jalan Rumah Sakit,primary,-6.936572699999995,107.6926594,Sangat Dekat (<200m)
6382216826_3272728568_STOP403,2,122.15,108.7,135.6,Simpang Gedebage Selatan,,primary_link,-6.936721716931441,107.69280352073375,Sangat Dekat (<200m)
6384640702_2518040289_STOP101,2,205.85000000000002,180.8,230.9,Terminal Ujungberung,Jalan Abdul Haris Nasution,trunk,-6.914157871882883,107.70092947247522,Dekat (200-400m)
6384640702_2518040289_STOP402,2,212.7,202.9,222.5,RSUD Ujungberung,Jalan Abdul Haris Nasution,trunk,-6.91413468086773,107.70002556364732,Dekat (200-400m)
6384640702_5354200473_STOP101,1,180.8,180.8,180.8,Terminal Ujungberung,Jalan Alun-Alun Barat,tertiary,-6.91416539999999,107.7011554,Sangat Dekat (<200m)
6384640713_2858054060_STOP101,4,151.975,76.5,227.4,Terminal Ujungberung,Jalan Abdul Haris Nasution,trunk,-6.915034032972223,107.70372408665527,Sangat Dekat (<200m)
6384640713_2858054060_STOP426,9,340.34444444444443,139.3,541.4,Seberang Borma Cipadung,Jalan Abdul Haris Nasution,trunk,-6.923231096837323,107.7100925150095,Dekat (200-400m)
6384640713_2858054060_STOP427,17,236.85882352941175,10.7,542.0,SDN Ciporeat,Jalan Abdul Haris Nasution,trunk,-6.918358744995253,107.7070938746075,Dekat (200-400m)
6384640713_6384640702_STOP101,5,75.38,29.6,139.1,Terminal Ujungberung,Jalan Abdul Haris Nasution,trunk,-6.914290084531646,107.70241667722067,Sangat Dekat (<200m)
6395246195_2477130742_STOP90,7,960.3285714285714,914.0,1013.6,Terminal Antapani,Jalan Arcamanik Endah,primary,-6.919797679051734,107.6730698563116,Jauh (>800m)
6395246195_6395246191_STOP90,1,914.0,914.0,914.0,Terminal Antapani,,primary_link,-6.920618299999996,107.6719912,Jauh (>800m)
6395246195_6395246196_STOP90,2,909.3,904.6,914.0,Terminal Antapani,Jalan Arcamanik Endah,primary,-6.9207524539618,107.6718094438575,Jauh (>800m)
6395246196_4123941899_STOP90,7,897.6428571428571,889.9,918.7,Terminal Antapani,Jalan Arcamanik Endah,primary,-6.921784250193409,107.67039295442035,Jauh (>800m)
6395246196_6395246195_STOP90,2,906.1500000000001,901.7,910.6,Terminal Antapani,Jalan Arcamanik Endah,primary,-6.920857962150916,107.67167048917058,Jauh (>800m)
6395246199_6395246196_STOP90,1,931.2,931.2,931.2,Terminal Antapani,,primary_link,-6.921055499999991,107.6717961,Jauh (>800m)
6395644073_3270445568_STOP90,4,538.6,463.2,614.0,Terminal Antapani,Jalan Terusan Jakarta,primary,-6.913958391232144,107.6611422773153,Sedang (400-800m)
6395644073_5865212130_STOP90,1,463.2,463.2,463.2,Terminal Antapani,,primary_link,-6.914098500000001,107.6618058,Sedang (400-800m)
6408095332_7284309851_STOP822,1,704.0,704.0,704.0,Gerbang Merah GBLA 2,Jalan Pendamping SOR GBLA,tertiary,-6.964524799999998,107.7096384,Sedang (400-800m)
6411536102_7310779096_STOP323,1,27.0,27.0,27.0,Pasar Kordon B,Jalan Batu Nunggal,tertiary,-6.953704700000005,107.6387208,Sangat Dekat (<200m)
6411536102_7513405158_STOP323,1,27.0,27.0,27.0,Pasar Kordon B,Jalan Buah Batu,primary,-6.953704700000005,107.6387208,Sangat Dekat (<200m)
6411839582_4140347904_STOP324,2,25.200000000000003,11.7,38.7,Bluebird B,Jalan Buah Batu,primary,-6.958290856390815,107.63953828318476,Sangat Dekat (<200m)
6411839582_4140347904_STOP330,2,39.099999999999994,18.4,59.8,Bluebird A,Jalan Buah Batu,primary,-6.957394219887839,107.63957177463385,Sangat Dekat (<200m)
6411839583_35138338_STOP330,1,56.6,56.6,56.6,Bluebird A,Jalan Buah Batu,primary,-6.957188700000006,107.6394639,Sangat Dekat (<200m)
6411839583_6411839582_STOP330,1,56.6,56.6,56.6,Bluebird A,,primary_link,-6.957188700000006,107.6394639,Sangat Dekat (<200m)
6412131569_6609908292_STOP363,1,339.4,339.4,339.4,Rancabolang,Jalan Taman Jupiter,tertiary,-6.942252899999995,107.6624592,Dekat (200-400m)
6412131569_9503919891_STOP363,2,338.0,336.6,339.4,Rancabolang,,tertiary,-6.942287580309559,107.66268259161825,Dekat (200-400m)
6412357738_35137789_STOP540,4,563.625,544.7,589.0,Terminal Margahayu Raya,Jalan Saturnus Utara XV,tertiary,-6.9495709066118305,107.6667021556322,Sedang (400-800m)
6412357745_35137788_STOP540,1,516.4,516.4,516.4,Terminal Margahayu Raya,Jalan Tata Surya,tertiary,-6.949476799999995,107.66623590000002,Sedang (400-800m)
6412357745_3869649891_STOP362,3,465.8333333333333,417.2,514.6,Metro Soekarno Hatta,Jalan Tata Surya,tertiary,-6.943215096249645,107.66713157631303,Sedang (400-800m)
6412357745_3869649891_STOP540,13,478.3692307692308,440.4,551.7,Terminal Margahayu Raya,Jalan Tata Surya,tertiary,-6.94679312664504,107.66661928826267,Sedang (400-800m)
6412357745_6412357738_STOP540,1,516.4,516.4,516.4,Terminal Margahayu Raya,,tertiary,-6.949476799999995,107.66623590000002,Sedang (400-800m)
6413894757_1664487744_STOP361,8,218.175,125.8,366.2,Komplek Aria Graha,,tertiary,-6.939949431896977,107.67419478598674,Dekat (200-400m)
6413894757_1664487744_STOP604,2,409.2,384.9,433.5,Puskesmas Cipamokolan,,tertiary,-6.943413112566444,107.67650167350892,Sedang (400-800m)
6413894757_1664487744_STOP605,5,379.82,357.1,431.9,Bulog Kancab Bandung,,tertiary,-6.942035185336647,107.67593424749725,Dekat (200-400m)
6413894757_7673353742_STOP361,4,67.375,17.2,134.3,Komplek Aria Graha,Jalan Soekarno-Hatta,secondary,-6.938526419639353,107.673430442813,Sangat Dekat (<200m)
6425545180_29380398_STOP496,3,683.4333333333334,643.8,723.2,Simpang Bojong Raya,Jalan Raya Cijerah,secondary,-6.932763889001223,107.56481212378917,Sedang (400-800m)
6425545180_29380398_STOP497,6,685.6833333333334,664.1,719.8,Holis Regency,Jalan Raya Cijerah,secondary,-6.934700137400285,107.56472268651855,Sedang (400-800m)
6425545180_3115112874_STOP497,10,486.4,358.1,664.1,Holis Regency,Jalan Cigondewah Kaler,secondary,-6.936919449944919,107.56586068827619,Sedang (400-800m)
6425545180_3115112874_STOP498,12,218.83333333333334,141.7,347.5,Griya Holis,Jalan Cigondewah Kaler,secondary,-6.94109184200484,107.56638364371933,Dekat (200-400m)
6428110632_10166777277_STOP139,1,25.0,25.0,25.0,Jalan Haji Tatang Sumantri,Jalan Haji Tatang Sumantri,tertiary,-6.954839499999991,107.6115903,Sangat Dekat (<200m)
6428110632_1982778316_STOP139,1,25.0,25.0,25.0,Jalan Haji Tatang Sumantri,Jalan Mohammad Toha,primary,-6.954839499999991,107.6115903,Sangat Dekat (<200m)
6428110632_3272376486_STOP139,1,25.0,25.0,25.0,Jalan Haji Tatang Sumantri,Jalan Mohammad Toha,primary,-6.954839499999991,107.6115903,Sangat Dekat (<200m)
6428110632_3272376486_STOP185,5,194.18,106.5,287.1,Simpang By Pass Soekarno Hatta B,Jalan Mohammad Toha,primary,-6.949693144489994,107.6098823651525,Sangat Dekat (<200m)
6428110632_3272376486_STOP186,7,175.79999999999998,25.4,326.6,SPBU Moh. Toha,Jalan Mohammad Toha,primary,-6.953123942187686,107.61102132446184,Sangat Dekat (<200m)
6428110632_3272376486_STOP336,2,341.1,325.7,356.5,PLN UP3 Bandung A,Jalan Mohammad Toha,primary,-6.951194344414404,107.6103800057993,Dekat (200-400m)
6428110634_1982778316_STOP139,4,146.625,71.5,221.6,Jalan Haji Tatang Sumantri,Jalan Mohammad Toha,primary,-6.955905814465018,107.61191438167978,Sangat Dekat (<200m)
6431352726_2255977904_STOP540,2,676.55,657.9,695.2,Terminal Margahayu Raya,Jalan Andromeda Raya,tertiary,-6.95027986064486,107.65789782047472,Sedang (400-800m)
6431352726_6431352726_STOP540,8,726.1125000000001,695.2,765.0,Terminal Margahayu Raya,Jalan Andromeda Tengah IV,tertiary,-6.950801188396129,107.65775171398252,Sedang (400-800m)
6431352730_2255977904_STOP540,2,614.9,614.9,614.9,Terminal Margahayu Raya,Jalan Margahayu Raya Bar.,tertiary,-6.949447200000005,107.6579852,Sedang (400-800m)
6431352730_6609908292_STOP363,1,376.0,376.0,376.0,Rancabolang,"['Jalan Taman Jupiter', 'Jalan Margahayu Raya Bar.']",tertiary,-6.94253983805697,107.66227394957302,Dekat (200-400m)
6431352730_6609908292_STOP364,1,397.9,397.9,397.9,SMKN 7 Bandung,"['Jalan Taman Jupiter', 'Jalan Margahayu Raya Bar.']",tertiary,-6.942926175646363,107.66203951086904,Dekat (200-400m)
6431352730_6609908292_STOP540,17,379.2470588235294,268.1,614.9,Terminal Margahayu Raya,"['Jalan Taman Jupiter', 'Jalan Margahayu Raya Bar.']",tertiary,-6.946387337879631,107.65990625794056,Dekat (200-400m)
6435730317_1777901409_STOP644,7,190.14285714285714,135.3,286.8,Jalan Beunteur,Jalan Kancra,tertiary,-6.934944849193272,107.61864012534498,Sangat Dekat (<200m)
6435730317_1777901409_STOP645,2,272.04999999999995,251.7,292.4,Jalan Nilem V,Jalan Kancra,tertiary,-6.936681754855425,107.61949556335568,Dekat (200-400m)
6436250308_10184467588_STOP466,11,292.1818181818182,219.3,396.1,Seberang Selontongan,Jalan Mutumanikam,tertiary,-6.940673407007168,107.62339335607773,Dekat (200-400m)
6436250308_10184467588_STOP579,1,398.9,398.9,398.9,Seberang Griya Buah Batu,Jalan Mutumanikam,tertiary,-6.943051800000005,107.6235935,Dekat (200-400m)
6436250308_1914135386_STOP466,3,206.5666666666667,160.2,253.5,Seberang Selontongan,Jalan Suryalaya,tertiary,-6.941788459882972,107.62488676001124,Dekat (200-400m)
6436250308_1914135386_STOP467,2,92.19999999999999,70.3,114.1,Selontongan,Jalan Suryalaya,tertiary,-6.941004074034209,107.62570001044583,Sangat Dekat (<200m)
6436250308_1914135386_STOP579,3,350.09999999999997,301.5,398.9,Seberang Griya Buah Batu,Jalan Suryalaya,tertiary,-6.942738871769026,107.62391964322403,Dekat (200-400m)
6436250308_5397556729_STOP120,3,534.4666666666667,508.3,567.0,Pasirluyu Selatan/Sukaati,Jalan Suryalaya,tertiary,-6.9445421402683705,107.62191959565165,Sedang (400-800m)
6436250308_5397556729_STOP579,4,473.075,398.9,547.4,Seberang Griya Buah Batu,Jalan Suryalaya,tertiary,-6.9435197674656175,107.62310292105788,Sedang (400-800m)
6437394512_35138338_STOP330,1,75.2,75.2,75.2,Bluebird A,,primary_link,-6.957026600000004,107.6395289,Sangat Dekat (<200m)
6437394512_6411839582_STOP330,1,75.2,75.2,75.2,Bluebird A,Jalan Buah Batu,primary,-6.957026600000004,107.6395289,Sangat Dekat (<200m)
6438800742_1849525979_STOP686,3,38.9,15.2,64.3,Simpang Sultan Tirtayasa - Trunojoyo 2,Jalan Trunojoyo,tertiary,-6.903287877077755,107.61341938169801,Sangat Dekat (<200m)
6438800742_25434517_STOP686,1,64.3,64.3,64.3,Simpang Sultan Tirtayasa - Trunojoyo 2,Jalan Trunojoyo,tertiary,-6.903664099999996,107.6131694,Sangat Dekat (<200m)
6438800742_5356356848_STOP686,1,64.3,64.3,64.3,Simpang Sultan Tirtayasa - Trunojoyo 2,Jalan Sultan Agung,tertiary,-6.903664099999996,107.6131694,Sangat Dekat (<200m)
6442486339_13123360943_STOP176,10,132.01,24.5,280.1,Abdurachman Saleh,Jalan Abdul Rahman Saleh,trunk,-6.907510483906867,107.58364848235787,Sangat Dekat (<200m)
6442486339_13123360943_STOP774,1,205.4,205.4,205.4,Stasiun Andir 2,Jalan Abdul Rahman Saleh,trunk,-6.907599300000006,107.5811738,Dekat (200-400m)
6442486339_13123360943_STOP84,2,208.35000000000002,183.3,233.4,Husein Pajajaran,Jalan Abdul Rahman Saleh,trunk,-6.907119196177538,107.58632945504581,Dekat (200-400m)
6442486339_1666277222_STOP773,4,84.05,60.1,126.8,Stasiun Andir 1,Jalan Layang Nurtanio,trunk,-6.908568972791771,107.57883544303888,Sangat Dekat (<200m)
6442486339_1666277222_STOP774,5,138.66000000000003,84.2,205.4,Stasiun Andir 2,Jalan Layang Nurtanio,trunk,-6.907538931543544,107.58028219608848,Sangat Dekat (<200m)
6442486339_1666277222_STOP775,2,127.0,102.0,152.0,Simpang Garuda - Dadali,Jalan Layang Nurtanio,trunk,-6.909864496697911,107.57846241607446,Sangat Dekat (<200m)
6442486339_2628296766_STOP774,3,164.43333333333334,126.5,205.4,Stasiun Andir 2,Jalan Abdul Rahman Saleh,tertiary,-6.907577118403143,107.58072384350152,Sangat Dekat (<200m)
6442819831_1849525880_STOP13,1,69.9,69.9,69.9,Taman Lalu Lintas Kota Bandung,Jalan Sumatra,tertiary,-6.912623899999997,107.6132624,Sangat Dekat (<200m)
6442819831_5851048279_STOP13,1,69.9,69.9,69.9,Taman Lalu Lintas Kota Bandung,Jalan Belitung,tertiary_link,-6.912623899999997,107.6132624,Sangat Dekat (<200m)
6442840898_1911634983_STOP280,7,367.5571428571429,323.8,429.9,Kemenag Kanwil Jabar,"['Jalan Holis', 'Jalan Nana Rohana', 'Jalan Suryani Dalam']",tertiary,-6.920612937096633,107.5783229749803,Dekat (200-400m)
6442840898_1911634983_STOP375,2,414.0,393.9,434.1,SDN Raya Barat,"['Jalan Holis', 'Jalan Nana Rohana', 'Jalan Suryani Dalam']",tertiary,-6.920590989417417,107.58030516224844,Sedang (400-800m)
6442840898_1911634983_STOP398,10,179.63,4.8,339.0,Simpang Holis Soekarno Hatta,"['Jalan Holis', 'Jalan Nana Rohana', 'Jalan Suryani Dalam']",tertiary,-6.922424748128511,107.57607206623133,Sangat Dekat (<200m)
6442840898_5489855947_STOP398,1,4.8,4.8,4.8,Simpang Holis Soekarno Hatta,Jalan Holis,tertiary,-6.923662000000009,107.5751042,Sangat Dekat (<200m)
6442968670_364365556_STOP192,4,50.95,20.2,81.9,Bank Indonesia,Jalan Braga,primary,-6.9146017985991515,107.60900894234021,Sangat Dekat (<200m)
6442968670_364365556_STOP292,1,120.1,120.1,120.1,Lembong,Jalan Braga,primary,-6.915731172618193,107.60899006877156,Sangat Dekat (<200m)
6442968671_2439053851_STOP192,1,79.4,79.4,79.4,Bank Indonesia,Jalan Perintis Kemerdekaan,primary,-6.913844000000008,107.6089516,Sangat Dekat (<200m)
6442968671_6442968670_STOP192,1,79.4,79.4,79.4,Bank Indonesia,Jalan Perintis Kemerdekaan,primary,-6.913844000000008,107.6089516,Sangat Dekat (<200m)
6442968672_2439053851_STOP192,1,76.9,76.9,76.9,Bank Indonesia,Jalan Perintis Kemerdekaan,primary,-6.913857400000007,107.609095,Sangat Dekat (<200m)
6442968672_6442968670_STOP192,1,76.9,76.9,76.9,Bank Indonesia,Jalan Perintis Kemerdekaan,primary,-6.913857400000007,107.609095,Sangat Dekat (<200m)
6443246208_1014722265_STOP197,1,138.8,138.8,138.8,ITC Kebon Kalapa,Jalan Balonggede,tertiary,-6.927181207653887,107.60707122616463,Sangat Dekat (<200m)
6443246208_1014722265_STOP471,3,78.0,46.7,115.2,SMP Negeri 43 Bandung,Jalan Balonggede,tertiary,-6.926278669213054,107.60711647531002,Sangat Dekat (<200m)
6443280179_6443280180_STOP224,1,24.2,24.2,24.2,Simpang Otista Astana Anyar,,primary_link,-6.935578000000003,107.6032173,Sangat Dekat (<200m)
6443280179_6621856655_STOP224,1,24.2,24.2,24.2,Simpang Otista Astana Anyar,Jalan Otto Iskandardinata,primary,-6.935578000000003,107.6032173,Sangat Dekat (<200m)
6443280179_6621856655_STOP309,1,54.4,54.4,54.4,Taman Tegallega,Jalan Otto Iskandardinata,primary,-6.936028811559528,107.60318686233288,Sangat Dekat (<200m)
6443280180_3277883741_STOP224,1,28.0,28.0,28.0,Simpang Otista Astana Anyar,Jalan Otto Iskandardinata,primary,-6.935574400000004,107.6031352,Sangat Dekat (<200m)
6443280180_6443280179_STOP224,1,28.0,28.0,28.0,Simpang Otista Astana Anyar,,primary_link,-6.935574400000004,107.6031352,Sangat Dekat (<200m)
6445031497_2325451810_STOP555,3,70.60000000000001,24.5,118.3,Seberang Telkom Supratman,Jalan Supratman,primary,-6.905717446108398,107.62943749667528,Sangat Dekat (<200m)
6445031497_2325451810_STOP73,2,105.75,80.9,130.6,Ciliwung,Jalan Supratman,primary,-6.9047724266410935,107.62881837103521,Sangat Dekat (<200m)
6445031497_2325451810_STOP74,1,30.8,30.8,30.8,Muararajeun,Jalan Supratman,primary,-6.904207900000004,107.6284431,Sangat Dekat (<200m)
6445031497_6445031498_STOP74,1,30.8,30.8,30.8,Muararajeun,Jalan Ciliwung,tertiary,-6.904207900000004,107.6284431,Sangat Dekat (<200m)
6445031498_10171865536_STOP172,1,84.2,84.2,84.2,Pet Park,Jalan Ciliwung,tertiary,-6.904998614231879,107.62721751806129,Sangat Dekat (<200m)
6445031498_10171865536_STOP73,3,61.166666666666664,29.6,100.0,Ciliwung,Jalan Ciliwung,tertiary,-6.904512242025703,107.62797959214163,Sangat Dekat (<200m)
6445031498_11707030830_STOP73,1,29.6,29.6,29.6,Ciliwung,Jalan Supratman,primary,-6.904266200000008,107.6283588,Sangat Dekat (<200m)
6445381505_25778222_STOP575,2,72.85,47.8,97.9,Tugu PKK Citarum,Jalan Citarum,tertiary,-6.90225228754321,107.62443063036491,Sangat Dekat (<200m)
6445381505_25778222_STOP690,2,64.6,46.6,82.6,Simpang Cisangkuy - Citarum,Jalan Citarum,tertiary,-6.9029555377189435,107.62386283087496,Sangat Dekat (<200m)
6445381505_6445381506_STOP575,1,47.8,47.8,47.8,Tugu PKK Citarum,,tertiary_link,-6.902077700000008,107.6245741,Sangat Dekat (<200m)
6445381506_1666747516_STOP575,2,30.700000000000003,12.3,49.1,Tugu PKK Citarum,Jalan Citarum,tertiary,-6.90186509661729,107.62467147827604,Sangat Dekat (<200m)
6445381506_6445381505_STOP575,1,49.1,49.1,49.1,Tugu PKK Citarum,,tertiary_link,-6.902038100000007,107.6245261,Sangat Dekat (<200m)
6445776283_10173744453_STOP667,3,124.53333333333335,118.0,130.2,Simpang Cilaki - Cimanuk,Jalan Cisanggarung,tertiary,-6.903726565615113,107.62057687079094,Sangat Dekat (<200m)
6445776283_6445776985_STOP667,1,125.4,125.4,125.4,Simpang Cilaki - Cimanuk,Jalan Hayam Wuruk,tertiary,-6.903399499999994,107.6202651,Sangat Dekat (<200m)
6445776985_11771489565_STOP667,2,160.4,135.5,185.3,Simpang Cilaki - Cimanuk,Jalan Hayam Wuruk,tertiary,-6.903581304329247,107.62000275359316,Sangat Dekat (<200m)
6445776985_1849526010_STOP667,1,135.5,135.5,135.5,Simpang Cilaki - Cimanuk,Jalan Cisanggarung,tertiary,-6.9034615000000015,107.620193,Sangat Dekat (<200m)
6445776991_13713992504_STOP805,1,237.1,237.1,237.1,BPK Penabur Banda,,tertiary_link,-6.903793899999998,107.6179156,Dekat (200-400m)
6445776991_7190149301_STOP805,2,228.95,220.8,237.1,BPK Penabur Banda,Jalan Hayam Wuruk,tertiary,-6.903738983008393,107.61770314915447,Dekat (200-400m)
6445776996_2520649113_STOP669,1,222.2,222.2,222.2,Gedung Sate,Jalan Banda,tertiary,-6.903446300000006,107.6171748,Dekat (200-400m)
6445776996_6445776997_STOP669,1,222.2,222.2,222.2,Gedung Sate,Jalan Cilamaya,tertiary,-6.903446300000006,107.6171748,Dekat (200-400m)
6445776997_6445777001_STOP669,1,204.1,204.1,204.1,Gedung Sate,Jalan Cilamaya,tertiary,-6.903262699999997,107.6170291,Dekat (200-400m)
6445777001_10173705729_STOP669,1,166.7,166.7,166.7,Gedung Sate,,tertiary_link,-6.902895399999994,107.6169308,Sangat Dekat (<200m)
6445777001_6445777003_STOP669,4,104.0,51.7,166.7,Gedung Sate,Jalan Cilamaya,tertiary,-6.902217960566002,107.6169107011435,Sangat Dekat (<200m)
6445777003_1847944841_STOP669,2,77.44999999999999,52.8,102.1,Gedung Sate,Jalan Diponegoro,primary,-6.901347516629636,107.61666475681649,Sangat Dekat (<200m)
6445777003_1847944841_STOP670,1,106.2,106.2,106.2,Taman Segitiga Trunojoyo 1,Jalan Diponegoro,primary,-6.901369072380435,107.61598692476522,Sangat Dekat (<200m)
6445777003_1849525905_STOP669,1,52.8,52.8,52.8,Gedung Sate,Jalan Diponegoro,primary,-6.901340599999996,107.6168907,Sangat Dekat (<200m)
6455291974_2518070484_STOP356,1,159.1,159.1,159.1,Panyileukan,Jalan Pertamina,trunk_link,-6.935450000000005,107.7135476,Sangat Dekat (<200m)
6455291974_2634710028_STOP230,3,149.56666666666666,100.2,199.1,Bundaran Cibiru,Jalan Soekarno-Hatta,trunk,-6.935251370738972,107.71625304415768,Sangat Dekat (<200m)
6455291974_2634710028_STOP356,3,208.86666666666667,159.1,258.7,Panyileukan,Jalan Soekarno-Hatta,trunk,-6.935417224071828,107.71399853248117,Dekat (200-400m)
6455291974_2634710028_STOP379,2,236.39999999999998,221.6,251.2,Pangkalan DAMRI Cibiru,Jalan Soekarno-Hatta,trunk,-6.935335282901484,107.7151258629224,Dekat (200-400m)
6461589822_10171739080_STOP665,1,117.5,117.5,117.5,Simpang Brantas Cihapit 1,Jalan Taman Cibeunying Utara,tertiary,-6.905978199999996,107.62507870000002,Sangat Dekat (<200m)
6461589822_3269381709_STOP665,2,100.1,82.7,117.5,Simpang Brantas Cihapit 1,Jalan Ciliwung,tertiary,-6.9059916457863215,107.62485330902598,Sangat Dekat (<200m)
6461589822_3269381712_STOP665,2,93.45,69.4,117.5,Simpang Brantas Cihapit 1,Jalan Cihapit,tertiary,-6.9061406422601355,107.62493099689631,Sangat Dekat (<200m)
6461589858_12809507137_STOP507,2,51.1,26.2,76.0,Graha Manggala Siliwangi,Jalan Aceh,secondary,-6.909111418664439,107.62002408660494,Sangat Dekat (<200m)
6461589858_12809507137_STOP61,1,18.9,18.9,18.9,PMI Kota Bandung,Jalan Aceh,secondary,-6.908959382538392,107.61936317163116,Sangat Dekat (<200m)
6461589858_12809507137_STOP662,2,58.55,52.5,64.6,Simpang Menado - Aceh 1,Jalan Aceh,secondary,-6.909309288379719,107.62090638990003,Sangat Dekat (<200m)
6461589858_1849525899_STOP662,1,52.5,52.5,52.5,Simpang Menado - Aceh 1,Jalan Menado,tertiary,-6.909356799999996,107.6211274,Sangat Dekat (<200m)
6461589858_1849525899_STOP695,3,48.199999999999996,8.4,93.2,Simpang Menado - Aceh 2,Jalan Menado,tertiary,-6.910235169523638,107.62091515125617,Sangat Dekat (<200m)
6461589858_1849525899_STOP696,1,140.7,140.7,140.7,Simpang Menado - Belitung,Jalan Menado,tertiary,-6.91111327402867,107.62070161636522,Sangat Dekat (<200m)
6461589858_2520790639_STOP662,1,52.5,52.5,52.5,Simpang Menado - Aceh 1,Jalan Aceh,secondary,-6.909356799999996,107.6211274,Sangat Dekat (<200m)
6468977370_5488117168_STOP198,1,695.5,695.5,695.5,Karasak Lama,,tertiary,-6.952515599999994,107.5979339,Sedang (400-800m)
6469653354_1107865397_STOP580,3,155.33333333333334,108.9,202.7,Universitas Aisyiyah,Jalan Talaga Bodas,tertiary,-6.928285806478153,107.62176761907608,Sangat Dekat (<200m)
6469653354_1107865397_STOP733,3,150.0,126.0,176.3,Macan - Lodaya 2,Jalan Talaga Bodas,tertiary,-6.928019331216208,107.62044134755506,Sangat Dekat (<200m)
6469653354_6469933730_STOP733,1,126.0,126.0,126.0,Macan - Lodaya 2,Jalan Talaga Bodas,tertiary,-6.927985899999992,107.6199916,Sangat Dekat (<200m)
6469653354_6469933730_STOP797,1,102.6,102.6,102.6,Sadakeling - Wiradisastra,Jalan Talaga Bodas,tertiary,-6.928046249865404,107.61954464275487,Sangat Dekat (<200m)
6469933723_11347520098_STOP732,1,42.7,42.7,42.7,Macan - Lodaya 1,Jalan Lodaya,tertiary,-6.929503372782205,107.61968286634782,Sangat Dekat (<200m)
6469933723_11347520098_STOP733,2,28.05,4.1,52.0,Macan - Lodaya 2,Jalan Lodaya,tertiary,-6.928831425815469,107.61959592089114,Sangat Dekat (<200m)
6469933723_29434775_STOP733,1,52.0,52.0,52.0,Macan - Lodaya 2,Jalan Lodaya,tertiary,-6.9286068000000025,107.6195718,Sangat Dekat (<200m)
6469933723_29434775_STOP797,1,94.1,94.1,94.1,Sadakeling - Wiradisastra,Jalan Lodaya,tertiary,-6.928172915756647,107.6194715922363,Sangat Dekat (<200m)
6469933728_5853120077_STOP752,6,77.81666666666666,13.3,146.7,Simpang Burangrang - Halimun,Jalan Burangrang,tertiary,-6.925923796023009,107.61964366039132,Sangat Dekat (<200m)
6469933728_5853120077_STOP797,1,117.1,117.1,117.1,Sadakeling - Wiradisastra,Jalan Burangrang,tertiary,-6.927490599999994,107.6194626,Sangat Dekat (<200m)
6469933728_6470065672_STOP797,2,109.0,100.9,117.1,Sadakeling - Wiradisastra,Jalan Burangrang,tertiary,-6.927713074222099,107.61948760681953,Sangat Dekat (<200m)
6469933730_29434775_STOP797,1,100.0,100.0,100.0,Sadakeling - Wiradisastra,Jalan Talaga Bodas,tertiary,-6.928048399999995,107.619522,Sangat Dekat (<200m)
6469933730_6469933723_STOP733,1,64.0,64.0,64.0,Macan - Lodaya 2,Jalan Lodaya,tertiary,-6.928495383451788,107.6195880529607,Sangat Dekat (<200m)
6469933730_6469933723_STOP797,1,100.0,100.0,100.0,Sadakeling - Wiradisastra,Jalan Lodaya,tertiary,-6.928048399999995,107.619522,Sangat Dekat (<200m)
6470065668_3278061603_STOP796,2,67.5,44.6,90.4,Simpang Cikawao - Karapitan,Jalan Sadakeling,tertiary,-6.928716832709664,107.61748568529978,Sangat Dekat (<200m)
6470065668_3278061603_STOP797,3,40.13333333333333,18.4,68.3,Sadakeling - Wiradisastra,Jalan Sadakeling,tertiary,-6.928239994017649,107.61849643062438,Sangat Dekat (<200m)
6470065668_6470065671_STOP797,2,58.1,33.7,82.5,Sadakeling - Wiradisastra,Jalan Sadakeling,tertiary,-6.928045170283561,107.61914100217166,Sangat Dekat (<200m)
6470065671_6469933728_STOP797,2,103.75,92.8,114.7,Sadakeling - Wiradisastra,Jalan Burangrang,tertiary,-6.9277392919890675,107.61944911965784,Sangat Dekat (<200m)
6470065671_6470065672_STOP797,1,92.8,92.8,92.8,Sadakeling - Wiradisastra,Jalan Talaga Bodas,tertiary,-6.927963299999997,107.6194441,Sangat Dekat (<200m)
6470065672_6469653354_STOP733,1,126.5,126.5,126.5,Macan - Lodaya 2,Jalan Talaga Bodas,tertiary,-6.927972143062182,107.61996036681742,Sangat Dekat (<200m)
6470065672_6469653354_STOP797,1,100.5,100.5,100.5,Sadakeling - Wiradisastra,Jalan Talaga Bodas,tertiary,-6.927956400000008,107.6195135,Sangat Dekat (<200m)
6470065672_6469933730_STOP797,1,100.5,100.5,100.5,Sadakeling - Wiradisastra,Jalan Burangrang,tertiary,-6.927956400000008,107.6195135,Sangat Dekat (<200m)
6470450609_25435162_STOP585,1,149.4,149.4,149.4,Simpang Samoja - Malabar,Jalan Malabar,tertiary,-6.921790029554647,107.62474775991852,Sangat Dekat (<200m)
6470450609_25435162_STOP657,4,67.4,18.4,133.8,Simpang Malabar Gatot Subroto 1,Jalan Malabar,tertiary,-6.922895832061277,107.62454573966325,Sangat Dekat (<200m)
6470450609_6470450610_STOP657,1,18.4,18.4,18.4,Simpang Malabar Gatot Subroto 1,Jalan Malabar,tertiary,-6.923552200000001,107.6243769,Sangat Dekat (<200m)
6470450610_6470450611_STOP657,1,35.6,35.6,35.6,Simpang Malabar Gatot Subroto 1,Jalan Malabar,tertiary,-6.923705500000004,107.624396,Sangat Dekat (<200m)
6470450610_6470450617_STOP657,1,35.6,35.6,35.6,Simpang Malabar Gatot Subroto 1,Jalan Jenderal Gatot Subroto,primary,-6.923705500000004,107.624396,Sangat Dekat (<200m)
6470450610_6470450617_STOP838,1,52.5,52.5,52.5,Malabar 2,Jalan Jenderal Gatot Subroto,primary,-6.923809818623762,107.6248359292084,Sangat Dekat (<200m)
6470450611_25435174_STOP705,1,32.5,32.5,32.5,Simpang Malabar - Gatot Subroto 2,Jalan Jenderal Gatot Subroto,primary,-6.923801800000002,107.6243612,Sangat Dekat (<200m)
6470450611_5395151832_STOP705,2,25.85,19.2,32.5,Simpang Malabar - Gatot Subroto 2,Jalan Malabar,tertiary,-6.924013182086698,107.6242814259019,Sangat Dekat (<200m)
6470450615_6470450609_STOP657,1,33.5,33.5,33.5,Simpang Malabar Gatot Subroto 1,Jalan Malabar,tertiary,-6.923678399999995,107.6242815,Sangat Dekat (<200m)
6470450615_6470450610_STOP657,1,33.5,33.5,33.5,Simpang Malabar Gatot Subroto 1,Jalan Jenderal Gatot Subroto,primary,-6.923678399999995,107.6242815,Sangat Dekat (<200m)
6470450617_2325452552_STOP434,2,26.75,6.0,47.5,Aneka Jeans,Jalan Jenderal Gatot Subroto,primary,-6.924283024880048,107.62662415998403,Sangat Dekat (<200m)
6470450617_2325452552_STOP837,2,49.650000000000006,24.9,74.4,Malabar 1,Jalan Jenderal Gatot Subroto,primary,-6.924069871386761,107.62574539260042,Sangat Dekat (<200m)
6470450617_2325452552_STOP838,1,23.4,23.4,23.4,Malabar 2,Jalan Jenderal Gatot Subroto,primary,-6.9239093000000045,107.6250865,Sangat Dekat (<200m)
6470450617_6470450611_STOP705,1,45.2,45.2,45.2,Simpang Malabar - Gatot Subroto 2,Jalan Jenderal Gatot Subroto,primary,-6.923863465776901,107.624645386258,Sangat Dekat (<200m)
6470450617_6470450611_STOP838,1,23.4,23.4,23.4,Malabar 2,Jalan Jenderal Gatot Subroto,primary,-6.9239093000000045,107.6250865,Sangat Dekat (<200m)
6470450620_1108653643_STOP501,1,109.5,109.5,109.5,Sekolah BPI,Jalan Jenderal Gatot Subroto,primary,-6.922698007933029,107.62013904821612,Sangat Dekat (<200m)
6470450620_1108653643_STOP568,1,10.0,10.0,10.0,Jalan Putri,Jalan Jenderal Gatot Subroto,primary,-6.922910016084712,107.62147877666924,Sangat Dekat (<200m)
6470450620_1108653643_STOP657,1,84.7,84.7,84.7,Simpang Malabar Gatot Subroto 1,Jalan Jenderal Gatot Subroto,primary,-6.923576399999999,107.623622,Sangat Dekat (<200m)
6470450620_1108653643_STOP704,2,45.0,20.3,69.7,Simpang Gatot Subroto - Guntur,Jalan Jenderal Gatot Subroto,primary,-6.922805593245247,107.62080866710525,Sangat Dekat (<200m)
6470450620_1108653643_STOP835,1,20.7,20.7,20.7,Guntur 2,Jalan Jenderal Gatot Subroto,primary,-6.922980408345437,107.62192540059284,Sangat Dekat (<200m)
6470450620_1108653643_STOP836,3,74.36666666666666,26.6,122.8,Guntur 1,Jalan Jenderal Gatot Subroto,primary,-6.923222772399143,107.6227906037903,Sangat Dekat (<200m)
6470450620_6470450615_STOP657,2,63.400000000000006,42.1,84.7,Simpang Malabar Gatot Subroto 1,Jalan Jenderal Gatot Subroto,primary,-6.923601857660305,107.6238440850515,Sangat Dekat (<200m)
6475102309_3252879876_STOP279,4,51.675,9.0,95.9,Toko Ambon,Jalan Jendral Sudirman,primary,-6.918628085540164,107.58570541354833,Sangat Dekat (<200m)
6485352110_3272563961_STOP343,6,183.11666666666667,114.2,279.0,Simpang Tol Pasirkoja,Jalan Soekarno-Hatta,trunk,-6.928939369687878,107.57581978461427,Sangat Dekat (<200m)
6485352110_3272563961_STOP381,2,220.15,195.0,245.3,Holis 1,Jalan Soekarno-Hatta,trunk,-6.927152538275756,107.57554780196494,Dekat (200-400m)
6485352110_6485352111_STOP381,1,195.0,195.0,195.0,Holis 1,,trunk_link,-6.926929199999998,107.5755137,Sangat Dekat (<200m)
6485352111_3383341288_STOP381,3,145.29999999999998,95.4,195.3,Holis 1,Jalan Soekarno-Hatta,trunk,-6.926495838980343,107.57534442404773,Sangat Dekat (<200m)
6485661075_2317306738_STOP485,2,194.25,170.3,218.2,Wastukencana Purnawarman,Jalan Wastukancana,primary,-6.907185795886139,107.60762140061482,Sangat Dekat (<200m)
6485661075_2317306738_STOP63,2,161.55,136.8,186.3,Pasar Kembang Wastukencana,Jalan Wastukancana,primary,-6.906287563999022,107.60767174065737,Sangat Dekat (<200m)
6485661075_2439053889_STOP63,1,136.8,136.8,136.8,Pasar Kembang Wastukencana,,primary_link,-6.906062799999992,107.6076516,Sangat Dekat (<200m)
6608965027_7216077587_STOP371,4,353.525,297.9,412.3,Magna,,tertiary,-6.954728148454519,107.69032478683383,Dekat (200-400m)
6608965029_11278632590_STOP647,8,198.7875,34.8,367.7,Taman Sumringah,Bulevar Barat,secondary,-6.95384795302936,107.69281250986234,Sangat Dekat (<200m)
6608965029_9824987335_STOP647,1,34.8,34.8,34.8,Taman Sumringah,Jalan Akasia,tertiary,-6.954993300000004,107.69381280000002,Sangat Dekat (<200m)
6608965030_10968637160_STOP647,5,127.22,29.6,220.4,Taman Sumringah,Jalan Akasia,tertiary,-6.955646153929126,107.69315662901496,Sangat Dekat (<200m)
6608965030_10968637160_STOP819,1,258.0,258.0,258.0,Amanda Btari,Jalan Akasia,tertiary,-6.956718107030268,107.69240289825176,Dekat (200-400m)
6608965030_6608965029_STOP647,1,29.6,29.6,29.6,Taman Sumringah,Bulevar Barat,secondary,-6.955128400000002,107.6938679,Sangat Dekat (<200m)
6608965044_6608965046_STOP819,1,41.7,41.7,41.7,Amanda Btari,Bunderan Akasia,tertiary,-6.958642999999999,107.6926723,Sangat Dekat (<200m)
6608965044_7561564769_STOP819,4,117.05000000000001,41.7,192.4,Amanda Btari,Jalan Akasia,tertiary,-6.957972901930318,107.69257317342385,Sangat Dekat (<200m)
6608965046_6608965044_STOP819,2,27.6,13.5,41.7,Amanda Btari,Bunderan Akasia,tertiary,-6.958769676803687,107.6927132438123,Sangat Dekat (<200m)
6608965073_6608965046_STOP819,4,154.75,80.5,226.8,Amanda Btari,Jalan Akasia,tertiary,-6.957635394605287,107.69255272968176,Sangat Dekat (<200m)
6608965073_7561564769_STOP819,1,226.8,226.8,226.8,Amanda Btari,Jalan Akasia,tertiary,-6.957015600000001,107.6923324,Dekat (200-400m)
6608982087_6608965030_STOP647,5,109.04,29.5,194.9,Taman Sumringah,Bulevar Barat,secondary,-6.95594536922181,107.69433914583433,Sangat Dekat (<200m)
6608982089_6608982087_STOP261,1,237.6,237.6,237.6,Shuttle Summarecon Mall Bandung,,secondary_link,-6.9569303000000025,107.6951849,Dekat (200-400m)
6608982089_7216028474_STOP261,1,237.6,237.6,237.6,Shuttle Summarecon Mall Bandung,Bulevar Utama,secondary,-6.9569303000000025,107.6951849,Dekat (200-400m)
6608982092_6608982089_STOP647,1,267.8,267.8,267.8,Taman Sumringah,Bulevar Utama,secondary,-6.957234339637121,107.695121863045,Dekat (200-400m)
6608982092_6608982089_STOP819,3,265.7,240.5,293.8,Amanda Btari,Bulevar Utama,secondary,-6.9581191766663855,107.69494016687986,Dekat (200-400m)
6608982106_5848060882_STOP819,1,310.0,310.0,310.0,Amanda Btari,Bunderan Bulevar Utama,secondary,-6.960432600000002,107.6951415,Dekat (200-400m)
6608982106_7216077733_STOP819,4,270.65,239.3,310.0,Amanda Btari,Bulevar Utama,secondary,-6.959766858736466,107.69501514963467,Dekat (200-400m)
6608982110_6608982115_STOP818,1,285.8,285.8,285.8,Emily Cynthia,Bunderan Bulevar Utama,secondary,-6.960493599999998,107.6953847,Dekat (200-400m)
6608982110_9787694583_STOP386,3,245.29999999999998,202.5,289.0,Sekolah Al-Azhar Summarecon,Bulevar Selatan,secondary,-6.959767020952387,107.699388509085,Dekat (200-400m)
6608982110_9787694583_STOP818,8,257.1375,231.3,295.5,Emily Cynthia,Bulevar Selatan,secondary,-6.9602143531894365,107.69694230974335,Dekat (200-400m)
6608982115_6608982106_STOP818,2,277.0,263.4,290.6,Emily Cynthia,Bunderan Bulevar Utama,secondary,-6.960784736849815,107.69524803905273,Dekat (200-400m)
6608982115_6608982106_STOP819,1,307.2,307.2,307.2,Amanda Btari,Bunderan Bulevar Utama,secondary,-6.960450981109385,107.69510133093888,Dekat (200-400m)
6609192452_1849525810_STOP682,1,54.4,54.4,54.4,Seberang SMP Negeri 2 Bandung,Jalan Sumatra,tertiary,-6.913173700000006,107.6132641,Sangat Dekat (<200m)
6609192452_2035792342_STOP682,1,54.4,54.4,54.4,Seberang SMP Negeri 2 Bandung,,tertiary_link,-6.913173700000006,107.6132641,Sangat Dekat (<200m)
6609192455_1849525880_STOP682,1,80.2,80.2,80.2,Seberang SMP Negeri 2 Bandung,,tertiary_link,-6.913019400000006,107.6130649,Sangat Dekat (<200m)
6609192455_5851048279_STOP682,1,80.2,80.2,80.2,Seberang SMP Negeri 2 Bandung,Jalan Sumatra,tertiary,-6.913019400000006,107.6130649,Sangat Dekat (<200m)
6609199259_5369482496_STOP11,1,32.6,32.6,32.6,Pussenif,Jalan Supratman,primary,-6.908086299999996,107.630978,Sangat Dekat (<200m)
6609199259_5369482497_STOP11,1,32.6,32.6,32.6,Pussenif,Jalan Cisadea,tertiary,-6.908086299999996,107.630978,Sangat Dekat (<200m)
6609222555_2520649220_STOP44,1,55.2,55.2,55.2,Simpang Supratman - Ahmad Yani,Jalan Jakarta,primary,-6.9134639,107.6344272,Sangat Dekat (<200m)
6609222555_8123220090_STOP44,1,55.2,55.2,55.2,Simpang Supratman - Ahmad Yani,Jalan Jenderal Ahmad Yani,primary,-6.9134639,107.6344272,Sangat Dekat (<200m)
6609222555_8123220109_STOP44,1,55.2,55.2,55.2,Simpang Supratman - Ahmad Yani,Jalan Jenderal Ahmad Yani,primary,-6.9134639,107.6344272,Sangat Dekat (<200m)
6609222558_2520649239_STOP634,1,10.2,10.2,10.2,Seberang Jalan Bengawan,Jalan Jenderal Ahmad Yani,primary,-6.913969900000007,107.63344010000002,Sangat Dekat (<200m)
6609222558_6609222560_STOP634,1,10.2,10.2,10.2,Seberang Jalan Bengawan,Jalan Bengawan,tertiary,-6.913969900000007,107.63344010000002,Sangat Dekat (<200m)
6609222560_1849907155_STOP177,3,202.4,171.9,235.7,Supratman 1,Jalan Bengawan,tertiary,-6.911120801147869,107.63062229056833,Dekat (200-400m)
6609222560_1849907155_STOP248,2,79.69999999999999,56.3,103.1,Jalan Bengawan,Jalan Bengawan,tertiary,-6.913313934792916,107.63305936553921,Sangat Dekat (<200m)
6609222560_1849907155_STOP633,2,107.80000000000001,107.2,108.4,Seberang SMP Negeri 22 Bandung,Jalan Bengawan,tertiary,-6.912544567642827,107.63258717871493,Sangat Dekat (<200m)
6609222560_1849907155_STOP634,1,17.5,17.5,17.5,Seberang Jalan Bengawan,Jalan Bengawan,tertiary,-6.9139023999999925,107.6333958,Sangat Dekat (<200m)
6609222560_1849907155_STOP635,3,130.16666666666666,109.0,158.4,Sancta Angela Supratman,Jalan Bengawan,tertiary,-6.91172554413884,107.63182193170259,Sangat Dekat (<200m)
6609222560_6609222558_STOP634,1,17.5,17.5,17.5,Seberang Jalan Bengawan,Jalan Bengawan,tertiary,-6.9139023999999925,107.6333958,Sangat Dekat (<200m)
6609222560_8123220091_STOP187,1,65.9,65.9,65.9,SPBU Ahmad Yani,Jalan Jenderal Ahmad Yani,primary,-6.913477722750802,107.6341938417633,Sangat Dekat (<200m)
6609222560_8123220091_STOP634,2,30.75,17.5,44.0,Seberang Jalan Bengawan,Jalan Jenderal Ahmad Yani,primary,-6.913796121302449,107.63359524447867,Sangat Dekat (<200m)
6609245572_2325453614_STOP322,4,53.050000000000004,6.2,104.9,Swadarma BNI,Jalan Buah Batu,primary,-6.9502020598701035,107.63560298875552,Sangat Dekat (<200m)
6609245572_2325453614_STOP332,4,67.17500000000001,28.6,128.8,JAPNAS,Jalan Buah Batu,primary,-6.951473196314088,107.63688838344517,Sangat Dekat (<200m)
6609245572_6609245573_STOP322,1,104.9,104.9,104.9,Swadarma BNI,,primary_link,-6.949716899999993,107.6351294,Sangat Dekat (<200m)
6609245573_2614138789_STOP229,4,73.225,18.6,141.1,Taman Buah Batu,Jalan Buah Batu,primary,-6.948956158459206,107.63428259615469,Sangat Dekat (<200m)
6609245573_2614138789_STOP322,1,106.2,106.2,106.2,Swadarma BNI,Jalan Buah Batu,primary,-6.949762499999992,107.6350741,Sangat Dekat (<200m)
6609245573_6609245572_STOP322,1,106.2,106.2,106.2,Swadarma BNI,,primary_link,-6.949762499999992,107.6350741,Sangat Dekat (<200m)
6609265322_6437394512_STOP118,1,34.2,34.2,34.2,Simpang Kordon Buah Batu,Jalan Buah Batu,primary,-6.954552599999992,107.6391514,Sangat Dekat (<200m)
6609265322_6437394512_STOP330,1,101.5,101.5,101.5,Bluebird A,Jalan Buah Batu,primary,-6.95678582423004,107.63948470621914,Sangat Dekat (<200m)
6609265322_6437394512_STOP718,4,63.55,25.1,126.4,Kordon,Jalan Buah Batu,primary,-6.955670742942727,107.63930700280991,Sangat Dekat (<200m)
6609292743_6609292759_STOP332,1,524.5,524.5,524.5,JAPNAS,Bunderan Raya-6,tertiary,-6.955442699999994,107.6342913,Sedang (400-800m)
6609292753_3115159440_STOP331,4,415.075,353.1,478.9,Pasar Kordon A,Jalan Batununggal Indah Raya,tertiary,-6.955572285459029,107.63543247533082,Sedang (400-800m)
6609292753_3115159440_STOP332,1,514.1,514.1,514.1,JAPNAS,Jalan Batununggal Indah Raya,tertiary,-6.9553541000000045,107.6343234,Sedang (400-800m)
6609292753_3115159440_STOP718,2,291.0,268.3,313.7,Kordon,Jalan Batununggal Indah Raya,tertiary,-6.955842042155278,107.63676185580924,Dekat (200-400m)
6609292753_6609292743_STOP332,1,514.1,514.1,514.1,JAPNAS,Bunderan Raya-6,tertiary,-6.9553541000000045,107.6343234,Sedang (400-800m)
6609292758_6609292753_STOP332,1,517.1,517.1,517.1,JAPNAS,Bunderan Raya-6,tertiary,-6.955344799999994,107.6342489,Sedang (400-800m)
6609292759_6609292758_STOP332,1,526.0,526.0,526.0,JAPNAS,Bunderan Raya-6,tertiary,-6.9554302999999935,107.6342391,Sedang (400-800m)
6609292759_6609356522_STOP332,6,578.6833333333333,526.0,642.8,JAPNAS,Jalan Batununggal Indah Raya,tertiary,-6.95519861363929,107.63313270400761,Sedang (400-800m)
6609292759_6609356522_STOP596,1,660.9,660.9,660.9,STFI,Jalan Batununggal Indah Raya,tertiary,-6.95487424937344,107.63158374979184,Sedang (400-800m)
6609292783_5042411985_STOP334,1,539.4,539.4,539.4,Bangunan Mart A,Bunderan Raya-4,tertiary,-6.954293700000009,107.6288043,Sedang (400-800m)
6609356522_6609356529_STOP596,1,651.2,651.2,651.2,STFI,Bunderan Raya-5,tertiary,-6.954835099999993,107.6313968,Sedang (400-800m)
6609356524_6609356536_STOP596,1,637.0,637.0,637.0,STFI,Bunderan Raya-5,tertiary,-6.954714800000003,107.631351,Sedang (400-800m)
6609356529_6609292783_STOP334,3,574.1999999999999,551.8,597.8,Bangunan Mart A,Jalan Batununggal Indah Raya,tertiary,-6.954447382033597,107.6295521765057,Sedang (400-800m)
6609356529_6609292783_STOP596,3,628.0666666666667,610.6,646.7,STFI,Jalan Batununggal Indah Raya,tertiary,-6.954720394876155,107.630880894352,Sedang (400-800m)
6609356529_6609356524_STOP596,1,646.7,646.7,646.7,STFI,Bunderan Raya-5,tertiary,-6.9548114,107.6313238,Sedang (400-800m)
6609356536_6609292758_STOP332,6,579.35,523.2,647.1,JAPNAS,Jalan Batununggal Indah Raya,tertiary,-6.955051662785522,107.63295359743461,Sedang (400-800m)
6609356536_6609292758_STOP596,1,638.6,638.6,638.6,STFI,Jalan Batununggal Indah Raya,tertiary,-6.954715500000009,107.6314072,Sedang (400-800m)
6609356536_6609356522_STOP596,1,638.6,638.6,638.6,STFI,Bunderan Raya-5,tertiary,-6.954715500000009,107.6314072,Sedang (400-800m)
6609908292_6412131569_STOP363,1,344.5,344.5,344.5,Rancabolang,Jalan Taman Jupiter,tertiary,-6.9422918,107.662431,Dekat (200-400m)
6609908292_6431352730_STOP363,1,344.5,344.5,344.5,Rancabolang,"['Jalan Taman Jupiter', 'Jalan Margahayu Raya Bar.']",tertiary,-6.9422918,107.662431,Dekat (200-400m)
6609908292_6431352730_STOP364,1,383.8,383.8,383.8,SMKN 7 Bandung,"['Jalan Taman Jupiter', 'Jalan Margahayu Raya Bar.']",tertiary,-6.942675175969199,107.6621918233892,Dekat (200-400m)
6609908292_6431352730_STOP540,17,370.6764705882353,268.1,585.6,Terminal Margahayu Raya,"['Jalan Taman Jupiter', 'Jalan Margahayu Raya Bar.']",tertiary,-6.946138061305736,107.66006113555949,Dekat (200-400m)
6610022881_6610022882_STOP452,1,79.0,79.0,79.0,Guruminda,,trunk_link,-6.938108199999991,107.6782883,Sangat Dekat (<200m)
6610022881_7673353743_STOP359,4,72.0,17.8,139.7,Cipamokolan,Jalan Soekarno-Hatta,trunk,-6.938250438481372,107.67625865662755,Sangat Dekat (<200m)
6610022881_7673353743_STOP452,3,48.699999999999996,33.3,79.0,Guruminda,Jalan Soekarno-Hatta,trunk,-6.9381392801073085,107.67783723139922,Sangat Dekat (<200m)
6610022882_3272718018_STOP452,2,43.6,30.1,57.1,Guruminda,Soekarno Hatta Frontage Boulevard,secondary,-6.938209954579284,107.67782466772078,Sangat Dekat (<200m)
6610025538_6610022881_STOP360,3,45.93333333333334,25.9,80.1,Ranca Mekar,Jalan Soekarno-Hatta,trunk,-6.938044543862735,107.67914557221904,Sangat Dekat (<200m)
6610025538_6610022881_STOP453,6,196.03333333333333,72.7,320.7,KPP Pratama Cicadas,Jalan Soekarno-Hatta,trunk,-6.937894534470139,107.68117465028884,Sangat Dekat (<200m)
6610025538_6610022881_STOP826,7,191.14285714285714,44.8,340.5,Damri Bandung,Jalan Soekarno-Hatta,trunk,-6.937693398502286,107.68410660541134,Sangat Dekat (<200m)
6610025538_6610022881_STOP827,4,80.0,13.0,152.2,Dinas Koperasi Provinsi Jawa Barat,Jalan Soekarno-Hatta,trunk,-6.937520568448019,107.68658731861764,Sangat Dekat (<200m)
6610025538_6610025539_STOP827,1,152.2,152.2,152.2,Dinas Koperasi Provinsi Jawa Barat,,trunk_link,-6.937472299999996,107.6872638,Sangat Dekat (<200m)
6610025539_6610022882_STOP360,5,62.339999999999996,8.5,106.6,Ranca Mekar,"['Jalan Soekarno-Hatta', 'Soekarno Hatta Frontage Boulevard']",secondary,-6.938091761132642,107.67945736791641,Sangat Dekat (<200m)
6610025539_6610022882_STOP452,1,62.4,62.4,62.4,Guruminda,"['Jalan Soekarno-Hatta', 'Soekarno Hatta Frontage Boulevard']",secondary,-6.938189630494716,107.6781045013392,Sangat Dekat (<200m)
6610025539_6610022882_STOP453,5,255.71999999999997,156.3,355.6,KPP Pratama Cicadas,"['Jalan Soekarno-Hatta', 'Soekarno Hatta Frontage Boulevard']",secondary,-6.9379309250159995,107.68171231743436,Dekat (200-400m)
6610025539_6610022882_STOP826,6,183.48333333333335,62.6,307.1,Damri Bandung,"['Jalan Soekarno-Hatta', 'Soekarno Hatta Frontage Boulevard']",secondary,-6.937761541932812,107.68419328474131,Sangat Dekat (<200m)
6610025539_6610022882_STOP827,4,68.225,16.3,135.7,Dinas Koperasi Provinsi Jawa Barat,"['Jalan Soekarno-Hatta', 'Soekarno Hatta Frontage Boulevard']",secondary,-6.937593513316144,107.68644766154094,Sangat Dekat (<200m)
6615747773_29377716_STOP489,1,158.4,158.4,158.4,SDN Sukaraja,Kapten Tata Natanegara,secondary,-6.8912247999999945,107.5772547,Sangat Dekat (<200m)
6615824168_6615867400_STOP37,1,25.9,25.9,25.9,Jasa Raharja Jabar,Jalan Soekarno-Hatta,trunk,-6.940076200000006,107.6584696,Sangat Dekat (<200m)
6615824168_6615867400_STOP442,3,39.5,14.3,57.7,Suparma,Jalan Soekarno-Hatta,trunk,-6.939625399483624,107.66022016347273,Sangat Dekat (<200m)
6615824168_6615867400_STOP455,2,36.3,28.1,44.5,Gagak Rimang,Jalan Soekarno-Hatta,trunk,-6.939886997440686,107.65912074852747,Sangat Dekat (<200m)
6615824169_6615824168_STOP37,1,9.3,9.3,9.3,Jasa Raharja Jabar,,trunk_link,-6.940077900000003,107.6583101,Sangat Dekat (<200m)
6615824169_6615867401_STOP37,1,9.3,9.3,9.3,Jasa Raharja Jabar,Jalan Soekarno-Hatta,secondary,-6.940077900000003,107.6583101,Sangat Dekat (<200m)
6615824169_6615867401_STOP442,3,38.166666666666664,13.0,62.4,Suparma,Jalan Soekarno-Hatta,secondary,-6.93959724746825,107.66005246170813,Sangat Dekat (<200m)
6615824169_6615867401_STOP455,2,39.85,37.0,42.7,Gagak Rimang,Jalan Soekarno-Hatta,secondary,-6.939877070886782,107.65895777623669,Sangat Dekat (<200m)
6615831436_6615824168_STOP215,3,50.4,12.9,94.0,SMKN 9 Bandung,Jalan Soekarno-Hatta,trunk,-6.940673456523467,107.6565564295355,Sangat Dekat (<200m)
6615831436_6615824168_STOP365,1,51.0,51.0,51.0,BPN Kanwil Jabar,Jalan Soekarno-Hatta,trunk,-6.940401768971736,107.65741888784176,Sangat Dekat (<200m)
6615831436_6615824168_STOP37,1,12.1,12.1,12.1,Jasa Raharja Jabar,Jalan Soekarno-Hatta,trunk,-6.940130553616434,107.65828148766468,Sangat Dekat (<200m)
6615831436_6615824168_STOP454,1,27.6,27.6,27.6,Metro Indah Mall,Jalan Soekarno-Hatta,trunk,-6.940265924697024,107.65785011635762,Sangat Dekat (<200m)
6615831436_6615831437_STOP215,1,94.0,94.0,94.0,SMKN 9 Bandung,,trunk_link,-6.940809300000002,107.6561252,Sangat Dekat (<200m)
6615831437_6615824169_STOP215,3,45.6,17.4,84.7,SMKN 9 Bandung,Jalan Soekarno-Hatta,secondary,-6.940613151381025,107.65662134035989,Sangat Dekat (<200m)
6615831437_6615824169_STOP365,1,61.1,61.1,61.1,BPN Kanwil Jabar,Jalan Soekarno-Hatta,secondary,-6.940338193110291,107.65748271404009,Sangat Dekat (<200m)
6615831437_6615824169_STOP454,1,29.2,29.2,29.2,Metro Indah Mall,Jalan Soekarno-Hatta,secondary,-6.940202547313685,107.65791400445836,Sangat Dekat (<200m)
6615832573_3272226044_STOP366,2,109.75,85.5,134.0,Kantor Pos Sekejati,Jalan Soekarno-Hatta,secondary,-6.942218973814382,107.65150558459843,Sangat Dekat (<200m)
6615832573_3272226044_STOP439,5,76.96000000000001,11.4,161.2,Unibi,Jalan Soekarno-Hatta,secondary,-6.9427080163643025,107.65000062586087,Sangat Dekat (<200m)
6615832573_3272226044_STOP830,1,206.9,206.9,206.9,Cijawura,Jalan Soekarno-Hatta,secondary,-6.943127900000001,107.6487109,Dekat (200-400m)
6615832573_6615860878_STOP830,1,206.9,206.9,206.9,Cijawura,,trunk_link,-6.943127900000001,107.6487109,Dekat (200-400m)
6615860878_6615831436_STOP215,1,103.1,103.1,103.1,SMKN 9 Bandung,Jalan Soekarno-Hatta,trunk,-6.940834314731065,107.6560464097236,Sangat Dekat (<200m)
6615860878_6615831436_STOP366,3,84.76666666666667,38.0,132.7,Kantor Pos Sekejati,Jalan Soekarno-Hatta,trunk,-6.94233977773451,107.651306443438,Sangat Dekat (<200m)
6615860878_6615831436_STOP439,4,87.25,14.8,161.5,Unibi,Jalan Soekarno-Hatta,trunk,-6.942821216880283,107.64979902792639,Sangat Dekat (<200m)
6615860878_6615831436_STOP440,4,52.474999999999994,21.0,84.8,Cidurian Utara,Jalan Soekarno-Hatta,trunk,-6.941859737146819,107.65281428333626,Sangat Dekat (<200m)
6615860878_6615831436_STOP829,5,63.52,12.3,107.4,Cidurian 2,Jalan Soekarno-Hatta,trunk,-6.941244747937965,107.65475363800313,Sangat Dekat (<200m)
6615860878_6615831436_STOP830,1,206.3,206.3,206.3,Cijawura,Jalan Soekarno-Hatta,trunk,-6.943165099999997,107.6487223,Dekat (200-400m)
6615860878_6615832573_STOP830,1,206.3,206.3,206.3,Cijawura,,trunk_link,-6.943165099999997,107.6487223,Dekat (200-400m)
6615862315_3272670870_STOP362,2,32.4,14.0,50.8,Metro Soekarno Hatta,Jalan Soekarno-Hatta,trunk,-6.9389465563028585,107.66644262400465,Sangat Dekat (<200m)
6615862315_3272670870_STOP451,2,34.05,28.9,39.2,Sanggar Hurip,Jalan Soekarno-Hatta,trunk,-6.93888667142379,107.66734492488915,Sangat Dekat (<200m)
6615862315_6615862316_STOP451,1,39.2,39.2,39.2,Sanggar Hurip,,trunk_link,-6.938871700000002,107.6675705,Sangat Dekat (<200m)
6615862316_3272680714_STOP451,1,34.8,34.8,34.8,Sanggar Hurip,Jalan Soekarno-Hatta,secondary,-6.938943899999998,107.6674513,Sangat Dekat (<200m)
6615867400_3272660513_STOP442,2,122.4,97.3,147.5,Suparma,Jalan Soekarno-Hatta,trunk,-6.93940819137152,107.66123638180869,Sangat Dekat (<200m)
6615867401_5406559329_STOP363,1,171.2,171.2,171.2,Rancabolang,Jalan Soekarno-Hatta,secondary,-6.939250020385903,107.66177965948955,Sangat Dekat (<200m)
6615867401_5406559329_STOP442,2,109.2,84.1,134.3,Suparma,Jalan Soekarno-Hatta,secondary,-6.939368288477651,107.66111209436286,Sangat Dekat (<200m)
6615867401_6615867400_STOP442,1,84.1,84.1,84.1,Suparma,,trunk_link,-6.939414700000008,107.6608909,Sangat Dekat (<200m)
6615877057_3272708317_STOP240,2,256.35,231.2,281.5,Simpang Gedebage,Jalan Soekarno-Hatta,trunk,-6.937331102542636,107.68925177385952,Dekat (200-400m)
6615877057_3272708317_STOP827,1,298.3,298.3,298.3,Dinas Koperasi Provinsi Jawa Barat,Jalan Soekarno-Hatta,trunk,-6.937382109766292,107.68857549520897,Dekat (200-400m)
6615877058_6610025539_STOP240,2,244.55,219.4,269.7,Simpang Gedebage,"['Jalan Soekarno-Hatta', 'Soekarno Hatta Frontage Boulevard']",secondary,-6.937384542196616,107.68935959627251,Dekat (200-400m)
6615877058_6610025539_STOP827,4,234.15,158.7,309.6,Dinas Koperasi Provinsi Jawa Barat,"['Jalan Soekarno-Hatta', 'Soekarno Hatta Frontage Boulevard']",secondary,-6.937478671030973,107.68800646961112,Dekat (200-400m)
6615877058_6615877057_STOP240,1,219.4,219.4,219.4,Simpang Gedebage,,trunk_link,-6.937368600000001,107.6895851,Dekat (200-400m)
6615995650_5353894751_STOP358,5,160.0,63.7,258.5,Shakti,Jalan Soekarno-Hatta,secondary,-6.936686712270458,107.69567422321852,Sangat Dekat (<200m)
6615995650_5353894751_STOP403,1,220.4,220.4,220.4,Simpang Gedebage Selatan,Jalan Soekarno-Hatta,secondary,-6.936780399999999,107.6943211,Dekat (200-400m)
6615995650_5353894751_STOP535,1,31.0,31.0,31.0,Depan Pasar Gedebage,Jalan Soekarno-Hatta,secondary,-6.936587188996879,107.6970269466656,Sangat Dekat (<200m)
6615995650_9340090484_STOP403,1,220.4,220.4,220.4,Simpang Gedebage Selatan,,trunk_link,-6.936780399999999,107.6943211,Dekat (200-400m)
6616389060_11369837185_STOP108,1,46.4,46.4,46.4,Puskesmas Kopo,Jalan Kyai Haji Wahid Hasyim,primary,-6.945942199999992,107.5894312,Sangat Dekat (<200m)
6616389060_29489287_STOP108,3,37.5,10.2,55.9,Puskesmas Kopo,Jalan Kyai Haji Wahid Hasyim,primary,-6.9463200045815645,107.58918319695556,Sangat Dekat (<200m)
6616440046_6616440053_STOP448,1,52.3,52.3,52.3,Jalan PSM,Jalan H. Ibrahim Adjie,primary,-6.926954600000008,107.64455780000002,Sangat Dekat (<200m)
6616440049_6616440046_STOP448,1,53.5,53.5,53.5,Jalan PSM,,primary_link,-6.9269380999999965,107.6444491,Sangat Dekat (<200m)
6616440049_7190369535_STOP448,1,53.5,53.5,53.5,Jalan PSM,Jalan H. Ibrahim Adjie,primary,-6.9269380999999965,107.6444491,Sangat Dekat (<200m)
6616440050_6616440049_STOP448,1,43.1,43.1,43.1,Jalan PSM,Jalan H. Ibrahim Adjie,primary,-6.927034300000003,107.6444287,Sangat Dekat (<200m)
6616440053_6616440050_STOP448,1,41.9,41.9,41.9,Jalan PSM,,primary_link,-6.927046699999993,107.6445424,Sangat Dekat (<200m)
6616440053_7698632127_STOP35,2,99.45,74.4,124.5,Pegadaian Kiaracondong,Jalan H. Ibrahim Adjie,primary,-6.929472734862771,107.64410415364708,Sangat Dekat (<200m)
6616440053_7698632127_STOP448,5,75.16,9.5,158.1,Jalan PSM,Jalan H. Ibrahim Adjie,primary,-6.927934076645147,107.64440251740686,Sangat Dekat (<200m)
6616544861_5346593290_STOP280,4,55.725,14.3,104.5,Kemenag Kanwil Jabar,Jalan Jendral Sudirman,primary,-6.917524802468401,107.5773871007087,Sangat Dekat (<200m)
6616544861_6616544863_STOP280,1,49.1,49.1,49.1,Kemenag Kanwil Jabar,Jalan Garuda,trunk,-6.917384400000008,107.5767538,Sangat Dekat (<200m)
6616544863_11458642953_STOP280,1,51.3,51.3,51.3,Kemenag Kanwil Jabar,,trunk,-6.917469700000003,107.5766836,Sangat Dekat (<200m)
6616544863_11711275765_STOP280,5,150.9,51.3,251.1,Kemenag Kanwil Jabar,Jalan Jendral Sudirman,trunk,-6.9173617612828,107.57578581818555,Sangat Dekat (<200m)
6616756437_3445469505_STOP136,2,26.1,21.0,31.2,Paledang,Jalan Jend. H. Amir Machmud,trunk,-6.90587547624196,107.56634066518433,Sangat Dekat (<200m)
6616756437_3445469505_STOP602,2,28.3,9.9,46.7,Simpang Kebon Kopi,Jalan Jend. H. Amir Machmud,trunk,-6.90510277396289,107.56587173514892,Sangat Dekat (<200m)
6616855143_5509853099_STOP14,5,214.7,114.1,315.3,Stasiun Cimindi,Jalan Jend. H. Amir Machmud,trunk,-6.897923497417629,107.5615242822723,Dekat (200-400m)
6618370830_2325453232_STOP131,3,90.63333333333333,40.7,140.7,BKR Buah Batu,Jalan Pelajar Pejuang 45,primary,-6.935796282941399,107.62391194272567,Sangat Dekat (<200m)
6618370830_2325453232_STOP184,1,118.2,118.2,118.2,Hotel Horison B,Jalan Pelajar Pejuang 45,primary,-6.935156769366799,107.62455082939508,Sangat Dekat (<200m)
6618370830_6618370831_STOP131,1,40.7,40.7,40.7,BKR Buah Batu,,primary_link,-6.936118600000007,107.6235951,Sangat Dekat (<200m)
6618370831_3272578338_STOP131,3,41.833333333333336,19.5,63.1,BKR Buah Batu,Jalan Pelajar Pejuang 45,primary,-6.936490631216649,107.62332047387467,Sangat Dekat (<200m)
6618370831_6618370830_STOP131,1,42.9,42.9,42.9,BKR Buah Batu,,primary_link,-6.936178899999994,107.62364770000002,Sangat Dekat (<200m)
6619012655_6619012656_STOP461,1,137.2,137.2,137.2,Mengger Girang,,trunk_link,-6.948690099999994,107.6149203,Sangat Dekat (<200m)
6619012655_6631082518_STOP119,6,135.5,18.9,258.8,PT LEN Industri A,Jalan Soekarno-Hatta,trunk,-6.9488963248852516,107.61785216378483,Sangat Dekat (<200m)
6619012655_6631082518_STOP389,1,30.6,30.6,30.6,PT LEN Industri B,Jalan Soekarno-Hatta,trunk,-6.949007331101401,107.619430860324,Sangat Dekat (<200m)
6619012655_6631082518_STOP461,4,212.375,137.2,287.6,Mengger Girang,Jalan Soekarno-Hatta,trunk,-6.948737694728577,107.61559688409821,Dekat (200-400m)
6619012656_3272376483_STOP185,2,158.7,133.6,183.8,Simpang By Pass Soekarno Hatta B,Jalan Soekarno-Hatta,trunk,-6.948435584165452,107.61017226035563,Sangat Dekat (<200m)
6619012656_3272376483_STOP319,1,57.6,57.6,57.6,PLN UP3 Bandung B,Jalan Soekarno-Hatta,trunk,-6.948628151670743,107.61265169639422,Sangat Dekat (<200m)
6619012656_3272376483_STOP336,4,70.475,14.2,139.4,PLN UP3 Bandung A,Jalan Soekarno-Hatta,trunk,-6.948545133855428,107.61152432582205,Sangat Dekat (<200m)
6619012656_3272376483_STOP461,5,67.85999999999999,16.9,135.5,Mengger Girang,Jalan Soekarno-Hatta,trunk,-6.948726520816339,107.61400463881371,Sangat Dekat (<200m)
6619012656_6619012655_STOP461,1,135.5,135.5,135.5,Mengger Girang,,trunk_link,-6.948792100000008,107.6149066,Sangat Dekat (<200m)
6621856655_5358394745_STOP309,2,29.75,24.8,34.7,Taman Tegallega,Jalan Otto Iskandardinata,primary,-6.936444323604448,107.60315782940259,Sangat Dekat (<200m)
6621856655_6621856656_STOP309,1,34.7,34.7,34.7,Taman Tegallega,,primary_link,-6.936219000000004,107.6031741,Sangat Dekat (<200m)
6621856656_6443280180_STOP224,1,46.5,46.5,46.5,Simpang Otista Astana Anyar,Jalan Otto Iskandardinata,primary,-6.935755547705526,107.60312051893162,Sangat Dekat (<200m)
6621856656_6443280180_STOP309,1,32.2,32.2,32.2,Taman Tegallega,Jalan Otto Iskandardinata,primary,-6.936205900000005,107.6030839,Sangat Dekat (<200m)
6621856656_6621856655_STOP309,1,32.2,32.2,32.2,Taman Tegallega,,primary_link,-6.936205900000005,107.6030839,Sangat Dekat (<200m)
6621910323_10771913956_STOP258,1,44.9,44.9,44.9,Pasar Tegalega,,primary_link,-6.937253099999996,107.6062806,Sangat Dekat (<200m)
6621910323_11181449058_STOP258,1,44.9,44.9,44.9,Pasar Tegalega,Jalan Mohammad Toha,secondary,-6.937253099999996,107.6062806,Sangat Dekat (<200m)
6621969574_29356961_STOP337,3,213.76666666666665,172.4,256.3,Karangsetra Waterland,"['Jalan Bungur', 'Jalan Karang Tineung']",tertiary,-6.880834538358926,107.59459641601408,Dekat (200-400m)
6621969574_29356961_STOP477,7,162.4,70.6,269.1,Mandiri Sukajadi,"['Jalan Bungur', 'Jalan Karang Tineung']",tertiary,-6.882945862063644,107.59524258203794,Sangat Dekat (<200m)
6621969574_29356964_STOP337,2,158.65,144.9,172.4,Karangsetra Waterland,Jalan Bungur,tertiary,-6.880189577704943,107.59441846495247,Sangat Dekat (<200m)
6622030454_6622030455_STOP305,1,185.3,185.3,185.3,Hotel The-One-O-One A,,primary_link,-6.9048304,107.6107033,Sangat Dekat (<200m)
6622030454_7669581282_STOP305,3,135.29999999999998,85.4,185.3,Hotel The-One-O-One A,Jalan Ir. H. Djuanda,primary,-6.905280346318346,107.61067473742276,Sangat Dekat (<200m)
6622030455_1663283377_STOP305,1,186.1,186.1,186.1,Hotel The-One-O-One A,Jalan Ir. H. Djuanda,primary,-6.9048171999999965,107.6106453,Sangat Dekat (<200m)
6622030455_1663283377_STOP672,1,176.3,176.3,176.3,Jalan Sultan Agung,Jalan Ir. H. Djuanda,primary,-6.904387703324123,107.61078464700589,Sangat Dekat (<200m)
6622030455_6622030454_STOP305,1,186.1,186.1,186.1,Hotel The-One-O-One A,,primary_link,-6.9048171999999965,107.6106453,Sangat Dekat (<200m)
6622058663_1916791843_STOP832,2,114.25,103.8,124.7,Kebon Jukut 2,Jalan Aceh,secondary,-6.912730726762163,107.60436763275581,Sangat Dekat (<200m)
6622058663_25434270_STOP832,1,124.7,124.7,124.7,Kebon Jukut 2,Jalan Kebon Kawung,secondary,-6.912709099999997,107.6041426,Sangat Dekat (<200m)
6622058664_25434270_STOP245,1,116.0,116.0,116.0,Stasiun Bandung,Jalan Cicendo,primary,-6.912544700000007,107.6039561,Sangat Dekat (<200m)
6622058664_6622058663_STOP245,1,116.0,116.0,116.0,Stasiun Bandung,Jalan Cicendo,secondary,-6.912544700000007,107.6039561,Sangat Dekat (<200m)
6622103719_6622058664_STOP243,6,85.31666666666666,23.4,178.2,Kimia Farma Cicendo,Jalan Cicendo,primary,-6.908343394829884,107.60444179275434,Sangat Dekat (<200m)
6622103719_6622058664_STOP245,3,166.29999999999998,132.5,202.7,Stasiun Bandung,Jalan Cicendo,primary,-6.911675722689547,107.60401278834041,Sangat Dekat (<200m)
6622103719_6622058664_STOP757,3,208.5666666666667,203.8,216.2,Polsek Sumur Bandung,Jalan Cicendo,primary,-6.91032444176638,107.60411140143219,Dekat (200-400m)
6622103728_6622103719_STOP243,1,81.3,81.3,81.3,Kimia Farma Cicendo,Jalan Pajajaran,primary,-6.907152899999995,107.6043882,Sangat Dekat (<200m)
6622103728_6622103730_STOP243,1,81.3,81.3,81.3,Kimia Farma Cicendo,Jalan Pajajaran,primary,-6.907152899999995,107.6043882,Sangat Dekat (<200m)
6622103729_6622103719_STOP244,1,72.1,72.1,72.1,Pajajaran Timur,Jalan Pajajaran,primary,-6.907157999999996,107.6045,Sangat Dekat (<200m)
6622103729_6622103730_STOP244,1,72.1,72.1,72.1,Pajajaran Timur,Jalan Pajajaran,primary,-6.907157999999996,107.6045,Sangat Dekat (<200m)
6622103730_2962096536_STOP244,1,80.8,80.8,80.8,Pajajaran Timur,Jalan Cihampelas,primary,-6.907110200000005,107.6044282,Sangat Dekat (<200m)
6622103730_2962096536_STOP483,1,77.8,77.8,77.8,Abdul Rivai,Jalan Cihampelas,primary,-6.904851442514765,107.60438696287744,Sangat Dekat (<200m)
6622103730_2962096536_STOP62,4,55.0,12.1,104.5,STHB,Jalan Cihampelas,primary,-6.905980900832025,107.6044034589867,Sangat Dekat (<200m)
6622409111_5648629181_STOP766,1,30.2,30.2,30.2,Alun-alun Cicendo1,Jalan Arjuna,secondary,-6.911331400000003,107.5894633,Sangat Dekat (<200m)
6622409111_7300869689_STOP766,1,30.2,30.2,30.2,Alun-alun Cicendo1,Jalan Arjuna,secondary,-6.911331400000003,107.5894633,Sangat Dekat (<200m)
6622409115_13261248357_STOP762,1,47.0,47.0,47.0,Kantor Kelurahan Arjuna,Jalan Arjuna,secondary,-6.908932876408858,107.59161506463178,Sangat Dekat (<200m)
6622409115_13261248357_STOP763,2,46.5,21.4,71.6,Seberang Jalan Simpang Industri,Jalan Arjuna,secondary,-6.91012518292132,107.59057577651419,Sangat Dekat (<200m)
6622409115_13261248357_STOP764,2,52.45,27.4,77.5,Jalan Simpang Industri,Jalan Arjuna,secondary,-6.909439362008911,107.59116448077688,Sangat Dekat (<200m)
6622409115_13261248357_STOP765,2,50.7,25.7,75.7,Alun-alun Cicendo 2,Jalan Arjuna,secondary,-6.910811081381096,107.5899883313727,Sangat Dekat (<200m)
6622409115_13261248357_STOP766,1,24.3,24.3,24.3,Alun-alun Cicendo1,Jalan Arjuna,secondary,-6.911253300000008,107.5894771,Sangat Dekat (<200m)
6622409115_6622409111_STOP766,1,24.3,24.3,24.3,Alun-alun Cicendo1,Jalan Arjuna,secondary,-6.911253300000008,107.5894771,Sangat Dekat (<200m)
6622409117_2477710340_STOP176,3,169.93333333333334,157.9,186.6,Abdurachman Saleh,Jalan Komodor Udara Supadio,tertiary,-6.9089923585121555,107.58302134571159,Sangat Dekat (<200m)
6622409117_2477710340_STOP765,5,128.92000000000002,36.0,224.4,Alun-alun Cicendo 2,Jalan Komodor Udara Supadio,tertiary,-6.911102749297472,107.58849838827587,Sangat Dekat (<200m)
6622409117_2477710340_STOP767,3,263.56666666666666,260.4,266.0,Seberang Gang 5 Ciroyom,Jalan Komodor Udara Supadio,tertiary,-6.910504550577426,107.58679847071666,Dekat (200-400m)
6622409117_2477710340_STOP768,1,279.8,279.8,279.8,Gang 5 Ciroyom,Jalan Komodor Udara Supadio,tertiary,-6.910167983435862,107.58595923704736,Dekat (200-400m)
6622409117_2477710340_STOP770,5,220.16,183.1,275.5,Simpang Andir - Ciroyom 2,Jalan Komodor Udara Supadio,tertiary,-6.909670023822116,107.58469767126834,Dekat (200-400m)
6622409117_2477710340_STOP772,4,140.35,130.7,151.0,Seberang Gang Moh. 1,Jalan Komodor Udara Supadio,tertiary,-6.908401454370298,107.58155433513639,Sangat Dekat (<200m)
6622409117_2477710340_STOP774,2,104.9,89.8,120.0,Stasiun Andir 2,Jalan Komodor Udara Supadio,tertiary,-6.9078997852551245,107.58029425057931,Sangat Dekat (<200m)
6622409117_25434098_STOP765,1,36.0,36.0,36.0,Alun-alun Cicendo 2,Jalan Arjuna,secondary,-6.911293699999993,107.58937830000002,Sangat Dekat (<200m)
6622500668_319706149_STOP19,16,532.7,181.8,880.1,RSAU dr. Salamun,Jalan Rereongan Sarupi,tertiary,-6.859276887529677,107.6068709579117,Sedang (400-800m)
6622500668_479733030_STOP19,4,106.7,31.5,181.8,RSAU dr. Salamun,Jalan Rereongan Sarupi,tertiary,-6.862635461345906,107.60495214441437,Sangat Dekat (<200m)
6627215624_13136294320_STOP473,3,118.76666666666665,68.8,168.7,Gegerkalong Girang,Jalan Dr. Setiabudi,primary,-6.864287828171052,107.59429751399954,Sangat Dekat (<200m)
6627215624_3376673108_STOP473,5,250.68,168.7,332.9,Gegerkalong Girang,Jalan Dr. Setiabudi,primary,-6.863387307827009,107.59510596441073,Dekat (200-400m)
6627215624_3376673108_STOP538,2,53.4,42.8,64.0,Terminal Ledeng,Jalan Dr. Setiabudi,primary,-6.8590728040529,107.59489139422888,Sangat Dekat (<200m)
6627215624_3376673108_STOP69,9,162.42222222222222,17.5,328.2,Museum Pendidikan Nasional UPI,Jalan Dr. Setiabudi,primary,-6.86127616780742,107.59529607917405,Sangat Dekat (<200m)
6631082518_5348770388_STOP389,1,56.8,56.8,56.8,PT LEN Industri B,,trunk_link,-6.949024100000002,107.6196694,Sangat Dekat (<200m)
6631082518_5353901439_STOP120,2,67.7,43.5,91.9,Pasirluyu Selatan/Sukaati,Jalan Soekarno-Hatta,trunk,-6.949107858470223,107.62079671550492,Sangat Dekat (<200m)
6631082518_5353901439_STOP389,2,81.9,56.8,107.0,PT LEN Industri B,Jalan Soekarno-Hatta,trunk,-6.949040860599508,107.61989486249082,Sangat Dekat (<200m)
6637693188_2520649232_STOP219,1,107.7,107.7,107.7,Flyover Antapani,Jalan Terusan Jakarta,primary,-6.913609100000008,107.6438935,Sangat Dekat (<200m)
6637693193_5392239252_STOP219,1,101.1,101.1,101.1,Flyover Antapani,Jalan Terusan Jakarta,primary,-6.913757400000001,107.6438747,Sangat Dekat (<200m)
6637693193_6637693188_STOP219,1,101.1,101.1,101.1,Flyover Antapani,,primary_link,-6.913757400000001,107.6438747,Sangat Dekat (<200m)
6637693198_5332863130_STOP219,3,46.6,27.4,67.5,Flyover Antapani,Jalan Jakarta,primary,-6.913716460571327,107.64306850987809,Sangat Dekat (<200m)
6637693198_5332863130_STOP612,1,77.8,77.8,77.8,Gerbang Utara Kiara Artha Park,Jalan Jakarta,primary,-6.913846839492142,107.6421737886311,Sangat Dekat (<200m)
6637693198_5392239244_STOP219,1,67.5,67.5,67.5,Flyover Antapani,,primary_link,-6.9136526000000025,107.6435161,Sangat Dekat (<200m)
6637726062_1660264881_STOP171,1,16.6,16.6,16.6,Distan Jabar,Jalan Surapati,trunk,-6.899232236794555,107.6226279779576,Sangat Dekat (<200m)
6637726062_1660264881_STOP328,2,67.55000000000001,42.7,92.4,Jalan Merak,Jalan Surapati,trunk,-6.899268890731442,107.62104597294031,Sangat Dekat (<200m)
6637726062_1660264881_STOP348,2,39.3,14.8,63.8,Wisma BKN,Jalan Surapati,trunk,-6.8992479175475605,107.62194997541407,Sangat Dekat (<200m)
6637726062_1660264881_STOP393,1,11.5,11.5,11.5,PVMBG,Jalan Surapati,trunk,-6.899282479752909,107.62036793759916,Sangat Dekat (<200m)
6637726062_1660264881_STOP523,3,37.666666666666664,10.6,56.3,Jalan Gagak,Jalan Surapati,trunk,-6.899227233617758,107.62353219432715,Sangat Dekat (<200m)
6637726062_1660264881_STOP524,5,62.94,14.1,111.3,Taman Pusdai,Jalan Surapati,trunk,-6.89932171508543,107.62623630725652,Sangat Dekat (<200m)
6637726062_1660264881_STOP608,2,26.400000000000002,11.6,41.2,Jalan Melania,Jalan Surapati,trunk,-6.8992367357523205,107.62466240086968,Sangat Dekat (<200m)
6637726062_25773425_STOP524,1,111.3,111.3,111.3,Taman Pusdai,Jalan Surapati,trunk,-6.8994764,107.6271231,Sangat Dekat (<200m)
6639564151_10101152065_STOP154,3,37.96666666666666,10.3,55.3,Ditjen Bina Konstruksi Kementerian PU,Jalan L.L. RE. Martadinata,secondary,-6.907001215385633,107.62287690392134,Sangat Dekat (<200m)
6639564151_10101152065_STOP508,1,21.9,21.9,21.9,Pengadilan Negeri Bandung,Jalan L.L. RE. Martadinata,secondary,-6.906416022124748,107.62219764669358,Sangat Dekat (<200m)
6639564151_10101152065_STOP509,1,25.8,25.8,25.8,Seberang Pengadilan Negeri Bandung,Jalan L.L. RE. Martadinata,secondary,-6.906190433217932,107.6218065341022,Sangat Dekat (<200m)
6639564151_10101152065_STOP567,1,74.5,74.5,74.5,De Pavilijoen,Jalan L.L. RE. Martadinata,secondary,-6.906039899999998,107.6213811,Sangat Dekat (<200m)
6639564151_5408954335_STOP567,1,74.5,74.5,74.5,De Pavilijoen,Jalan L.L. RE. Martadinata,secondary,-6.906039899999998,107.6213811,Sangat Dekat (<200m)
6639564151_7211100688_STOP567,1,74.5,74.5,74.5,De Pavilijoen,Jalan Lombok,tertiary,-6.906039899999998,107.6213811,Sangat Dekat (<200m)
6639639832_25448847_STOP514,2,287.55,264.1,311.0,Ganesha Ciungwanara,Jalan Ir. H. Djuanda,primary,-6.891258709760383,107.61328824766898,Dekat (200-400m)
6639639832_25448847_STOP600,1,318.1,318.1,318.1,Seberang ITHB,Jalan Ir. H. Djuanda,primary,-6.8905841,107.6133534,Dekat (200-400m)
6639639832_6639639833_STOP600,1,318.1,318.1,318.1,Seberang ITHB,,primary_link,-6.8905841,107.6133534,Dekat (200-400m)
6639639833_11303467321_STOP600,3,299.43333333333334,276.3,324.5,Seberang ITHB,Jalan Ir. H. Djuanda,primary,-6.890130690814904,107.6133368646857,Dekat (200-400m)
6640711589_11910120724_STOP141,3,284.90000000000003,271.2,293.7,Bulog Gedebage,Jalan Gedebage Utama,secondary,-6.942789488632708,107.69176126399623,Dekat (200-400m)
6640711589_3272722527_STOP141,9,125.28888888888888,26.8,271.2,Bulog Gedebage,Jalan Gedebage Selatan,primary,-6.9408911201141965,107.6918910476434,Sangat Dekat (<200m)
6640711589_3272722527_STOP403,3,57.56666666666667,12.9,104.7,Simpang Gedebage Selatan,Jalan Gedebage Selatan,primary,-6.938244869639843,107.69242227126654,Sangat Dekat (<200m)
6640792413_10995135976_STOP388,5,873.32,853.4,897.1,Pasar Sinpasa,,tertiary,-6.945372245989532,107.70123938275374,Jauh (>800m)
6640792413_6640792414_STOP267,8,695.4875,519.4,871.6,Stasiun Cimekar 2,,tertiary,-6.946204935292294,107.70404885965895,Sedang (400-800m)
6640792413_6640792414_STOP388,1,897.1,897.1,897.1,Pasar Sinpasa,,tertiary,-6.945596899999995,107.7021125,Jauh (>800m)
6640792414_3272727748_STOP267,10,582.55,493.8,705.7,Stasiun Cimekar 2,"['Jalan Cimincrang', 'Jalan Rancanumpang']",secondary,-6.9448061366083635,107.70620077255646,Sedang (400-800m)
6640792414_3272727748_STOP357,15,359.0733333333333,27.8,691.8,Cimincrang,"['Jalan Cimincrang', 'Jalan Rancanumpang']",secondary,-6.939403441397973,107.7066201904187,Dekat (200-400m)
6640792414_9729638580_STOP267,9,292.53333333333336,91.3,493.8,Stasiun Cimekar 2,,tertiary,-6.947415837578312,107.7074601052524,Dekat (200-400m)
665709306_2858054060_STOP105,9,631.8444444444444,448.1,819.9,UIN SGD/Cipadung,"['Jalan Cilengkrang II', 'Jalan Desa Cipadung']",tertiary,-6.926869345172987,107.71724294976953,Sedang (400-800m)
665709306_2858054060_STOP425,9,206.76666666666668,35.0,401.5,SDN Cipadung,"['Jalan Cilengkrang II', 'Jalan Desa Cipadung']",tertiary,-6.93017656077256,107.71491427808517,Dekat (200-400m)
665709306_2858054060_STOP426,64,1124.7234375,137.0,1856.1,Seberang Borma Cipadung,"['Jalan Cilengkrang II', 'Jalan Desa Cipadung']",tertiary,-6.919910120445393,107.71844134045716,Jauh (>800m)
665709306_2858054060_STOP427,5,1673.6599999999999,1604.8,1746.3,SDN Ciporeat,"['Jalan Cilengkrang II', 'Jalan Desa Cipadung']",tertiary,-6.914791615227131,107.7210398142142,Jauh (>800m)
665709306_3007950794_STOP205,5,215.45999999999998,115.1,315.8,Borma Cipadung,Jalan Abdul Haris Nasution,trunk,-6.928356769522327,107.71148334297978,Dekat (200-400m)
665709306_3007950794_STOP425,8,142.525,18.8,298.0,SDN Cipadung,Jalan Abdul Haris Nasution,trunk,-6.930860631908829,107.7128980260134,Sangat Dekat (<200m)
665709306_35131598_STOP204,1,39.1,39.1,39.1,Seberang UIN Sunan Gunung Djati,Jalan Abdul Haris Nasution,trunk,-6.932773260650735,107.71598669097035,Sangat Dekat (<200m)
665709306_35131598_STOP379,4,56.25,13.1,109.9,Pangkalan DAMRI Cibiru,Jalan Abdul Haris Nasution,trunk,-6.933778766830447,107.71647837008877,Sangat Dekat (<200m)
665709306_35131598_STOP425,2,59.8,35.0,84.6,SDN Cipadung,Jalan Abdul Haris Nasution,trunk,-6.931826334680103,107.71429125555568,Sangat Dekat (<200m)
665709306_35131598_STOP6,3,49.63333333333333,1.5,98.8,UIN SGD/Cipadung,Jalan Abdul Haris Nasution,trunk,-6.932193229088217,107.71535561897876,Sangat Dekat (<200m)
6673594562_2628264119_STOP785,3,40.56666666666667,19.9,66.9,Gedong Sembilan - Pasir Kaliki,Jalan HOS. Cokroaminoto,primary,-6.912969566684492,107.59802874023956,Sangat Dekat (<200m)
6673594562_364328701_STOP785,2,91.9,66.9,116.9,Gedong Sembilan - Pasir Kaliki,Jalan HOS. Cokroaminoto,primary,-6.913640154758575,107.59809431498786,Sangat Dekat (<200m)
6673594562_364328701_STOP786,1,133.3,133.3,133.3,Seberang Paskal 23,Jalan HOS. Cokroaminoto,primary,-6.91431611808567,107.59812569229832,Sangat Dekat (<200m)
6715130339_1914135257_STOP468,2,40.6,15.9,65.3,ISBI Bandung,Jalan Buah Batu,primary,-6.942331843525663,107.62780738255873,Sangat Dekat (<200m)
6715130339_6715130340_STOP468,1,15.9,15.9,15.9,ISBI Bandung,Jalan Kliningan,tertiary,-6.9424960999999925,107.6279626,Sangat Dekat (<200m)
6715130340_10184462928_STOP133,4,80.75,5.9,156.0,Seberang ISBI Bandung,Jalan Buah Batu,primary,-6.943188703674474,107.62873631568742,Sangat Dekat (<200m)
6715130340_10184462928_STOP468,1,29.4,29.4,29.4,ISBI Bandung,Jalan Buah Batu,primary,-6.942372199999992,107.6279552,Sangat Dekat (<200m)
6715130340_10184462928_STOP711,3,100.16666666666667,50.0,150.4,Jalan Kayuagung II,Jalan Buah Batu,primary,-6.944329822919613,107.62983196025591,Sangat Dekat (<200m)
6715130340_1980677025_STOP133,1,66.5,66.5,66.5,Seberang ISBI Bandung,Jalan Kliningan,tertiary,-6.942050845897836,107.6282729792073,Sangat Dekat (<200m)
6715130340_1980677025_STOP468,1,29.4,29.4,29.4,ISBI Bandung,Jalan Kliningan,tertiary,-6.942372199999992,107.6279552,Sangat Dekat (<200m)
6715130340_1980677025_STOP581,2,51.0,26.0,76.0,SMK Negeri 8 Bandung,Jalan Kliningan,tertiary,-6.939700303296475,107.62897294355,Sangat Dekat (<200m)
6715130340_1980677025_STOP582,3,35.833333333333336,6.7,53.2,SMK Negeri 4 Bandung,Jalan Kliningan,tertiary,-6.941217144785614,107.62854323630394,Sangat Dekat (<200m)
6715130340_1980677025_STOP584,1,19.7,19.7,19.7,Seberang SMK Negeri 8 Bandung,Jalan Kliningan,tertiary,-6.940342786411512,107.6287573036562,Sangat Dekat (<200m)
6715130340_1980677025_STOP651,1,100.1,100.1,100.1,Kantor PLN Jalan Karawitan,Jalan Kliningan,tertiary,-6.939064855037249,107.6292078120773,Sangat Dekat (<200m)
6715130346_10696379242_STOP466,1,15.3,15.3,15.3,Seberang Selontongan,Jalan Buah Batu,primary,-6.940099400000004,107.6257709,Sangat Dekat (<200m)
6715130346_10696379242_STOP467,1,26.0,26.0,26.0,Selontongan,Jalan Buah Batu,primary,-6.940425461042978,107.62608391264212,Sangat Dekat (<200m)
6715130346_10696379242_STOP579,2,34.85,13.6,56.1,Seberang Griya Buah Batu,Jalan Buah Batu,primary,-6.940914603127395,107.6265533789973,Sangat Dekat (<200m)
6715130346_10696379242_STOP583,2,51.300000000000004,26.2,76.4,Griya Buah Batu,Jalan Buah Batu,primary,-6.941565648590945,107.62718051049728,Sangat Dekat (<200m)
6715130346_1980602387_STOP466,1,15.3,15.3,15.3,Seberang Selontongan,Jalan Solontongan,tertiary,-6.940099400000004,107.6257709,Sangat Dekat (<200m)
6715130346_1980602387_STOP467,3,102.73333333333335,54.2,151.8,Selontongan,Jalan Solontongan,tertiary,-6.939377669585508,107.62631377323491,Sangat Dekat (<200m)
6715130346_1980602387_STOP652,2,98.85,79.6,118.1,Jalan Guntur Madu,Jalan Solontongan,tertiary,-6.938434392333323,107.62692981669943,Sangat Dekat (<200m)
700728686_1083569114_STOP391,2,59.95,36.2,83.7,Sarimanah,,tertiary,-6.882027384870797,107.57643244353808,Sangat Dekat (<200m)
700728686_13097895692_STOP129,2,32.1,7.4,56.8,Pasar Cibogo Sarijadi,Jalan Sariwangi,tertiary,-6.882568315193352,107.5754153980328,Sangat Dekat (<200m)
700728686_13097895692_STOP391,2,95.05000000000001,83.7,106.4,Sarimanah,Jalan Sariwangi,tertiary,-6.882308486210013,107.57628146262073,Sangat Dekat (<200m)
700728686_306334264_STOP391,3,95.73333333333333,83.7,115.9,Sarimanah,Jalan Sariwangi,tertiary,-6.882111316971652,107.57693031318742,Sangat Dekat (<200m)
7111571825_11295049620_STOP123,3,186.53333333333333,141.0,232.8,Taman Westhoff,Jalan Pasteur,trunk,-6.900360831489027,107.59970824547055,Sangat Dekat (<200m)
7111571825_11295049620_STOP353,2,210.64999999999998,185.6,235.7,GKI Pasteur,Jalan Pasteur,trunk,-6.900355632464461,107.60083853919201,Dekat (200-400m)
7111571825_5353724829_STOP353,1,185.6,185.6,185.6,GKI Pasteur,,trunk_link,-6.900356799999994,107.6010646,Sangat Dekat (<200m)
7132443584_7132473285_STOP361,1,186.6,186.6,186.6,Komplek Aria Graha,,trunk_link,-6.938265399999994,107.674549,Sangat Dekat (<200m)
7132443584_7284143550_STOP359,5,109.46000000000001,24.4,204.8,Cipamokolan,Jalan Soekarno-Hatta,trunk,-6.938173166581817,107.67590227791126,Sangat Dekat (<200m)
7132443584_7284143550_STOP360,1,91.0,91.0,91.0,Ranca Mekar,Jalan Soekarno-Hatta,trunk,-6.937988547006395,107.67860881857118,Sangat Dekat (<200m)
7132443584_7284143550_STOP361,1,186.6,186.6,186.6,Komplek Aria Graha,Jalan Soekarno-Hatta,trunk,-6.938265399999994,107.674549,Sangat Dekat (<200m)
7132443584_7284143550_STOP452,2,39.6,16.2,63.0,Guruminda,Jalan Soekarno-Hatta,trunk,-6.9380348105497385,107.67793219155119,Sangat Dekat (<200m)
7132443584_7284143550_STOP453,4,58.55,18.0,110.7,KPP Pratama Cicadas,Jalan Soekarno-Hatta,trunk,-6.937910705340767,107.67973647858882,Sangat Dekat (<200m)
7132443584_7284143550_STOP606,1,33.5,33.5,33.5,STMIK Jabar,Jalan Soekarno-Hatta,trunk,-6.9380809303130055,107.6772555542648,Sangat Dekat (<200m)
7132452340_7132473285_STOP361,5,109.62,31.0,202.3,Komplek Aria Graha,Jalan Soekarno-Hatta,secondary,-6.938260805679434,107.67377665463373,Sangat Dekat (<200m)
7132472250_3244221166_STOP827,4,162.3,88.2,236.9,Dinas Koperasi Provinsi Jawa Barat,Jalan Soekarno-Hatta,trunk,-6.93735250133477,107.68732988859401,Sangat Dekat (<200m)
7132472251_7132472250_STOP827,1,74.9,74.9,74.9,Dinas Koperasi Provinsi Jawa Barat,,trunk_link,-6.937360099999999,107.6865016,Sangat Dekat (<200m)
7132472251_9327097034_STOP240,2,286.6,261.6,311.6,Simpang Gedebage,"['Jalan Soekarno-Hatta', 'Soekarno Hatta Frontage Boulevard']",secondary,-6.937173814909221,107.68898134598481,Dekat (200-400m)
7132472251_9327097034_STOP827,5,172.26,74.9,271.2,Dinas Koperasi Provinsi Jawa Barat,"['Jalan Soekarno-Hatta', 'Soekarno Hatta Frontage Boulevard']",secondary,-6.937292632007063,107.68740334682472,Sangat Dekat (<200m)
7132473285_4118981192_STOP359,5,98.92,35.7,186.8,Cipamokolan,Jalan Soekarno-Hatta,secondary,-6.938101109782153,107.676069215847,Sangat Dekat (<200m)
7132473285_4118981192_STOP361,1,206.4,206.4,206.4,Komplek Aria Graha,Jalan Soekarno-Hatta,secondary,-6.938197099999997,107.6747162,Dekat (200-400m)
7137977722_11041545702_STOP214,3,84.03333333333335,33.8,134.3,Seberang Griya Kiaracondong,Jalan H. Ibrahim Adjie,primary,-6.921342507732109,107.64424821283534,Sangat Dekat (<200m)
7137977722_11041545702_STOP218,1,11.3,11.3,11.3,Daese Garmin,Jalan H. Ibrahim Adjie,primary,-6.919537917565226,107.6441498398723,Sangat Dekat (<200m)
7137977722_11041545702_STOP449,2,68.25,44.5,92.0,SDN 083 Babakan Surabaya Selatan,Jalan H. Ibrahim Adjie,primary,-6.920214490011483,107.64418951318679,Sangat Dekat (<200m)
7137977722_3359249111_STOP214,1,33.8,33.8,33.8,Seberang Griya Kiaracondong,Jalan Babakan Sari 1,tertiary,-6.921793800000001,107.6442701,Sangat Dekat (<200m)
7144511425_7216077542_STOP371,1,143.3,143.3,143.3,Magna,Jalan Magna Raya,tertiary,-6.9568592999999925,107.6892844,Sangat Dekat (<200m)
7179028071_7179028076_STOP834,1,66.1,66.1,66.1,SMK Negeri 15 Bandung,Jalan Jenderal Gatot Subroto,primary,-6.922464599999995,107.6179842,Sangat Dekat (<200m)
7179028071_7179028083_STOP834,1,66.1,66.1,66.1,SMK Negeri 15 Bandung,,primary_link,-6.922464599999995,107.6179842,Sangat Dekat (<200m)
7179028072_3277363483_STOP658,1,81.2,81.2,81.2,Simpang Naripan Sunda,Jalan Asia Afrika,primary,-6.922366200000008,107.6172687,Sangat Dekat (<200m)
7179028074_1849525794_STOP658,2,26.5,22.2,30.8,Simpang Naripan Sunda,Jalan Sunda,secondary,-6.921777298065661,107.61769255558019,Sangat Dekat (<200m)
7179028075_7179028074_STOP658,1,57.8,57.8,57.8,Simpang Naripan Sunda,,primary_link,-6.922133399999998,107.6179492,Sangat Dekat (<200m)
7179028075_7179028083_STOP658,1,57.8,57.8,57.8,Simpang Naripan Sunda,Jalan Jenderal Ahmad Yani,primary,-6.922133399999998,107.6179492,Sangat Dekat (<200m)
7179028075_7179048891_STOP658,1,57.8,57.8,57.8,Simpang Naripan Sunda,,primary_link,-6.922133399999998,107.6179492,Sangat Dekat (<200m)
7179028075_7179048891_STOP834,1,57.4,57.4,57.4,SMK Negeri 15 Bandung,,primary_link,-6.922467564280365,107.61806306776934,Sangat Dekat (<200m)
7179028076_7179028072_STOP658,1,75.6,75.6,75.6,Simpang Naripan Sunda,Jalan Jenderal Gatot Subroto,primary,-6.922408499999996,107.6176318,Sangat Dekat (<200m)
7179028076_7179028078_STOP658,1,75.6,75.6,75.6,Simpang Naripan Sunda,Jalan Sunda,secondary,-6.922408499999996,107.6176318,Sangat Dekat (<200m)
7179028078_10158095824_STOP658,1,61.6,61.6,61.6,Simpang Naripan Sunda,Jalan Sunda,secondary,-6.922281800000001,107.6176409,Sangat Dekat (<200m)
7179028078_7179028072_STOP658,1,61.6,61.6,61.6,Simpang Naripan Sunda,Jalan Jenderal Ahmad Yani,primary,-6.922281800000001,107.6176409,Sangat Dekat (<200m)
7179028083_10158095824_STOP658,1,57.6,57.6,57.6,Simpang Naripan Sunda,,primary_link,-6.922234300000004,107.6177359,Sangat Dekat (<200m)
7179028083_7179028078_STOP658,1,57.6,57.6,57.6,Simpang Naripan Sunda,Jalan Jenderal Ahmad Yani,primary,-6.922234300000004,107.6177359,Sangat Dekat (<200m)
7179048891_25435214_STOP703,2,50.0,25.4,74.6,Seberang SMK Negeri 15 Bandung,Jalan Jenderal Gatot Subroto,primary,-6.922584570337573,107.61920617957875,Sangat Dekat (<200m)
7179048891_25435214_STOP834,2,31.950000000000003,8.7,55.2,SMK Negeri 15 Bandung,Jalan Jenderal Gatot Subroto,primary,-6.922499994573716,107.61830585690103,Sangat Dekat (<200m)
7179048891_7179028071_STOP834,1,55.2,55.2,55.2,SMK Negeri 15 Bandung,Jalan Jenderal Gatot Subroto,primary,-6.922478599999993,107.61808080000002,Sangat Dekat (<200m)
7190149301_11727886518_STOP564,1,66.7,66.7,66.7,Graha Pos,Jalan Banda,tertiary,-6.906067848042132,107.61675620894576,Sangat Dekat (<200m)
7190149301_11727886518_STOP805,6,113.06666666666666,27.1,227.4,BPK Penabur Banda,Jalan Banda,tertiary,-6.90452835787488,107.61684644820805,Sangat Dekat (<200m)
7190149301_6445776996_STOP805,1,227.4,227.4,227.4,BPK Penabur Banda,Jalan Cilamaya,tertiary,-6.903512499999997,107.6172502,Dekat (200-400m)
7190369535_7631660261_STOP448,2,121.65,96.5,146.8,Jalan PSM,Jalan H. Ibrahim Adjie,primary,-6.9263259081931725,107.64445836012432,Sangat Dekat (<200m)
7190369535_7631660261_STOP840,4,105.1,29.8,180.5,Seberang Stasiun Kiaracondong,Jalan H. Ibrahim Adjie,primary,-6.924971190451671,107.64441412186616,Sangat Dekat (<200m)
7190369536_6616440046_STOP448,1,97.0,97.0,97.0,Jalan PSM,Jalan H. Ibrahim Adjie,primary,-6.926550000000005,107.6445501,Sangat Dekat (<200m)
7190369536_7190369535_STOP448,1,97.0,97.0,97.0,Jalan PSM,,primary_link,-6.926550000000005,107.6445501,Sangat Dekat (<200m)
7201253639_1849525878_STOP97,3,39.0,13.7,59.0,Cikudapateuh,Jalan Jenderal Ahmad Yani,primary,-6.918588065721267,107.62459806531405,Sangat Dekat (<200m)
7201253642_25435163_STOP97,1,44.2,44.2,44.2,Cikudapateuh,Jalan Jenderal Ahmad Yani,primary,-6.918867500000001,107.6242238,Sangat Dekat (<200m)
7201253642_7201253639_STOP97,1,44.2,44.2,44.2,Cikudapateuh,Jalan Malabar,tertiary,-6.918867500000001,107.6242238,Sangat Dekat (<200m)
7210854542_240791856_STOP798,1,49.9,49.9,49.9,Seberang Sekolah BPI,Jalan Burangrang,tertiary,-6.924203600000005,107.6199287,Sangat Dekat (<200m)
7210854542_5853120075_STOP798,2,73.75,49.9,97.6,Seberang Sekolah BPI,Jalan Emong,tertiary,-6.924376764175567,107.61978513650078,Sangat Dekat (<200m)
7210854542_5853120077_STOP798,2,74.95,49.9,100.0,Seberang Sekolah BPI,Jalan Burangrang,tertiary,-6.924427655686861,107.61990024149415,Sangat Dekat (<200m)
7211100688_10173744442_STOP562,1,155.0,155.0,155.0,TK Taruna Bakti,Jalan Lombok,tertiary,-6.907211487737406,107.61997249401162,Sangat Dekat (<200m)
7211100688_10173744442_STOP567,4,92.725,63.1,127.8,De Pavilijoen,Jalan Lombok,tertiary,-6.906624885679365,107.62088441130855,Sangat Dekat (<200m)
7211100688_5408954335_STOP567,1,63.1,63.1,63.1,De Pavilijoen,Jalan Lombok,tertiary,-6.906103000000003,107.621261,Sangat Dekat (<200m)
7211115101_2520649113_STOP669,1,197.0,197.0,197.0,Gedung Sate,Jalan Cilamaya,tertiary,-6.903211099999994,107.6171124,Sangat Dekat (<200m)
7211115101_6445776997_STOP669,1,197.0,197.0,197.0,Gedung Sate,,tertiary_link,-6.903211099999994,107.6171124,Sangat Dekat (<200m)
7216028473_7216028474_STOP261,1,209.7,209.7,209.7,Shuttle Summarecon Mall Bandung,,secondary,-6.956719700000006,107.6953262,Dekat (200-400m)
7216028473_7216077666_STOP261,1,209.7,209.7,209.7,Shuttle Summarecon Mall Bandung,Bulevar Utama,secondary,-6.956719700000006,107.6953262,Dekat (200-400m)
7216028474_6608982087_STOP261,1,215.7,215.7,215.7,Shuttle Summarecon Mall Bandung,Bulevar Barat,secondary,-6.9567042000000034,107.6952335,Dekat (200-400m)
7216028474_7216028475_STOP261,1,215.7,215.7,215.7,Shuttle Summarecon Mall Bandung,Bulevar Utama,secondary,-6.9567042000000034,107.6952335,Dekat (200-400m)
7216028475_7216077674_STOP261,1,198.1,198.1,198.1,Shuttle Summarecon Mall Bandung,Bulevar Utama,secondary,-6.956504100000003,107.6952647,Sangat Dekat (<200m)
7216028475_7216077729_STOP261,1,198.1,198.1,198.1,Shuttle Summarecon Mall Bandung,,secondary,-6.956504100000003,107.6952647,Sangat Dekat (<200m)
7216077534_5848061348_STOP371,6,76.18333333333334,10.6,142.6,Magna,Jalan Magna Raya,tertiary,-6.95680904241161,107.68815402705752,Sangat Dekat (<200m)
7216077534_7144511425_STOP371,1,142.6,142.6,142.6,Magna,,tertiary,-6.956934999999995,107.6892765,Sangat Dekat (<200m)
7216077542_5848061330_STOP371,1,152.9,152.9,152.9,Magna,,tertiary,-6.9568729,107.68937110000002,Sangat Dekat (<200m)
7216077542_7287159351_STOP371,8,273.8625,152.9,369.0,Magna,Jalan Magna Raya,tertiary,-6.956206701813896,107.69028140299423,Dekat (200-400m)
7216077542_7287159351_STOP647,4,418.275,392.7,454.3,Taman Sumringah,Jalan Magna Raya,tertiary,-6.953746450520682,107.69062488661473,Sedang (400-800m)
7216077543_5848061330_STOP371,2,194.8,169.7,219.9,Magna,Jalan Magna Raya,tertiary,-6.95700672842298,107.68974090193223,Sangat Dekat (<200m)
7216077577_7287159347_STOP647,3,471.40000000000003,429.8,507.0,Taman Sumringah,Bundaran Bulevar Barat,secondary,-6.95214406417946,107.6910435420639,Sedang (400-800m)
7216077587_7144511425_STOP371,4,225.77499999999998,169.6,270.9,Magna,,tertiary,-6.9563189700522265,107.68993249685363,Dekat (200-400m)
7216077587_7216077542_STOP371,4,237.5,184.6,270.9,Magna,,tertiary,-6.956342662143302,107.69004366355107,Dekat (200-400m)
7216077611_10596847110_STOP386,1,142.9,142.9,142.9,Sekolah Al-Azhar Summarecon,Bulevar Raya,tertiary,-6.959764699999994,107.7024921,Sangat Dekat (<200m)
7216077611_11199413648_STOP386,4,149.85,135.3,175.1,Sekolah Al-Azhar Summarecon,Bulevar Raya,tertiary,-6.9604084557598345,107.70270229912194,Sangat Dekat (<200m)
7216077611_11199413648_STOP387,4,232.3,209.0,277.3,Dayana,Bulevar Raya,tertiary,-6.961718694056913,107.70377776672701,Dekat (200-400m)
7216077612_10596741996_STOP386,1,177.1,177.1,177.1,Sekolah Al-Azhar Summarecon,Bulevar Selatan,secondary,-6.959232999999993,107.7023924,Sangat Dekat (<200m)
7216077612_10596847027_STOP386,1,177.1,177.1,177.1,Sekolah Al-Azhar Summarecon,Bulevar Raya,tertiary,-6.959232999999993,107.7023924,Sangat Dekat (<200m)
7216077612_11373181571_STOP386,2,196.8,177.1,216.5,Sekolah Al-Azhar Summarecon,"['Bulevar Selatan', 'Jembatan Cisaranten Baru']",secondary,-6.959192392629808,107.7026147927878,Sangat Dekat (<200m)
7216077612_11373181571_STOP820,5,248.3,225.1,295.3,Flora,"['Bulevar Selatan', 'Jembatan Cisaranten Baru']",secondary,-6.958930216958365,107.70417265252135,Dekat (200-400m)
7216077613_6608982115_STOP386,3,228.9,183.6,274.8,Sekolah Al-Azhar Summarecon,Bulevar Selatan,secondary,-6.960008050983569,107.69946556710414,Dekat (200-400m)
7216077613_6608982115_STOP818,8,232.7,203.7,276.8,Emily Cynthia,Bulevar Selatan,secondary,-6.960451353363367,107.69701861753555,Dekat (200-400m)
7216077613_9787694583_STOP386,1,183.6,183.6,183.6,Sekolah Al-Azhar Summarecon,,secondary_link,-6.959928199999993,107.6999106,Sangat Dekat (<200m)
7216077614_10596741996_STOP386,5,143.56,124.6,178.7,Sekolah Al-Azhar Summarecon,Bulevar Selatan,secondary,-6.959476776291981,107.70100018239741,Sangat Dekat (<200m)
7216077614_9800628721_STOP386,1,178.7,178.7,178.7,Sekolah Al-Azhar Summarecon,,secondary_link,-6.959635799999996,107.70011,Sangat Dekat (<200m)
7216077664_7216077665_STOP285,1,91.0,91.0,91.0,Summarecon Mall Bandung,,tertiary_link,-6.956133199999993,107.69857600000002,Sangat Dekat (<200m)
7216077664_7216077669_STOP261,5,172.82,165.7,180.4,Shuttle Summarecon Mall Bandung,Grand Bulevar,tertiary,-6.956741375592604,107.6968894264905,Sangat Dekat (<200m)
7216077664_7216077669_STOP285,2,115.2,91.0,139.4,Summarecon Mall Bandung,Grand Bulevar,tertiary,-6.956225524852284,107.69836966828882,Sangat Dekat (<200m)
7216077665_7216077664_STOP285,1,86.0,86.0,86.0,Summarecon Mall Bandung,,tertiary_link,-6.955969499999998,107.6985047,Sangat Dekat (<200m)
7216077665_7216077723_STOP285,5,65.16,19.4,116.7,Summarecon Mall Bandung,Grand Bulevar,tertiary,-6.955604270405803,107.69933182241819,Sangat Dekat (<200m)
7216077666_5848061292_STOP261,2,251.85,229.2,274.5,Shuttle Summarecon Mall Bandung,Bulevar Utama,secondary,-6.957145631752904,107.6952471748683,Dekat (200-400m)
7216077666_5848061292_STOP819,2,281.70000000000005,267.8,295.6,Amanda Btari,Bulevar Utama,secondary,-6.958032617625946,107.6950747209691,Dekat (200-400m)
7216077669_7216028473_STOP261,1,196.9,196.9,196.9,Shuttle Summarecon Mall Bandung,Grand Bulevar,tertiary,-6.956770499999996,107.6955665,Sangat Dekat (<200m)
7216077669_7216077666_STOP261,1,196.9,196.9,196.9,Shuttle Summarecon Mall Bandung,,tertiary_link,-6.956770499999996,107.6955665,Sangat Dekat (<200m)
7216077670_7216077665_STOP261,6,157.1,143.5,181.3,Shuttle Summarecon Mall Bandung,Grand Bulevar,tertiary,-6.956543480163518,107.69662441205564,Sangat Dekat (<200m)
7216077670_7216077665_STOP285,1,131.7,131.7,131.7,Summarecon Mall Bandung,Grand Bulevar,tertiary,-6.956130320576613,107.69812395648223,Sangat Dekat (<200m)
7216077673_7216077670_STOP261,1,171.7,171.7,171.7,Shuttle Summarecon Mall Bandung,,tertiary_link,-6.956298800000002,107.6954029,Sangat Dekat (<200m)
7216077673_7216077729_STOP261,1,171.7,171.7,171.7,Shuttle Summarecon Mall Bandung,Bulevar Utama,secondary,-6.956298800000002,107.6954029,Sangat Dekat (<200m)
7216077674_11270910342_STOP261,3,147.23333333333332,126.3,172.7,Shuttle Summarecon Mall Bandung,Bulevar Utama,secondary,-6.955750603237209,107.69540158600513,Sangat Dekat (<200m)
7216077701_10596741983_STOP388,3,435.5,390.0,480.7,Pasar Sinpasa,Bulevar Utama,secondary,-6.951057566847776,107.69405210496551,Sedang (400-800m)
7216077701_7290653024_STOP388,1,390.0,390.0,390.0,Pasar Sinpasa,,secondary_link,-6.951370599999998,107.6943769,Dekat (200-400m)
7216077704_7216077701_STOP388,3,336.26666666666665,303.6,372.3,Pasar Sinpasa,Bulevar Utama,secondary,-6.951869514712591,107.69476830163417,Dekat (200-400m)
7216077704_7216077742_STOP388,1,303.6,303.6,303.6,Pasar Sinpasa,,secondary_link,-6.952248499999996,107.6950114,Dekat (200-400m)
7216077722_7216077664_STOP285,5,77.38,36.0,139.0,Summarecon Mall Bandung,Grand Bulevar,tertiary,-6.955706692892113,107.69956219015322,Sangat Dekat (<200m)
7216077722_7216077723_STOP285,1,139.0,139.0,139.0,Summarecon Mall Bandung,Bunderan Grand Bulevar,tertiary,-6.955347799999992,107.7003921,Sangat Dekat (<200m)
7216077723_9807780224_STOP285,1,135.7,135.7,135.7,Summarecon Mall Bandung,Bunderan Grand Bulevar,tertiary,-6.955165099999998,107.7003144,Sangat Dekat (<200m)
7216077729_7216028473_STOP261,1,191.5,191.5,191.5,Shuttle Summarecon Mall Bandung,Bulevar Utama,secondary,-6.956521100000008,107.69536,Sangat Dekat (<200m)
7216077729_7216077670_STOP261,1,191.5,191.5,191.5,Shuttle Summarecon Mall Bandung,Grand Bulevar,tertiary,-6.956521100000008,107.69536,Sangat Dekat (<200m)
7216077730_7216028475_STOP647,1,177.6,177.6,177.6,Taman Sumringah,Bulevar Barat,secondary,-6.956412499999997,107.6949459,Sangat Dekat (<200m)
7216077730_7216077674_STOP647,1,177.6,177.6,177.6,Taman Sumringah,,secondary_link,-6.956412499999997,107.6949459,Sangat Dekat (<200m)
7216077733_5848061291_STOP819,1,236.8,236.8,236.8,Amanda Btari,,secondary_link,-6.958760800000007,107.6948601,Dekat (200-400m)
7216077733_6608982092_STOP819,1,236.8,236.8,236.8,Amanda Btari,Bulevar Utama,secondary,-6.958760800000007,107.6948601,Dekat (200-400m)
7216077735_11270910344_STOP261,1,124.9,124.9,124.9,Shuttle Summarecon Mall Bandung,Bulevar Utama,secondary,-6.954658600000004,107.6957347,Sangat Dekat (<200m)
7216077735_13539499879_STOP261,1,124.9,124.9,124.9,Shuttle Summarecon Mall Bandung,,tertiary_link,-6.954658600000004,107.6957347,Sangat Dekat (<200m)
7216077742_7216077704_STOP388,1,288.9,288.9,288.9,Pasar Sinpasa,,secondary_link,-6.95219,107.6951471,Dekat (200-400m)
7216077742_7216077735_STOP261,3,191.9333333333333,147.7,237.8,Shuttle Summarecon Mall Bandung,Bulevar Utama,secondary,-6.953898691165364,107.69570088779851,Sangat Dekat (<200m)
7216077742_7216077735_STOP388,3,272.73333333333335,259.7,288.9,Pasar Sinpasa,Bulevar Utama,secondary,-6.952605845899082,107.6953236500163,Dekat (200-400m)
7219072027_2500902327_STOP595,1,252.7,252.7,252.7,Timur Simpang Batununggal,Jalan Waas,tertiary,-6.951624999999995,107.6269959,Dekat (200-400m)
7219072027_5847788406_STOP334,4,410.45,343.6,481.9,Bangunan Mart A,Jalan Batununggal Indah I,tertiary,-6.953111863837371,107.6274831366893,Sedang (400-800m)
7219072027_5847788406_STOP595,2,276.75,252.7,300.8,Timur Simpang Batununggal,Jalan Batununggal Indah I,tertiary,-6.95183489946521,107.62707950553968,Dekat (200-400m)
7227417913_5444644746_STOP334,1,786.2,786.2,786.2,Bangunan Mart A,Bunderan Elok,tertiary,-6.9564370999999925,107.62688020000002,Sedang (400-800m)
7262996419_1849907113_STOP175,1,114.2,114.2,114.2,SMPN 14 Bandung (Lapangan Supratman A),Jalan Cendana,tertiary,-6.908156876973183,107.62913264278544,Sangat Dekat (<200m)
7262996419_1849907113_STOP553,2,43.400000000000006,18.9,67.9,Jalan Salam,Jalan Cendana,tertiary,-6.908556774270977,107.62858584911945,Sangat Dekat (<200m)
7262996419_1849907113_STOP554,2,52.35,27.3,77.4,Jalan Suren,Jalan Cendana,tertiary,-6.909186585192339,107.62794018291946,Sangat Dekat (<200m)
7262996419_1849907130_STOP554,1,77.4,77.4,77.4,Jalan Suren,Jalan Cendana,tertiary,-6.909351700000006,107.6277859,Sangat Dekat (<200m)
7265367233_6622500668_STOP19,4,94.05,21.3,168.4,RSAU dr. Salamun,Jalan Rereongan Sarupi,tertiary,-6.8627557337397285,107.60489263866998,Sangat Dekat (<200m)
7284124068_4191858159_STOP453,5,209.11999999999998,108.6,309.7,KPP Pratama Cicadas,"['Jalan Soekarno-Hatta', 'Soekarno Hatta Frontage Boulevard']",secondary,-6.937731944604641,107.68129847918681,Dekat (200-400m)
7284124068_4191858159_STOP826,8,174.9375,6.2,350.0,Damri Bandung,"['Jalan Soekarno-Hatta', 'Soekarno Hatta Frontage Boulevard']",secondary,-6.937527293616548,107.684230105925,Sangat Dekat (<200m)
7284124068_7284143550_STOP453,1,108.6,108.6,108.6,KPP Pratama Cicadas,,trunk_link,-6.937800300000001,107.6803968,Sangat Dekat (<200m)
7284143550_7132472250_STOP453,5,230.26,130.0,330.7,KPP Pratama Cicadas,Jalan Soekarno-Hatta,trunk,-6.937785262422688,107.68148868669918,Dekat (200-400m)
7284143550_7132472250_STOP826,8,160.1125,26.5,329.5,Damri Bandung,Jalan Soekarno-Hatta,trunk,-6.937581670130396,107.68442040798703,Sangat Dekat (<200m)
7284143550_7132472250_STOP827,1,66.4,66.4,66.4,Dinas Koperasi Provinsi Jawa Barat,Jalan Soekarno-Hatta,trunk,-6.937423523321446,107.68644877270492,Sangat Dekat (<200m)
7284309851_11027050165_STOP387,7,681.2285714285715,602.2,772.2,Dayana,Jalan Pendamping SOR GBLA,tertiary,-6.965758382043383,107.70754300037713,Sedang (400-800m)
7284309851_11027050165_STOP822,2,746.6500000000001,724.1,769.2,Gerbang Merah GBLA 2,Jalan Pendamping SOR GBLA,tertiary,-6.964787018157564,107.70932927286248,Sedang (400-800m)
7284309851_6377290515_STOP822,1,724.1,724.1,724.1,Gerbang Merah GBLA 2,,tertiary,-6.9646644000000055,107.70951890000002,Sedang (400-800m)
7284403241_11259520257_STOP356,5,73.18,37.5,129.3,Panyileukan,Jalan Soekarno-Hatta,trunk,-6.935539145427297,107.7123738527248,Sangat Dekat (<200m)
7284403241_11259520257_STOP423,1,118.5,118.5,118.5,Universitas Bhakti Kencana,Jalan Soekarno-Hatta,trunk,-6.935640799999994,107.7110213,Sangat Dekat (<200m)
7284403242_2518070484_STOP356,5,76.06,39.2,118.7,Panyileukan,Jalan Soekarno-Hatta,secondary,-6.93546568240148,107.71224569668895,Sangat Dekat (<200m)
7284403242_2518070484_STOP423,1,104.0,104.0,104.0,Universitas Bhakti Kencana,Jalan Soekarno-Hatta,secondary,-6.935568000000004,107.7108932,Sangat Dekat (<200m)
7284403242_7284403241_STOP423,1,104.0,104.0,104.0,Universitas Bhakti Kencana,,trunk_link,-6.935568000000004,107.7108932,Sangat Dekat (<200m)
7284403244_7284403245_STOP535,1,445.4,445.4,445.4,Depan Pasar Gedebage,,trunk_link,-6.936326799999997,107.7012937,Sedang (400-800m)
7284403244_9544624433_STOP357,3,420.8,370.6,471.0,Cimincrang,Jalan Soekarno-Hatta,trunk,-6.93622475049012,107.7026462354638,Sedang (400-800m)
7284403244_9544624433_STOP535,2,470.54999999999995,445.4,495.7,Depan Pasar Gedebage,Jalan Soekarno-Hatta,trunk,-6.936309707873908,107.70151911660241,Sedang (400-800m)
7284403245_7284403244_STOP535,1,444.8,444.8,444.8,Depan Pasar Gedebage,,trunk_link,-6.936261199999995,107.7012853,Sedang (400-800m)
7284403245_9544624434_STOP357,3,421.7,371.5,471.9,Cimincrang,Jalan Soekarno-Hatta,secondary,-6.936163115460315,107.70263805521677,Sedang (400-800m)
7284403245_9544624434_STOP535,2,470.0,444.8,495.2,Depan Pasar Gedebage,Jalan Soekarno-Hatta,secondary,-6.936245497357326,107.70151079295927,Sedang (400-800m)
7284403246_6380244012_STOP535,2,277.85,252.8,302.9,Depan Pasar Gedebage,Jalan Soekarno-Hatta,trunk,-6.9365580318795015,107.69979354942882,Dekat (200-400m)
7284403247_3272727739_STOP535,7,179.91428571428574,40.2,327.3,Depan Pasar Gedebage,Jalan Soekarno-Hatta,secondary,-6.936699272026646,107.69888471560587,Sangat Dekat (<200m)
7284403247_7284403246_STOP535,1,327.3,327.3,327.3,Depan Pasar Gedebage,,trunk_link,-6.936596700000004,107.7002372,Dekat (200-400m)
7284403248_7284403244_STOP535,5,340.3,239.7,440.9,Depan Pasar Gedebage,Jalan Soekarno-Hatta,trunk,-6.9363952485315306,107.70035197711516,Dekat (200-400m)
7284403248_7284403249_STOP535,1,239.7,239.7,239.7,Depan Pasar Gedebage,,trunk_link,-6.936460800000005,107.6994501,Dekat (200-400m)
7284403249_7284403245_STOP535,4,326.525,251.0,402.0,Depan Pasar Gedebage,Jalan Soekarno-Hatta,secondary,-6.936344864722398,107.70022563425738,Dekat (200-400m)
7287159347_11278632590_STOP647,2,385.54999999999995,378.2,392.9,Taman Sumringah,Bundaran Bulevar Barat,secondary,-6.95282192031008,107.69147516711422,Dekat (200-400m)
7287159347_9824987335_STOP647,8,224.95,54.5,392.9,Taman Sumringah,Bulevar Barat,secondary,-6.953533503277822,107.69280089975487,Dekat (200-400m)
7287159351_9584171464_STOP647,2,481.8,463.1,500.5,Taman Sumringah,Bundaran Bulevar Barat,secondary,-6.952798170817365,107.69042549333516,Sedang (400-800m)
7290653024_7216077701_STOP388,1,380.6,380.6,380.6,Pasar Sinpasa,,secondary_link,-6.951277300000005,107.6944949,Dekat (200-400m)
7290653024_7216077742_STOP388,3,340.59999999999997,303.3,380.6,Pasar Sinpasa,Bulevar Utama,secondary,-6.9516286850706654,107.69477578993593,Dekat (200-400m)
7298267086_11366943120_STOP337,1,244.9,244.9,244.9,Karangsetra Waterland,Jalan Sindang Sirna,primary,-6.8780062999999965,107.5932879,Dekat (200-400m)
7298267086_5455661685_STOP337,7,388.1857142857143,244.9,536.3,Karangsetra Waterland,Jalan Sindang Sirna,primary,-6.877909271132521,107.59193902090752,Dekat (200-400m)
7300869689_6622409117_STOP766,1,36.1,36.1,36.1,Alun-alun Cicendo1,Jalan Arjuna,secondary,-6.911325700000005,107.5893951,Sangat Dekat (<200m)
7310779096_3115159440_STOP323,1,41.5,41.5,41.5,Pasar Kordon B,"['Jalan Batununggal', 'Jalan Batununggal Indah Raya']",tertiary,-6.953791900000005,107.6385579,Sangat Dekat (<200m)
7310779096_3115159440_STOP331,2,62.349999999999994,44.9,79.8,Pasar Kordon A,"['Jalan Batununggal', 'Jalan Batununggal Indah Raya']",tertiary,-6.954444581167252,107.63840999671456,Sangat Dekat (<200m)
7310779096_3115159440_STOP718,5,176.98,114.8,254.5,Kordon,"['Jalan Batununggal', 'Jalan Batununggal Indah Raya']",tertiary,-6.955693830843981,107.63780730775582,Sangat Dekat (<200m)
7310779096_7513405158_STOP323,1,41.5,41.5,41.5,Pasar Kordon B,Jalan Batununggal,tertiary,-6.953791900000005,107.6385579,Sangat Dekat (<200m)
7345830954_12813237929_STOP724,1,62.2,62.2,62.2,Baltos,Jalan Tamansari,secondary,-6.899400300000004,107.6094395,Sangat Dekat (<200m)
7345830954_5369882298_STOP724,1,62.2,62.2,62.2,Baltos,Jalan Tamansari,secondary,-6.899400300000004,107.6094395,Sangat Dekat (<200m)
7345830961_12813237929_STOP72,2,28.4,7.8,49.0,Balubur Town Square,Jalan Tamansari,secondary,-6.898925226373403,107.60933356775615,Sangat Dekat (<200m)
7345830961_2325449629_STOP72,2,27.299999999999997,7.8,46.8,Balubur Town Square,,trunk_link,-6.89849570505376,107.60931486877811,Sangat Dekat (<200m)
7345830961_2958252669_STOP72,2,31.0,7.8,54.2,Balubur Town Square,Jalan Tamansari,secondary,-6.898497154761111,107.6094449921361,Sangat Dekat (<200m)
7513405158_2325453616_STOP323,4,99.45,25.2,174.5,Pasar Kordon B,Jalan Buah Batu,primary,-6.95285259573364,107.6380844183166,Sangat Dekat (<200m)
7540370583_1837401667_STOP311,1,74.9,74.9,74.9,Rumah Sakit Immanuel A,Jalan Kyai Haji Wahid Hasyim,primary,-6.936778699999993,107.5951535,Sangat Dekat (<200m)
7540370583_2325452881_STOP272,4,416.45,373.0,462.6,Astana Anyar RSIA Kota Bandung,Jalan Kyai Haji Wahid Hasyim,primary,-6.930550680952786,107.59711130360091,Sedang (400-800m)
7540370583_2325452881_STOP311,2,84.5,74.9,94.1,Rumah Sakit Immanuel A,Jalan Kyai Haji Wahid Hasyim,primary,-6.936587987393644,107.5952746366662,Sangat Dekat (<200m)
7540370583_2325452881_STOP430,11,195.28181818181818,25.1,428.6,RS Imanuel Pintu Kopo,Jalan Kyai Haji Wahid Hasyim,primary,-6.933803062313478,107.59616310847076,Sangat Dekat (<200m)
7540370583_5355765058_STOP311,1,74.9,74.9,74.9,Rumah Sakit Immanuel A,,primary_link,-6.936778699999993,107.5951535,Sangat Dekat (<200m)
7561564769_10968637156_STOP819,1,223.0,223.0,223.0,Amanda Btari,Jalan Akasia,tertiary,-6.957059500000007,107.6922899,Dekat (200-400m)
7561564769_6608965073_STOP819,1,223.0,223.0,223.0,Amanda Btari,Jalan Akasia,tertiary,-6.957059500000007,107.6922899,Dekat (200-400m)
7624564242_2325452491_STOP841,1,51.0,51.0,51.0,Pagarsih,Jalan Pagarsih Barat,tertiary,-6.921976899999996,107.5858161,Sangat Dekat (<200m)
7624564242_5354169648_STOP841,1,51.0,51.0,51.0,Pagarsih,Jalan Pagarsih Barat,tertiary,-6.921976899999996,107.5858161,Sangat Dekat (<200m)
7624564242_5354169650_STOP841,1,51.0,51.0,51.0,Pagarsih,,primary_link,-6.921976899999996,107.5858161,Sangat Dekat (<200m)
7624564243_2325452490_STOP841,1,6.7,6.7,6.7,Pagarsih,Jalan Pagarsih Barat,tertiary,-6.922005500000008,107.5862166,Sangat Dekat (<200m)
7624564243_5354169657_STOP841,1,6.7,6.7,6.7,Pagarsih,Jalan Pagarsih Barat,tertiary,-6.922005500000008,107.5862166,Sangat Dekat (<200m)
7624564243_5354169659_STOP841,1,6.7,6.7,6.7,Pagarsih,,primary_link,-6.922005500000008,107.5862166,Sangat Dekat (<200m)
7631660258_7631660259_STOP211,1,71.8,71.8,71.8,Griya Kiaracondong,,primary_link,-6.922810100000005,107.6444333,Sangat Dekat (<200m)
7631660258_7631660260_STOP211,1,71.8,71.8,71.8,Griya Kiaracondong,Jalan H. Ibrahim Adjie,primary,-6.922810100000005,107.6444333,Sangat Dekat (<200m)
7631660258_7631660260_STOP839,2,55.6,30.5,80.7,Stasiun Kiaracondong,Jalan H. Ibrahim Adjie,primary,-6.923487202935394,107.64446252224405,Sangat Dekat (<200m)
7631660259_7137977722_STOP211,2,51.150000000000006,28.4,73.9,Griya Kiaracondong,Jalan H. Ibrahim Adjie,primary,-6.922590494430534,107.64431493975496,Sangat Dekat (<200m)
7631660259_7137977722_STOP214,1,20.5,20.5,20.5,Seberang Griya Kiaracondong,Jalan H. Ibrahim Adjie,primary,-6.921913825648347,107.64427708791906,Sangat Dekat (<200m)
7631660259_7631660258_STOP211,1,73.9,73.9,73.9,Griya Kiaracondong,,primary_link,-6.922816099999995,107.6443266,Sangat Dekat (<200m)
7631660260_7190369536_STOP448,1,144.1,144.1,144.1,Jalan PSM,Jalan H. Ibrahim Adjie,primary,-6.926125496199649,107.64454610010652,Sangat Dekat (<200m)
7631660260_7190369536_STOP839,1,13.4,13.4,13.4,Stasiun Kiaracondong,Jalan H. Ibrahim Adjie,primary,-6.9238675000000045,107.6444796,Sangat Dekat (<200m)
7631660260_7190369536_STOP840,4,109.75,36.1,184.2,Seberang Stasiun Kiaracondong,Jalan H. Ibrahim Adjie,primary,-6.9249963220498705,107.64451896825389,Sangat Dekat (<200m)
7631660260_7631660261_STOP839,1,13.4,13.4,13.4,Stasiun Kiaracondong,,primary_link,-6.9238675000000045,107.6444796,Sangat Dekat (<200m)
7631660261_7631660259_STOP211,1,90.3,90.3,90.3,Griya Kiaracondong,Jalan H. Ibrahim Adjie,primary,-6.922966448866097,107.64433284309456,Sangat Dekat (<200m)
7631660261_7631660259_STOP839,1,65.5,65.5,65.5,Stasiun Kiaracondong,Jalan H. Ibrahim Adjie,primary,-6.923417931785235,107.64435028907182,Sangat Dekat (<200m)
7631660261_7631660259_STOP840,1,17.9,17.9,17.9,Seberang Stasiun Kiaracondong,Jalan H. Ibrahim Adjie,primary,-6.923869400000002,107.6443679,Sangat Dekat (<200m)
7631660261_7631660260_STOP840,1,17.9,17.9,17.9,Seberang Stasiun Kiaracondong,,primary_link,-6.923869400000002,107.6443679,Sangat Dekat (<200m)
7642312005_3277871582_STOP89,1,34.9,34.9,34.9,Jaya Plaza,,primary_link,-6.917598300000003,107.6266014,Sangat Dekat (<200m)
7642312005_5391666899_STOP212,3,39.43333333333334,15.5,62.7,Segitiga Mas,Jalan Jenderal Ahmad Yani,primary,-6.918018793771186,107.62580102410935,Sangat Dekat (<200m)
7642312005_5391666899_STOP89,1,34.9,34.9,34.9,Jaya Plaza,Jalan Jenderal Ahmad Yani,primary,-6.917598300000003,107.6266014,Sangat Dekat (<200m)
7642312005_5391666899_STOP97,1,54.9,54.9,54.9,Cikudapateuh,Jalan Jenderal Ahmad Yani,primary,-6.91844000954723,107.62500099995928,Sangat Dekat (<200m)
7643243807_1849907130_STOP554,1,84.1,84.1,84.1,Jalan Suren,Jalan Bengawan,tertiary,-6.909366899999998,107.6277127,Sangat Dekat (<200m)
7643243807_1855697149_STOP284,3,111.63333333333333,91.0,140.6,SMA Kartika,Jalan Bengawan,tertiary,-6.908658005883815,107.62716214686525,Sangat Dekat (<200m)
7643243807_1855697149_STOP554,1,84.1,84.1,84.1,Jalan Suren,Jalan Bengawan,tertiary,-6.909366899999998,107.6277127,Sangat Dekat (<200m)
7643243807_7262996419_STOP554,1,84.1,84.1,84.1,Jalan Suren,Jalan Cendana,tertiary,-6.909366899999998,107.6277127,Sangat Dekat (<200m)
7669230599_10793008258_STOP684,4,50.525,18.6,82.5,Dinas Arsip dan Perpustakaan Kota Bandung,Jalan Seram,tertiary,-6.9083384926028675,107.61345251374803,Sangat Dekat (<200m)
7669230599_10793008258_STOP800,1,76.0,76.0,76.0,RSIA Limijati,Jalan Seram,tertiary,-6.907325591158099,107.61295265994556,Sangat Dekat (<200m)
7669230599_1849525862_STOP155,4,83.425,22.9,152.8,Banda Saparua,Jalan Ambon,tertiary,-6.907659201715299,107.61637759789822,Sangat Dekat (<200m)
7669230599_1849525862_STOP283,1,201.3,201.3,201.3,Simpang Banda Riau,Jalan Ambon,tertiary,-6.908094285978776,107.61533682972494,Dekat (200-400m)
7669230599_1849525862_STOP684,4,113.27499999999999,68.6,168.1,Dinas Arsip dan Perpustakaan Kota Bandung,Jalan Ambon,tertiary,-6.9086564476730965,107.61436056149128,Sangat Dekat (<200m)
7669230602_5334388857_STOP373,2,50.35,41.1,59.6,Taman Radio A,Jalan Rangga Gadang,tertiary,-6.902744109020039,107.61119944277328,Sangat Dekat (<200m)
7669230602_7669230603_STOP373,2,26.15,11.2,41.1,Taman Radio A,Jalan Ir. H. Djuanda,primary,-6.9026241156459545,107.6114922285787,Sangat Dekat (<200m)
7669230603_2036066796_STOP236,1,88.2,88.2,88.2,La Belle Cikapayang,Jalan Ir. H. Djuanda,primary,-6.900291643996623,107.61248875902396,Sangat Dekat (<200m)
7669230603_2036066796_STOP237,1,21.8,21.8,21.8,Superindo Dago,Jalan Ir. H. Djuanda,primary,-6.901948966260936,107.61176929619408,Sangat Dekat (<200m)
7669230603_2036066796_STOP238,3,79.06666666666666,29.1,129.2,Seberang Superindo Dago,Jalan Ir. H. Djuanda,primary,-6.901114270083929,107.6121154593993,Sangat Dekat (<200m)
7669230603_2036066796_STOP373,1,16.4,16.4,16.4,Taman Radio A,Jalan Ir. H. Djuanda,primary,-6.902366499999999,107.6115965,Sangat Dekat (<200m)
7669581282_5358055095_STOP305,2,46.45,23.5,69.4,Hotel The-One-O-One A,Jalan Ir. H. Djuanda,primary,-6.9061033963563805,107.61064723306666,Sangat Dekat (<200m)
7669581282_5358055095_STOP306,1,21.4,21.4,21.4,Hotel The-One-O-One B,Jalan Ir. H. Djuanda,primary,-6.9067811010326725,107.6106396161774,Sangat Dekat (<200m)
7673353740_6615862315_STOP148,5,67.94,26.4,129.1,RS Al Islam,Jalan Soekarno-Hatta,trunk,-6.938731184204262,107.66957428652263,Sangat Dekat (<200m)
7673353740_6615862315_STOP451,2,83.0,58.9,107.1,Sanggar Hurip,Jalan Soekarno-Hatta,trunk,-6.938842227097646,107.6679956964589,Sangat Dekat (<200m)
7673353740_6615862315_STOP828,3,128.86666666666667,79.7,178.3,Dinas Kehutanan Provinsi Jawa Barat,Jalan Soekarno-Hatta,trunk,-6.938602548912537,107.67137826118442,Sangat Dekat (<200m)
7673353740_7673353741_STOP828,1,79.7,79.7,79.7,Dinas Kehutanan Provinsi Jawa Barat,,trunk_link,-6.938571000000006,107.6718293,Sangat Dekat (<200m)
7673353741_6615862316_STOP148,6,78.78333333333335,10.2,159.3,RS Al Islam,Jalan Soekarno-Hatta,secondary,-6.9387928331885895,107.66962940505414,Sangat Dekat (<200m)
7673353741_6615862316_STOP451,2,68.0,45.8,90.2,Sanggar Hurip,Jalan Soekarno-Hatta,secondary,-6.938918524650736,107.66782524143828,Sangat Dekat (<200m)
7673353741_6615862316_STOP828,2,124.8,100.4,149.2,Dinas Kehutanan Provinsi Jawa Barat,Jalan Soekarno-Hatta,secondary,-6.938663296954744,107.67143328997506,Sangat Dekat (<200m)
7673353742_7673353741_STOP828,2,44.75,30.6,58.9,Dinas Kehutanan Provinsi Jawa Barat,Jalan Soekarno-Hatta,secondary,-6.938599493003615,107.67228951045428,Sangat Dekat (<200m)
7673353743_3255889295_STOP359,2,165.2,140.1,190.3,Cipamokolan,Jalan Soekarno-Hatta,trunk,-6.93831486232785,107.67535290179151,Sangat Dekat (<200m)
7673353743_3255889295_STOP361,5,101.38,12.1,198.8,Komplek Aria Graha,Jalan Soekarno-Hatta,trunk,-6.938429710881971,107.67377458995543,Sangat Dekat (<200m)
7673353744_6413894757_STOP359,3,163.5,113.2,213.8,Cipamokolan,"['Jalan Soekarno-Hatta', 'Soekarno Hatta Frontage Boulevard']",secondary,-6.9383839379966545,107.67536953873321,Sangat Dekat (<200m)
7673353744_6413894757_STOP361,1,174.6,174.6,174.6,Komplek Aria Graha,"['Jalan Soekarno-Hatta', 'Soekarno Hatta Frontage Boulevard']",secondary,-6.938449290604168,107.67446763361242,Sangat Dekat (<200m)
7673353744_7673353743_STOP359,1,113.2,113.2,113.2,Cipamokolan,,trunk_link,-6.938350099999997,107.6758204,Sangat Dekat (<200m)
7673681627_3255889293_STOP148,4,76.75,28.9,140.6,RS Al Islam,Jalan Soekarno-Hatta,trunk,-6.938596608149377,107.66988002511991,Sangat Dekat (<200m)
7673681627_3255889293_STOP828,4,92.75,19.5,167.2,Dinas Kehutanan Provinsi Jawa Barat,Jalan Soekarno-Hatta,trunk,-6.938470548903452,107.67168417129167,Sangat Dekat (<200m)
7673681628_4123963983_STOP148,4,70.575,37.5,123.4,RS Al Islam,Jalan Soekarno-Hatta,secondary,-6.9385512006159455,107.66970354871432,Sangat Dekat (<200m)
7673681628_7673681627_STOP148,1,45.4,45.4,45.4,RS Al Islam,,trunk_link,-6.938602400000001,107.6690273,Sangat Dekat (<200m)
7687331829_364365905_STOP191,4,54.725,9.8,107.3,Merdeka,Jalan Merdeka,primary,-6.912449283748332,107.61046889462023,Sangat Dekat (<200m)
7687331829_364365905_STOP304,4,51.574999999999996,5.5,99.6,Taman Sejarah Balai Kota Bandung,Jalan Merdeka,primary,-6.9106462442908505,107.61058843897244,Sangat Dekat (<200m)
7687331829_364365905_STOP549,1,59.5,59.5,59.5,Taman Vanda,Jalan Merdeka,primary,-6.91357311282825,107.6103556238833,Sangat Dekat (<200m)
7698632126_3278023523_STOP35,1,50.1,50.1,50.1,Pegadaian Kiaracondong,Jalan Layang Kiaracondong,primary,-6.9299217999999945,107.6439463,Sangat Dekat (<200m)
7698632126_6616440050_STOP35,3,99.16666666666667,50.1,147.6,Pegadaian Kiaracondong,Jalan H. Ibrahim Adjie,primary,-6.929476856436821,107.64398449972761,Sangat Dekat (<200m)
7698632126_6616440050_STOP448,4,71.075,20.9,136.1,Jalan PSM,Jalan H. Ibrahim Adjie,primary,-6.927937430766586,107.6442668027016,Sangat Dekat (<200m)
7698632127_5825223577_STOP35,4,51.4,4.8,99.7,Pegadaian Kiaracondong,Jalan H. Ibrahim Adjie,primary,-6.930579211790013,107.64392204318122,Sangat Dekat (<200m)
7698632127_5825223577_STOP831,1,142.0,142.0,142.0,Binong,Jalan H. Ibrahim Adjie,primary,-6.931540002435534,107.64341804574596,Sangat Dekat (<200m)
7698884005_11041545704_STOP218,2,111.7,87.1,136.3,Daese Garmin,Jalan H. Ibrahim Adjie,primary,-6.918456210008191,107.64422499495836,Sangat Dekat (<200m)
7698884005_11041545704_STOP450,4,110.3,39.1,183.5,Gerbang Timur Kiara Artha Park,Jalan H. Ibrahim Adjie,primary,-6.917107083282289,107.64409502568776,Sangat Dekat (<200m)
7698884005_11041579717_STOP450,1,39.1,39.1,39.1,Gerbang Timur Kiara Artha Park,,primary_link,-6.916433000000005,107.6440253,Sangat Dekat (<200m)
7699079503_5392239230_STOP450,3,44.36666666666667,27.7,75.5,Gerbang Timur Kiara Artha Park,Jalan H. Ibrahim Adjie,primary,-6.916379319216013,107.64392943190599,Sangat Dekat (<200m)
7699079503_5392239230_STOP611,2,45.650000000000006,21.9,69.4,Simpang Flyover Antapani,Jalan H. Ibrahim Adjie,primary,-6.915254617010632,107.64382476340398,Sangat Dekat (<200m)
7699079503_7699079504_STOP450,1,75.5,75.5,75.5,Gerbang Timur Kiara Artha Park,,primary_link,-6.916829200000008,107.6439713,Sangat Dekat (<200m)
7699079504_5392239230_STOP450,3,42.06666666666666,24.5,74.1,Gerbang Timur Kiara Artha Park,Jalan H. Ibrahim Adjie,primary,-6.916382682309675,107.64386277303466,Sangat Dekat (<200m)
7699079504_5392239230_STOP611,2,43.35,18.5,68.2,Simpang Flyover Antapani,Jalan H. Ibrahim Adjie,primary,-6.915257657252597,107.64376189084737,Sangat Dekat (<200m)
7699079504_7699079503_STOP450,1,74.1,74.1,74.1,Gerbang Timur Kiara Artha Park,,primary_link,-6.9168329999999925,107.6438994,Sangat Dekat (<200m)
7709492203_11224280874_STOP442,1,86.7,86.7,86.7,Suparma,,trunk_link,-6.939573399999998,107.6609202,Sangat Dekat (<200m)
7709492203_7715425663_STOP364,2,29.15,20.0,38.3,SMKN 7 Bandung,Jalan Soekarno-Hatta,trunk,-6.939723745117326,107.66025887776303,Sangat Dekat (<200m)
7709492203_7715425663_STOP365,2,29.35,15.0,43.7,BPN Kanwil Jabar,Jalan Soekarno-Hatta,trunk,-6.940585133658011,107.65721510849094,Sangat Dekat (<200m)
7709492203_7715425663_STOP37,1,24.7,24.7,24.7,Jasa Raharja Jabar,Jalan Soekarno-Hatta,trunk,-6.940245293578296,107.65829308382222,Sangat Dekat (<200m)
7709492203_7715425663_STOP442,1,86.7,86.7,86.7,Suparma,Jalan Soekarno-Hatta,trunk,-6.939573399999998,107.6609202,Sangat Dekat (<200m)
7709492203_7715425663_STOP454,1,19.6,19.6,19.6,Metro Indah Mall,Jalan Soekarno-Hatta,trunk,-6.94038184820962,107.65786210309774,Sangat Dekat (<200m)
7709492203_7715425663_STOP455,3,40.5,18.0,64.6,Gagak Rimang,Jalan Soekarno-Hatta,trunk,-6.939995292411946,107.65916201092558,Sangat Dekat (<200m)
7713266581_3272566403_STOP226,1,52.3,52.3,52.3,Seberang Museum Sri Baduga,Jalan Peta,primary,-6.937335900000002,107.6044053,Sangat Dekat (<200m)
7713266581_3272566403_STOP270,3,46.333333333333336,30.4,76.9,Simpang Mohamad Toha Biddokkes,Jalan Peta,primary,-6.937442779846563,107.60530268180885,Sangat Dekat (<200m)
7713266581_7713266582_STOP226,1,52.3,52.3,52.3,Seberang Museum Sri Baduga,,primary_link,-6.937335900000002,107.6044053,Sangat Dekat (<200m)
7713266582_2325453374_STOP226,3,39.833333333333336,14.7,54.3,Seberang Museum Sri Baduga,Jalan Peta,primary,-6.937396551885537,107.60394658832261,Sangat Dekat (<200m)
7713266582_7713266581_STOP226,1,54.3,54.3,54.3,Seberang Museum Sri Baduga,,primary_link,-6.937436299999998,107.604397,Sangat Dekat (<200m)
7715289717_3269364726_STOP172,4,59.974999999999994,20.1,119.6,Pet Park,Jalan Cilaki,tertiary,-6.904663670674125,107.6261305380946,Sangat Dekat (<200m)
7715289717_3269364726_STOP666,1,68.8,68.8,68.8,Taman Cibeunying Selatan,Jalan Cilaki,tertiary,-6.904054439329304,107.6242095741945,Sangat Dekat (<200m)
7715289717_3269364726_STOP690,2,63.35,54.8,71.9,Simpang Cisangkuy - Citarum,Jalan Cilaki,tertiary,-6.9039118474091286,107.62355125225386,Sangat Dekat (<200m)
7715289717_3269364726_STOP691,2,74.1,62.3,85.9,Taman Cibeunying Utara,Jalan Cilaki,tertiary,-6.904174350537927,107.6248764285337,Sangat Dekat (<200m)
7715326201_10198287484_STOP576,1,114.8,114.8,114.8,Seberang SMAN 20 Bandung,Jalan Ciliwung,tertiary,-6.905434699999994,107.6231598,Sangat Dekat (<200m)
7715326201_10198287484_STOP665,1,96.9,96.9,96.9,Simpang Brantas Cihapit 1,Jalan Ciliwung,tertiary,-6.905839286864602,107.62396479382842,Sangat Dekat (<200m)
7715326201_10198287484_STOP666,1,129.1,129.1,129.1,Taman Cibeunying Selatan,Jalan Ciliwung,tertiary,-6.905668027663283,107.62354691021572,Sangat Dekat (<200m)
7715326201_7715326202_STOP576,1,114.8,114.8,114.8,Seberang SMAN 20 Bandung,,tertiary_link,-6.905434699999994,107.6231598,Sangat Dekat (<200m)
7715326202_10173603868_STOP576,2,96.05,74.1,118.0,Seberang SMAN 20 Bandung,Jalan Ciliwung,tertiary,-6.905359716630459,107.62293821725461,Sangat Dekat (<200m)
7715326202_7715326201_STOP576,1,118.0,118.0,118.0,Seberang SMAN 20 Bandung,,tertiary_link,-6.905495699999998,107.6231185,Sangat Dekat (<200m)
7715326208_10198287485_STOP665,1,119.7,119.7,119.7,Simpang Brantas Cihapit 1,Jalan Ciliwung,tertiary,-6.905910899999992,107.6250442,Sangat Dekat (<200m)
7715326208_6461589822_STOP665,1,119.7,119.7,119.7,Simpang Brantas Cihapit 1,Jalan Taman Cibeunying Utara,tertiary,-6.905910899999992,107.6250442,Sangat Dekat (<200m)
7715326213_12862489542_STOP172,3,69.89999999999999,48.7,99.3,Pet Park,Jalan Ciliwung,tertiary,-6.9054126863925225,107.6264088663134,Sangat Dekat (<200m)
7715326213_1855697067_STOP172,1,99.3,99.3,99.3,Pet Park,,tertiary_link,-6.9056413,107.6260201,Sangat Dekat (<200m)
7715326215_7715326208_STOP665,2,96.85,83.4,110.3,Simpang Brantas Cihapit 1,Jalan Ciliwung,tertiary,-6.905933664940589,107.62471576333081,Sangat Dekat (<200m)
7715327378_1849907125_STOP177,2,26.95,7.6,46.3,Supratman 1,Jalan Supratman,primary,-6.910017832075657,107.63211133014096,Sangat Dekat (<200m)
7715327378_1849907125_STOP513,1,33.6,33.6,33.6,Supratman Cikaso,Jalan Supratman,primary,-6.910585231817543,107.63248223391322,Sangat Dekat (<200m)
7715327378_1849907125_STOP633,1,32.1,32.1,32.1,Seberang SMP Negeri 22 Bandung,Jalan Supratman,primary,-6.911717299999991,107.6332282,Sangat Dekat (<200m)
7715327378_1849907125_STOP635,2,27.95,11.4,44.5,Sancta Angela Supratman,Jalan Supratman,primary,-6.911151535782652,107.63285480627879,Sangat Dekat (<200m)
7715397583_1855697067_STOP172,2,75.7,61.1,90.3,Pet Park,Jalan Ciliwung,tertiary,-6.905518155574126,107.62636851805965,Sangat Dekat (<200m)
7715425660_8390722310_STOP36,2,53.75,36.9,70.6,Simpang Samsat Kiaracondong,Jalan Soekarno-Hatta,secondary,-6.94514356090326,107.64318385055819,Sangat Dekat (<200m)
7715425660_8390722310_STOP366,4,53.349999999999994,6.8,105.5,Kantor Pos Sekejati,Jalan Soekarno-Hatta,secondary,-6.9426378870885195,107.65092625198449,Sangat Dekat (<200m)
7715425660_8390722310_STOP367,4,60.150000000000006,19.6,119.9,Universitas Islam Nusantara,Jalan Soekarno-Hatta,secondary,-6.944727320019986,107.64447477095483,Sangat Dekat (<200m)
7715425660_8390722310_STOP439,3,139.6,90.7,188.8,Unibi,Jalan Soekarno-Hatta,secondary,-6.94312309637307,107.64942019810387,Sangat Dekat (<200m)
7715425660_8390722310_STOP441,5,62.3,8.7,107.5,Cidurian 1,Jalan Soekarno-Hatta,secondary,-6.942022743067805,107.65286545947647,Sangat Dekat (<200m)
7715425660_8390722310_STOP457,3,58.26666666666667,9.3,107.8,Disnaker Jabar,Jalan Soekarno-Hatta,secondary,-6.944229113716347,107.6459766449433,Sangat Dekat (<200m)
7715425660_8390722310_STOP829,3,51.800000000000004,36.1,75.6,Cidurian 2,Jalan Soekarno-Hatta,secondary,-6.941482568995823,107.6545913010993,Sangat Dekat (<200m)
7715425660_8390722310_STOP830,5,87.96000000000001,22.1,179.8,Cijawura,Jalan Soekarno-Hatta,secondary,-6.943671205500318,107.64769677785887,Sangat Dekat (<200m)
7715425661_7715425660_STOP829,1,54.0,54.0,54.0,Cidurian 2,,trunk_link,-6.941241899999994,107.6551517,Sangat Dekat (<200m)
7715425661_8390722310_STOP201,1,56.7,56.7,56.7,STT Mandala,Jalan Soekarno-Hatta,trunk,-6.94499045651491,107.64353439798424,Sangat Dekat (<200m)
7715425661_8390722310_STOP36,2,40.6,39.0,42.2,Simpang Samsat Kiaracondong,Jalan Soekarno-Hatta,trunk,-6.945205593269698,107.64289123821072,Sangat Dekat (<200m)
7715425661_8390722310_STOP366,4,62.475,24.0,123.0,Kantor Pos Sekejati,Jalan Soekarno-Hatta,trunk,-6.942548403822071,107.651060083842,Sangat Dekat (<200m)
7715425661_8390722310_STOP367,4,69.8,16.7,137.5,Universitas Islam Nusantara,Jalan Soekarno-Hatta,trunk,-6.944631893559581,107.6446063286604,Sangat Dekat (<200m)
7715425661_8390722310_STOP439,3,121.66666666666667,72.8,170.9,Unibi,Jalan Soekarno-Hatta,trunk,-6.943029705246976,107.64955262346336,Sangat Dekat (<200m)
7715425661_8390722310_STOP441,4,52.1,14.8,90.7,Cidurian 1,Jalan Soekarno-Hatta,trunk,-6.94199895815157,107.65278308373848,Sangat Dekat (<200m)
7715425661_8390722310_STOP457,3,49.23333333333333,14.8,91.2,Disnaker Jabar,Jalan Soekarno-Hatta,trunk,-6.944131573477658,107.64610756239875,Sangat Dekat (<200m)
7715425661_8390722310_STOP829,4,60.125,23.9,105.2,Cidurian 2,Jalan Soekarno-Hatta,trunk,-6.9414486202413945,107.6545057933731,Sangat Dekat (<200m)
7715425661_8390722310_STOP830,5,99.78,11.0,197.2,Cijawura,Jalan Soekarno-Hatta,trunk,-6.943579759254357,107.64782980545674,Sangat Dekat (<200m)
7715425662_7715425660_STOP215,2,82.9,59.7,106.1,SMKN 9 Bandung,Jalan Soekarno-Hatta,secondary,-6.940934471978233,107.65632409328134,Sangat Dekat (<200m)
7715425662_7715425660_STOP365,1,15.2,15.2,15.2,BPN Kanwil Jabar,Jalan Soekarno-Hatta,secondary,-6.940725600000001,107.6569693,Sangat Dekat (<200m)
7715425662_7715425660_STOP829,2,88.6,65.1,112.1,Cidurian 2,Jalan Soekarno-Hatta,secondary,-6.941208437399979,107.6554623562186,Sangat Dekat (<200m)
7715425662_7715425663_STOP365,1,15.2,15.2,15.2,BPN Kanwil Jabar,,trunk_link,-6.940725600000001,107.6569693,Sangat Dekat (<200m)
7715425663_7715425661_STOP215,3,78.16666666666667,32.4,125.5,SMKN 9 Bandung,Jalan Soekarno-Hatta,trunk,-6.940863973598625,107.65633481994524,Sangat Dekat (<200m)
7715425663_7715425661_STOP829,1,89.3,89.3,89.3,Cidurian 2,Jalan Soekarno-Hatta,trunk,-6.941139120201258,107.65547345906693,Sangat Dekat (<200m)
7724450410_1849528744_STOP724,1,113.2,113.2,113.2,Baltos,Jalan Sawunggaling,tertiary,-6.900453799999995,107.6094627,Sangat Dekat (<200m)
7724450410_1849528769_STOP724,3,153.70000000000002,113.2,196.0,Baltos,Jalan Sawunggaling,tertiary,-6.900885250489125,107.60959696557127,Sangat Dekat (<200m)
7850209633_5392237806_STOP219,1,94.8,94.8,94.8,Flyover Antapani,Jalan H. Ibrahim Adjie,primary,-6.913395,107.6436341,Sangat Dekat (<200m)
7850209633_6637693198_STOP219,1,94.8,94.8,94.8,Flyover Antapani,,primary_link,-6.913395,107.6436341,Sangat Dekat (<200m)
7856163870_1013421522_STOP239,3,42.96666666666667,24.8,77.0,Bandros Alun-alun,Jalan Dalem Kaum,secondary,-6.92246784998051,107.60696993409779,Sangat Dekat (<200m)
7856163871_7856163870_STOP239,1,89.3,89.3,89.3,Bandros Alun-alun,"['Jalan Dewi Sartika', 'Jalan Dalem Kaum']",secondary,-6.922451178782102,107.60640938158834,Sangat Dekat (<200m)
7856163871_7856163870_STOP318,1,106.8,106.8,106.8,Grand Yogya Kepatihan,"['Jalan Dewi Sartika', 'Jalan Dalem Kaum']",secondary,-6.922899900000006,107.6063668,Sangat Dekat (<200m)
7856163871_7856163872_STOP318,1,106.8,106.8,106.8,Grand Yogya Kepatihan,,secondary_link,-6.922899900000006,107.6063668,Sangat Dekat (<200m)
7856163872_7856163870_STOP239,1,94.6,94.6,94.6,Bandros Alun-alun,Jalan Dewi Sartika,tertiary,-6.922447888836678,107.60636167236312,Sangat Dekat (<200m)
7856163872_7856163870_STOP318,1,106.3,106.3,106.3,Grand Yogya Kepatihan,Jalan Dewi Sartika,tertiary,-6.922896999999994,107.6063195,Sangat Dekat (<200m)
7856163872_7856163871_STOP318,1,106.3,106.3,106.3,Grand Yogya Kepatihan,,secondary_link,-6.922896999999994,107.6063195,Sangat Dekat (<200m)
7857882999_5358055836_STOP103,1,165.5,165.5,165.5,Unisba,Jalan Harian Banga,tertiary,-6.903175999999997,107.6085563,Sangat Dekat (<200m)
7857882999_7857883000_STOP103,1,165.5,165.5,165.5,Unisba,,tertiary_link,-6.903175999999997,107.6085563,Sangat Dekat (<200m)
7857883000_1849528731_STOP103,4,225.25,161.3,294.3,Unisba,Jalan Tamansari,secondary,-6.902558070849177,107.60818749839626,Dekat (200-400m)
7857883000_1849528731_STOP724,3,228.23333333333332,178.1,278.4,Baltos,Jalan Tamansari,secondary,-6.901177056568653,107.60869441780194,Dekat (200-400m)
7983673000_12809082542_STOP327,1,75.7,75.7,75.7,Cibarengkok,Jalan Sederhana,primary,-6.896680399999993,107.5974629,Sangat Dekat (<200m)
7983673000_29379232_STOP327,2,76.05000000000001,75.7,76.4,Cibarengkok,Jalan Sederhana,secondary,-6.89652141134851,107.59762344125298,Sangat Dekat (<200m)
7983673000_5639376089_STOP327,1,75.7,75.7,75.7,Cibarengkok,Jalan Pasir Kaliki,primary,-6.896680399999993,107.5974629,Sangat Dekat (<200m)
7983673000_5639376089_STOP550,3,47.06666666666666,22.8,83.5,SPBU Paskal,Jalan Pasir Kaliki,primary,-6.897553797760897,107.59736798050425,Sangat Dekat (<200m)
7983673000_5639376089_STOP80,1,16.6,16.6,16.6,Garunggang Kulon,Jalan Pasir Kaliki,primary,-6.898908743558764,107.59740555425732,Sangat Dekat (<200m)
7983673000_5639376089_STOP85,1,24.8,24.8,24.8,Paskal RSHS,Jalan Pasir Kaliki,primary,-6.8984571357417765,107.59739120358768,Sangat Dekat (<200m)
7990471529_2250555721_STOP307,1,18.9,18.9,18.9,Toko Mas ABC,Jalan Otto Iskandardinata,primary,-6.923186700000007,107.6039303,Sangat Dekat (<200m)
7990471529_2250555721_STOP815,1,60.6,60.6,60.6,Simpang Kalipah Apo,Jalan Otto Iskandardinata,primary,-6.923637387968569,107.60389808296786,Sangat Dekat (<200m)
8123220088_2520649249_STOP44,1,136.9,136.9,136.9,Simpang Supratman - Ahmad Yani,Jalan Sukabumi,primary,-6.914339400000004,107.634859,Sangat Dekat (<200m)
8123220088_8123220089_STOP44,1,136.9,136.9,136.9,Simpang Supratman - Ahmad Yani,Jalan Jakarta,primary,-6.914339400000004,107.634859,Sangat Dekat (<200m)
8123220089_8123220090_STOP44,2,103.4,85.1,121.7,Simpang Supratman - Ahmad Yani,Jalan Jakarta,primary,-6.914003404395516,107.63456421506018,Sangat Dekat (<200m)
8123220090_6609222558_STOP44,1,72.9,72.9,72.9,Simpang Supratman - Ahmad Yani,Jalan Jenderal Ahmad Yani,primary,-6.913543099999995,107.634283,Sangat Dekat (<200m)
8123220090_6609222558_STOP634,2,26.9,6.9,46.9,Seberang Jalan Bengawan,Jalan Jenderal Ahmad Yani,primary,-6.913849622713844,107.63367813587016,Sangat Dekat (<200m)
8123220091_10154700107_STOP187,1,66.3,66.3,66.3,SPBU Ahmad Yani,Jalan Supratman,primary,-6.913446899999992,107.6342542,Sangat Dekat (<200m)
8123220091_2520649220_STOP187,1,66.3,66.3,66.3,SPBU Ahmad Yani,Jalan Jenderal Ahmad Yani,primary,-6.913446899999992,107.6342542,Sangat Dekat (<200m)
8123220109_1849960732_STOP251,3,89.76666666666667,39.8,139.9,Simpang Cikaso - Bogor,Jalan Jenderal Ahmad Yani,primary,-6.91227947335792,107.63653972170097,Sangat Dekat (<200m)
8123220109_1849960732_STOP44,4,59.75,19.0,116.6,Simpang Supratman - Ahmad Yani,Jalan Jenderal Ahmad Yani,primary,-6.913026883414183,107.63514521482028,Sangat Dekat (<200m)
8123304854_3272242233_STOP36,1,118.0,118.0,118.0,Simpang Samsat Kiaracondong,Jalan Terusan Kiara Condong,primary,-6.945552700000005,107.6419126,Sangat Dekat (<200m)
8123304854_8123304860_STOP36,1,118.0,118.0,118.0,Simpang Samsat Kiaracondong,Jalan Soekarno-Hatta,trunk,-6.945552700000005,107.6419126,Sangat Dekat (<200m)
8123304860_5447158320_STOP20,1,113.8,113.8,113.8,Simpang Soetta Kiaracondong,Jalan Soekarno-Hatta,trunk,-6.945584099999997,107.64182080000002,Sangat Dekat (<200m)
8123304860_8123304864_STOP20,1,113.8,113.8,113.8,Simpang Soetta Kiaracondong,Jalan Letnan Jenderal Ibrahim Adjie,primary,-6.945584099999997,107.64182080000002,Sangat Dekat (<200m)
8123304864_5447158318_STOP36,1,116.0,116.0,116.0,Simpang Samsat Kiaracondong,Jalan Soekarno-Hatta,trunk,-6.945387499999991,107.641837,Sangat Dekat (<200m)
8123304864_8123313718_STOP36,1,116.0,116.0,116.0,Simpang Samsat Kiaracondong,Jalan H. Ibrahim Adjie,primary,-6.945387499999991,107.641837,Sangat Dekat (<200m)
8123304864_8123313718_STOP443,1,70.0,70.0,70.0,Jalan H. Basuki,Jalan H. Ibrahim Adjie,primary,-6.944936051190052,107.64185532647116,Sangat Dekat (<200m)
8123304870_2614138808_STOP229,1,83.8,83.8,83.8,Taman Buah Batu,Jalan Soekarno-Hatta,trunk,-6.947955099999994,107.6333973,Sangat Dekat (<200m)
8123304870_8123304884_STOP229,1,83.8,83.8,83.8,Taman Buah Batu,Jalan Buah Batu,primary,-6.947955099999994,107.6333973,Sangat Dekat (<200m)
8123304882_2614138804_STOP229,2,33.9,19.3,48.5,Taman Buah Batu,,trunk_link,-6.948317229643766,107.6341702325649,Sangat Dekat (<200m)
8123304882_2614138804_STOP460,1,52.2,52.2,52.2,Simpang Buah Batu Soekarno Hatta 1,,trunk_link,-6.9477553000000025,107.6345119,Sangat Dekat (<200m)
8123304882_8123304883_STOP229,1,63.1,63.1,63.1,Taman Buah Batu,Jalan Soekarno-Hatta,trunk,-6.947896273862851,107.63408230780378,Sangat Dekat (<200m)
8123304882_8123304883_STOP460,1,52.2,52.2,52.2,Simpang Buah Batu Soekarno Hatta 1,Jalan Soekarno-Hatta,trunk,-6.9477553000000025,107.6345119,Sangat Dekat (<200m)
8123304883_2614138794_STOP229,1,54.6,54.6,54.6,Taman Buah Batu,,trunk_link,-6.947989699999995,107.633797,Sangat Dekat (<200m)
8123304883_8123304884_STOP229,1,54.6,54.6,54.6,Taman Buah Batu,Jalan Soekarno-Hatta,trunk,-6.947989699999995,107.633797,Sangat Dekat (<200m)
8123304884_2614138794_STOP229,1,64.1,64.1,64.1,Taman Buah Batu,Jalan Buah Batu,primary,-6.948076800000006,107.6335261,Sangat Dekat (<200m)
8123304884_3272653270_STOP229,1,64.1,64.1,64.1,Taman Buah Batu,Jalan Soekarno-Hatta,trunk,-6.948076800000006,107.6335261,Sangat Dekat (<200m)
8123304890_2614138810_STOP229,1,90.4,90.4,90.4,Taman Buah Batu,Jalan Buah Batu,primary,-6.947988799999999,107.6332967,Sangat Dekat (<200m)
8123304890_8123304870_STOP229,1,90.4,90.4,90.4,Taman Buah Batu,Jalan Soekarno-Hatta,trunk,-6.947988799999999,107.6332967,Sangat Dekat (<200m)
8123304891_5444644826_STOP321,1,34.5,34.5,34.5,Bangunan Mart B,Jalan Soekarno-Hatta,trunk,-6.949460498949831,107.62783061844917,Sangat Dekat (<200m)
8123304891_5444644826_STOP333,5,62.760000000000005,10.9,110.3,Medal Sekarwangi,Jalan Soekarno-Hatta,trunk,-6.948463688576227,107.63223072750641,Sangat Dekat (<200m)
8123304891_5444644826_STOP334,2,40.95,16.5,65.4,Bangunan Mart A,Jalan Soekarno-Hatta,trunk,-6.9493728386309,107.62850309375554,Sangat Dekat (<200m)
8123304891_5444644826_STOP595,3,42.6,20.1,59.1,Timur Simpang Batununggal,Jalan Soekarno-Hatta,trunk,-6.949527222531656,107.62692884916082,Sangat Dekat (<200m)
8123304891_5444644826_STOP596,5,63.64,14.5,114.4,STFI,Jalan Soekarno-Hatta,trunk,-6.949074918980424,107.63005629979611,Sangat Dekat (<200m)
8123313717_8123304864_STOP20,1,75.8,75.8,75.8,Simpang Soetta Kiaracondong,Jalan Soekarno-Hatta,trunk,-6.945523999999994,107.6413988,Sangat Dekat (<200m)
8123313717_8123304864_STOP36,1,116.8,116.8,116.8,Simpang Samsat Kiaracondong,Jalan Soekarno-Hatta,trunk,-6.94538979903443,107.64183026223692,Sangat Dekat (<200m)
8123313717_8123313718_STOP20,1,75.8,75.8,75.8,Simpang Soetta Kiaracondong,,trunk_link,-6.945523999999994,107.6413988,Sangat Dekat (<200m)
8123313717_8123313718_STOP443,1,104.3,104.3,104.3,Jalan H. Basuki,,trunk_link,-6.945241091648114,107.64174553042405,Sangat Dekat (<200m)
8123313718_5397822748_STOP152,2,55.300000000000004,32.2,78.4,SPBU Ibrahim Adjie,Jalan H. Ibrahim Adjie,primary,-6.943345670414322,107.64195714113734,Sangat Dekat (<200m)
8123313718_5397822748_STOP443,3,40.56666666666667,19.6,68.7,Jalan H. Basuki,Jalan H. Ibrahim Adjie,primary,-6.944472900697782,107.64188467107232,Sangat Dekat (<200m)
8123313718_5397822748_STOP444,2,37.5,13.0,62.0,Borma Kiaracondong,Jalan H. Ibrahim Adjie,primary,-6.9424438777935435,107.64201501110318,Sangat Dekat (<200m)
8123313737_9462969629_STOP200,1,12.9,12.9,12.9,SMK Medikacom,Jalan Soekarno-Hatta,trunk,-6.943900838546522,107.6464307943012,Sangat Dekat (<200m)
8123313737_9462969629_STOP201,2,36.4,14.2,58.6,STT Mandala,Jalan Soekarno-Hatta,trunk,-6.944807940097329,107.64363550308904,Sangat Dekat (<200m)
8123313737_9462969629_STOP36,2,28.9,25.2,32.6,Simpang Samsat Kiaracondong,Jalan Soekarno-Hatta,trunk,-6.9450749800087035,107.64277282103478,Sangat Dekat (<200m)
8123313737_9462969629_STOP367,3,83.8,37.6,131.3,Universitas Islam Nusantara,Jalan Soekarno-Hatta,trunk,-6.944454983457345,107.64470929481114,Sangat Dekat (<200m)
8123313737_9462969629_STOP457,2,78.0,54.2,101.8,Disnaker Jabar,Jalan Soekarno-Hatta,trunk,-6.944107981301877,107.64578501539452,Sangat Dekat (<200m)
8123313737_9462969629_STOP830,1,26.7,26.7,26.7,Cijawura,Jalan Soekarno-Hatta,trunk,-6.943762355919832,107.64686118892976,Sangat Dekat (<200m)
8123313737_9462969630_STOP200,1,9.2,9.2,9.2,SMK Medikacom,Jalan Soekarno-Hatta,secondary,-6.943849114656775,107.64641520344809,Sangat Dekat (<200m)
8123313737_9462969630_STOP201,2,33.15,8.9,57.4,STT Mandala,Jalan Soekarno-Hatta,secondary,-6.944748370605872,107.64361737897185,Sangat Dekat (<200m)
8123313737_9462969630_STOP36,2,27.3,22.0,32.6,Simpang Samsat Kiaracondong,Jalan Soekarno-Hatta,secondary,-6.94504746514767,107.64276455813604,Sangat Dekat (<200m)
8123313737_9462969630_STOP367,3,86.60000000000001,42.3,132.8,Universitas Islam Nusantara,Jalan Soekarno-Hatta,secondary,-6.944400880308939,107.64469294696143,Sangat Dekat (<200m)
8123313737_9462969630_STOP457,2,80.25,57.2,103.3,Disnaker Jabar,Jalan Soekarno-Hatta,secondary,-6.944054532325408,107.64576888779621,Sangat Dekat (<200m)
8123313737_9462969630_STOP830,1,31.2,31.2,31.2,Cijawura,Jalan Soekarno-Hatta,secondary,-6.943718793407868,107.64684812794796,Sangat Dekat (<200m)
8390722310_8390730124_STOP36,1,46.4,46.4,46.4,Simpang Samsat Kiaracondong,Jalan Soekarno-Hatta,trunk,-6.945309100000003,107.6425818,Sangat Dekat (<200m)
8390730117_8123313737_STOP36,1,61.4,61.4,61.4,Simpang Samsat Kiaracondong,Jalan Soekarno-Hatta,trunk,-6.945211900000006,107.6422973,Sangat Dekat (<200m)
8390730122_5447158318_STOP443,1,69.8,69.8,69.8,Jalan H. Basuki,Jalan H. Ibrahim Adjie,primary,-6.9449224999999934,107.6419467,Sangat Dekat (<200m)
8390730122_8390730117_STOP36,1,64.3,64.3,64.3,Simpang Samsat Kiaracondong,,trunk_link,-6.945204392618252,107.6422637723927,Sangat Dekat (<200m)
8390730122_8390730117_STOP443,1,69.8,69.8,69.8,Jalan H. Basuki,,trunk_link,-6.9449224999999934,107.6419467,Sangat Dekat (<200m)
8390730124_3272242233_STOP36,2,94.65,70.2,119.1,Simpang Samsat Kiaracondong,,trunk_link,-6.945525868239066,107.64216153853467,Sangat Dekat (<200m)
8390730124_8123304854_STOP36,2,93.80000000000001,70.2,117.4,Simpang Samsat Kiaracondong,Jalan Soekarno-Hatta,trunk,-6.945474563328965,107.64213033183086,Sangat Dekat (<200m)
8408170536_5479194191_STOP821,2,266.45,242.2,290.7,Gerbang Merah GBLA 1,,tertiary,-6.959136647537503,107.716110457417,Dekat (200-400m)
8418013666_13551225788_STOP253,2,123.25,99.5,147.0,Simpang Laswi Gatot Subroto 1,Jalan Laswi,primary,-6.922812554785342,107.62902254556869,Sangat Dekat (<200m)
8418013666_13551225788_STOP46,3,111.46666666666665,62.5,160.8,Bandung Creative Hub B,Jalan Laswi,primary,-6.919462511073438,107.63115485844601,Sangat Dekat (<200m)
8418013666_13551225788_STOP727,7,88.65714285714286,14.9,173.3,Samoja-Laswi,Jalan Laswi,primary,-6.92155015716915,107.63044257536978,Sangat Dekat (<200m)
8456621393_6615877057_STOP240,7,106.15714285714286,26.5,228.5,Simpang Gedebage,Jalan Soekarno-Hatta,trunk,-6.937222402061562,107.6908542488912,Sangat Dekat (<200m)
8456621393_6615877058_STOP240,6,84.78333333333333,24.0,178.0,Simpang Gedebage,Soekarno Hatta Frontage Boulevard,secondary,-6.937258043575841,107.69108269591042,Sangat Dekat (<200m)
8456621395_3272728568_STOP403,1,95.3,95.3,95.3,Simpang Gedebage Selatan,Jalan Soekarno-Hatta,secondary,-6.936941600000001,107.6927341,Sangat Dekat (<200m)
8456621395_9340090484_STOP403,5,159.04000000000002,95.3,239.3,Simpang Gedebage Selatan,Jalan Soekarno-Hatta,trunk,-6.936887212782904,107.69363659515143,Sangat Dekat (<200m)
8456621396_11549683569_STOP240,1,80.6,80.6,80.6,Simpang Gedebage,Jalan Soekarno-Hatta,trunk,-6.936965399999998,107.6922068,Sangat Dekat (<200m)
8456621396_6382216824_STOP240,1,80.6,80.6,80.6,Simpang Gedebage,,primary_link,-6.936965399999998,107.6922068,Sangat Dekat (<200m)
8456621396_6382216824_STOP403,1,123.9,123.9,123.9,Simpang Gedebage Selatan,,primary_link,-6.936679008376413,107.69254696962508,Sangat Dekat (<200m)
8499551926_3115041391_STOP463,3,65.13333333333333,16.3,114.6,Ampera Soekarno Hatta,Jalan Soekarno-Hatta,trunk,-6.9480256833172644,107.6045304646734,Sangat Dekat (<200m)
8499551926_3115041391_STOP464,1,36.2,36.2,36.2,Seberang Ampera Soekarno Hatta,Jalan Soekarno-Hatta,trunk,-6.948104099999993,107.6054314,Sangat Dekat (<200m)
8499551926_3115041391_STOP465,3,52.23333333333333,19.3,93.0,Inhoftank,Jalan Soekarno-Hatta,trunk,-6.947928302209249,107.60317754812434,Sangat Dekat (<200m)
8499551926_8499551927_STOP464,1,36.2,36.2,36.2,Seberang Ampera Soekarno Hatta,,trunk_link,-6.948104099999993,107.6054314,Sangat Dekat (<200m)
8499551927_3272371131_STOP185,2,48.65,26.3,71.0,Simpang By Pass Soekarno Hatta B,Jalan Soekarno-Hatta,trunk,-6.948201011412372,107.60837142306303,Sangat Dekat (<200m)
8499551927_3272371131_STOP462,2,26.299999999999997,11.3,41.3,Karasak Utara,Jalan Soekarno-Hatta,trunk,-6.94808167827615,107.60656667128404,Sangat Dekat (<200m)
8499551927_3272371131_STOP464,2,58.2,33.1,83.3,Seberang Ampera Soekarno Hatta,Jalan Soekarno-Hatta,trunk,-6.948022016700002,107.60566429424192,Sangat Dekat (<200m)
8499551927_3272371131_STOP816,2,29.7,7.5,51.9,SPBU Karasak Utara,Jalan Soekarno-Hatta,trunk,-6.948141301080133,107.60746905031992,Sangat Dekat (<200m)
8499551927_8499551926_STOP464,1,33.1,33.1,33.1,Seberang Ampera Soekarno Hatta,,trunk_link,-6.9480070999999946,107.6054387,Sangat Dekat (<200m)
8582835480_11138593390_STOP812,3,111.5,61.7,161.5,Pajajaran Sadewa,Jalan Pajajaran,trunk,-6.907071060993373,107.5906746380141,Sangat Dekat (<200m)
8582835480_11138593390_STOP84,5,86.68,27.3,176.3,Husein Pajajaran,Jalan Pajajaran,trunk,-6.9069139961277815,107.58887576052462,Sangat Dekat (<200m)
8582835480_5369274905_STOP812,3,38.333333333333336,13.0,61.7,Pajajaran Sadewa,Jalan Pajajaran,trunk,-6.907110616593268,107.59157356515908,Sangat Dekat (<200m)
8841514869_3115157722_STOP122,1,396.9,396.9,396.9,STIE Inaba,Jalan Bantununggal Asih Lll,tertiary,-6.952978200000005,107.6224706,Dekat (200-400m)
8913742090_29427236_STOP723,2,45.8,40.6,51.0,Mahawarman,Jalan Aria Jipang,tertiary,-6.899287164885782,107.61646238461039,Sangat Dekat (<200m)
8913742090_5360090966_STOP723,2,33.7,26.8,40.6,Mahawarman,Jalan Surapati,trunk,-6.89915198666116,107.61643311913235,Sangat Dekat (<200m)
8979178865_11181448973_STOP706,1,60.5,60.5,60.5,Seberang Dinas Ketenagakerjaan Kota Bandung,Jalan R.A.A. Martanegara,secondary,-6.932727300000005,107.6259726,Sangat Dekat (<200m)
8979178865_11181448979_STOP706,1,60.5,60.5,60.5,Seberang Dinas Ketenagakerjaan Kota Bandung,,primary_link,-6.932727300000005,107.6259726,Sangat Dekat (<200m)
8979186743_11181448974_STOP746,1,92.2,92.2,92.2,Banteng Dalam - Lodaya 1,Jalan Lodaya,tertiary,-6.932242499999996,107.6254228,Sangat Dekat (<200m)
8979186743_3272589082_STOP706,1,116.2,116.2,116.2,Seberang Dinas Ketenagakerjaan Kota Bandung,,primary_link,-6.932040158834737,107.62578773147057,Sangat Dekat (<200m)
8979186743_3272589082_STOP746,1,92.2,92.2,92.2,Banteng Dalam - Lodaya 1,,primary_link,-6.932242499999996,107.6254228,Sangat Dekat (<200m)
9152581660_10043935232_STOP121,4,381.1,306.6,455.7,Leuwipanjang Soekarno Hatta,Jalan Soekarno-Hatta,trunk,-6.947594864293997,107.59677230595558,Dekat (200-400m)
9152581660_10043935232_STOP198,2,454.15,429.5,478.8,Karasak Lama,Jalan Soekarno-Hatta,trunk,-6.947644343445424,107.59812380540379,Sedang (400-800m)
9152581660_5348638990_STOP108,7,127.05714285714285,84.3,175.6,Puskesmas Kopo,"['Jalan Soekarno-Hatta', 'Jalan Layang Kopo']",trunk,-6.945639030181078,107.58959003398834,Sangat Dekat (<200m)
9152581660_5348638990_STOP121,10,231.19,20.9,453.5,Leuwipanjang Soekarno Hatta,"['Jalan Soekarno-Hatta', 'Jalan Layang Kopo']",trunk,-6.947335084118509,107.59542685009751,Dekat (200-400m)
9152581660_5348638990_STOP198,2,454.7,429.5,479.9,Karasak Lama,"['Jalan Soekarno-Hatta', 'Jalan Layang Kopo']",trunk,-6.94760389550805,107.59812215783757,Sedang (400-800m)
9152581660_5348638990_STOP384,5,115.6,23.1,212.8,Simpang Caringin,"['Jalan Soekarno-Hatta', 'Jalan Layang Kopo']",trunk,-6.944005321003272,107.58586766251344,Sangat Dekat (<200m)
9152581660_5348638990_STOP385,5,104.46,11.3,203.0,Seberang Terminal Leuwipanjang,"['Jalan Soekarno-Hatta', 'Jalan Layang Kopo']",trunk,-6.9466019532768915,107.59212385867822,Sangat Dekat (<200m)
9152581660_5348638990_STOP396,3,227.46666666666667,200.7,256.8,Barat Simpang Kopo Caringin,"['Jalan Soekarno-Hatta', 'Jalan Layang Kopo']",trunk,-6.944777773505258,107.58749991336369,Dekat (200-400m)
9167350227_2604179154_STOP282,2,36.1,15.7,56.5,Sudirman 3,Jalan Jendral Sudirman,trunk,-6.911691581032665,107.56984153516028,Sangat Dekat (<200m)
9167350227_2604179154_STOP376,2,25.6,24.4,26.8,Batas Kota,Jalan Jendral Sudirman,trunk,-6.910916522521621,107.5693817405548,Sangat Dekat (<200m)
9167350228_9167350227_STOP282,1,55.8,55.8,55.8,Sudirman 3,,trunk_link,-6.911936499999996,107.5698951,Sangat Dekat (<200m)
9167367930_5495700165_STOP281,1,209.5,209.5,209.5,Optik Krida,Jalan Jendral Sudirman,trunk,-6.913893899999999,107.57116340000002,Dekat (200-400m)
9167367930_5648631891_STOP281,1,209.5,209.5,209.5,Optik Krida,,trunk_link,-6.913893899999999,107.57116340000002,Dekat (200-400m)
9198770125_8390730122_STOP152,2,47.35,22.5,72.2,SPBU Ibrahim Adjie,Jalan H. Ibrahim Adjie,primary,-6.943315393895381,107.64207318193732,Sangat Dekat (<200m)
9198770125_8390730122_STOP443,3,44.13333333333333,24.1,66.5,Jalan H. Basuki,Jalan H. Ibrahim Adjie,primary,-6.944441774868906,107.64198917692175,Sangat Dekat (<200m)
9198770125_8390730122_STOP444,2,46.849999999999994,24.9,68.8,Borma Kiaracondong,Jalan H. Ibrahim Adjie,primary,-6.942414039538821,107.64213752704616,Sangat Dekat (<200m)
9253047317_3115041391_STOP198,11,268.3,124.0,463.0,Karasak Lama,"['Jalan Karasak Barat', 'Jalan Mekar Wangi', 'Jalan Mekar Puspita']",tertiary,-6.949297150650807,107.60036548065459,Dekat (200-400m)
9253047317_3115041391_STOP465,4,89.175,29.6,144.9,Inhoftank,"['Jalan Karasak Barat', 'Jalan Mekar Wangi', 'Jalan Mekar Puspita']",tertiary,-6.948524594129296,107.60279303572551,Sangat Dekat (<200m)
9253047317_5487650882_STOP198,3,497.93333333333334,463.0,534.0,Karasak Lama,Jalan Mekar Puspita,tertiary,-6.950656773209588,107.59864501817731,Sedang (400-800m)
9327097034_3272725789_STOP240,6,113.88333333333334,38.7,223.4,Simpang Gedebage,Soekarno Hatta Frontage Boulevard,secondary,-6.937045334679336,107.69067902363322,Sangat Dekat (<200m)
9336983410_29358934_STOP628,2,25.900000000000002,7.2,44.6,Taman Gaya Karangsari,Jalan Karangsari,tertiary,-6.881164147103238,107.5988999970304,Sangat Dekat (<200m)
9336983410_29358935_STOP628,2,29.5,7.2,51.8,Taman Gaya Karangsari,,tertiary_link,-6.880945206030541,107.5988196907025,Sangat Dekat (<200m)
9336983410_29379986_STOP628,3,56.76666666666667,7.2,106.7,Taman Gaya Karangsari,Jalan Karangsari,tertiary,-6.881030447770069,107.5982353403034,Sangat Dekat (<200m)
9340090484_6380244015_STOP358,5,133.94,38.9,232.2,Shakti,Jalan Soekarno-Hatta,trunk,-6.936729774325215,107.69590810906634,Sangat Dekat (<200m)
9340090484_6380244015_STOP403,1,241.0,241.0,241.0,Simpang Gedebage Selatan,Jalan Soekarno-Hatta,trunk,-6.936823300000006,107.694555,Dekat (200-400m)
9372965562_6616756437_STOP180,4,50.525,13.9,87.3,SMAN 13 Bandung A,Jalan Jend. H. Amir Machmud,trunk,-6.903432692510057,107.56486149610453,Sangat Dekat (<200m)
9372965562_6616756437_STOP602,2,87.55,62.5,112.6,Simpang Kebon Kopi,Jalan Jend. H. Amir Machmud,trunk,-6.904592355338183,107.565563856305,Sangat Dekat (<200m)
9379377310_35138415_STOP117,1,27.8,27.8,27.8,Ciwastra Pluto Raya,Jalan Pluto Raya,tertiary,-6.959486499999993,107.6614741,Sangat Dekat (<200m)
9379377310_9379377313_STOP117,1,27.8,27.8,27.8,Ciwastra Pluto Raya,Jalan Pluto Raya,tertiary,-6.959486499999993,107.6614741,Sangat Dekat (<200m)
9379377313_35137789_STOP117,16,441.98125,72.8,749.3,Ciwastra Pluto Raya,"['Jalan Saturnus Utara XV', 'Jalan Saturnus Tengah', 'Jalan Saturnus Selatan', 'Jalan Saturnus Utara XVII', 'Jalan Pluto Raya']",tertiary,-6.955876655018609,107.66245588258519,Sedang (400-800m)
9379377313_35137789_STOP540,13,649.0692307692308,564.2,749.8,Terminal Margahayu Raya,"['Jalan Saturnus Utara XV', 'Jalan Saturnus Tengah', 'Jalan Saturnus Selatan', 'Jalan Saturnus Utara XVII', 'Jalan Pluto Raya']",tertiary,-6.951576823710464,107.6653198303219,Sedang (400-800m)
9379377313_35138415_STOP117,1,72.8,72.8,72.8,Ciwastra Pluto Raya,Jalan Pluto Raya,tertiary,-6.959078900000002,107.66158160000002,Sangat Dekat (<200m)
9443702027_3272727748_STOP357,2,57.45,32.4,82.5,Cimincrang,Jalan Soekarno-Hatta,secondary,-6.936109319103355,107.70693344088102,Sangat Dekat (<200m)
9443702028_5458169147_STOP423,1,105.9,105.9,105.9,Universitas Bhakti Kencana,,trunk_link,-6.935773699999992,107.7090289,Sangat Dekat (<200m)
9443702028_7284403241_STOP423,5,65.08,16.2,105.9,Universitas Bhakti Kencana,Jalan Soekarno-Hatta,trunk,-6.935713517826099,107.7099311434539,Sangat Dekat (<200m)
9462969629_6615860878_STOP830,4,87.4,24.0,157.5,Cijawura,Jalan Soekarno-Hatta,trunk,-6.943504752124687,107.64765416335507,Sangat Dekat (<200m)
9462969629_9462969630_STOP830,1,24.0,24.0,24.0,Cijawura,,trunk_link,-6.943714699999997,107.6470093,Sangat Dekat (<200m)
9462969630_6615832573_STOP830,4,89.19999999999999,28.8,157.7,Cijawura,Jalan Soekarno-Hatta,secondary,-6.943465119141843,107.64763598653774,Sangat Dekat (<200m)
9462969630_9462969629_STOP830,1,28.8,28.8,28.8,Cijawura,,trunk_link,-6.943673900000006,107.6469908,Sangat Dekat (<200m)
9462999285_3245886198_STOP281,5,63.6,14.1,113.6,Optik Krida,Jalan Jendral Sudirman,trunk,-6.915429780968324,107.57201701298152,Sangat Dekat (<200m)
9462999285_9471344359_STOP281,1,88.5,88.5,88.5,Optik Krida,,trunk_link,-6.916133,107.5725721,Sangat Dekat (<200m)
9471344359_5344074239_STOP281,4,55.175000000000004,23.0,89.7,Optik Krida,Jalan Jendral Sudirman,trunk,-6.915546927772915,107.5722147459392,Sangat Dekat (<200m)
9471344359_9462999285_STOP281,1,89.7,89.7,89.7,Optik Krida,,trunk_link,-6.916058799999996,107.5726494,Sangat Dekat (<200m)
9503884773_12813271264_STOP117,14,433.5428571428571,206.6,721.3,Ciwastra Pluto Raya,Jalan Rancabolang,tertiary,-6.956126122257103,107.66047924610065,Sedang (400-800m)
9503884773_12813271264_STOP363,1,380.9,380.9,380.9,Rancabolang,Jalan Rancabolang,tertiary,-6.942735300000006,107.6636111,Dekat (200-400m)
9503884773_12813271264_STOP540,24,315.83750000000003,12.8,720.4,Terminal Margahayu Raya,Jalan Rancabolang,tertiary,-6.948061521445605,107.66243911866063,Dekat (200-400m)
9503884773_1856651006_STOP363,1,380.9,380.9,380.9,Rancabolang,Jalan Rancabolang,tertiary,-6.942735300000006,107.6636111,Dekat (200-400m)
9503884773_9503919892_STOP363,1,380.9,380.9,380.9,Rancabolang,,tertiary,-6.942735300000006,107.6636111,Dekat (200-400m)
9503919891_1856651006_STOP363,1,351.4,351.4,351.4,Rancabolang,,tertiary,-6.9424834,107.663266,Dekat (200-400m)
9503919891_9503919892_STOP363,1,351.4,351.4,351.4,Rancabolang,,tertiary_link,-6.9424834,107.663266,Dekat (200-400m)
9503919892_6609908292_STOP363,2,349.3,341.6,357.0,Rancabolang,,tertiary,-6.9424443390841315,107.66303282489051,Dekat (200-400m)
9503919892_9503919891_STOP363,1,357.0,357.0,357.0,Rancabolang,,tertiary_link,-6.942532600000003,107.6632387,Dekat (200-400m)
9532363495_29380518_STOP338,2,26.55,24.1,29.0,Holis 2,Jalan Holis,tertiary,-6.924840541452186,107.57492427539455,Sangat Dekat (<200m)
9532363495_29380518_STOP381,5,154.62,62.9,252.1,Holis 1,Jalan Holis,tertiary,-6.926380480600557,107.57458854640447,Sangat Dekat (<200m)
9532363495_29380518_STOP802,1,225.7,225.7,225.7,Holis 266,Jalan Holis,tertiary,-6.927651087209802,107.57412692865256,Dekat (200-400m)
9532363495_9532363497_STOP338,1,29.0,29.0,29.0,Holis 2,Jalan Holis,tertiary,-6.924617400000007,107.5749567,Sangat Dekat (<200m)
9532363497_11711275766_STOP280,6,345.1666666666667,313.4,396.1,Kemenag Kanwil Jabar,Jalan Soekarno-Hatta,trunk,-6.918783117165318,107.5743176095989,Dekat (200-400m)
9532363497_11711275766_STOP338,1,54.9,54.9,54.9,Holis 2,Jalan Soekarno-Hatta,trunk,-6.924381800000009,107.5750151,Sangat Dekat (<200m)
9532363497_11711275766_STOP398,9,178.86666666666667,25.6,371.5,Simpang Holis Soekarno Hatta,Jalan Soekarno-Hatta,trunk,-6.922147124595588,107.57468567400335,Sangat Dekat (<200m)
9532363497_9532363495_STOP338,1,54.9,54.9,54.9,Holis 2,Jalan Holis,tertiary,-6.924381800000009,107.5750151,Sangat Dekat (<200m)
9544624433_5867096768_STOP357,9,151.75555555555556,36.0,325.8,Cimincrang,Jalan Soekarno-Hatta,trunk,-6.936030534758586,107.7053026840591,Sangat Dekat (<200m)
9544624434_5458169147_STOP357,11,162.20000000000002,36.0,350.2,Cimincrang,Jalan Soekarno-Hatta,secondary,-6.935945998135183,107.70553533180106,Sangat Dekat (<200m)
9544624434_5458169147_STOP423,2,167.15,142.0,192.3,Universitas Bhakti Kencana,Jalan Soekarno-Hatta,secondary,-6.935738743089812,107.70846679527713,Sangat Dekat (<200m)
9544624434_9544624433_STOP357,1,350.2,350.2,350.2,Cimincrang,,trunk_link,-6.936118100000005,107.7032813,Dekat (200-400m)
9544806498_7284403246_STOP357,1,475.5,475.5,475.5,Cimincrang,Jalan Soekarno-Hatta,trunk,-6.936392499999996,107.7021585,Sedang (400-800m)
9544806498_7284403246_STOP535,4,415.625,340.3,491.0,Depan Pasar Gedebage,Jalan Soekarno-Hatta,trunk,-6.936471714389691,107.7010309597613,Sedang (400-800m)
9544806499_7284403247_STOP357,2,480.45000000000005,455.3,505.6,Cimincrang,Jalan Soekarno-Hatta,secondary,-6.936463149928047,107.70211835030219,Sedang (400-800m)
9544806499_7284403247_STOP535,3,411.1333333333334,361.0,461.3,Depan Pasar Gedebage,Jalan Soekarno-Hatta,secondary,-6.9365457379902535,107.70099105244545,Sedang (400-800m)
9544806499_9544806498_STOP357,1,455.3,455.3,455.3,Cimincrang,,trunk_link,-6.936446499999992,107.7023438,Sedang (400-800m)
9544806503_3272727747_STOP357,1,22.7,22.7,22.7,Cimincrang,,secondary_link,-6.936104999999995,107.7062448,Sangat Dekat (<200m)
9544806503_9544806498_STOP357,10,246.53000000000003,22.7,472.5,Cimincrang,Jalan Soekarno-Hatta,trunk,-6.936248703952684,107.70421531419208,Dekat (200-400m)
9584171464_10995250561_STOP647,2,523.35,500.5,546.2,Taman Sumringah,Jalan Gedebage Raya,secondary,-6.952413657594635,107.69022708387843,Sedang (400-800m)
9584171464_7216077577_STOP647,2,504.85,500.5,509.2,Taman Sumringah,Bundaran Bulevar Barat,secondary,-6.952390269390649,107.6904519150549,Sedang (400-800m)
9626125965_12813271261_STOP5,8,186.9875,30.4,358.5,Terminal Angkot Buah Batu-GBA,Jalan Marga Cinta,primary,-6.954439780782089,107.64193405098601,Sangat Dekat (<200m)
9626125965_5447158309_STOP5,1,30.4,30.4,30.4,Terminal Angkot Buah Batu-GBA,Jalan Marga Cinta,primary,-6.954146500000004,107.6403797,Sangat Dekat (<200m)
9642166986_13257407280_STOP773,1,64.0,64.0,64.0,Stasiun Andir 1,,secondary,-6.908216300000003,107.5788862,Sangat Dekat (<200m)
9642166986_3445557996_STOP773,1,64.0,64.0,64.0,Stasiun Andir 1,Jalan Garuda,secondary,-6.908216300000003,107.5788862,Sangat Dekat (<200m)
9713565227_29489276_STOP385,2,608.9,584.8,633.0,Seberang Terminal Leuwipanjang,Jalan Raya Cibaduyut,secondary,-6.952416097408447,107.59340045656316,Sedang (400-800m)
9713565227_29489276_STOP397,5,69.12,5.0,140.6,Terminal Cibaduyut,Jalan Raya Cibaduyut,secondary,-6.961350555283002,107.59384160359268,Sangat Dekat (<200m)
9713565227_29489276_STOP499,17,298.55882352941177,25.9,665.3,TVRI Bandung,Jalan Raya Cibaduyut,secondary,-6.9566282088612965,107.59333961826079,Dekat (200-400m)
9729638579_5455694139_STOP267,9,287.0111111111111,86.2,488.2,Stasiun Cimekar 2,,tertiary,-6.9474976759517535,107.70748552988108,Dekat (200-400m)
9729638579_9729638580_STOP267,1,86.2,86.2,86.2,Stasiun Cimekar 2,,tertiary_link,-6.948118800000005,107.7091839,Sangat Dekat (<200m)
9729638580_9729638579_STOP267,1,85.9,85.9,85.9,Stasiun Cimekar 2,,tertiary_link,-6.948058699999993,107.7092026,Sangat Dekat (<200m)
9729638580_9729638593_STOP267,3,45.73333333333334,15.6,85.9,Stasiun Cimekar 2,,tertiary,-6.948214072105142,107.70962716046866,Sangat Dekat (<200m)
9729638580_9729638593_STOP825,5,150.98,62.7,234.7,Stasiun Cimekar 1,,tertiary,-6.949283415500313,107.7109252876475,Sangat Dekat (<200m)
9729638593_2518074025_STOP823,4,130.35,57.1,204.2,Gerbang Biru GBLA 1,,tertiary,-6.95814347513342,107.71063251302444,Sangat Dekat (<200m)
9729638593_2518074025_STOP824,10,216.83,12.2,440.4,Gerbang Biru GBLA 2,,tertiary,-6.9549936727249575,107.71087820933958,Dekat (200-400m)
9729638593_2518074025_STOP825,6,358.7,247.6,474.5,Stasiun Cimekar 1,,tertiary,-6.951391820880292,107.711132971726,Dekat (200-400m)
9729638593_5479194193_STOP825,1,247.6,247.6,247.6,Stasiun Cimekar 1,,tertiary_link,-6.950263000000002,107.7111696,Dekat (200-400m)
9749128082_1662376584_STOP591,1,21.2,21.2,21.2,Dago Asri A,Jalan Ir. H. Djuanda,primary,-6.878787100000006,107.6165935,Sangat Dekat (<200m)
9749128082_5463827264_STOP591,2,34.25,21.2,47.3,Dago Asri A,Jalan Dago Asri Raya,tertiary,-6.8787206743348595,107.61637746364255,Sangat Dekat (<200m)
9755546377_2036066796_STOP169,1,103.2,103.2,103.2,Cikapayang Dago 1,Jalan Sulanjana,tertiary,-6.899865310160458,107.61157975412318,Sangat Dekat (<200m)
9755546377_2036066796_STOP236,2,80.65,75.4,85.9,La Belle Cikapayang,Jalan Sulanjana,tertiary,-6.900063627842412,107.6122238471128,Sangat Dekat (<200m)
9755546377_2036066796_STOP578,2,34.5,9.8,59.2,Sulanjana Rangga Malela,Jalan Sulanjana,tertiary,-6.899730752658958,107.61091506352618,Sangat Dekat (<200m)
9755546377_29359719_STOP578,1,9.8,9.8,9.8,Sulanjana Rangga Malela,Jalan Sulanjana,tertiary,-6.899685899999995,107.6106935,Sangat Dekat (<200m)
9755546377_5334558654_STOP578,1,9.8,9.8,9.8,Sulanjana Rangga Malela,Jalan Saung Galing,tertiary,-6.899685899999995,107.6106935,Sangat Dekat (<200m)
9762128207_2041502893_STOP340,2,201.5,182.1,220.9,SMA Negeri 3 dan 5 Bandung,Jalan Sumbawa,secondary,-6.910331241952595,107.61567215573524,Dekat (200-400m)
9762128207_2041502893_STOP409,1,112.7,112.7,112.7,Taman Musik Jalan Sumbawa,Jalan Sumbawa,secondary,-6.911390100877209,107.61606549062944,Sangat Dekat (<200m)
9762128207_2041502893_STOP660,1,144.4,144.4,144.4,Simpang Banda - Belitung,Jalan Sumbawa,secondary,-6.910968274902038,107.61590347035292,Sangat Dekat (<200m)
9762128207_25433301_STOP340,1,220.9,220.9,220.9,SMA Negeri 3 dan 5 Bandung,Jalan Sumbawa,secondary,-6.910117999999993,107.6155975,Dekat (200-400m)
9767043233_11180921757_STOP71,1,60.9,60.9,60.9,Pelesiran,Jalan Tamansari,secondary,-6.8976028999999945,107.6096024,Sangat Dekat (<200m)
9767043233_11262097537_STOP594,1,35.8,35.8,35.8,Dispora Kota Bandung,Jalan Tamansari,secondary,-6.896700318235606,107.60961167666356,Sangat Dekat (<200m)
9767043233_11262097537_STOP70,3,44.06666666666666,19.0,81.5,Gelap Nyawang,Jalan Tamansari,secondary,-6.89465671705948,107.60870018809403,Sangat Dekat (<200m)
9767043233_11262097537_STOP71,2,36.4,11.9,60.9,Pelesiran,Jalan Tamansari,secondary,-6.8973770817787035,107.60960904241497,Sangat Dekat (<200m)
9767043233_11262097537_STOP725,3,49.06666666666666,5.7,95.5,Diskominfo Jawa Barat,Jalan Tamansari,secondary,-6.8958419812893235,107.6093492986367,Sangat Dekat (<200m)
9787694583_7216077614_STOP386,1,199.3,199.3,199.3,Sekolah Al-Azhar Summarecon,Bulevar Selatan,secondary,-6.959679600000002,107.6998688,Sangat Dekat (<200m)
9800628721_7216077613_STOP386,1,160.7,160.7,160.7,Sekolah Al-Azhar Summarecon,Bulevar Selatan,secondary,-6.959881300000005,107.7001556,Sangat Dekat (<200m)
9803456823_11136401953_STOP821,12,307.05,208.7,439.2,Gerbang Merah GBLA 1,Jalan Viking,tertiary,-6.961512971372858,107.71445896408765,Dekat (200-400m)
9803456823_11136401953_STOP822,7,573.5857142857143,470.9,683.7,Gerbang Merah GBLA 2,Jalan Viking,tertiary,-6.963823092773476,107.71098594815648,Sedang (400-800m)
9803456826_6377290514_STOP822,1,683.2,683.2,683.2,Gerbang Merah GBLA 2,,tertiary,-6.964294199999996,107.7096138,Sedang (400-800m)
9803456826_9803456823_STOP822,1,683.2,683.2,683.2,Gerbang Merah GBLA 2,,tertiary_link,-6.964294199999996,107.7096138,Sedang (400-800m)
9807780220_10596847016_STOP285,2,182.05,177.3,186.8,Summarecon Mall Bandung,Bunderan Grand Bulevar,tertiary,-6.955083024556763,107.7007129931423,Sangat Dekat (<200m)
9807780224_11270931757_STOP285,1,148.5,148.5,148.5,Summarecon Mall Bandung,Bulevar Teknopolis,tertiary,-6.955002699999993,107.7003724,Sangat Dekat (<200m)
9807780224_9807780220_STOP285,1,148.5,148.5,148.5,Summarecon Mall Bandung,Bunderan Grand Bulevar,tertiary,-6.955002699999993,107.7003724,Sangat Dekat (<200m)
9824987335_5848061297_STOP647,1,21.4,21.4,21.4,Taman Sumringah,Bulevar Barat,secondary,-6.954898299999993,107.6939987,Sangat Dekat (<200m)
9832971266_11181448955_STOP255,1,185.1,185.1,185.1,Seberang Jalan Kangkung,Jalan Pelajar Pejuang 45,primary,-6.929255859964134,107.6265831127907,Sangat Dekat (<200m)
9832971266_11181448955_STOP435,2,269.25,245.9,292.6,Sumber Rasa,Jalan Pelajar Pejuang 45,primary,-6.926850666695246,107.62720795728299,Dekat (200-400m)
9832971266_11181448955_STOP572,4,253.625,209.7,303.7,Simpang Talaga Bodas - Terusan Galunggung,Jalan Pelajar Pejuang 45,primary,-6.928161044782247,107.62686135518467,Dekat (200-400m)
9832971267_10167417684_STOP252,2,45.4,21.5,69.3,Simpang Laswi Gatot Subroto 2,Jalan Layang Laswi - Pelajar Pejuang 45,primary,-6.924057786066013,107.62786860348302,Sangat Dekat (<200m)
9832971267_10167417684_STOP253,2,36.95,16.6,57.3,Simpang Laswi Gatot Subroto 1,Jalan Layang Laswi - Pelajar Pejuang 45,primary,-6.923314081208138,107.62835277290273,Sangat Dekat (<200m)
9832971267_10167417684_STOP435,4,128.0,86.8,181.5,Sumber Rasa,Jalan Layang Laswi - Pelajar Pejuang 45,primary,-6.925366664519777,107.62752099970308,Sangat Dekat (<200m)
9832971267_9832971266_STOP435,2,205.05,181.5,228.6,Sumber Rasa,Jalan Layang Laswi - Pelajar Pejuang 45,primary,-6.926248601848426,107.62732707948858,Dekat (200-400m)
9832971270_3277874425_STOP435,5,154.52,81.7,240.6,Sumber Rasa,Jalan Pelajar Pejuang 45,primary,-6.925716836701946,107.62736221107143,Sangat Dekat (<200m)
9832971270_9832971267_STOP435,2,218.3,196.0,240.6,Sumber Rasa,Jalan Layang Laswi - Pelajar Pejuang 45,primary,-6.926384486616859,107.62723748915468,Dekat (200-400m)
9834915546_3277871582_STOP212,3,35.833333333333336,6.7,56.5,Segitiga Mas,Jalan Jenderal Ahmad Yani,primary,-6.917935660200404,107.62581232583165,Sangat Dekat (<200m)
9834915547_1849525877_STOP212,4,90.375,65.4,132.0,Segitiga Mas,Jalan Gandapura,tertiary,-6.917403202919743,107.62537765506957,Sangat Dekat (<200m)
9834915547_9834915546_STOP212,1,73.0,73.0,73.0,Segitiga Mas,Jalan Gandapura,tertiary,-6.918061699999994,107.6252172,Sangat Dekat (<200m)
9834956696_3269421791_STOP172,1,81.2,81.2,81.2,Pet Park,Jalan Bengawan,tertiary,-6.905526499999999,107.6267943,Sangat Dekat (<200m)
9834956696_3269421803_STOP172,4,150.55,81.2,223.1,Pet Park,Jalan Bengawan,tertiary,-6.906195265414277,107.62669982289356,Sangat Dekat (<200m)
9834956696_3269421803_STOP554,1,239.9,239.9,239.9,Jalan Suren,Jalan Bengawan,tertiary,-6.907318986978514,107.62668430733449,Dekat (200-400m)
9834956696_7715397583_STOP172,1,81.2,81.2,81.2,Pet Park,,tertiary_link,-6.905526499999999,107.6267943,Sangat Dekat (<200m)
9857713262_11382060932_STOP550,2,39.900000000000006,15.4,64.4,SPBU Paskal,Jalan Pasir Kaliki,primary,-6.8974941392132365,107.59730556751958,Sangat Dekat (<200m)
9857713262_11382060932_STOP80,2,27.45,20.0,34.9,Garunggang Kulon,Jalan Pasir Kaliki,primary,-6.8988489296212405,107.59734924248048,Sangat Dekat (<200m)
9857713262_11382060932_STOP85,1,15.7,15.7,15.7,Paskal RSHS,Jalan Pasir Kaliki,primary,-6.898171559531381,107.59732658786284,Sangat Dekat (<200m)
9895279782_1663274703_STOP163,1,39.7,39.7,39.7,Cikapayang Dago 2,,primary_link,-6.898874468826461,107.6131538646012,Sangat Dekat (<200m)
9895279782_1663274703_STOP31,1,54.6,54.6,54.6,Danamon Cikapayang,,primary_link,-6.899082199999994,107.6130507,Sangat Dekat (<200m)
9895279782_5825261665_STOP31,1,54.6,54.6,54.6,Danamon Cikapayang,Jalan Prabu Dimuntur,primary,-6.899082199999994,107.6130507,Sangat Dekat (<200m)
9973785684_8499551926_STOP185,3,42.0,24.0,73.6,Simpang By Pass Soekarno Hatta B,Jalan Soekarno-Hatta,trunk,-6.948318699118147,107.60854618478083,Sangat Dekat (<200m)
9973785684_8499551926_STOP462,2,33.5,18.1,48.9,Karasak Utara,Jalan Soekarno-Hatta,trunk,-6.948179272920772,107.60651621093952,Sangat Dekat (<200m)
9973785684_8499551926_STOP464,1,79.8,79.8,79.8,Seberang Ampera Soekarno Hatta,Jalan Soekarno-Hatta,trunk,-6.948132410329434,107.60583957152882,Sangat Dekat (<200m)
9973785684_8499551926_STOP816,2,34.7,19.2,50.2,SPBU Karasak Utara,Jalan Soekarno-Hatta,trunk,-6.948241772835635,107.60741839520064,Sangat Dekat (<200m)
